,E_alpha,E_beta,E_theta,E_delta,alpha_beta_ratio,theta_alpha_ratio,beta_theta_ratio,engagement_index,beta_percentage,peak_frequency,spectral_centroid,spectral_slope,hjorth_mobility,hjorth_complexity,zero_crossing_rate,signal_variance,smoothed_beta,smoothed_alpha,smoothed_ratio,label
0,0.09057293339697296,0.16035511500433577,0.18280266787856603,0.5751150915441513,0.564827217360414,2.0182924525182395,0.8772033628687567,0.5865743477309268,16.03551150043358,1.0,5.373387272544502,-1.3345663048980938,0.08545449339352702,2.629432186774297,0.0234375,35.33136954790827,0.10102372245273154,0.057060948040092964,0.5648272173620077,0
1,0.20438973622256676,0.13352974574403895,0.03965580889196501,0.6269087093682452,1.5306682049243734,0.1940205492979768,3.3672178042175127,0.547150924967,13.352974574403895,1.0,5.242631984355835,-0.9288777958976585,0.10458976143973234,1.7311117984721587,0.033203125,42.318335944617665,0.1215025171262552,0.14987808459505145,1.2335389269267336,0
2,0.25870624125295844,0.31965680940426,0.23538759843959622,0.22260660322462517,0.8093249811737043,0.9098643979351411,1.3580019148117117,0.646955666564304,31.965680940426,1.0,9.371450729939042,-1.0296400480530339,0.09458983751909648,2.4107324369954757,0.048828125,24.941217135918386,0.24633972126139825,0.21843982328953285,0.8867421874601102,0
3,0.39757676793018926,0.15460401329957899,0.3211660398384903,0.12735475087777395,2.5715811604335648,0.8078088704998885,0.4813834407207117,0.21510338834461312,15.460401329957898,10.0,8.858020050219356,-1.276963648420419,0.13373965654591768,1.6844762005253167,0.046875,16.091504803306727,0.18854622524545211,0.3312960984131464,1.7571080936842058,0
4,0.4203391793171742,0.4120194290420287,0.06958871968004078,0.156974636890278,1.0201926163881865,0.1655537316172135,5.920778984460638,0.8409797235154594,41.20194290420287,10.0,11.874020258126508,-0.14621799979779776,0.1376706411182054,1.7448911943972103,0.03515625,16.082826137446744,0.32933434363729536,0.3873932393826839,1.1762916527441003,0
5,0.18252049895540576,0.2888589522398372,0.4047336151140407,0.14406133897281498,0.6318672055703805,2.21746936606671,0.7137014111336724,0.49188067877066577,28.88589522398372,5.0,9.411936939684413,-1.3284357821415205,0.09729073614436493,2.2352224031934624,0.033203125,33.76267918489863,0.30383484705689673,0.25832341291349864,0.8502099591798115,0
6,0.19506984658428883,0.2711595312499698,0.22876027100975646,0.31221732042280204,0.7193914434257646,1.1727095448897964,1.1853436352950448,0.6397835358860767,27.115953124996977,1.0,8.541215442138919,-1.29792771987477,0.10947147156228629,2.099535211877656,0.02734375,24.970384912642736,0.2832493980985327,0.21847366612609648,0.7713120225248483,0
7,0.13524328732931493,0.21992814616117634,0.10099556787384181,0.567193837644608,0.6149430606784896,0.7467695430100918,2.1776019561048563,0.9309567046924404,21.992814616117634,1.0,6.838067779715865,-0.7734297288296715,0.12293350505203823,1.9095998819975026,0.03515625,22.16895648389033,0.2433570093779982,0.1660385274841241,0.6822837275524691,0
8,0.306965079888442,0.2132816496127933,0.2652887529488961,0.2219302528093112,1.439247494781145,0.8642310488393133,0.803960391242349,0.37270462402135707,21.32816496127933,11.0,9.243850601715343,-1.0205025198050002,0.1373084823689235,1.7021567906524977,0.044921875,18.66315201571075,0.22440953272591913,0.2548222554988444,1.1355233104555058,0
9,0.4828784159824014,0.290872700454558,0.10696421149572512,0.15091963403903744,1.6601022207554321,0.22151375575337778,2.7193459979318737,0.4931361127589095,29.0872700454558,9.0,10.146431449998678,-0.462771120510855,0.1282588498962482,1.7479317659648304,0.03515625,19.065160235494293,0.2662813283949616,0.39849763660348536,1.4965286488728848,0
10,0.40544308916523497,0.286231692682824,0.19930947836310053,0.11954896329481705,1.4164856636406569,0.4915843522551251,1.4361168120711905,0.47330380729460797,28.6231692682824,9.0,10.73578075320218,-1.0441882003622684,0.14890138304401188,1.5127227546696345,0.033203125,21.659065554449988,0.2788500578963149,0.4028732717173876,1.444766677677161,0
11,0.27836174501677435,0.11422828268917495,0.052783896106491736,0.5685959020885369,2.4368898705479434,0.1896233841475642,2.1640744832013694,0.3449487732991464,11.422828268917495,1.0,5.772231479543115,-1.1846608932809384,0.0892451494140816,2.443656498857615,0.013671875,32.988536211973596,0.17513833951581673,0.32443100989600127,1.852427120138646,0
12,0.18104657244342928,0.2093297656420916,0.0909873017902802,0.519995656745849,0.8648869017180991,0.5025629624620923,2.3006481291563348,0.7694988950584989,20.93297656420916,1.0,6.591617151788014,-1.1666200038785735,0.09405770043718191,2.4143105284938153,0.0234375,29.22003916762737,0.1966789379753699,0.23409881430088092,1.1902586861131357,0
13,0.2923845100701644,0.3017618660532544,0.22583395009635251,0.22095984642838998,0.9689246487447025,0.7723868478613525,1.336211255766331,0.5823062844108414,30.17618660532544,1.0,10.02957157367463,-0.9269663159368271,0.08522698023326385,2.9143957312316293,0.021484375,39.65403190007706,0.26288118266443716,0.2708188026355295,1.0301947058005836,0
14,0.3511718686091663,0.2044505570211488,0.20080598343984998,0.2725744129197979,1.7176371330312525,0.5718168264319698,1.0181497260133805,0.37039630532607487,20.44505570211488,10.0,8.201316830567874,-1.5180190500354416,0.1325300292348151,1.6589648709532434,0.041015625,14.598581893595684,0.22606988850916548,0.3214412341989207,1.4218666462759222,0
15,0.10612389379845463,0.10009124422631335,0.0779075930082237,0.7165852750213488,1.0602715014556194,0.7341192470420272,1.2847431214498344,0.5438810823221434,10.009124422631336,1.0,4.3552928659972405,-2.0528984016780703,0.12209802130029969,1.7531297244075186,0.025390625,30.211773512294453,0.14670334261096862,0.18579130974662705,1.2664422394181323,0
16,0.05221361810908688,0.05916972925932406,0.3948104399986399,0.504528175427515,0.8824380094822986,7.561445735616787,0.1498687047393631,0.13236363499016107,5.916972925932406,1.0,4.164741797748361,-2.313657245506763,0.07070408725776839,2.652998061139161,0.021484375,68.06385360280049,0.09155716619943255,0.10163736401497675,1.1100973111539638,0
17,0.1627078108915067,0.09356399576246004,0.09873723670210041,0.645192040527677,1.739000237910422,0.6068377182477822,0.9476059781255968,0.35787251134907333,9.356399576246003,1.0,4.4940638423669075,-1.8752376179564612,0.09097677443399475,2.5336602357527944,0.01953125,30.986323694121417,0.09282146882413986,0.14011174554719064,1.509475634479969,0
18,0.21843792283951502,0.120605492354272,0.1481275721995877,0.5184934189878958,1.8111772405609394,0.678122050761021,0.8142001557411166,0.32901485269659003,12.0605492354272,1.0,5.6070643108502445,-1.6834139233968952,0.08988669413445032,2.2903855519948886,0.03515625,62.03070179432338,0.1103254036481231,0.189457237241355,1.7172585005435497,0
19,0.12031587110421782,0.04929178726687703,0.13854541663572206,0.7024359952211436,2.4408908212509974,1.1515140551620349,0.35578071411141887,0.19041776272165764,4.929178726687703,1.0,3.6866510784460997,-2.225541527853327,0.08261414710275397,2.600118121536904,0.021484375,84.66173937599542,0.07187422532793808,0.14589817657495857,2.0299095525307442,0
20,0.07238620766217094,0.09908657324800343,0.2053393516594433,0.6396063470285063,0.7305349785511829,2.836719290723625,0.4825503365417099,0.35677873325624143,9.908657324800343,2.0,4.503606403726501,-2.2554027074124567,0.0847803746456656,2.448158375655871,0.0234375,62.21767713974678,0.08901800451757926,0.09958563615990236,1.118713418700792,0
21,0.13342592922397556,0.21269903501017026,0.1693328688666336,0.5086300790437964,0.6272991751841679,1.2691151551368527,1.2561001088184227,0.7025362643493238,21.269903501017026,1.0,6.635829132990051,-1.011976434174557,0.08476618340115344,2.7210891138521656,0.0234375,57.217664691481986,0.1669370537279116,0.12090502079026848,0.724255149414615,0
22,0.3407458496035372,0.3425462037799082,0.23392563719481085,0.14699415484393066,0.9947442004713546,0.6865105986391331,1.4643380173596572,0.5960730811402019,34.25462037799082,1.0,10.512131507351691,-0.5367215089086752,0.09473432462043967,2.426021908656939,0.021484375,37.03690971535452,0.2775708182606694,0.2594047429426278,0.9345533675628817,0
23,0.16917486563135192,0.0902706694839993,0.10130170851121978,0.6441877855445639,1.874084534849545,0.5987988117121784,0.8911070781605837,0.3337467200988826,9.027066948399929,1.0,4.501440715621437,-1.7971937489549294,0.108813228451143,2.179277792168061,0.03515625,31.447995228969237,0.15957172453136725,0.20255992023652397,1.269397324815131,0
24,0.23730312013146862,0.1733349179455086,0.13513670757984694,0.4706056361427391,1.369043946504193,0.5694687347785828,1.2826634676060105,0.4654038184106294,17.33349179455086,1.0,7.0984689797456895,-1.6772221036654935,0.0746079438523263,2.9730844197508133,0.033203125,42.92201119305946,0.1682425363822763,0.2244481361703391,1.3340748481110618,0
25,0.1328158638064122,0.08791304160741875,0.12713280602413501,0.6673923686227062,1.5107640615939448,0.9572110016125949,0.6915055551518131,0.33819385059515195,8.791304160741875,1.0,4.198946757122215,-1.7677720085734878,0.06396151628976773,3.3732769937764444,0.0078125,77.13728927998571,0.11763495467411605,0.16671980458106517,1.4172641545407276,0
26,0.12712718994459563,0.07287286926295738,0.08116878250881684,0.7353933254097718,1.7445064429276178,0.6384848319588691,0.8977942875408274,0.3498525122894841,7.287286926295739,1.0,3.907168916266698,-1.6288672216518558,0.0938004561923169,2.388901550021152,0.02734375,54.87319733565257,0.0894348408650861,0.14177645736008934,1.5852486121530216,0
27,0.2874627238051089,0.19632172732473055,0.20494213257916186,0.32309830136109385,1.4642430449338915,0.7129346367649169,0.957937369217823,0.39869981942485794,19.632172732473055,1.0,7.912810448970925,-1.300726255153138,0.10806538272029596,1.9797438703579124,0.02734375,40.3916435315129,0.1567735793346621,0.23355880522045167,1.4897842239181613,0
28,0.1399331131613927,0.16498384022625928,0.18329370171220769,0.543730136844591,0.8481625410685064,1.309866532451793,0.9001064340192272,0.5104274541401111,16.498384022625928,1.0,5.465669791264455,-2.0941202525165434,0.0830710227916204,2.759473896740665,0.01953125,42.655956470064154,0.16194604369636834,0.17457461922324452,1.0779801422656268,0
29,0.22577865000264102,0.08234069040328101,0.16390444141443075,0.532048567981853,2.742005791973569,0.725951906492432,0.5023700986575527,0.21130167619960125,8.234069040328102,1.0,5.513922003357882,-1.5717694894374783,0.09976438727743596,2.000387477936686,0.015625,42.034598966206154,0.11179467112172331,0.20683315861426432,1.8501164370188263,0
30,0.05840552077049853,0.03206449251639609,0.16042216358040828,0.7505669170881777,1.8215014861005994,2.746695200425182,0.19987570172075725,0.14652850077612534,3.2064492516396093,1.0,3.1980837833211626,-2.277003706510314,0.08348900851059386,2.522396942341714,0.01953125,71.58504049272531,0.06156465860036717,0.11332374677269187,1.8407272832854675,0
31,0.251835631112934,0.17301482978882418,0.14507961704518693,0.4303356205811272,1.4555725160661668,0.5760885241078173,1.1925509131633834,0.43589867255355125,17.30148297888242,1.0,7.068826570638961,-1.2724725094420173,0.08840392835200112,2.3399390540839837,0.0234375,49.38252825336042,0.13177826644909507,0.20058623390704441,1.52214958742083,0
32,0.25565072008208783,0.0998253650015217,0.1636828681752819,0.49229195973128786,2.5609795674338858,0.6402597580131366,0.6098705754288992,0.23805716450267975,9.98253650015217,1.0,5.771776081138918,-1.5820065169069557,0.07886675757154339,2.74975622818923,0.01953125,94.26930576872213,0.11164793853712385,0.23527686019732175,2.107310383684182,0
33,0.29913860060777303,0.12090165742047518,0.3225950183923402,0.25803831887893036,2.4742307672916852,1.0784132095852268,0.374778438996413,0.1944589350254497,12.090165742047517,1.0,7.1415393925227475,-0.8830459922405887,0.07869511764934708,2.705417356142857,0.009765625,56.607671138603486,0.11747778143363519,0.27550975665590605,2.345207351487141,0
34,0.1644264663748074,0.06832138553474007,0.05788073602851493,0.7146331718850192,2.406661766099476,0.35201593335482095,1.1803821136777042,0.30732870908284926,6.832138553474007,1.0,3.8447659582860383,-1.4856666662585185,0.07843446401695756,2.7016247193566763,0.01171875,63.27065904089813,0.08650925201733126,0.2055272837788139,2.375783849527017,0
35,0.1634955047803969,0.1471345908499786,0.06391940080992245,0.6383632009374935,1.11119692409373,0.3909550962663252,2.3018768790748183,0.6469874543509028,14.71345908499786,1.0,5.362339054294909,-1.2001579949537142,0.07592330583236188,3.016947727827077,0.021484375,54.48855022800139,0.12470321548189908,0.1790472630098112,1.4357870590383008,0
36,0.3424289831355661,0.22808988785453166,0.14877542370524474,0.3155384845046493,1.5012896290845426,0.43447088603160317,1.5331153639050785,0.46434821161526457,22.808988785453167,9.0,8.390808316005504,-1.6193607260600513,0.12155839022418716,1.914817920980045,0.0234375,17.846585338812282,0.18983681907665761,0.28197774668903675,1.485369108374527,0
37,0.21009949985408086,0.20428332635878876,0.31785297337255797,0.3069398981349863,1.028471112150624,1.51286877690238,0.6426975472074757,0.38693506843504705,20.428332635878878,2.0,7.371250645144459,-1.9121160672123505,0.1263080788302535,1.7716514160303392,0.044921875,39.05188878677688,0.19893811866440023,0.23669445118301452,1.1897893313353272,0
38,0.16398213247187443,0.27721016452618985,0.16093337239474495,0.4221241054223935,0.5915444433740829,0.9814079739593958,1.7225151029925176,0.8531761654130168,27.721016452618986,1.0,8.213063913078287,-1.234066648204382,0.10821486087441984,2.181746819978726,0.0234375,38.094273778567825,0.2482495075573277,0.19088569039499625,0.7689267635350557,0
39,0.23959331471869552,0.47035659443631134,0.33194098381762416,0.020067539452406167,0.5093865325866677,1.385435082806746,1.4169886135371548,0.8229717720179803,47.03565944363113,6.0,12.192244419569835,-0.40614185056675156,0.11462915999110221,2.004466246759222,0.021484375,21.13161725301168,0.3881769722910874,0.22157149371892682,0.5708002007733816,0
40,0.2607970834710058,0.11881336093234084,0.14661943301438332,0.4903393117743532,2.195014781362204,0.5621973645695375,0.8103520692299698,0.29162627464640384,11.881336093234083,1.0,5.75101478644617,-1.8343175800215685,0.08816851033776978,2.467744194655851,0.02734375,25.66723763368925,0.21847789713507704,0.24628361526273657,1.1272701655048474,0
41,0.4757430293382823,0.18045854242468118,0.09156999181200763,0.2610407549343367,2.636300963891521,0.1924778423767578,1.9707170313413396,0.3180934258453357,18.045854242468117,1.0,9.066357551642255,-1.0131584699090441,0.11119260441091512,2.058971009307029,0.017578125,40.91544811936707,0.19452570366752764,0.3908430461303304,2.0092102933467757,0
42,0.5055999616150689,0.19216900025827646,0.10000409405906836,0.2647222263548272,2.6310172865233623,0.19779292257147602,1.9216113306706064,0.3173178885733242,19.216900025827645,10.0,8.576922011625404,-1.2692787111274475,0.12778016401080874,1.5928991436276592,0.037109375,21.629393540933883,0.1930409805196994,0.46313990288571566,2.39917918794996,0
43,0.4229647159050851,0.31483784181536495,0.19741176362874574,0.06615911521455682,1.3434367148050366,0.4667334087356331,1.594828170457242,0.5074948071071873,31.483784181536496,9.0,10.907287743116695,-1.0089537678586427,0.11920363554051851,1.7993817202539397,0.029296875,24.681619742774547,0.2697730031359687,0.43782953508791844,1.6229553365153606,0
44,0.31018229995099966,0.10049186629375927,0.22256401111307184,0.37290164212629584,3.0866408535212555,0.717526471202623,0.45151893961532563,0.18862986792504477,10.049186629375926,1.0,6.377571828214768,-2.226172440065192,0.09310019782844967,2.214111756493934,0.02734375,46.46638924504366,0.16312588692537677,0.3574117769516596,2.191018137507319,0
45,0.5028642174164311,0.09632595613224401,0.10474828612679188,0.29811646482861204,5.220443560631137,0.2083033202595913,0.9195945794829262,0.15853188598057424,9.632595613224401,9.0,7.446510099727497,-1.3284497809658713,0.08168937084166933,2.322886332959393,0.013671875,70.4679690967405,0.12104193052570314,0.4490468144444656,3.7098451131064953,0
46,0.4490617892513499,0.2961788377221614,0.1531059095940756,0.10806285296965287,1.51618458869127,0.3409461977381422,1.9344703186603025,0.4918544091447485,29.617883772216143,10.0,11.009314394097482,-0.717973464772523,0.09689887702407735,2.1529439623424844,0.03125,56.07212127705664,0.23137818205947186,0.4490562485728027,1.940789077755134,0
47,0.20282764173612156,0.24090135330543902,0.09077258138143002,0.48779028583018624,0.8419531021858324,0.44753555582960175,2.653899995324667,0.8205080730070375,24.0901353305439,1.0,7.568995448279207,-0.9602667195249744,0.10095002500492202,2.3449569330444975,0.02734375,28.58918453771055,0.23737777994443116,0.2939322262656936,1.2382465887677576,0
48,0.21597586929849127,0.08152473201534548,0.041802496509263556,0.6691486035732203,2.6492067371186048,0.19355169929792718,1.9502359624939896,0.31625901483070346,8.152473201534548,1.0,4.417570072771987,-1.454524224570743,0.08881155298805546,2.393916829011795,0.015625,67.25125998190984,0.13919035974910718,0.2448197213763561,1.758884177157733,0
49,0.18249910633347935,0.05613691198990883,0.05135666609308382,0.7147089184228662,3.250964469937969,0.28140776755344066,1.093079365550477,0.2400492893853935,5.6136911989908835,1.0,4.116313428849501,-1.6371157104550305,0.07979476986826808,2.664269968585857,0.015625,65.80674874679073,0.08686668766081221,0.20555773389934373,2.366358605736382,0
50,0.3097206980202778,0.1934747909348285,0.1522222272325458,0.3719271181486296,1.600832317859982,0.49148225548390106,1.2710022343779745,0.4188283451435477,19.34747909348285,1.0,7.46624003381286,-0.5622721101974673,0.0739571541106477,3.0840847407953578,0.009765625,49.29708577032881,0.15402979272344247,0.27118040129553217,1.7605710979672013,0
51,0.35191141345703225,0.2862749452391536,0.2402582865711508,0.16320314513059117,1.2292777251701745,0.6827237690624184,1.1915299543859175,0.4834339636510371,28.62749452391536,7.0,9.9416565080912,-1.8124344989535164,0.13054818637582824,1.7213598725988306,0.033203125,18.289246974186675,0.2373442388083405,0.32204093895727726,1.3568517212544347,0
52,0.2879565978263231,0.0935940607137941,0.122259650542613,0.49669875784981626,3.076654604236086,0.4245766600455795,0.7655351565184363,0.22815785841176695,9.35940607137941,1.0,5.976507189475728,-1.3316628482640962,0.1070960688686539,1.9938436697223991,0.037109375,34.39235324921922,0.14678162660877625,0.3005678040447761,2.0477208965999907,0
53,0.27912609182926634,0.325212633716478,0.10553928929730466,0.29924688391265125,0.8582879719019513,0.3781061405125896,3.08143664676641,0.8454429477463792,32.521263371647805,1.0,10.055692542944598,-0.8454505554434131,0.11085198977942777,1.9370123858326,0.03515625,21.986824042388427,0.2591931610866284,0.2870595253490049,1.1075119580526103,0
54,0.1194086788415883,0.17733279106208538,0.09254450190275774,0.6429207086557607,0.6733592705937232,0.7750232462227932,1.9161893728436052,0.8366602022129793,17.73327910620854,1.0,5.358882612064733,-1.3060710389235017,0.11064762023437638,2.0018157019185336,0.03515625,19.935869922572074,0.20762112797116627,0.18143949204933246,0.8738970538424985,0
55,0.49835819321264246,0.17634837710442716,0.03429404534370633,0.3400075849861603,2.8259868414649865,0.06881404943613463,5.142244822180143,0.33107600858311304,17.634837710442717,1.0,8.182630179017579,-0.8911014280440995,0.13071263598511515,1.7223292753821273,0.037109375,18.060229917026227,0.18791929492512063,0.3810982737822177,2.0279890573931976,0
56,0.13418046209576726,0.05219853424193039,0.1851561695924471,0.63864482978442,2.5705791176490793,1.3799040985558506,0.28191625673367654,0.16345927482798525,5.219853424193039,1.0,3.979906077560631,-2.166897900653458,0.085288936838031,2.550039235008552,0.015625,74.6017043527169,0.10241521569471079,0.22554005241975394,2.202212345974678,0
57,0.1211781131816336,0.05862723968604849,0.11641746197737664,0.7105220244555159,2.0669250988018697,0.9607136051286592,0.5035948962530887,0.24675223705898397,5.86272396860485,1.0,3.853222317309976,-1.7345497020668406,0.07382108140357606,2.89139479522787,0.01953125,68.66565579124767,0.07482879080925355,0.15979203069973813,2.135435157651142,0
58,0.4535619957832734,0.21846959637852648,0.1531753719890567,0.18525737738230239,2.0760874890634358,0.33771650494039884,1.4262710352269183,0.3600727563233655,21.84695963785265,10.0,9.84647579631229,-1.6853624877913371,0.11527306050731652,1.9984680121523528,0.03125,28.43924479414624,0.1653224983178955,0.34486710870236537,2.086026476796527,0
59,0.16244678643757696,0.10416944357673667,0.08698662868790022,0.6563349206993071,1.5594475775168242,0.5354776822365205,1.1975339790473916,0.41762425264440506,10.416944357673668,1.0,4.743433276936647,-1.5149918446106152,0.08834784766547621,2.406173073662405,0.01953125,39.537020610278816,0.12679607383096544,0.22994230567554866,1.8134812753057021,0
60,0.19599239792324785,0.07367634156591965,0.10528303197998572,0.6265554902497171,2.660180917726886,0.5371791615186942,0.6997931212716757,0.24454812524651995,7.367634156591965,1.0,4.639386198064843,-1.9626070458392344,0.10923136881479625,2.0142866176252876,0.03125,35.14254158685236,0.0933306425039866,0.20855386379159915,2.234570106826986,0
61,0.27283305517298306,0.1898971049618285,0.18164696820306725,0.36469686485380504,1.4367415197161058,0.6657806477599744,1.0454185216540075,0.41783377749099465,18.98971049618285,1.0,7.421996665243596,-1.1240471306228679,0.09377223650156204,2.4533684056579985,0.033203125,39.61216512179484,0.154167513852427,0.24904975436187105,1.6154489888164911,0
62,0.23003955960941588,0.19037362446987258,0.41551792690079425,0.18513347051572543,1.2083583545241177,1.8062890035326782,0.4581598341384354,0.29489801984748065,19.037362446987256,4.0,7.848515468680486,-2.075287026463961,0.11958901611228574,1.8416007995349384,0.029296875,21.612123014324162,0.17697736354141771,0.2370733316678243,1.3395686709504113,0
63,0.05772252076598126,0.13862624653133301,0.6533246722249709,0.15468867871376038,0.4163895525622424,11.318366965700658,0.21218584331127968,0.19496068319744006,13.8626246531333,4.0,6.606760625938615,-1.0999792544561369,0.10904217478010876,2.1925801570713657,0.03125,28.150999168103468,0.15281615982506436,0.12408232079966318,0.8119712008330396,0
64,0.42900437824018184,0.21847964381908172,0.1757000643914604,0.17885196125485342,1.963589699891984,0.409553079884149,1.2434807270876393,0.3612998820843922,21.847964381908174,9.0,8.86610844953401,-0.9812418753787147,0.12645619420260548,1.6543687584984967,0.041015625,19.733805841365225,0.1941841547412953,0.31618321698719,1.6282647644850397,0
65,0.25566304573336845,0.2279705450517721,0.1877289884284682,0.33710346759129906,1.1214740293540373,0.7342828443987047,1.2143598437298515,0.514151196879756,22.79705450517721,1.0,8.392306791606782,-0.8830509269639811,0.10467213056786315,2.241045775843334,0.021484375,28.26354329755688,0.2154695806368957,0.2780555090972824,1.2904629427277001,0
66,0.2273100568607616,0.16758263175815333,0.1483555486737884,0.4677387005937346,1.3564058188825165,0.6526572150963417,1.1296013749139429,0.4460952221570752,16.758263175815333,1.0,6.738281723224298,-1.6591731080205023,0.14585082812709396,1.3878606258327175,0.02734375,29.096077087997706,0.185300802843288,0.2460858741882743,1.328034581674561,0
67,0.16071661234440962,0.11100882229656063,0.15655206215643017,0.5824512745883167,1.4477823385478912,0.9740876184035719,0.7090856598613767,0.3498890095937187,11.100882229656063,1.0,5.201841426876267,-1.9001622362370394,0.09067368866811257,2.442205569379415,0.01953125,41.262108303591646,0.13849685509884976,0.19230323922663956,1.3885025698886657,0
68,0.5754143300785576,0.3177859569142618,0.02680210688612841,0.0960531972457309,1.8106977906295363,0.04657879633171929,11.856752838631394,0.5276939276441057,31.778595691426183,11.0,12.056867345511854,-0.9742172081495203,0.10417309988249272,1.9948439018417987,0.021484375,56.46871859126574,0.2514489892425594,0.43366322646334793,1.7246568688502129,0
69,0.22835355901222473,0.16644804235117755,0.10597895279783565,0.5268247275993698,1.371920965763388,0.46410028929173835,1.5705764017891508,0.49785179864661644,16.644804235117753,1.0,6.306212906895674,-1.4495383261987038,0.10041961043318201,2.2926170971059525,0.0234375,48.17460892922682,0.1978983927009888,0.3043181359691403,1.5377494067291735,0
70,0.12895735620974622,0.1753221846159511,0.28920024412069073,0.4167710925730018,0.7355449995817468,2.242603699544448,0.6062311086541766,0.41927298338470603,17.532218461595107,1.0,7.088349471690921,-1.7764169547398176,0.07587928242937403,3.260718926632683,0.01171875,98.25364508649398,0.18367538160741503,0.19384084472072205,1.0553447229796924,0
71,0.26830419859742155,0.19946734871293081,0.18934905481512995,0.3602983850187219,1.345103348133504,0.705725276776358,1.0534372559061695,0.43584820434497196,19.94673487129308,3.0,8.172211007004973,-1.4469696182887393,0.12066273310911245,1.88389316321709,0.03125,28.313783216905875,0.19362432088388998,0.24075275766304274,1.2434014309967327,0
72,0.04517549828982243,0.05040482827419085,0.1413558964026859,0.7631189061378799,0.8962533915239568,3.129039009015267,0.3565810097602446,0.2702216876521593,5.040482827419085,1.0,3.358171693465861,-2.384916534859735,0.0901849209591178,2.6640090978087523,0.015625,52.39584336174475,0.10339604053977952,0.11753908425791396,1.1367851577697157,0
73,0.19672213145639442,0.1347088646937179,0.18465083712135383,0.49138331577593924,1.4603503036211702,0.9386378429025157,0.729532921670194,0.3532207990401983,13.47088646937179,1.0,5.776895322638388,-0.9560708389874074,0.09326811074184248,2.560131780142135,0.033203125,38.04470943496686,0.12312311975676068,0.16742440399295666,1.359812879363005,0
74,0.1777631054772496,0.07474835857471061,0.08571727683776026,0.6622776479506571,2.378153967062676,0.48219947895345633,0.872033752499127,0.283696106395731,7.474835857471061,1.0,4.768057718957685,-1.9660846942759578,0.07193265408828002,3.1425165567732782,0.013671875,47.63938952558416,0.09264702021206914,0.17393778592806122,1.8774245035516524,0
75,0.27847468631066247,0.05364455085094169,0.12547468466805117,0.5445859218645561,5.191108544840821,0.4505784217981767,0.42753286046052386,0.1328001841439573,5.3644550850941695,1.0,5.24834407115805,-2.2247265890278425,0.12367077154251595,1.7403482657647091,0.03125,37.24187540774281,0.06807546451455884,0.2397960331691,3.522503076204407,0
76,0.28143584093046115,0.10426821559877855,0.2680624404215623,0.39694024323190785,2.6991527505536292,0.9524815301965903,0.3889698811792303,0.18975166827099094,10.426821559877855,1.0,5.704577618479821,-2.140327139373368,0.0847825919818965,2.496939029189993,0.009765625,51.7438659316142,0.09087689769761725,0.2660291120587575,2.927356883836554,0
77,0.12572021211640586,0.44045441894439336,0.3633038619725994,0.08555042712013652,0.28543296811149127,2.8897808542855636,1.21235820767961,0.9006804414772582,44.045441894439335,5.0,11.456608516539406,-0.6581671756774575,0.10621145170532817,2.138349780665736,0.029296875,36.316958308426564,0.3111107360830862,0.17763450509507595,0.570968740365377,0
78,0.13695906162514487,0.13995025536105052,0.13778297950740978,0.6023741769367145,0.9786267361344397,1.006015796782501,1.015729634105557,0.5093878417137457,13.995025536105052,1.0,5.244155318199435,-1.8762068167766428,0.06418376747525707,3.336671608179966,0.009765625,76.40284288389373,0.20327963322820372,0.1520089757090194,0.7477826149884127,0
79,0.16819355604564953,0.04891526566049226,0.04502649201116669,0.7439681488824448,3.4384675984507056,0.2677064036845639,1.0863663473555696,0.2294121312984064,4.891526566049226,1.0,3.689163263069678,-1.7534073699754493,0.06985840178457864,3.064020245135677,0.017578125,99.59441503249803,0.10603008166054549,0.16220526132109636,1.5298041723655884,0
80,0.34964071547383413,0.31006664449638555,0.13205034408783559,0.2321951949108621,1.1276308551072873,0.37767439043677425,2.348094180570943,0.6437043792714296,31.006664449638556,1.0,10.285130761621803,-0.8185209452696735,0.12292921707445671,1.887454474512466,0.02734375,26.107115046416872,0.23457311624712474,0.2802895974373212,1.194892244778122,0
81,0.2557582337570401,0.182865722315129,0.1766000139374782,0.41896850745147973,1.3986122194945765,0.6904959083567591,1.0354796595873064,0.42294954077968555,18.2865722315129,1.0,6.581634727984217,-1.3519892740754307,0.06544588146244337,3.18879719907564,0.005859375,73.1610963150309,0.2019974580699674,0.2648348383187441,1.311080054416824,0
82,0.08469948420740187,0.03268127217374933,0.23461635082667312,0.6504872532021505,2.5916825928778744,2.7699855910621953,0.13929665199998736,0.10234779672032075,3.268127217374933,3.0,4.151153215973829,-2.483719106034191,0.07144880921746848,2.883892403945928,0.02734375,103.25061445186492,0.09532826095535002,0.1513495652285985,1.587667326679757,0
83,0.0370469523445315,0.0474307447630071,0.19224634147246217,0.7288772887101522,0.7810746495729631,5.189261985180554,0.24671858200513258,0.20685622319445696,4.74307447630071,3.0,3.877345526185742,-2.5412236787952582,0.071713202245847,2.691019658498852,0.025390625,98.23511591064612,0.06515282575417397,0.07933891911163629,1.2177356575564302,0
84,0.36293168278063803,0.2698962579888502,0.19396028135223176,0.1901698060182437,1.3447080944534124,0.53442642391166,1.3915027144053644,0.4846474278159463,26.98962579888502,1.0,9.673714802844394,-0.8945315507516253,0.11018261307829186,2.040503618650128,0.029296875,30.652017033630365,0.19414118806202,0.2580023602231074,1.3289419045914022,0
85,0.14460572878601616,0.202770837971968,0.39525680909824934,0.2663102880290951,0.7131485485417484,2.733341288860048,0.5130103601126125,0.37559716361549417,20.2770837971968,4.0,7.349720001042712,-1.6067245199320406,0.1093403649992467,1.916537382414595,0.029296875,27.894508132906218,0.19957786750528722,0.18656248241773993,0.9347854286140357,0
86,0.4105864405865417,0.07393898000095252,0.06677705511560299,0.4573239465576555,5.553044423613894,0.16263823769008603,1.1072512837357638,0.15489031035362733,7.393898000095252,1.0,6.325955370766011,-1.499589027781759,0.10181769745542504,2.0332264427164315,0.03125,51.08741260637909,0.12042536837755635,0.327697576064085,2.721167312812113,0
87,0.16861365078676274,0.20898358004681497,0.1048175062840798,0.5370541032691877,0.8068272672388153,0.6216430626783334,1.993785078986969,0.7643005365036205,20.898358004681498,1.0,6.63165103921287,-0.9655387979815494,0.09563953120536065,2.391241955499156,0.02734375,40.07887434403353,0.17621704172918928,0.227474703139372,1.2908780042322168,0
88,0.41805208930377746,0.25144171186700714,0.10652008977121485,0.24627193596018288,1.6626202796623955,0.25480099848169224,2.3605097630474794,0.4793271963257929,25.144171186700714,10.0,9.253037296278968,-0.8608479609620862,0.11790585416958843,1.838720095258579,0.03125,29.687021367189146,0.22360858391601451,0.34753845642294745,1.5542268115830726,0
89,0.0832229779394819,0.08954375415196227,0.12367036537822236,0.7124536717991837,0.9294113110146917,1.4860122581490294,0.7240518282483085,0.4328015233144866,8.954375415196226,1.0,3.8652012709641506,-1.5822144338311726,0.06036478982356469,3.3150197373161205,0.0234375,100.54216356512535,0.1391477411646616,0.18101970497836414,1.3009173089188137,0
90,0.3853985876879872,0.16255269826190794,0.07918863712972364,0.3912360516430556,2.370914736005519,0.20547204805697963,2.052727564872318,0.34988628524027654,16.255269826190794,1.0,7.801241200691736,-1.512094198544091,0.08805013499705726,2.5811912457196224,0.013671875,70.03525387912245,0.1538928641359268,0.30977840108542665,2.0129484419160595,0
91,0.3100812925759642,0.3545003315285758,0.29581495236548155,0.07054950708365067,0.8746995841697661,0.9539916126770478,1.198385438915845,0.5850842194314142,35.45003315285758,6.0,11.080912241117636,-0.8466871939492523,0.10774705516672872,2.063982433527168,0.029296875,24.659509587643512,0.28027556859329567,0.30996922272446525,1.105944496982367,0
92,0.35336372528625276,0.23734909062765325,0.07402315555261624,0.37360026764184007,1.4887932553325485,0.20948147830805813,3.206416814489045,0.5553495001092041,23.734909062765325,1.0,8.1406507734814,-1.134845905121568,0.12181444986460478,1.8239699176129385,0.0234375,22.684317006283003,0.25323188747494096,0.3373077593383914,1.3320113935944908,0
93,0.45560242083674896,0.26008165050504256,0.19374033800598334,0.1618427844302393,1.7517668776373896,0.4252399222346954,1.3424238503014687,0.4005306087776557,26.008165050504257,10.0,9.961987670222467,-1.4478834922825108,0.12223062736139334,1.8456739574530263,0.0390625,27.87344599739594,0.25754723818390496,0.4118333960823567,1.5990596481864918,0
94,0.40586010088763896,0.18885312250242098,0.0364407512011882,0.3936087477112773,2.1490780534025165,0.08978648337789409,5.18247062075056,0.42697888012222657,18.885312250242098,2.0,7.728357904135395,-1.5706963764564705,0.15073874580698346,1.3914470344832233,0.037109375,21.820462369373182,0.21426994530457005,0.4080702201096845,1.9044678409225155,0
95,0.40843797005582355,0.34187601274170126,0.09505303138353524,0.17005872370102496,1.1946961905286329,0.2327232979130493,3.596687109952846,0.6790111675554907,34.18760127417013,1.0,10.952297820773438,-0.36854234720275086,0.11471580641805082,1.9943920288477592,0.02734375,24.297949822654804,0.2946617677899627,0.4083019025757521,1.385662977717582,0
96,0.41805350577650746,0.2328384477256569,0.25633358029271835,0.12625248068234723,1.7954659544384426,0.6131597433131964,0.9083415737409837,0.34525935109826644,23.28384477256569,10.0,9.363768963025516,-1.0721293137317072,0.11519474540082955,1.7509115964198039,0.02734375,29.47569321833035,0.25571307614945005,0.41444541259222795,1.6207439167068132,0
97,0.13264292358691906,0.04581598071085296,0.056008257634145825,0.7657563838803283,2.8951235251765177,0.4222483651607855,0.8180218890277156,0.24286082077017104,4.5815980710852955,1.0,3.5381410443802195,-2.0760513426015392,0.07309945642042641,3.0027515566395397,0.015625,65.59264647505812,0.12347790602313388,0.23690984451888336,1.9186415784665078,0
98,0.40514836620397543,0.19169810783801614,0.18546134815568135,0.22572590740155907,2.113470867147057,0.45776156002774426,1.0336283529928072,0.32457662509925356,19.169810783801612,1.0,8.711480673120855,-1.3281284210200903,0.10980967690220547,1.8566325914366144,0.03125,33.32029956868973,0.16645663316650972,0.34290011318049135,2.0599966889659593,0
99,0.5886611376589804,0.3674648014285199,0.03478009097365409,0.06143112035229737,1.6019524465199322,0.05908338218641434,10.565377810463723,0.5894137002037456,36.746480142851986,11.0,13.046089350225655,0.05734857773824976,0.11993745606382046,1.9520130161893143,0.025390625,25.06440841661982,0.29309177917157614,0.49772955860193946,1.698203750402259,0
100,0.2021233557162951,0.0794792207129091,0.2197001662858607,0.5012784216247284,2.5430968484813405,1.0869608091909468,0.3617622237487692,0.18841818098592067,7.947922071290909,2.0,5.452871906137544,-2.293992560464625,0.09411613273592953,2.2636743935925687,0.02734375,51.00029673085175,0.1585158673426159,0.3114976507839835,1.965088139156113,0
101,0.36751499752895694,0.1138132501598968,0.12452993330136108,0.3967523665490854,3.229105547995547,0.3388431333124314,0.9139429143076471,0.23130662065272664,11.38132501598968,1.0,6.942306465328128,-1.1286541453713268,0.12403074683217537,1.780036328470697,0.02734375,31.09613791570314,0.13035321851750287,0.34678857923331674,2.6603760396226206,0
102,0.11596454529304982,0.0750429424919993,0.6909873652646631,0.120160348633987,1.5453091448921803,5.958608844742462,0.10860248141316975,0.0929955571206734,7.504294249199931,6.0,6.494530368487758,-2.1328205866248346,0.10543568499850045,1.758586930416443,0.029296875,52.21975728474901,0.09550774462143563,0.20136943785094857,2.1084095184951637,0
103,0.35876253758660154,0.24541074728593512,0.15708044552407316,0.28755357020990263,1.4618860076577456,0.43783959880905277,1.5623252561233836,0.47574699146931354,24.54107472859351,2.0,8.702124620886298,-1.6750248749855676,0.12406228626003193,1.676564343376493,0.02734375,27.091107201124334,0.1899466363000703,0.30052709068440997,1.5821658995269954,0
104,0.2689626870835497,0.2694842560432573,0.2528653678624399,0.22320239162200026,0.9980645661183933,0.9401503628789613,1.0657222787020502,0.5164234722309692,26.94842560432573,1.0,9.243530826065893,-0.8229284786315966,0.0966336249227641,2.3029692764631484,0.02734375,33.43257011404374,0.2400553367382781,0.280641516415868,1.1690700995398828,0
105,0.20411067061126,0.11243470835559916,0.09150081480779382,0.6053224638158591,1.815370659075313,0.448290207142643,1.2287836845119926,0.3803462108240933,11.243470835559915,1.0,5.326981722585935,-2.0179999818498984,0.10374515076165342,2.2178761728434337,0.0234375,32.50823615625414,0.15965434085719038,0.23242708355896496,1.4558143694095573,0
106,0.382782472645158,0.1685453741388872,0.09656098304583954,0.364664973591536,2.2710945025905067,0.2522607223348494,1.7454811334939462,0.3516171382700302,16.85453741388872,1.0,8.103956385971342,-1.2221081649625125,0.13122201058921903,1.7069999804973177,0.03125,20.576137175903416,0.16525569182465938,0.3271509786832666,1.9796654207190798,0
107,0.2570418784042474,0.2326756602133332,0.23599810041359864,0.30599066909381256,1.1047218182102452,0.918130936012413,0.9859217502410883,0.4719204734081482,23.26756602133332,1.0,7.856024879337988,-1.514132524800442,0.1042157401284692,2.0260081040727864,0.02734375,37.137319744984026,0.2077302719095239,0.2829822455074845,1.3622580999189855,0
108,0.3690154830050903,0.22110412758241343,0.13707352290899877,0.2916265773586693,1.6689669570590717,0.37145737569969794,1.6130330853799417,0.4368878300025945,22.110412758241342,3.0,9.15683200282618,-1.4076994046534814,0.12182679552970666,1.7697203609475447,0.01953125,25.673829406440035,0.21615580098344428,0.33718318513097617,1.5599081014542915,0
109,0.45921816151759814,0.05535743061157803,0.09143006484262711,0.3984384172987725,8.295510764082627,0.1990994096167171,0.6054620075710968,0.10053138821019929,5.535743061157803,1.0,6.426505981741024,-2.240354442649067,0.10470632440105924,2.0208609209500707,0.029296875,54.338518259655245,0.11485282764916854,0.41406522025454806,3.605180897389429,0
110,0.35754411891116333,0.2945477258714473,0.1006607948379867,0.26310438066489894,1.2138749937828288,0.28153391292031216,2.9261414669295522,0.642829697003333,29.454772587144728,1.0,9.602694967881044,-1.0031092446673207,0.11938651059350275,1.985942158437099,0.03125,20.630657604209553,0.22806061352920415,0.3784569264082157,1.6594576351917654,0
111,0.18307803013779994,0.187728753783392,0.15887768162852353,0.48657735175568706,0.9752263648916913,0.8678140217538445,1.181592983098434,0.5489855771472771,18.772875378339197,1.0,6.473707520519111,-1.5911559507888429,0.0892125028938632,2.4274737716881476,0.01953125,30.456217323084097,0.20265154188934248,0.2553682217578538,1.2601346102613766,0
112,0.3458491511576524,0.3891579454966605,0.20698135118043626,0.09737244649219025,0.888711524870386,0.5984729194448336,1.8801594601463945,0.7039371811976529,38.915794549666046,11.0,11.809657319841525,-1.2834687542511964,0.1611836015024868,1.3917228212627708,0.0390625,14.355532838609737,0.3201505761619528,0.3123712072797269,0.9757009061940082,0
113,0.5240049478337224,0.14340471351192327,0.09714716325700387,0.24026354142316986,3.6540287623635215,0.1853935991624363,1.4761595573518538,0.23086891431452694,14.340471351192328,8.0,8.592571162536194,-1.4926793794478213,0.1281729393117086,1.5506514139288783,0.04296875,24.01473530963091,0.20880068269243418,0.44570046382874406,2.1345737862559164,0
114,0.2202744185012172,0.4217991138097759,0.1451184410230728,0.25196791218087927,0.5222258921127912,0.6588075093368688,2.9065852060856017,1.1543715286548502,42.17991138097759,1.0,10.544816395538833,-1.1088470947196845,0.15585412650830271,1.5501162265010602,0.056640625,14.889683761603346,0.3429896942963595,0.3036820552724021,0.8853970259821302,0
115,0.5058128564297999,0.3411530921080017,0.024699780823328583,0.13714981770777848,1.4826565202849982,0.04883185650641474,13.811988638092512,0.643063083046938,34.11530921080017,10.0,11.568239114223745,-0.4066533508916665,0.15116746062229156,1.561245757944838,0.0390625,15.89861912970942,0.3418326349176941,0.43102446000156275,1.2609224982426945,0
116,0.22296728532526663,0.2546647881204582,0.2461079758986641,0.2781812244748241,0.8755324478542597,1.1037851384320163,1.0347685286936112,0.5429081624459011,25.466478812045818,1.0,8.505509891602786,-1.429238693965962,0.11744656349658324,1.9785104395834021,0.02734375,22.369497290925665,0.2869168914354355,0.2999484399554962,1.0454192447674269,0
117,0.061549811488265216,0.04058843540733929,0.05656713477583974,0.841622167193023,1.5164371543284274,0.9190464342316549,0.7175268036548565,0.3436292309508365,4.058843540733929,1.0,2.7170460687372415,-1.7965610542485826,0.06503050770518345,3.23979404136373,0.0078125,81.34704652935858,0.13172996413773488,0.14975730402114068,1.1368507157902195,0
118,0.10778451090089707,0.1681087998768221,0.39484816394838634,0.3461625483359863,0.6411592431819902,3.663310810110442,0.4257555567597147,0.33445656895842635,16.81087998768221,1.0,6.211349467448616,-1.572289022568148,0.08992932803172801,2.5302961985833377,0.02734375,46.15292851788877,0.15464863065335982,0.1233144443553872,0.7973846508346742,0
119,0.4013558408320183,0.2812293514103112,0.1386737587447467,0.20093636336563797,1.4271477668275687,0.34551324445142706,2.0279925629400077,0.5207665498894821,28.122935141031117,10.0,9.867226722625386,-1.1257111105098143,0.1338540824556612,1.6272003814053646,0.037109375,20.667495580902084,0.2343944847302392,0.2984805241356648,1.2734110381432726,0
120,0.3191711687078945,0.2536543991563437,0.16462910174514328,0.2652431562745344,1.2582914775742182,0.5158019203679893,1.540762820588529,0.5242956952427779,25.36543991563437,1.0,9.596853348149292,-0.5797429008874321,0.14177669609575366,1.7512622175977306,0.029296875,18.05827424221222,0.24652823081868502,0.3115156302161695,1.2636103750933798,0
121,0.2493719334236054,0.13480540909668667,0.3100840387891732,0.3102512708100646,1.8498659296667994,1.2434600579616684,0.4347383039244611,0.24095803028656387,13.480540909668667,2.0,7.126736654497428,-1.71654963468916,0.1368855554539088,1.6663413262427051,0.029296875,23.42083652030942,0.17614285313382605,0.2723651012368541,1.546273927045885,0
122,0.415592556336665,0.2911382768695394,0.15554733658528003,0.16130663982624832,1.4274748095815195,0.374278447037197,1.8717021021382059,0.5097495035403142,29.11382768695394,10.0,10.502600396849926,-0.8632905035351074,0.12719338126882743,1.7705074876385936,0.041015625,17.528822231202774,0.24858997008732547,0.362598397949735,1.4586203852951172,0
123,0.3078798216633814,0.2602910229144821,0.22399419508329,0.24690645037592898,1.1828291971650196,0.7275377576659285,1.1620436092887738,0.48938473156880663,26.029102291448208,1.0,8.761459195175489,-1.4800599490158413,0.11636232527163953,1.8874568626668993,0.01953125,20.318787541313455,0.25596163336843414,0.3281256948893322,1.2819331185339888,0
124,0.3769537510102832,0.11893740193377036,0.18455913840371704,0.32085268731000277,3.1693457640685514,0.4896068494068195,0.644440600247896,0.21181597818294548,11.893740193377036,1.0,7.472052033119383,-1.473030148547863,0.12430008180469634,1.7373993616939016,0.03125,29.938331168287576,0.16963636756459596,0.3588873702455313,2.1156275355150753,0
125,0.32309282937519057,0.0709035928509574,0.08695193121308369,0.5263262307855765,4.556790655881002,0.26912367997137415,0.8154343654241124,0.1729167146266228,7.09035928509574,2.0,5.781142106843459,-1.8170625318059757,0.11036582795569812,1.9392521901527089,0.046875,42.9571349933133,0.10743471949500366,0.33633680949721667,3.1306156061656365,0
126,0.3974727173307289,0.1679011227782398,0.16589923558404357,0.27306916646197904,2.3673023190817792,0.4173852150123422,1.0120668861862838,0.2980288988638063,16.79011227782398,1.0,8.507477321265435,-1.1561504016547424,0.09191107819366778,2.578002412582863,0.015625,37.74070529666168,0.14552855356344244,0.3748524314323294,2.5757998842978846,0
127,0.21678973526352144,0.3899447202795359,0.09826423470083524,0.32252023206574637,0.555949918000063,0.45326977581265865,3.9683280642621543,1.2377076864716678,38.99447202795359,1.0,10.42005651520453,-0.6547896755622902,0.10540164356434331,2.3258358701700925,0.041015625,34.34213373730296,0.2995107385945813,0.27527293284598037,0.919075336456205,0
128,0.4535935111931705,0.21117861280872202,0.2025010009880315,0.14869577093306255,2.1479140579584697,0.44643716453506893,1.0428521922277338,0.3218722438423266,21.1178612808722,10.0,9.90729145117951,-1.144731461668507,0.12636745539043023,1.8111587313458242,0.0234375,21.247722812085968,0.24386149934948997,0.38761489720471015,1.5894878783165791,0
129,0.1951152833327439,0.08568418727730141,0.12707057681127318,0.6078012989642343,2.2771445879507652,0.6512589615797523,0.6743039138390499,0.2659464547535843,8.56841872773014,1.0,4.6926507918759865,-1.9174853712966615,0.08816225517173228,2.3260450547971097,0.0234375,45.518355100616475,0.1442097927440112,0.2663401404653714,1.8468935805025986,0
130,0.283367970452163,0.2643508220853208,0.20801143878339326,0.2888075458098782,1.0719390551417782,0.7340682803767155,1.2708475246898516,0.5379770033425617,26.43508220853208,1.0,8.54947486173355,-1.669984561952313,0.1486968737030524,1.442657002265676,0.052734375,15.99684942291791,0.21989864122903624,0.2770676733570501,1.2599790149144636,0
131,0.2365428065519204,0.1384148974358526,0.07518620579189852,0.5737229675544281,1.7089403737111137,0.31785454349074677,1.840961330301976,0.4440231481654491,13.841489743585262,1.0,5.595725058074102,-1.1683200972648016,0.10410012520575719,2.11084619364664,0.0234375,29.973763614404284,0.16856388263933056,0.2515370072698184,1.4922354856261224,0
132,0.25094477792657083,0.34959454721054417,0.15283311676317507,0.2663496237814656,0.7178166247991302,0.6090308713588242,2.287426669122873,0.8658090296852412,34.95945472105441,1.0,9.987385645046356,-0.5675470459215638,0.07973007095166885,2.924491798525482,0.009765625,47.90631455922686,0.28261320131919515,0.2511639027835724,0.8887196408776697,0
133,0.3262178018140989,0.06259542791066354,0.10962448291287664,0.5064025206927221,5.211527625874956,0.3360469057909112,0.5709986149794646,0.1436194469972815,6.259542791066354,1.0,5.883822575963341,-2.116932688121385,0.08687857048307213,2.3792874670704043,0.0234375,72.3768256824796,0.14400200407182023,0.2984478591728041,2.0725257338979968,0
134,0.5020033487598622,0.23467982806621257,0.19699427055952862,0.06863635177134424,2.139098843284851,0.3924162479130596,1.1913028099723573,0.33573766430618607,23.467982806621258,10.0,10.362648803930762,-1.3330913543932306,0.13551481120298145,1.485306811448794,0.0390625,18.388089304856102,0.2011290331882874,0.4266878176126507,2.1214630769496337,0
135,0.21212329307262334,0.27511056093230685,0.16326445623843724,0.4102040880186872,0.771047437633799,0.7696677431024594,1.6850609573576778,0.7328703758619649,27.511056093230685,1.0,7.6445484689098455,-1.3177389552934315,0.08166370142548443,2.823447175326561,0.017578125,48.91399048854704,0.24773739566701963,0.29151216715243344,1.1766982791087146,0
136,0.49039766257143486,0.23355742544490565,0.09459799280047693,0.21303190982830908,2.0996877390482114,0.19290057849226436,2.4689469462216667,0.3992464273876051,23.355742544490564,10.0,10.061479718553327,-1.1949851024945017,0.1365664740885797,1.6219542461545227,0.033203125,24.89725708423716,0.23880401442708782,0.4168100292664043,1.745406291705872,0
137,0.3221960978347418,0.06612566778289047,0.2752826668869884,0.34238868171426007,4.872481573853158,0.8543947885685745,0.24021006673404832,0.1106745070907703,6.612566778289048,1.0,6.062950415299704,-1.3340690502514119,0.09849937955506743,2.072777070201305,0.02734375,42.871369498214555,0.1300166560412435,0.35720325246445694,2.747365324865751,0
138,0.24383227875892838,0.04773264084143272,0.052222568105227865,0.6600719144409526,5.108292238948775,0.2141741379435862,0.9140232388674947,0.16122904707306973,4.773264084143272,1.0,4.140183517560906,-1.4741195444290365,0.0698435560859233,2.908914558297742,0.021484375,111.2864618886159,0.07817772646536271,0.28577953902997394,3.65551099972107,0
139,0.4588247207561072,0.18891187368428317,0.0928926549071792,0.28593877150114244,2.42877650730141,0.20245782475472754,2.033657815809175,0.34240696780090873,18.891187368428316,9.0,8.649663209884771,-1.6274690170680894,0.119040007926877,1.8738742402696333,0.03515625,21.560745983381935,0.1479402392132826,0.3947980035174379,2.668631642176788,0
140,0.12474392141218725,0.26084037376523894,0.37114699463572703,0.2670111484439162,0.4782385472464505,2.9752711830132617,0.7027953278229977,0.5260035328808279,26.084037376523895,4.0,8.392731312979336,-1.208068929530089,0.11277155048620272,2.1909035025533936,0.03125,14.917270198249792,0.21906732398101508,0.22466393179112998,1.025547433128705,0
141,0.5487192879276327,0.24969862550939964,0.059996766056536546,0.1628775777448138,2.197526265140691,0.10933963390282687,4.161868079205138,0.410205421517408,24.969862550939965,10.0,10.73031507577448,-1.0785366062291617,0.12594809307669702,1.709407099112744,0.03515625,36.32390616342784,0.23836504394389735,0.4288188061571267,1.7990003863874284,0
142,0.2735560044855594,0.09792213808080799,0.07339701594733715,0.5640240150588091,2.7936073480954833,0.26830709158110755,1.3341433138199192,0.2822345744629846,9.792213808080799,2.0,5.695710711683697,-1.9855726052715752,0.1113296612801836,1.809677598223496,0.03515625,28.544622402403768,0.14988601325015105,0.3310032411040393,2.208366437436732,0
143,0.3848547683698434,0.453545927552513,0.04080651372984038,0.22816935083372314,0.8485464095043277,0.10603094227877542,11.114547313330915,1.065509001227961,45.354592755251296,1.0,11.592801850046442,-0.38668747698368433,0.15779613920020236,1.5467513895290066,0.05078125,12.791983299626215,0.3411917592606391,0.3649297032814959,1.0695736147679158,0
144,0.45131604481961274,0.2395544409309077,0.19097757665425458,0.13963629420622112,1.8839811237266828,0.4231570732903227,1.254358994010811,0.37296718030739684,23.95544409309077,9.0,9.535730413824515,-1.147310044612672,0.1340466440129525,1.6828269753673928,0.04296875,13.196642534730536,0.27716024871290834,0.4193530984505095,1.5130347890702613,0
145,0.2548606111229512,0.6260974069810001,0.07744752752540159,0.11340785455954999,0.40706223709257155,0.30388190307185237,8.084149707278463,1.8840868885298352,62.60974069810001,16.0,13.287530769910814,-0.5412012907715699,0.16064589865962633,1.4411244161525218,0.041015625,12.368384868350265,0.4969906584218061,0.3157228314341478,0.6352691465813269,0
146,0.4571399794414576,0.20037338005958344,0.083062961331316,0.27037170636903846,2.2814406749251823,0.18170137171905687,2.412307204638842,0.3709224162544792,20.037338005958343,10.0,8.824471009104862,-1.6746796439374798,0.12808833043856155,1.5936319351159338,0.03125,28.56300731202033,0.31012177305360583,0.404815634678753,1.3053441256073097,0
147,0.25517832825588643,0.25047419470752924,0.37977729072039573,0.12156666010015031,1.0187809109590362,1.4882819137331926,0.659529152553455,0.39447512112888455,25.047419470752924,7.0,9.286639319867081,-0.9548217288108344,0.13744363579386915,1.4817535585242634,0.0390625,16.195281015383976,0.2725437986955776,0.31054413163234706,1.1394283528684326,0
148,0.3981393825592277,0.4284917786284123,0.1505859381563445,0.04986313226787309,0.9291645777515948,0.378224171618001,2.8454966238726027,0.7808857409183365,42.84917786284123,10.0,12.16478589636962,-0.7053497040378461,0.13973823363249746,1.584595955081928,0.041015625,19.47873678605417,0.3707910260532635,0.36572913971628185,0.9863484119590293,0
149,0.28742991713878013,0.3713563109788652,0.1973855728273781,0.22811836893616547,0.7740003566422882,0.6867259149380316,1.8813751464133113,0.7659745174479082,37.13563109788652,1.0,10.183429488718776,-1.3638250525001738,0.11029651584620304,2.0780709016558543,0.041015625,18.760032790287816,0.37114715555639255,0.3164006294924558,0.8524937474417179,0
150,0.09955052191148815,0.05178837699508133,0.11392166047333496,0.7397859406637913,1.922256067611867,1.1443602533242372,0.45459640230356857,0.24260011967967138,5.178837699508133,1.0,3.3070423629412233,-1.9042967690924804,0.07158543779250885,3.437056596932568,0.015625,51.62491286978034,0.16995112506276647,0.17978506171644618,1.0578633218814526,0
151,0.4316506556495906,0.26930225470099256,0.19838810171326118,0.13847336417040482,1.6028482796337942,0.45960338323880817,1.3574516433947694,0.4274376005498161,26.930225470099256,10.0,10.097321923676493,-1.3890142329267292,0.11808071831387516,1.9034270141280714,0.02734375,20.489549667157508,0.23254233673484892,0.33846038589432714,1.4554785620813355,0
152,0.3349502247147467,0.3321082516384164,0.182676546320126,0.17800897126627144,1.0085573696597456,0.545384158127236,1.818012538159142,0.6415979045554437,33.21082516384164,1.0,9.952924823828056,-0.9662589656770381,0.12098234488615547,1.8843663456828095,0.046875,19.501877101534593,0.29526886312409645,0.33624898435119144,1.1387891726657713,0
153,0.37000271938599316,0.243111350158221,0.23163071959302844,0.16734745976953255,1.52194753204516,0.6260243707878301,1.0495643694640948,0.4040855019135563,24.3111350158221,10.0,10.105066830806757,-1.2017328342340856,0.148400159911537,1.4763938108950796,0.05078125,16.52130798550048,0.2624096299555949,0.3575138374231165,1.3624265141612857,0
154,0.21418146052677148,0.17077078014272526,0.20591019469166208,0.4105225199112269,1.2542043805591954,0.9613819710878434,0.8293459214033317,0.406508384589367,17.077078014272526,1.0,7.167414142136489,-1.4732819234668146,0.13673261643940812,1.5975378581059831,0.03515625,23.49286812776295,0.20467715457348704,0.26721443997841915,1.3055411119767801,0
155,0.21411536983931106,0.12468677038677482,0.0827471501133585,0.5863079716136831,1.7172260471132104,0.38646058046216847,1.5068406611642189,0.42001519897572226,12.468677038677482,1.0,5.526275446456019,-1.307540952015019,0.08291950908467485,2.727006427769885,0.017578125,86.00731341427783,0.15428321253585836,0.23376202579078104,1.5151488094398808,0
156,0.22629185430092413,0.11228983719597348,0.11614723828013998,0.5503826641383206,2.015247861700732,0.5132630100161427,0.9667886973357948,0.32791185243858717,11.228983719597348,2.0,6.093832063372333,-1.454273089969952,0.09513454704993826,2.5334801197835137,0.021484375,51.078665303689576,0.1278273860717309,0.22905581775217118,1.7919150566283473,0
157,0.3124693553491633,0.16754735835092927,0.13447566462321697,0.39482961787562904,1.864961396131527,0.4303643295628757,1.245930695491477,0.37487241352618333,16.754735835092927,1.0,7.461848529515816,-1.9276094413167761,0.10848654847529321,1.9694901345087792,0.03125,36.43421024225875,0.15285096860762587,0.2816063464382762,1.8423589264934774,0
158,0.6045613769079903,0.11483610014799994,0.15607481581308252,0.13730072237912258,5.2645585850143926,0.25816206885736565,0.7357759773735281,0.15097375229679566,11.483610014799995,11.0,9.215888196306414,-1.3400501850830573,0.10315688357120785,1.9317668204143232,0.037109375,29.433761972571695,0.12890160147806154,0.4850680156341961,3.7630875805215602,0
159,0.4968649935594004,0.09076335742814398,0.17042387423651906,0.24452801151271975,5.474290590762762,0.34299835256315325,0.5325741938165744,0.13601809022800393,9.076335742814399,10.0,8.014963304771657,-1.5186827992423697,0.13489292576122172,1.5848420341706753,0.05078125,29.40224459457923,0.10487450772661347,0.4925001117270748,4.696089854430844,0
160,0.47817667055949836,0.16598558435392693,0.1757674237120184,0.1818925668238798,2.8808325278297255,0.3675784172134356,0.9443478253737018,0.25382228512756644,16.598558435392693,10.0,9.20062538590898,-1.394891011662024,0.11805653432215125,1.8095286797045835,0.033203125,25.309069954002204,0.14337448600182096,0.4834763437915017,3.372122594971249,0
161,0.3727721406300865,0.35448141815839174,0.15155728163744775,0.188665598371859,1.0515985367206764,0.406568155500752,2.338927000584743,0.676066234514768,35.44814181583917,3.0,10.468290290048952,-1.062729293974765,0.12625965609598946,1.7708062150132349,0.033203125,19.28938488024999,0.27637185326046054,0.4137326957998101,1.4970145871164378,0
162,0.29286553428840606,0.2334797458530525,0.17395788253279684,0.3591153684028052,1.2543509211821542,0.5939855058598116,1.3421624961932475,0.5001457455635243,23.347974585305252,1.0,7.932494880810462,-1.1047839881986548,0.108311869534026,1.9962360563228263,0.03125,27.13717429989164,0.24934982559379348,0.33758638404762553,1.353866533667527,0
163,0.4197343559627594,0.3708814831981518,0.0713527928516567,0.13919914813471662,1.131720980899915,0.16999512153066984,5.197855169664078,0.7552253894095573,37.088148319815176,10.0,12.015868958343653,-0.7784970066740187,0.17145127331663126,1.3562282875925908,0.05859375,18.77845663280387,0.3259147698845392,0.3893396063541599,1.1946055911853746,0
164,0.3831443996626817,0.20912977937566657,0.2583405560838897,0.1944550980026952,1.8320891496451825,0.6742642103386011,0.8095119966682558,0.32600886038231663,20.91297793756666,10.0,8.859795079084968,-1.9032245741763834,0.12648906258374454,1.6422411123205392,0.037109375,18.728140271200786,0.25234022586394944,0.38543662613852864,1.5274482093307287,0
165,0.199836993415295,0.18796274648867134,0.22317046492314535,0.3945443293619791,1.0631734061583111,1.1167625228390154,0.8422384501173085,0.4443485399206402,18.796274648867133,1.0,6.799368504106455,-1.7028600255807678,0.1009838632952921,2.236356481525703,0.03515625,35.45790308919639,0.21178241385752422,0.26850885752289144,1.2678524747728195,0
166,0.18488251713259257,0.3898839252363216,0.25619021522199825,0.20862245553553505,0.4741988709102458,1.3856919474861977,1.5218533030153043,0.8839447479650566,38.98839252363216,1.0,9.939341225315733,-0.7984758804061063,0.1239513228186503,1.9301249986716285,0.033203125,18.63337928621454,0.3239863660261666,0.21582426307700314,0.6661523005567033,0
167,0.1855793388586417,0.4683418051124246,0.2506976676055704,0.10661593567712693,0.3962476482634248,1.3508921259611733,1.8681538188397178,1.0734964212462326,46.834180511242465,15.0,11.14650010095791,-1.0755136589447643,0.1424627346041906,1.5336157690353331,0.0390625,17.74086359329398,0.4149302926505091,0.19676996081943543,0.4742241391030426,0
168,0.4584596828292664,0.1564430104010561,0.30970369102457906,0.08456622878438816,2.9305219942522975,0.6755309193463787,0.5051377007616457,0.20365851292282267,15.64430104010561,11.0,8.975148071896866,-1.7854632982197967,0.127290222264098,1.6104377416684186,0.0390625,28.257965399104563,0.2520833048333537,0.36163448568562895,1.4345832459006451,0
169,0.2419500913899746,0.03831252364010426,0.05028131507276856,0.6793117264883918,6.3151697773151705,0.2078168881222592,0.7619634368133633,0.13110337490319562,3.8312523640104263,1.0,4.240843320825045,-2.035917499426425,0.08200425255392553,2.497464134389536,0.015625,70.53618129063432,0.11740771268160657,0.28623331727936674,2.43794305110222,0
170,0.4920815604194481,0.05800299451650609,0.08050343871687642,0.37987083056285775,8.483726823309635,0.16359775531741538,0.7205033156506154,0.1013002342078387,5.800299451650609,1.0,6.574341632652859,-1.6080470547821233,0.08928501756133023,2.1536441235749155,0.025390625,67.78905638811591,0.07998274023759328,0.415917710457618,5.2000932853501975,0
171,0.4310558502162125,0.21255890221433468,0.13666838691943728,0.2806474916306728,2.027936001384348,0.31705494044813215,1.5552894638251473,0.3744051923630879,21.255890221433468,1.0,8.346485430600659,-1.801104374830583,0.09754486357447051,2.103728402218101,0.03125,37.53379840320003,0.16350572228294036,0.42545473850553256,2.602078585162282,0
172,0.6083547058379905,0.15437751803758942,0.22880366273584463,0.043172609752555366,3.940694950717638,0.37610239641575277,0.674716113334884,0.1844065876094618,15.437751803758943,8.0,9.699313031244749,-1.7996955331739581,0.12114603960371469,1.6022522444370364,0.033203125,20.87545696241185,0.15775495360836927,0.540681717924981,3.427351760153344,0
173,0.4508380052731444,0.1641225342316417,0.11079423331376104,0.29852855880093965,2.7469598089137897,0.24575176009704325,1.4813274059704673,0.2922242046579981,16.41225342316417,10.0,8.142960773994012,-1.7697241918620652,0.1484254442265827,1.494608859135419,0.033203125,18.413942963727486,0.1617665294010309,0.484080178954324,2.992461918696802,0
174,0.4598877964579985,0.15461673406865714,0.058324316607714054,0.34378305735167325,2.9743727237946453,0.12682292737009818,2.650982352814338,0.29836572741160994,15.461673406865714,1.0,7.88037109699734,-1.3440773625645903,0.10021060427010466,2.0601286334242337,0.03125,40.54816595173859,0.15726215834163543,0.4688389779816389,2.9812574297826595,0
175,0.20039536069685285,0.3219071189723564,0.12313260418193013,0.386269012695914,0.6225254083754488,0.6144483772185922,2.614312603143842,0.9949900902445054,32.190711897235644,3.0,8.949982611170462,-1.0035889864988554,0.11564706884187245,2.0334909717418386,0.033203125,18.937112864529542,0.2609884835389896,0.29971949909222373,1.148401243717329,0
176,0.436223200376673,0.2911055207536128,0.10319809003350654,0.1846199999886983,1.498505419089551,0.23657175946891357,2.8208421362960814,0.539662645743394,29.11055207536128,11.0,10.784484951092441,-0.7151662573671058,0.13278317144882007,1.8209915919105464,0.03125,16.11966357660574,0.2799622169842022,0.3857168309014267,1.3777460225027949,0
177,0.2653306953986051,0.22269292509353103,0.33750229677483645,0.1922127621186032,1.191464413550519,1.2720062270501205,0.6598263988776352,0.3694106460402394,22.269292509353104,4.0,8.463962830953907,-1.741334744265816,0.1277464467948025,1.6577385956995003,0.033203125,21.22793953510815,0.24388256309307937,0.30987356553464906,1.2705851603507758,0
178,0.5403821433074633,0.41375349620218604,0.06489369885013763,0.04143033054214064,1.3060485247068279,0.12008853300338375,6.375865508179961,0.6835784073697921,41.37534962021861,8.0,12.251199521406804,-0.39120973631607286,0.1353842189759756,1.5673741112702892,0.033203125,17.358401239240806,0.35090125095181657,0.45509396953152204,1.2969288889588928,0
179,0.2972093172084057,0.15496606044410377,0.12862179481002842,0.4294759818505003,1.9178994184645426,0.43276501564183795,1.2048196083158413,0.3639143690304888,15.496606044410377,3.0,7.495219637347118,-1.6397834721383349,0.11801249333678344,1.8476932824768684,0.033203125,17.34073497693786,0.2274620809319575,0.35562663856795873,1.5634546079518925,0
180,0.03478877669904174,0.019209927068419428,0.07940220522145376,0.8667266504397675,1.8109791137844828,2.2824086603297693,0.24193190876249296,0.16822630601097682,1.9209927068419428,1.0,2.1517216433194135,-1.7220232306316685,0.061397380447645804,3.704170919116301,0.01171875,142.69843960611664,0.09626322399792851,0.15349878559054103,1.5945734956191535,0
181,0.641163191430887,0.06762732365654961,0.10497805022841805,0.20019286848098003,9.480830480274527,0.16373062526402102,0.6442044171115532,0.09063608855887133,6.762732365654961,10.0,8.246198026439783,-2.0748334973102334,0.10908306782336505,1.7153609238396892,0.03515625,36.85449945884747,0.0782226067828598,0.460727361269959,5.889951514196071,0
182,0.4342156274472159,0.11365872888071275,0.03670187333013332,0.41931321105488034,3.8203456234330586,0.084524533460073,3.0968100144713535,0.2413559247487162,11.365872888071275,10.0,7.457923832160952,-1.269952640869963,0.11913140056537534,1.7831112530579931,0.0390625,20.225815339502383,0.10054736370450715,0.4440249689616309,4.416077683181571,0
183,0.4054971870723556,0.3844684470983304,0.11984338404054973,0.14799025613899403,1.0546956197125645,0.2955467703894817,3.208090710840033,0.7318460980143284,38.44684470983304,9.0,10.653037875806522,-1.1196442827825135,0.10862906903994478,2.0130592628008865,0.033203125,26.2570161326928,0.2794176462426158,0.4197524663713874,1.502240363181708,0
184,0.10118348367094164,0.17552615387266532,0.143273501628625,0.5902723468741459,0.5764581598749569,1.4159771578348512,1.2251124728382528,0.7180247013880623,17.55261538726653,1.0,5.791955360722779,-1.4445147229349653,0.10286748084522193,2.318666944902286,0.021484375,26.056277395712645,0.213966006049547,0.2190540072701066,1.02377948401466,0
185,0.02757263947524662,0.017675863440008353,0.17526950981110984,0.7813147773225877,1.559903399812286,6.356646049903988,0.10084961987944739,0.08714097884541654,1.7675863440008353,1.0,2.658437348978048,-2.8640283268556916,0.06920655527781028,2.856766457725905,0.0234375,93.01441969068398,0.09030321620553765,0.09842074555934482,1.0898919185252618,0
186,0.32827450821075116,0.2257735688219926,0.29274954794572794,0.20604366168876279,1.4539988446084213,0.8917827629731514,0.7712174806298145,0.3635504399281129,22.577356882199258,6.0,8.734877676810036,-1.7225145857462032,0.12252289430739913,1.8447196646055921,0.025390625,18.856527191880062,0.1756495383539043,0.24322861602973084,1.3847381456777947,0
187,0.402607364696567,0.19594072618792782,0.2985643655689181,0.11803652835196708,2.0547405969567007,0.7415770096361636,0.6562763302810907,0.2794475557556481,19.594072618792783,9.0,9.357336895709484,-1.3692013815446005,0.13227740600810373,1.7450493510992118,0.0390625,16.720260509697376,0.1884329866893391,0.3436372276898376,1.8236574907956693,0
188,0.1917952183242346,0.176727211368187,0.17207929077145337,0.468468018799356,1.0852613858347495,0.8972032372603358,1.0270103425918913,0.485681758271304,17.6727211368187,3.0,6.9932503184802,-1.6887503659379524,0.11963046977958493,1.8896388155546242,0.02734375,24.339106728475798,0.18105834823701328,0.24797676178950773,1.3695958468842637,0
189,0.5230000285789208,0.1925844173583298,0.03335210150285144,0.3077085125995979,2.715692348068284,0.06377074508850593,5.774281339875705,0.3461556214940307,19.258441735832978,10.0,8.680452819241102,-1.1147927447999169,0.12326780297716086,1.6872348679082996,0.033203125,28.307462093193287,0.18831977178344267,0.42124141986683794,2.2368411764538747,0
190,0.16804382284720235,0.40247245584447827,0.2771990667586187,0.20321204298194415,0.41752875360176106,1.6495641557144214,1.4519257245353356,0.9039390976010603,40.247245584447825,1.0,9.937965128601155,-1.206597197977055,0.1041670396669662,2.261296247959289,0.015625,18.508392125247184,0.32323596274189514,0.26172693374446754,0.8097085841702817,0
191,0.138896572085322,0.09619534367365459,0.2788422906256781,0.5103643822048582,1.443901199169147,2.0075534366203227,0.344981184376525,0.23027626170365223,9.619534367365459,2.0,5.468728883150472,-2.3222862869694154,0.10457113247384917,2.191524587376547,0.02734375,35.392208528905854,0.1802003727289036,0.18434380589920585,1.0229934772472014,0
192,0.2820714374127956,0.12860710432694922,0.09282423369040783,0.5263468963958239,2.193280370379159,0.32908058519670585,1.3854906118104973,0.3430477176440975,12.860710432694923,1.0,6.110821188696158,-1.1581443696435167,0.13598367746846043,1.5771065720261717,0.0390625,33.80715102129969,0.14769661363567232,0.2459122137527674,1.664982071685824,0
193,0.2776754515708049,0.2724591514135595,0.18269597645514152,0.30852675529788187,1.0191452558306937,0.6579478863614908,1.4913254068294532,0.5918246329518345,27.245915141355947,1.0,8.661970697576077,-1.1846020463579745,0.12633721085964955,1.7269705024234485,0.0390625,22.027642944391182,0.22629701243574124,0.26592305357813106,1.1751063379745978,0
194,0.24714264595988344,0.3507586308343064,0.17896888606188843,0.28246271598280187,0.7045946250056088,0.72415218088753,1.9598860927818047,0.8231615538993708,35.07586308343064,1.0,9.712297246142908,-0.9198963820806336,0.10786394939320035,2.146550526759296,0.02734375,30.862897305606925,0.3047078320268373,0.25409139677863507,0.8338853487573694,0
195,0.5227308159008897,0.31581646486807063,0.08423463189474024,0.10829447573614985,1.655172779286857,0.16114342092192646,3.7492472841807656,0.5203203345668669,31.581646486807063,9.0,10.78188245995182,-0.9683895043276303,0.14449702489712232,1.5567203117576083,0.037109375,18.107824967750496,0.31170627071681434,0.42333423082565547,1.3581190710465276,0
196,0.1812384367223869,0.13004833133989005,0.029336356519509953,0.6812870692293732,1.3936237001635527,0.16186608674673258,4.433008961081082,0.6175873633169381,13.004833133989004,1.0,4.9064473765318475,-1.1270875725229106,0.08778057421826357,2.6307342580877537,0.01171875,56.08405819982063,0.19726176890935204,0.2708138805405963,1.3728655179233988,0
197,0.36899885358201634,0.07829696286447742,0.02110150770495414,0.5618203203619855,4.712811839419569,0.057185835405872826,3.710491399786786,0.200709793259276,7.829696286447742,1.0,5.469560876270442,-1.7671170202988498,0.1013344386695169,1.7071992139725842,0.025390625,53.73207753698712,0.12231394110108103,0.3326704135566909,2.7198078204352036,0
198,0.248103599086719,0.18296592790549424,0.25646351477292284,0.3364413933613358,1.35600984252387,1.033695261644504,0.713418936287222,0.3626196057558128,18.296592790549422,3.0,7.252014210441449,-1.8412096486506053,0.08643930472696963,2.2280554792590994,0.02734375,80.28991609060097,0.16052469278786136,0.2793933204406086,1.7405005771236424,0
199,0.054593910178318134,0.015213309805232387,0.33772746858617353,0.5924682101216027,3.5885623098895167,6.186174748756413,0.04504611327551984,0.03877767215516969,1.5213309805232387,1.0,3.6240842373399724,-3.2489158510838574,0.054672418581420294,3.048149610716208,0.0078125,388.5613666612568,0.06897852150880511,0.1377696919753656,1.9972839220217558,0
200,0.009696285116029874,0.008544921007797,0.045676632922419046,0.9370818436626094,1.1347425104395399,4.710735335452937,0.1870742316563334,0.15431588780835795,0.8544921007797,1.0,2.041118572409487,-2.5624827198571807,0.0405707054722902,4.533634194357119,0.005859375,1206.6999728124397,0.030905353193169997,0.057083445653984086,1.8470407148025196,0
201,0.051589252763465356,0.020587114023241024,0.04899286929301116,0.8788337988451729,2.5059001812356883,0.9496720085807758,0.4202063345319841,0.20467965481456785,2.058711402324102,1.0,2.7313717925281686,-2.3611661650406455,0.06579158019797327,3.4984891223584755,0.017578125,367.51010471503514,0.02440486251611474,0.05362210413295729,2.197189355045658,0
202,0.12811654259348934,0.09140609707941365,0.17407355582290268,0.6392968455045517,1.401619221109288,1.3587125620059473,0.5251004188877627,0.3024787958246118,9.140609707941366,1.0,4.590408959491515,-2.216151194881739,0.08100959184078488,2.823396678865804,0.033203125,121.86910065729418,0.06661564029099305,0.1005536003630925,1.509459339028205,0
203,0.1246696718892549,0.06436939464560672,0.08167684343141941,0.7315316175593809,1.936784904917961,0.655146052716963,0.78809846146744,0.3119480575926423,6.4369394645606715,3.0,4.263592543327129,-2.241903475590555,0.06264925716747285,3.3721951254347307,0.01953125,161.1058952865767,0.06520050553439966,0.11574672542457481,1.7752427603913565,0
204,0.27646593547537257,0.20019042981097945,0.09987543405090087,0.44385481873816285,1.38101474549024,0.3612576496261923,2.004401099352913,0.5319384102322869,20.019042981097947,1.0,7.2887035160955085,-1.5864027421421354,0.10727631630463975,2.0246973709512828,0.03515625,37.98913872999163,0.15024415782864492,0.2169998277565774,1.4443145802955195,0
205,0.3350208310885377,0.09663415853382333,0.029454874158841876,0.5400798418690141,3.4668986222797056,0.08791953044845073,3.2807527205997102,0.26513196117686355,9.663415853382332,1.0,6.114032379019375,-0.9091089715723082,0.11088682527861116,1.9949313455296067,0.025390625,36.80315269770073,0.11646985827290732,0.29135305985571236,2.5015318484506475,0
206,0.13083285986772664,0.02359046311063476,0.03808756156856886,0.8084939363754193,5.54600642003506,0.2911161737791611,0.6193744660850915,0.13965429940270255,2.359046311063476,1.0,2.9689767204135817,-1.8190466394163813,0.08352209471318454,2.6663488187291593,0.015625,67.63237211647345,0.057955839320675606,0.19022533386328136,3.282246208332224,0
207,0.240062257422555,0.14439203770046102,0.08476206499102684,0.5447413093423289,1.6625726822963587,0.3530836787995228,1.7034983481707682,0.4445234784979238,14.439203770046102,1.0,5.7999147417416,-1.091568494968853,0.0739077751763201,3.0938527873187542,0.01171875,47.86657413220396,0.11241064429994042,0.22162259570562376,1.9715445728903243,0
208,0.3476764943812002,0.1283265781903552,0.3068208457511129,0.23576515613901,2.7093100999214643,0.8824894714188681,0.41824595677906773,0.1960689071161338,12.83265781903552,5.0,7.776591362124027,-1.5969784558872537,0.0901249381662113,2.2969244049619304,0.021484375,56.863410227522074,0.12243768265090173,0.3010365518712369,2.4586920084734314,0
209,0.015894618153461465,0.006119501484176966,0.022527070119713995,0.9563934995258657,2.597371402386679,1.4172765839228962,0.27165101597255603,0.15927206114703954,0.6119501484176966,1.0,1.8768598783151165,-2.6605924210598295,0.041379093287920256,4.63830301566763,0.0078125,250.10689016486208,0.049157228515865126,0.12139713362903838,2.4695683075051478,0
210,0.032656938733564476,0.035856841984510314,0.12797045304932894,0.8062896972270094,0.910758921484527,3.9186297922923057,0.28019625726735786,0.22322993348949954,3.5856841984510313,2.0,3.0063971649575154,-2.069441901960669,0.05953102042259237,3.8868502717465807,0.013671875,101.037100570257,0.0407779850011116,0.06549081084488982,1.6060335213350667,0
211,0.1841512498260351,0.11679110133857215,0.11426776855822662,0.5894314700245465,1.5767575415836874,0.6205104155771582,1.0220826293552556,0.39136614673731607,11.679110133857215,1.0,5.097953916149096,-1.8861952132452444,0.0980507398134966,2.1665729338034785,0.029296875,56.85508903919575,0.08866624829371174,0.14024688740301133,1.5817392762334344,0
212,0.13047091550285564,0.14368334114879508,0.059473151264087955,0.6734608105725741,0.9080448328928751,0.4558345515965236,2.4159362349803777,0.7564507994047234,14.368334114879508,1.0,4.976356955425453,-1.2180442513516485,0.07407814278507632,2.892130136886475,0.01953125,47.021772058115715,0.12332701679241426,0.13408802510591325,1.0872558875848333,0
213,0.1268483899346906,0.08508570914343935,0.02829916773618439,0.7712341508431848,1.4908307306971607,0.22309441808076125,3.006650581905237,0.5484179733166602,8.508570914343935,1.0,3.778718304028758,-1.3602891179720156,0.09619778658847046,2.332444461314923,0.015625,60.381973023977004,0.09923499297356006,0.129527054948043,1.305255848430892,0
214,0.6205793383737825,0.16317903674141485,0.05440714327029521,0.18058305707546093,3.8030579832040177,0.08767153513969787,2.999220817912468,0.24175156270347037,16.317903674141483,10.0,9.532926061289508,-0.8152369209165471,0.09599851218156925,1.9685488504274986,0.033203125,69.97275320589502,0.1395197405473086,0.4388899935062589,3.14571967939758,0
215,0.22385566211674163,0.10401106916597465,0.12211097350536787,0.5691155787053379,2.152229218588013,0.545489769394982,0.8517749566671882,0.3006390167613811,10.401106916597465,1.0,5.332555235474883,-1.7088898224568292,0.09323478308827107,2.1554840165125047,0.01171875,65.71658756290066,0.1171492775770682,0.30341836473086303,2.5900148170326123,0
216,0.15962791832946482,0.1821856794629594,0.03130210861120208,0.6585837255573904,0.8761825781265259,0.19609419792971203,5.820236640318233,0.9542012976231388,18.21856794629594,1.0,5.548181496675381,-1.6759166781681907,0.08337509286023854,2.6150193242157957,0.021484375,63.12165427784533,0.15812221076517965,0.21283038349798217,1.345986642026535,0
217,0.3986698626633176,0.16123057453902884,0.26953993209641686,0.18807865738340906,2.4726691187553853,0.6760980885188481,0.5981695301524268,0.24128735586218183,16.123057453902884,11.0,8.650925768164646,-2.050112266943952,0.11590716160756034,1.7453807583019838,0.021484375,34.07177618291823,0.16008047994270463,0.3299092553721435,2.0608962160106112,0
218,0.1854153454398683,0.3389250863943235,0.14611890421653587,0.33686519789506036,0.5470688151558045,0.7880626270177586,2.3195156589098533,1.0222928302115295,33.89250863943235,1.0,9.187050254576933,-1.2475618062509437,0.09426388262763959,2.3074843695282676,0.017578125,29.02393353951071,0.2727525820072245,0.2388780921148101,0.8758050624378949,0
219,0.3103604209532708,0.13732186964447415,0.2115303030631674,0.34957602773986757,2.2600946357308764,0.6815633978513477,0.6491829664888145,0.263123798383291,13.732186964447415,3.0,7.167326416426874,-1.8109365699288005,0.1204315150636694,1.8130337643443448,0.03515625,23.047018659437796,0.1874312332186918,0.28391195928304036,1.5147526610533562,0
220,0.25174345760910277,0.16564975348740266,0.1168651629381572,0.5021198811811307,1.5197333669906585,0.46422323761103085,1.4174433964948467,0.4493919682101277,16.564975348740266,1.0,6.250505869155821,-1.0278941057912367,0.10274167360071022,2.3970210350956416,0.03125,37.8864600877465,0.17370890098797964,0.26364580322845965,1.5177449268773262,0
221,0.025492187284698313,0.03960861843819457,0.020914216087227634,0.9222826860869877,0.6436020313314591,0.8204166968426824,1.8938610116728112,0.8535162296439184,3.960861843819457,1.0,2.0969620218373324,-1.195487697175881,0.07805949396748531,2.785308915211884,0.0078125,75.55496904090995,0.08922572298161505,0.11360902518389,1.273276599922041,0
222,0.14693446608085015,0.1661703559773906,0.06461749243178962,0.6354825082127938,0.8842399428990694,0.439770832234789,2.571600192490119,0.7854824750614484,16.61703559773906,1.0,5.851898948422966,-1.3414604681603546,0.0898558898796262,2.549864810451497,0.029296875,47.5623240189468,0.13770084176895364,0.1346040529489749,0.9775107488075323,0
223,0.45112847059033795,0.2665906783567175,0.14420357864769046,0.14147005043333155,1.6922139715102993,0.31965080470241397,1.848710558058945,0.44780165740695776,26.659067835671753,10.0,10.265194259047103,-0.9167708949593731,0.13373089811331976,1.6691093342825007,0.033203125,14.731843418520466,0.21890143881924487,0.33401443606303366,1.5258667913019797,0
224,0.10263929104972642,0.09266636391812215,0.05517478633778096,0.7542635286764937,1.1076218674157594,0.5375600880905583,1.6795056232775898,0.5871869319363423,9.266636391812215,1.0,4.011763477554598,-1.386543141650687,0.09226564358933745,2.4108157043322467,0.015625,59.878803682716836,0.13937334163153756,0.1882480947046501,1.3506750466095048,0
225,0.3757262527749666,0.12466503686567802,0.027193101335249045,0.4743777182064845,3.013886348726498,0.07237477055526224,4.584436152580236,0.3094044393590173,12.466503686567803,1.0,6.792417289181401,-1.0373868904673895,0.08971901459818146,2.370986961352974,0.029296875,45.665824313986704,0.13010710962904606,0.30635933428894946,2.3546702033506772,0
226,0.3870978873872751,0.39615223574227953,0.05569993803421625,0.22676009189129603,0.9771442704645696,0.14389109279572723,7.1122563097433344,0.8946571392131266,39.615223574227954,10.0,11.148112865229225,-0.637402008076621,0.1283593340328352,1.8357691123760644,0.033203125,19.601052951389704,0.2977155390803832,0.3572246227408946,1.1998857158888308,0
227,0.3936791163296308,0.16258867676703043,0.17133587252478252,0.2935794274829635,2.4213193941685325,0.43521707253042696,0.9489470848760184,0.28775993553090795,16.258867676703044,1.0,8.030719590545072,-1.075578232510462,0.09769998195117625,2.3015795923179705,0.02734375,33.579165263441745,0.21258561582297092,0.38019095370179845,1.788413351623993,0
228,0.5223937156553569,0.44249363194028196,0.06264465877106996,0.05801092318411886,1.1805677595054689,0.11991847699270397,7.063549241305263,0.7563497563272624,44.2493631940282,10.0,12.319775632472254,-0.7127111768481553,0.15310400260212087,1.3560956826761232,0.03515625,17.386931088877013,0.3574276659768769,0.4697786937325402,1.3143322088632539,0
229,0.3874621536045904,0.07555370680063556,0.13331274546539637,0.411142978763227,5.128301045809214,0.344066495852133,0.5667403108180687,0.14507939406337794,7.555370680063556,1.0,6.593581790914652,-1.8583984122251598,0.09401355243677907,2.109072947308303,0.02734375,39.39490969961379,0.17984707169584485,0.4179192734519318,2.323748001620999,0
230,0.10041366251745998,0.0716201258490007,0.04109363434932599,0.7879215299574279,1.4020313609719663,0.40924345671358575,1.7428520738622029,0.506123199540143,7.1620125849000695,1.0,3.483741486858843,-1.4939326733861535,0.09052580602751238,2.237521567450157,0.01953125,65.79532079990408,0.11166409581233303,0.21789073856321456,1.9513052694078032,0
231,0.19810153997012228,0.05850548317240172,0.05851158126118415,0.6855334328954638,3.3860337395040085,0.29536156695558,0.9998957797986162,0.2279910040899193,5.850548317240172,1.0,4.357189635249174,-0.8786444445835035,0.07176500514814572,3.056521923248909,0.015625,55.93567604381752,0.0781741698491763,0.20542354344956643,2.627767507403894,0
232,0.02916277065210354,0.04946828055191322,0.2658614028444411,0.6570809677143277,0.5895246474538344,9.116465853258966,0.18606792871574396,0.1676753466180795,4.946828055191322,1.0,3.6012408068501767,-2.1684206436062183,0.06570590616701429,3.191396584689995,0.01953125,94.83143387526485,0.060089459591900554,0.09437925658716481,1.570645787590267,0
233,0.04316036926825559,0.015312039879041162,0.016084640075442812,0.9267279731586507,2.818721059204788,0.37267151205539795,0.9519665847212099,0.2584528224133258,1.5312039879041162,1.0,1.959353453298277,-1.6393828537564972,0.05095796666777877,4.371176348809711,0.0078125,154.00349743802167,0.03187968517279914,0.062111357576251996,1.94830523697578,0
234,0.09648074556546472,0.10235377968140337,0.2283891919864151,0.5831624863173758,0.9426202516979612,2.367199700276775,0.44815509346888605,0.31506079156598793,10.235377968140337,1.0,4.746830227153196,-1.7780559021097084,0.06692060688231337,2.8600826107857036,0.021484375,113.00556416272306,0.0762783647132198,0.08376407200945601,1.0981367039563805,0
235,0.3067262293249201,0.07525061644721429,0.24603813952954423,0.3741920319743331,4.076062679659267,0.8021424841013838,0.30584939632447655,0.13613507072285744,7.525061644721428,1.0,6.187539814547134,-2.1873987001005264,0.10296398967065601,1.8364866811566405,0.03125,40.6018379018677,0.07563088330563633,0.2242302311181984,2.9647972007689485,0
236,0.10418826145381754,0.04519787633117716,0.07527273100329511,0.7800195793191947,2.3051583372877213,0.7224684427327546,0.6004548490421868,0.2518534847717764,4.519787633117716,1.0,3.1647356608806256,-1.8597564068228765,0.06760381464432748,3.277579747347447,0.015625,70.12007899880939,0.05645808891172706,0.14860379022963843,2.632108048509227,0
237,0.12877306429057697,0.07172060286363052,0.06905162870818046,0.734968885231673,1.7954821787350346,0.5362272699578612,1.0386518639073783,0.3625462614200466,7.1720602863630525,1.0,3.8091603929807856,-1.054211706429701,0.07347620409380284,3.041794210029986,0.021484375,74.11114970396169,0.06607347270142624,0.1361104328880297,2.0599860628186972,0
238,0.18843551451588664,0.06749332110085453,0.10622411868874461,0.6421766914822592,2.7919135025600177,0.5637160222269318,0.6353860303514164,0.22905519960976,6.749332110085453,1.0,4.506560141842924,-1.7865187388773598,0.06759432154816158,3.170302829763701,0.013671875,72.27211308103489,0.06696797719306606,0.16907523431357957,2.5247176545980707,0
239,0.2327765479285534,0.12518728299907925,0.12931496597469827,0.5135488393568737,1.8594264716920652,0.5555326218465687,0.9680803923623602,0.34573382195359237,12.518728299907925,1.0,6.199907175673624,-1.3377898594918332,0.11845640786086076,1.8250789236000056,0.025390625,37.34440375398883,0.10364613985085437,0.20920706189101307,2.0184742257747486,0
240,0.039947676151355874,0.05690226007125455,0.12236803348543321,0.7819339059463386,0.7020402370948056,3.063207807626544,0.46500918950015835,0.3505653285084551,5.690226007125455,2.0,3.5389565156514213,-2.074499625974676,0.0783267497223719,2.9886236670399877,0.01953125,60.62424548063801,0.07419749558970648,0.10257364887502904,1.3824408500504264,0
241,0.2296159738202416,0.11269240763012144,0.20516126043688293,0.4758829629153735,2.0375460836088326,0.893497333933758,0.5492869725531908,0.25919574152131586,11.269240763012144,1.0,5.98186234743892,-1.5362071708217673,0.0924410413280035,2.433842171966578,0.015625,40.29828006446501,0.0984492901751679,0.18261031359051294,1.854866736618872,0
242,0.18588271103755208,0.054353205596374125,0.040047341459701416,0.7304587811578328,3.4199033708424427,0.21544414344374177,1.3572238159856653,0.24057536832907295,5.435320559637413,1.0,3.9244120610530713,-1.5094021790368934,0.10466096349927505,2.259927310712498,0.025390625,45.69135970959743,0.07066875689052782,0.1846719239821476,2.613204648082428,0
243,0.07073211589247888,0.13971866565345362,0.30168654921418014,0.4945920014554782,0.5062467177321218,4.265198989233037,0.4631252736256341,0.37516558310272574,13.971866565345362,1.0,5.4001041496326785,-1.7423662640699653,0.08667331153116829,2.6569435830876853,0.013671875,33.63874089247712,0.11417019941117107,0.11288984488565632,0.9887855628517168,0
244,0.27398413820882134,0.21625609671733256,0.2397478760975554,0.2730188306709405,1.2669429549848847,0.8750429045456375,0.902014650713461,0.4209511782303331,21.625609671733255,1.0,8.080703754577513,-1.3931470290398418,0.08428119758306195,2.551127366782127,0.021484375,59.08590866907281,0.1784843147140528,0.21437924967925026,1.2011097446994328,0
245,0.30251730327477927,0.23609362922250252,0.10698639475090516,0.3644434960514067,1.281344627005566,0.35365380291776166,2.206763110122451,0.5765360126421081,23.609362922250252,3.0,8.601721471400808,-1.7082972959539697,0.12208425991558068,1.95082384232928,0.033203125,25.22588494297321,0.2147781828543761,0.26990622344443355,1.2566743039593489,0
246,0.18886884064353632,0.12765882274275525,0.15326187163811286,0.5340538037006721,1.479481296985212,0.8114725071435255,0.8329457377654546,0.3731288018284974,12.765882274275524,1.0,5.8963428055401215,-1.3653808648838077,0.08587021376895358,2.7374880238674772,0.01953125,69.1722956914106,0.15989298598405496,0.2188526722798683,1.368744669646261,0
247,0.40704332615921046,0.12991829831937005,0.07664725670462931,0.4024660880999109,3.1330715643801623,0.1883024527847468,1.6950156327098955,0.2685979486097909,12.991829831937004,1.0,7.047959243268605,-1.4595629805433066,0.08088011356972474,2.4176336976518917,0.01953125,73.98383241480747,0.14100893275530346,0.33741278422385385,2.3928468759350325,0
248,0.10212311994378699,0.09419582207107483,0.15478800234425527,0.6548557720701923,1.0841576377628142,1.5156998966437925,0.6085473075747219,0.3666475052998998,9.419582207107483,1.0,4.339123292097252,-2.0045794818327236,0.07466344748011063,2.948246005763719,0.0234375,45.72004080054991,0.11151667302423943,0.18918029572741174,1.6964305928100527,0
249,0.2704887224167293,0.107559748215061,0.13057669870779748,0.4981609288474112,2.514776455913453,0.48274359663373084,0.8237285004113392,0.2681850455050738,10.755974821506099,1.0,5.891801233716114,-1.7660564684725033,0.09771725496311694,2.0872339495607353,0.021484375,52.22705373595639,0.10902381039445702,0.24040460454168178,2.2050651474267253,0
250,0.2134525077118582,0.14668337214265956,0.0529524893329499,0.5968515618756015,1.4551922593094322,0.24807621096296958,2.7700939840351406,0.5506029307604824,14.668337214265955,1.0,5.940990715348454,-1.1736518282060846,0.07541253997971534,3.130389134461029,0.02734375,45.22251271440728,0.1327493342958246,0.2234247835388929,1.6830576569244404,0
251,0.1766030032111113,0.16781751487717095,0.10359579962777796,0.5757222639580637,1.0523514386464266,0.5866027063217769,1.6199258606963134,0.5989230259954571,16.781751487717095,1.0,5.960632132383764,-1.4143063749279874,0.09804635141254642,2.244897296886811,0.015625,34.598784794397474,0.15484228806207279,0.1939270619323905,1.2524166644605323,0
252,0.1182443224023467,0.04735167955001725,0.040849387032466385,0.8004497753404536,2.4971516010524804,0.34546594883535997,1.1591772359331556,0.29763388959839077,4.7351679550017245,1.0,3.0787964532888767,-1.6191883866703844,0.06901528263152427,3.1072667605283733,0.015625,100.5303398250717,0.0871232046994778,0.1462469360284629,1.6786220907764753,0
253,0.3745956231817811,0.20158343668834458,0.15255431769963934,0.2804152177095828,1.8582658840173532,0.40725066781199853,1.3213879471108523,0.38240246475396517,20.15834366883446,1.0,8.520914644598504,-0.8970161416372482,0.11033643727963444,2.0044783142520317,0.029296875,33.649746615338806,0.15923315085246387,0.29010660893505336,1.821898313141007,0
254,0.1374027116889604,0.4105664351878878,0.2662508056110133,0.1918058263567259,0.33466620725278245,1.9377405462913246,1.5420288935657704,1.0171258705563557,41.05664351878878,1.0,10.3653453867426,-0.758581239777533,0.1055932201731751,2.1276752774684287,0.017578125,28.13497977342587,0.31757311998378096,0.1939031536700148,0.6105779786409732,0
255,0.2769114187338604,0.041010302493023315,0.038686808552547254,0.6585094715847496,6.7522403370522905,0.13970824580039962,1.0600590751046333,0.1299446541430546,4.101030249302331,1.0,4.381230467431835,-2.4139462575144695,0.09786108689247587,2.168033225069172,0.02734375,65.06595735681876,0.14333854496460363,0.2461983606602375,1.7176005290155325,0
256,0.3373989483931741,0.25141633918054423,0.13914420109532086,0.3168385667010498,1.3419929249329456,0.41240259271277413,1.8068761558198487,0.5275835765342096,25.141633918054424,3.0,8.857019579436779,-1.548458138982366,0.14329612299374206,1.5247194962523183,0.04296875,18.61032673020872,0.2114275553206462,0.3036547309319876,1.436211710772683,0
257,0.21704850941224058,0.08518801459999537,0.05569263931033758,0.6556825637082583,2.5478761352738992,0.2565907476715441,1.5296099386629949,0.31234016208655413,8.518801459999537,1.0,4.813198299516732,-1.6242257213656257,0.07996981294642715,2.3440427463598987,0.03515625,50.87587345442928,0.13189664466663617,0.24909281137454697,1.8885454743995282,0
258,0.28286000201718425,0.230832666525889,0.23852905954068915,0.3015986419106105,1.2253898301055008,0.8432760299787979,0.9677339397154039,0.44272633153395036,23.0832666525889,1.0,8.066875405313384,-1.9934124498005206,0.09892638254346653,2.1398919630213795,0.02734375,30.268714518683836,0.19422633843796544,0.27036614147940846,1.3920158494125632,0
259,0.25524647203753126,0.06911041163209215,0.08428858229998337,0.6018416400604941,3.693314306875167,0.3302242794104493,0.819926136452361,0.2035442607442513,6.911041163209215,1.0,4.940898153769542,-1.3813566019735757,0.0854984594286516,2.4760373031486127,0.02734375,38.27063303367818,0.11540330455026526,0.26084074973102583,2.260253731435856,0
260,0.5747657392714383,0.09260745481151449,0.09061851176941861,0.2515487954570216,6.206473770778628,0.15766164469915553,1.0219485290945283,0.13917891003057253,9.26074548115145,1.0,8.023364592038224,-1.5676826906978893,0.09936890054203065,2.117842101094976,0.025390625,40.97945720100644,0.10104191921485227,0.45861349314148564,4.53884384522394,0
261,0.2364347050908196,0.46068811716654795,0.19084281642693027,0.12945828181905383,0.513220758862835,0.8071692197379243,2.4139662460992963,1.078194133707387,46.06881171665479,8.0,11.60937616555448,-0.7788811705704903,0.13379385075092756,1.623640624182138,0.033203125,20.2156259290305,0.32761902392442055,0.31864085666956604,0.972595708432065,0
262,0.4967145538791726,0.2649056385468022,0.24537765075609552,0.049012659016086986,1.875062216882713,0.494001331026613,1.0795834002422569,0.3569713263281671,26.49056385468022,8.0,11.001868496938584,-1.2797366646419652,0.15377450615153762,1.4867617472307937,0.044921875,16.560961831045194,0.288109591136521,0.43082728591161823,1.4953590549055167,0
263,0.24328364427754112,0.18699254524669776,0.1320408185029406,0.44782548181111576,1.3010339206639385,0.5427443299590005,1.4161722667761043,0.49821571410752147,18.699254524669776,1.0,7.109616433920022,-1.4612080640736582,0.11806003679635409,1.9885013983804252,0.029296875,34.08297344464043,0.22440585222593235,0.3126747916821496,1.3933450869496689,1
264,0.11276550961572983,0.2530210777493489,0.3391750724709529,0.309397862954186,0.44567634688519286,3.00779088947276,0.7459896032638771,0.559854741480727,25.30210777493489,7.0,8.203172507938447,-1.5894432991802925,0.14344503267405403,1.6543929867088725,0.025390625,23.577194021541004,0.24243344430568478,0.18673194398030515,0.7702400323326853,1
265,0.18097682082781116,0.25636936795767706,0.4652512194308263,0.12847931538562735,0.7059221710839572,2.5707779443861196,0.5510342740675892,0.39671656441072195,25.636936795767706,5.0,9.003876916519864,-1.5644106131793434,0.1203481259371587,1.861261619971236,0.029296875,32.61154651811899,0.2512130762064399,0.18310621639423394,0.728888078437579,1
266,0.20461225490871407,0.45977421057189344,0.23563377167484933,0.10994922419552727,0.4450276901237254,1.151611235504069,1.9512237456580879,1.0443574338167911,45.977421057189346,8.0,12.35284769985236,-0.5102373796845692,0.1651643149256757,1.5288972321954752,0.052734375,16.390227607507885,0.38260659085667564,0.19665502065835644,0.5139875406184767,1
267,0.20512956466888596,0.24356738375328713,0.13299402005692076,0.43196674912598093,0.8421881514185924,0.6483415507264758,1.8314160565129929,0.7203501759573558,24.356738375328714,1.0,8.08468050125149,-1.183589303844706,0.1540891455237461,1.6663090532521114,0.037109375,16.006241653405393,0.29501189038154085,0.20199398338499003,0.684697769720621,1
268,0.1847921358389247,0.23477858032601057,0.12684644273370774,0.4676146496156972,0.7870911204188116,0.6864277105633318,1.8508881704947522,0.7533681529436775,23.477858032601056,1.0,7.574400892866089,-1.214606908967691,0.15102445906310694,1.3849871256767385,0.048828125,25.273289764749755,0.25706490504655677,0.19115681943096888,0.7436130552188953,1
269,0.537009613280384,0.4339930260340942,0.11721184263132307,0.04219032890334909,1.2373692226979691,0.21826768037931948,3.702638029473427,0.6633732692680168,43.39930260340942,12.0,12.525824210068818,-0.36910124173140174,0.16153017857169785,1.4299835399110425,0.046875,20.0091351960892,0.36852962126870537,0.4090440795561004,1.109935418889286,1
270,0.15511451435995255,0.29284278995532503,0.1715692281617506,0.3992229943940511,0.5296852771553179,1.1060810709403237,1.706849142426253,0.8964106621711476,29.284278995532503,1.0,8.368047278770023,-1.3832663561194485,0.13933509586005077,1.772057991788862,0.03515625,20.897718406982637,0.32084691754127576,0.24906845348252726,0.7762843894260236,1
271,0.06344976078142574,0.23753193298091402,0.2147241659628231,0.4968671223028548,0.2671209718453177,3.3841603705982326,1.1062189107393416,0.8538971849739366,23.753193298091404,1.0,7.4313940149822635,-0.9010988679925152,0.14782680836544768,1.6050274340469493,0.046875,25.571330978320645,0.26835847726824785,0.13212867708083328,0.4923588717090041,1
272,0.11843376778295568,0.16291668364928288,0.35235140575918594,0.3662997127582118,0.7269591126602216,2.9750924280559725,0.46236989830875175,0.34605313167185714,16.291668364928288,4.0,6.266655099675961,-1.3075118830795316,0.10010976249159623,2.4654644131712837,0.02734375,31.231598472571577,0.20193014728829994,0.1235008842231704,0.61160201129965,1
273,0.3863800830407628,0.2503241144573474,0.05733482465925637,0.3380333938574869,1.5435192245773603,0.14838970013384256,4.366004709034512,0.5641552945658951,25.03241144573474,1.0,8.873863145097571,-1.3444486636671458,0.12017217724373636,1.8720772168092303,0.03125,28.404327874561446,0.23241834660479987,0.2891147794782536,1.2439412968099948,1
274,0.14761046674529382,0.19879094748905574,0.11914463317466295,0.559094612150614,0.7425411901800903,0.8071557241292607,1.6684842799168709,0.7452189200804793,19.879094748905572,1.0,5.947891378971532,-1.4242588778456926,0.10621738207415508,2.2955059571768226,0.021484375,47.289018260651474,0.21123308516188105,0.19996706245648893,0.9466654444936742,1
275,0.04050129742551492,0.17459340471774995,0.04201795897873673,0.7509591563802991,0.2319749562806103,1.0374472337824145,4.155209081025284,2.115789844982638,17.459340471774993,1.0,4.986997006390204,-0.9881345775636563,0.10276113746149297,2.2479722466363063,0.033203125,62.62585991255162,0.18815008648207845,0.0995036304869753,0.5288524302481482,1
276,0.17655210915905267,0.23396496494553512,0.21757789489441337,0.3905966996328721,0.7546091749266723,1.232372107762071,1.0753158773734748,0.5936238361421547,23.396496494553514,1.0,7.626449600800367,-0.7758010775507056,0.11103029484672576,2.2205176968574865,0.02734375,27.85332997052665,0.21701345991405613,0.14804417205038403,0.6821888933033545,1
277,0.371120230463125,0.4544031558018234,0.14717327709344002,0.09740550197002419,0.8167201871836539,0.39656495392445823,3.0875384769154537,0.87672939980124,45.440315580182336,19.0,12.562552286984936,-0.3883962699654422,0.15982199696735366,1.570920785082763,0.044921875,14.648217342871288,0.3665689683233495,0.2885820888504108,0.7872518237715803,1
278,0.166335579010265,0.3119842254375628,0.2953747267251458,0.2665081068542761,0.5331538117911044,1.7757759854020267,1.0562319562560827,0.6757142337118933,31.198422543756283,3.0,9.05013820841548,-1.1718468433815257,0.13230319239679114,1.936683782007541,0.01953125,23.61530090090534,0.3321805803053039,0.21156678765111894,0.6369029383265967,1
279,0.10435146609054728,0.244617731334249,0.19815100365042118,0.4971029056213825,0.4265899512759908,1.8988808789479181,1.2345016014431605,0.8086470551559644,24.4617731334249,1.0,6.99804137936436,-1.0234831936105888,0.1324455573189156,1.7883983279445461,0.0390625,33.378431692765346,0.27701598545353934,0.1440211350679588,0.5199018924219949,1
280,0.10961675517413563,0.13641459506636885,0.10535389236053842,0.6558444109893101,0.8035559180526174,0.9611112114495052,1.294822545324104,0.6345731225642378,13.641459506636885,1.0,5.095918889613741,-1.113389392634599,0.07283645849791046,3.138275865717748,0.015625,56.24163720048981,0.18843710950962192,0.1223463757348502,0.6492690110434629,1
281,0.22081297813059822,0.27656855404595326,0.1763716710809027,0.3504941710013819,0.7984023306355742,0.7987377941924693,1.5681007746335949,0.6963223644073518,27.656855404595326,1.0,8.609337311370219,-1.1152657804943276,0.107742725332336,2.1440742396139973,0.0234375,50.873780706100284,0.24395991956751067,0.18438033524417144,0.755781259361304,1
282,0.246702392501231,0.30759577113099207,0.16337977617598845,0.3350945765476327,0.8020344089723159,0.6622545266783781,1.8827040795965784,0.7500832628798212,30.75957711309921,1.0,8.787509500757857,-1.372505007404281,0.13890791802319488,1.7192895056846635,0.041015625,25.459734829429124,0.2840505060525039,0.22364323131611896,0.7873361481531507,1
283,0.15053117242829528,0.09016411983568651,0.07492089642695095,0.6855137369312627,1.669524115601096,0.49771017669540446,1.2034575683887403,0.3999258924218494,9.01641198356865,1.0,4.456783891119395,-1.5001534549876105,0.09890223530451964,2.4104620884865784,0.029296875,54.793506223843885,0.16190208273590895,0.17758263421679005,1.0968520677177576,1
284,0.22355087053553607,0.1105202499246658,0.19674329389700027,0.4893579023022431,2.022714124216086,0.8800828796855232,0.5617484984416495,0.2629592777563845,11.052024992466581,1.0,5.611798595656385,-1.1891123238523964,0.07996405413024506,2.954585817022656,0.013671875,66.73702744559117,0.12953152806482576,0.20654262309760005,1.5945355249236195,1
285,0.14813822151207628,0.17337144174634322,0.32890805109856397,0.3606899115833094,0.8544557282332595,2.22027811418359,0.5271121858153052,0.3634268868661376,17.33714417463432,4.0,6.76168193685442,-2.211687430999736,0.07180510444905362,2.4236010037082285,0.01953125,203.7224154472909,0.15715067368418176,0.16974785009872007,1.080159862628232,1
286,0.2189557870045568,0.14324405355796782,0.17064679402106114,0.49459952346092373,1.5285506208843882,0.7793664481575467,0.8394183692689199,0.3676671062612424,14.324405355796783,1.0,5.916625997561004,-1.5265257142185644,0.0742204523660936,3.4006248321310277,0.033203125,83.51086361234601,0.14838950300466697,0.2007488503493972,1.3528507494410211,1
287,0.03140154418646566,0.02773508425129197,0.016440953831884094,0.9246090447159983,1.1321957381424108,0.5235715076536497,1.6869510451892464,0.5797164738361823,2.773508425129197,1.0,1.9811137986673144,-1.5903697675245927,0.07013531179298971,3.2281167005710127,0.01171875,168.9248195989774,0.07237721919004073,0.09406004746675033,1.2995808421359414,1
288,0.06934989347723838,0.09040854551553197,0.04278487305184437,0.8076015822571854,0.7670723279754253,0.6169421596338864,2.1130960329102004,0.8062490190433292,9.040854551553197,1.0,3.5523987850547867,-1.1907292541274224,0.06464170107999546,3.5277568063976417,0.01953125,113.49565262189944,0.08373695477510021,0.07849265045335779,0.937371685705972,1
289,0.26025878526770196,0.21195086604229274,0.14497182181219254,0.41175301237183043,1.2279203672399333,0.5570295030137701,1.4620142272641639,0.523037653964726,21.195086604229274,1.0,7.335152403273571,-1.1891995344170676,0.09729846117715156,2.2726288355027324,0.0234375,52.16423593889634,0.1645117188734315,0.19300531538639462,1.1732010139333096,1
290,0.11154331005667005,0.18004503910270098,0.11973145356579545,0.6111414112406308,0.6195300387778204,1.0734077508090083,1.5037405271561155,0.7784897767567465,18.0045039102701,1.0,5.373343047827373,-1.9120958393927698,0.09543753480716254,2.4397432773601118,0.01171875,48.50020529352764,0.17429771061787125,0.14168425202866813,0.812886477548076,1
291,0.019730306863822378,0.05494867088242051,0.047120053285823825,0.8786516835308525,0.35906795464957353,2.3882068134903296,1.1661419512610314,0.8219652184160947,5.494867088242051,1.0,2.6148341057122257,-1.5302020341246672,0.08548415428913038,2.878265857825636,0.00390625,75.00751500420932,0.09910781558453728,0.06485326657481531,0.6543708605891148,1
292,0.023017998931864257,0.036876659434717754,0.027150019767807974,0.9132523799794646,0.6241888306881082,1.1795126000307599,1.3582553438168943,0.7350631017489958,3.6876659434717753,1.0,2.173039180809144,-1.404947963361666,0.06384730845072809,3.617160667588831,0.015625,136.4898005588057,0.059902187210150976,0.03849704795975615,0.642665147184973,1
293,0.1709094048428115,0.3061173036121493,0.13087150074705817,0.4299278007626968,0.5583134400654315,0.7657360978329855,2.339067725695744,1.0143693585012914,30.611730361214928,1.0,7.732490873178759,-1.0323599628447833,0.09836469110180299,2.299355920242673,0.03125,64.48382109036706,0.2150177105434099,0.12191683279608102,0.5670083291669141,1
294,0.061840819261182456,0.13250477507427114,0.16443260126071638,0.6594664544867775,0.46670634493778007,2.658965441007214,0.8058303162422891,0.585595845804884,13.250477507427114,1.0,4.466277269959083,-1.4014871965550493,0.07136492956236944,3.3888619919576644,0.00390625,78.44888113882695,0.16303456119785248,0.08406894426909492,0.5156510598237906,1
295,0.1676181775817682,0.3160752923222061,0.16160699559781866,0.35805840634879205,0.5303109153225697,0.964137648609255,1.9558267954429849,0.9600580941872031,31.60752923222061,1.0,8.950905875650587,-1.190362584452686,0.15436168325916033,1.6780805558477947,0.0390625,20.906586538218043,0.25945022180619526,0.1367049612560791,0.5269024643912943,1
296,0.19862595491535828,0.27386911526719776,0.11753344311227565,0.42445420041990495,0.7252586868798461,0.5917325515830455,2.3301377719722707,0.8662374643134726,27.386911526719775,1.0,8.215898793188508,-0.6958278656173124,0.10917724316525189,2.272740073261913,0.033203125,42.92322800167997,0.26853412468662685,0.175715187261425,0.6543495634561389,1
297,0.11156413930761729,0.154769425508572,0.29402427616566795,0.4509923904036962,0.7208409473724989,2.6354729932825043,0.5263831528721826,0.38159232266924686,15.476942550857201,1.0,5.784521220096566,-1.2865787920265361,0.08967576459999957,2.6422890430789985,0.01171875,55.808630057919515,0.1968623642044523,0.13530002705052613,0.6872823436699277,1
298,0.013308627187589857,0.010633642100656588,0.031428708589415454,0.944802230518878,1.2515586909321068,2.3615289650130733,0.33834168117551733,0.23769055344338402,1.0633642100656588,1.0,1.6164667276870506,-2.321836016408558,0.03626859784266882,5.603597213288443,0.0078125,724.188883313705,0.079538269279061,0.05844544513687627,0.7348091134857975,1
299,0.004251319546200528,0.008841778763790052,0.01810882677037539,0.9688191493520394,0.48082175095018637,4.259577895832355,0.48825795709561076,0.3954258008070404,0.8841778763790051,1.0,1.4502357614927996,-2.3123637155126957,0.04096753053439051,3.6336204297007715,0.0078125,930.642377373734,0.0349994802544403,0.024303146014750556,0.6943859119728752,1
300,0.19626950212919306,0.20171404559934678,0.33846708831471856,0.27349866735611494,0.9730086050579695,1.7245016910024074,0.5959635443555742,0.37722132579615814,20.17140455993468,1.0,8.2439338433112,-1.3936731114601988,0.11847346615195181,1.9871476198456626,0.025390625,38.7566201777357,0.14002965642173137,0.13264195036684934,0.9472418468800673,1
301,0.1342228560830412,0.13448863713144774,0.1287072471235139,0.6071883654039691,0.9980237657688151,0.9589070809514454,1.0449189158893346,0.5114995791306689,13.448863713144773,1.0,5.260278950585105,-1.8021230691154613,0.10629318733778909,2.313225515090723,0.0390625,38.52535653332338,0.13653881426885267,0.13363792096805022,0.9787540757819297,1
302,0.06980629047966289,0.06621561336974748,0.10264340081430665,0.7624577600355454,1.0542270459658942,1.4704033133481,0.6451034634939055,0.3839706112114045,6.6215613369747475,1.0,3.728200973587771,-1.7197548713337265,0.0866185552797472,2.964046475293849,0.01953125,51.765084278919126,0.0922351977024164,0.0934239937603662,1.0128887462438405,1
303,0.0586861162604742,0.09653595510667741,0.0405263823115256,0.8090167151983622,0.6079197765849519,0.6905616676346674,2.3820521250385776,0.9730221141003418,9.65359551066774,1.0,3.416398361490768,-1.5924132938148137,0.08140803790776278,2.7350385749840775,0.01953125,101.34163499983408,0.09494467486710084,0.07153913093543424,0.7534822888784223,1
304,0.3463228058438759,0.23996885594919334,0.3623503726033272,0.08434680264326783,1.4431989704395507,1.0462792703482262,0.6622564073150001,0.33861709917490923,23.996885594919334,7.0,9.95529586231919,-1.1997970279473147,0.11153239302165507,2.082376101873563,0.021484375,41.53141315840173,0.1863099089488191,0.2446528461277525,1.3131499419853592,1
305,0.21643635673842584,0.22837466633760953,0.16110364406323732,0.41500309945119085,0.9477248952758935,0.7443464974703616,1.4175636290855658,0.604901906690886,22.837466633760954,2.0,7.866742070285958,-1.3898375303351218,0.09488542438490546,2.477236397830605,0.017578125,52.20367675286931,0.21281070610375707,0.22687645781247673,1.066095131989251,1
306,0.14798326756469474,0.08445285597565887,0.07820828960888486,0.6940532901460615,1.752258888753205,0.528494139211824,1.079845325833398,0.37336873679363863,8.445285597565887,1.0,4.4331615974124565,-1.9435808465436712,0.1231960970978304,1.9610370145001592,0.015625,33.50525625426184,0.1319452605230552,0.17717374795637408,1.3427822056941046,1
307,0.1299457017665753,0.21069485862636583,0.17883593011650575,0.4893518222142543,0.6167483279570519,1.3762358253093816,1.1781461280679273,0.6823425905899165,21.069485862636583,1.0,6.894481797710424,-1.4737209438236472,0.1052602476187332,2.437694774897302,0.037109375,26.350003638070778,0.1815575073281409,0.14742007885680086,0.8119745695260445,1
308,0.07691139935620082,0.012075101546554234,0.3831029575078356,0.5310363396559679,6.369420501708239,4.981094619402053,0.03151920733286363,0.026249401494434114,1.2075101546554234,2.0,3.901353343850187,-4.365073673270738,0.055393346716939365,2.279044608198564,0.009765625,581.2460392619442,0.0747835916857413,0.10299961077142283,1.3773022724540265,1
309,0.2661802813859682,0.21416716858008758,0.3041054167980598,0.2315443033307498,1.2428622143649786,1.1424791318668595,0.7042530542052144,0.375543642882311,21.41671685800876,8.0,8.26481205305837,-1.4846481426576468,0.10176203769638022,2.2687259535749935,0.02734375,46.4354977592603,0.16259524512917944,0.2058034332585864,1.2657407853151732,1
310,0.046658703922374534,0.10251924060464988,0.05902361500384196,0.8053296721520393,0.45512143523235526,1.2650075986202651,1.7369190382059756,0.9700699383333458,10.251924060464988,1.0,3.763328621879937,-1.2693367864529692,0.10981830868877533,2.3137920259097005,0.01953125,65.37831016121496,0.12474736227872582,0.10554225377677293,0.8460479792840145,1
311,0.17121777823531795,0.08523055377592402,0.18098829512392028,0.5650495566592496,2.008877927561639,1.0570648503283162,0.47091749064820393,0.2419905851218805,8.523055377592401,1.0,5.264186491447936,-1.7307753240122261,0.09264378478786228,2.490591946096101,0.025390625,52.545158665135624,0.09985177292196068,0.1469178341856563,1.4713592947419052,1
312,0.20397663231775026,0.18201264257896094,0.07105260613432124,0.5495772161468835,1.1206728797926233,0.3483369900150559,2.561660331407322,0.6617937918263114,18.201264257896092,1.0,6.4392681513946695,-1.0734255954346605,0.08392179891003981,2.8492297986953714,0.02734375,64.22221602620411,0.15161312080587086,0.1828648770088755,1.2061283089266002,1
313,0.28471834670320617,0.1721090748788901,0.19302791844940764,0.3854179081811537,1.6542901465416786,0.6779609416984439,0.8916278860672066,0.3602520572788788,17.21090748788901,1.0,7.08659035274283,-0.74096713888268,0.08863529013435684,2.6846592820231456,0.025390625,64.76067597107243,0.164525571871873,0.24703256291630382,1.5014842987944939,1
314,0.04765564061310912,0.15433010072317369,0.08515226607515942,0.7171696001566923,0.30879031627978787,1.7868244971393568,1.8124015699845524,1.1620550656239221,15.43301007231737,1.0,4.494307369872561,-1.6246982596916506,0.100856687155923,2.443198421565304,0.01171875,53.9928513281906,0.15810242504819244,0.12142510186529115,0.7680154294186861,1
315,0.07620570246055218,0.1329609804339545,0.07093397703724337,0.7233740391056357,0.5731433553833681,0.9308224285975378,1.874432902067085,0.903637828265372,13.29609804339545,1.0,4.770569140242785,-0.9035460991157062,0.1026885779498166,2.089763652676725,0.029296875,73.6364372639275,0.14226331494122252,0.09293688024030561,0.6532736867480567,1
316,0.11042171392099431,0.15802209184009527,0.07462794509190313,0.6669199580975925,0.6987739032908942,0.6758448356056388,2.1174654031325146,0.8539442476261339,15.802209184009527,1.0,5.211493862265344,-1.0740251745187857,0.08534122313844998,2.8556482165204113,0.0234375,75.59742019069876,0.15219134438751236,0.10395232545913949,0.6830370404953593,1
317,0.18132993941250783,0.289781343808021,0.05965638200091897,0.4984136388553928,0.6257474585148327,0.3289935583438185,4.85750784886183,1.2024804648961003,28.9781343808021,1.0,8.042900293600521,-0.577649714385116,0.10791161713948827,2.1650073863284365,0.03125,50.85476164622553,0.2388730440224328,0.15270022224976154,0.639252632606725,1
318,0.18364631789819988,0.2506552645453927,0.2023417020033182,0.386896992668973,0.7326649142260867,1.1018010288416449,1.238772146638578,0.6493861250115901,25.06552645453927,1.0,7.697779098327894,-1.0303863873411405,0.09704704748276244,2.4222358716265786,0.0234375,52.678172205679495,0.24629584295189755,0.1721962625082777,0.6991440068365632,1
319,0.1668029869441027,0.13925691232123233,0.4570487219031591,0.25277049364060084,1.1978075929123746,2.7400511841828137,0.304687237155066,0.22322117635667726,13.925691232123233,4.0,6.692569055531739,-2.2899369563657963,0.12097040108645574,1.9604017996773746,0.041015625,33.893966912025576,0.17886131665457844,0.16879849890284743,0.9437395522973347,1
320,0.16098730387305696,0.24737139472831796,0.3706229682566379,0.2570591756152033,0.6507919157355063,2.3021875597567765,0.6674475569937107,0.4653247081491729,24.737139472831796,4.0,8.224044638185516,-1.318702418450065,0.1397253090117841,1.6840996004120385,0.046875,25.892081306359167,0.22202266584103433,0.16387744603407944,0.7381113338746941,1
321,0.16763884196262652,0.07427837724527835,0.3504441581083528,0.418483246447734,2.2568996278392164,2.09047112235117,0.21195495923519003,0.14337157798066827,7.427837724527834,2.0,5.432561717092269,-2.7819523367785193,0.07873270239413074,2.258632876127829,0.025390625,144.31211305050678,0.12894376402570806,0.1662471254690641,1.2892994610862252,1
322,0.2891518078037877,0.37655501513713585,0.20013800726964054,0.1478847478942812,0.7678872838772707,0.6921554763571038,1.8814767883090389,0.7695950406812704,37.65550151371359,4.0,10.710919460339372,-1.454319262741653,0.16490311475138933,1.4484470589793894,0.05078125,17.12624596613437,0.28493885222590754,0.24367707533993993,0.855190766146874,1
323,0.0759080403269391,0.22272177023538786,0.10715908184221694,0.6028466235149406,0.34082002961530605,1.4116960651370607,2.07842178567981,1.2166126150624352,22.272177023538788,1.0,6.489993069512771,-1.3280033140406828,0.1055929357131175,2.2975862931902036,0.029296875,43.47633835231491,0.24574209057188015,0.1379825832817494,0.5614934867733928,1
324,0.10382111778508991,0.29520097259101025,0.16733431494864548,0.44783786896713096,0.35169639474588876,1.611756052313137,1.7641388897480028,1.0886780678290817,29.520097259101025,2.0,8.43310000429217,-1.3238452525111482,0.16367950170926604,1.4690708313589873,0.046875,26.09103816907086,0.2769011862439321,0.11646086001885392,0.42058635284010243,1
325,0.22319593736590954,0.38737946593008066,0.2527959173810639,0.15168932991731499,0.5761687363331197,1.1326188118132958,1.532380229644348,0.8138363336809389,38.73794659300807,1.0,10.88143017102441,-0.6634077263526725,0.13641157703598417,1.8506031279444064,0.03515625,22.439452387709995,0.34650250244620573,0.18370395874749898,0.530166326220079,1
326,0.37700353210262494,0.3396046436335096,0.2560783555079065,0.05624710455776652,1.110124785305836,0.6792465685401579,1.3261747286669767,0.5364308319019484,33.960464363350965,9.0,10.794009164877684,-1.2904601207927802,0.1349151433246739,1.7345712794280712,0.0390625,22.250717976672515,0.34215685139420715,0.3054826899612283,0.8928147681876506,1
327,0.11890517221114416,0.2653293618537249,0.31320092464338467,0.35553528772941756,0.44814177888554985,2.6340395360227773,0.8471538267519031,0.6140375333385671,26.532936185372492,3.0,7.8835358463776135,-1.7714697560291794,0.13800163820109743,1.8059438201382076,0.033203125,18.53367368019963,0.2937555329837034,0.1879388537786753,0.6397797919587163,1
328,0.1822491577322947,0.14924069370860418,0.13953954061358823,0.5355861992822992,1.2211760291594402,0.7656525953266233,1.0695226102385615,0.4637847583687516,14.924069370860419,1.0,6.2515798212839195,-1.3418771448441102,0.11820588348179974,2.0291927972339616,0.033203125,47.596701399565475,0.2027111842403909,0.18435434526945552,0.9094433835033205,1
329,0.43664211737568315,0.38943276197226817,0.1568088877709318,0.0849527088766217,1.1212259471036892,0.3591245130314712,2.483486538975217,0.6562172084878358,38.943276197226815,8.0,11.639323094243993,-0.48323185836478016,0.10820788056563636,2.116419544596295,0.02734375,41.651459083502935,0.3203457782114736,0.34329564169637894,1.0716409113082912,1
330,0.09226699986250164,0.49307954218141326,0.3322549683475557,0.11805311395782357,0.1871239667643071,3.601016277109784,1.4840396356846735,1.1614935836165527,49.307954218141326,4.0,11.984013632590035,-0.6268680483420115,0.17436016558775347,1.4497334510727726,0.0546875,12.8707768926782,0.42916804951253557,0.18514759734103622,0.43141048722499753,1
331,0.12958999683586744,0.3090852064441288,0.18122303236115597,0.39704435718624276,0.4192694898837654,1.3984338049663358,1.7055514545604398,0.9944409577733828,30.908520644412878,1.0,8.80936758082455,-0.80925380792493,0.13410569402679498,1.728677480553391,0.033203125,39.369367013283366,0.35351585837943933,0.1501463090227799,0.4247229804955414,1
332,0.14554445565668658,0.3807660118586287,0.12372680212021692,0.35227493081162614,0.38224119570667536,0.8500962923123384,3.0774739614346998,1.4140611032934183,38.07660118586287,1.0,10.34161731545762,-0.7853916986521599,0.13571662480145857,1.9342955715750354,0.037109375,19.58787840884341,0.3706834550713286,0.1472471414021411,0.397231490610796,1
333,0.20429726637079845,0.3211263727816409,0.18438992883717464,0.3134109277383934,0.6361896240458583,0.9025570048627344,1.7415613466854236,0.8261820217900183,32.112637278164094,1.0,8.760216450559016,-1.1446139778598026,0.09998650891583553,2.303548823835027,0.029296875,34.14170637798541,0.3394624932288254,0.18318872013239523,0.5396434769286028,1
334,0.3013111274645156,0.16213927135179051,0.13799718303191286,0.40628982833209776,1.8583476103695333,0.45798900357142086,1.1749462401281023,0.36907854342250057,16.213927135179052,1.0,7.450909502819415,-1.3525539304897605,0.11937026466697707,2.096268521799394,0.037109375,30.70551930962243,0.22774886344629341,0.25760583675163107,1.1310960364561697,1
335,0.15058729986943828,0.07554477698205234,0.31067810721053335,0.46615511558593764,1.9933515708732705,2.063109621321541,0.24316092839981063,0.16377724369170182,7.5544776982052335,1.0,5.36812784620333,-2.1088094047665775,0.07637011653491493,2.935680237466237,0.021484375,84.73600490579359,0.13186028897382152,0.1901841585158496,1.4423156508716959,1
336,0.11570860791056474,0.1482280750314922,0.32076235388145397,0.4254424369800284,0.7806119582015818,2.7721563647849803,0.46211181966450976,0.33960581116913857,14.822807503149221,1.0,6.533805736564081,-1.446555571444544,0.09622583373650336,2.5225297574556276,0.009765625,40.36714244266872,0.14217199419015406,0.14326456163452014,1.007684828862266,1
337,0.05906398954379877,0.16060455311555744,0.13908493625612495,0.6628757852611661,0.36776036792639094,2.3548178395845074,1.1547228437423978,0.8105244702507932,16.060455311555742,1.0,4.61956909934075,-1.2932280235153195,0.0723209037273926,3.355521837845668,0.03125,79.8445772698102,0.15378450631315818,0.09021820121736568,0.5866533851860455,1
338,0.05613320179438404,0.12457545922246273,0.15906799160335172,0.6817569498398603,0.4505959853191681,2.833759459939309,0.7831585598523055,0.5788790352646557,12.457545922246274,1.0,4.5066554696301715,-1.0630601638988624,0.10671940302555763,2.1876701945765498,0.03515625,63.958878717771334,0.13538280664602004,0.06874465158088724,0.5077797785735328,1
339,0.051850981729480175,0.09017552123623927,0.1185060176369544,0.7537054765432031,0.5750006323120378,2.2855115502719907,0.7609362210848473,0.5293326459791896,9.017552123623927,1.0,3.567439949479901,-1.4989493457180163,0.0849793512703276,2.7122987838181336,0.015625,62.69953119740957,0.10690221683785817,0.05810163957450079,0.5435026634020304,1
340,0.1250125021385,0.20556916169762685,0.1600265994378975,0.5277925476410139,0.6081286760451631,1.2800847651247367,1.2845937014184867,0.7211963571314026,20.556916169762683,1.0,6.600742710911486,-1.0594705576889443,0.07381605381710428,3.2437303116963827,0.0234375,95.20880289888623,0.16906239209951243,0.10025548298982029,0.5930087806353499,1
341,0.20022745306404735,0.19607680525090943,0.17042408552071417,0.46911899247075933,1.02116847940176,0.8511524414504187,1.1505228539244634,0.5290057772296043,19.60768052509094,1.0,6.680985510446984,-0.9111184080900941,0.09204960300682086,2.7806964862109202,0.03515625,48.44805765633657,0.18608147238489253,0.16323782413658333,0.8772384592866052,1
342,0.027975044508591146,0.012302231953220735,0.12451607563978392,0.8390817847122597,2.273981226633698,4.450969706164151,0.09880035080539648,0.08067507105443182,1.2302231953220735,1.0,2.529065233941014,-2.9717597912418348,0.05275489098524989,3.048234427958381,0.021484375,482.0026212117763,0.0766005509129393,0.07802227297094826,1.0185602066962451,1
343,0.23730041411469133,0.1723137391578885,0.27106815917280724,0.34441716953965523,1.3771415748623466,1.1422995622824874,0.6356841750948772,0.33895434968223476,17.23137391578885,2.0,7.872052529062554,-1.3675893679255116,0.10567084064533369,2.1811698139571716,0.02734375,54.148090011509865,0.1368998595072573,0.1783675018915064,1.3029049301672069,1
344,0.2403498168680412,0.2828124890420305,0.2100269415086106,0.32251716892290766,0.8498557389821335,0.8738385751466891,1.346553385057456,0.6279464554538255,28.28124890420305,2.0,8.561594185258256,-1.4168962414618262,0.11686928180850253,2.0713319676399458,0.01953125,37.854523380902656,0.2288248161141644,0.2174163603267233,0.9501432756240067,1
345,0.22362130518313983,0.24605288201325365,0.3069423074708389,0.27539002330320295,0.908834325993327,1.3725986762267073,0.801625830081532,0.46375755167601335,24.605288201325365,4.0,8.119545359396456,-1.0030199129843855,0.13222119927677098,1.9645076212534414,0.021484375,22.386920949102873,0.23967849763059063,0.2213254755862657,0.9234264974718953,1
346,0.3315200878849892,0.21079862945280403,0.055263339456192974,0.41515387534730835,1.5726861637809697,0.16669680504005602,3.814438858098484,0.5450042958182727,21.079862945280404,1.0,8.456105797338926,-0.6979207269666501,0.13341831755185016,1.8468665271569942,0.03125,36.22196510366444,0.22148418067858508,0.2907480813344615,1.3127261750403678,1
347,0.06265549249746122,0.0067826705014500084,0.4536593400561538,0.47812999556455743,9.237584587933183,7.240535856745446,0.014951021402084439,0.01313669504300469,0.6782670501450009,3.0,4.076083461119796,-3.773207611008917,0.05603992153580997,2.256938376747658,0.01953125,921.818058408864,0.08622222926698998,0.14704975036715134,1.7054737695438313,1
348,0.16420071202293485,0.28269970305144776,0.29792672388250185,0.2912803677101247,0.5808308613379463,1.8144057977049106,0.9488900470808107,0.6117353809495175,28.269970305144774,2.0,8.23757382692656,-1.6977019842326777,0.12173189224532097,1.883813141584223,0.03125,27.76986428102465,0.21000303775119838,0.15785485621029496,0.7516789180809956,1
349,0.22891154562909208,0.21890157710336886,0.21178596842645325,0.35674194275174975,1.0457281699754526,0.9251869225053734,1.0335981119511846,0.4967161604530446,21.890157710336887,1.0,7.976271331103249,-0.5045575627121475,0.14606495241161782,1.6963691832978702,0.03515625,21.29606757882451,0.21560911754306578,0.20262057054413712,0.93975882306427,1
350,0.09918134355196305,0.3228622763629975,0.397066528968488,0.19774739468627048,0.3071939672541527,4.003439706959138,0.8131188423308463,0.6506068725746352,32.28622763629975,3.0,9.146876009095303,-1.3469840307933962,0.13979758383506816,1.7060206048536184,0.029296875,22.11183423851349,0.28317860759962277,0.13745385753906747,0.48539633238794555,1
351,0.3683718604641019,0.2642532752239424,0.2534953215296845,0.14903001818582082,1.3940105762228676,0.6881506128362366,1.042438470380037,0.4249352319514391,26.425327522394237,12.0,9.550575627633178,-1.521209211158086,0.13626306974733515,1.6378799158605302,0.048828125,17.866517522798212,0.2712556482029441,0.28293219938183917,1.0430462969387315,1
352,0.06721044230073096,0.10917684909463514,0.09714427793744716,0.7281141749792194,0.6156107531813539,1.4453747752816868,1.123862891490244,0.6642757137474051,10.917684909463514,1.0,4.3961271661162895,-1.7479255248753633,0.11547596532989049,1.9970573807979197,0.03125,54.59243240558227,0.16914600476470948,0.14702749242074098,0.8692342016909848,1
353,0.1865098135068713,0.23099435814516978,0.4156520010327056,0.2083066899503695,0.8074215102251574,2.228579790071817,0.55573979572262,0.3836084463798296,23.099435814516976,4.0,8.204975533540082,-1.1989377607796998,0.12267807992420003,1.9522410431515578,0.029296875,20.666299260315668,0.20811046739439945,0.17190135470500306,0.8260101322986273,1
354,0.3749131590718005,0.38829299549285035,0.1768446430296567,0.1369071238440442,0.9655419063018824,0.4716949478860972,2.1956729298638593,0.703738114827323,38.82929954928503,4.0,10.634514521458176,-1.492270305199567,0.14909568519151536,1.5500512185166442,0.044921875,19.388522278316334,0.3216254600964235,0.29979879145608546,0.9321363780288832,1
355,0.2194797189586298,0.12104742793359924,0.0851134918920236,0.589878192338818,1.8131712726536624,0.38779661417681616,1.4221884831930036,0.39740684828511563,12.104742793359923,1.0,5.947944608760429,-1.5929178421444214,0.09506802725629034,2.526791985243654,0.029296875,54.59541073998534,0.19526129983384422,0.24919777578268842,1.276227168386489,1
356,0.054998127257361994,0.17756045179063704,0.10521885735886813,0.66305390663787,0.3097431139840812,1.9131352757810587,1.6875344994894512,1.108249866359935,17.756045179063705,1.0,5.628967573352013,-0.5078235823723846,0.11287807343404614,2.025371453666183,0.03125,51.94570095024361,0.1841097655666237,0.12685199721173276,0.6890020028086989,1
357,0.21980553171579537,0.22797089490931177,0.12077317709868449,0.4788480121598616,0.9641824312847971,0.5494546754869327,1.8875954113730715,0.669363318987808,22.797089490931178,1.0,6.884613426598098,-1.2238617119501192,0.0923917816190652,2.6247251084823238,0.029296875,61.037635574898744,0.2117422770525172,0.1854127239492922,0.8756528291392168,1
358,0.24605126783110765,0.2171147731285396,0.2048462029442897,0.3444144536234125,1.13327741030917,0.8325346369890112,1.0598916162850556,0.48151694609129464,21.71147731285396,1.0,7.869613557357835,-0.8379495937014856,0.09642820495897678,2.6196248753316143,0.02734375,43.27894850368145,0.21512694958041134,0.2236150065948359,1.0394560376137922,1
359,0.07312410904893277,0.10277610694901905,0.07788212719030976,0.7512632023333126,0.7114893842543937,1.0650677075344328,1.3196366182649284,0.680608361005091,10.277610694901904,1.0,3.9897175899334165,-1.1157601800755026,0.11091525937298635,1.9727497173746533,0.029296875,58.10238569001651,0.1443459187226342,0.12880574114091692,0.8923407206859058,1
360,0.15164225296430403,0.1124526119837923,0.20709842829570402,0.5461915604586487,1.3484991614584425,1.3657039792470536,0.5429911415053554,0.3134649005752862,11.24526119837923,1.0,5.043729930824921,-1.680476318836256,0.07252183138819256,3.0360006073626735,0.0234375,87.72146950208592,0.12425313547716381,0.14319274358965078,1.1524276070748767,1
361,0.1726680344769511,0.16804878388949096,0.24892455235478542,0.4409836892702445,1.027487557365903,1.4416365664229063,0.6750992712454514,0.3986046935786444,16.804878388949096,1.0,6.086070087073627,-1.5463465194650858,0.09036975553881227,2.6399608620832224,0.015625,56.25997071872273,0.15184439397692992,0.16176217684864996,1.0653154364932402,1
362,0.05110434733543528,0.13943765762901913,0.1543538701061759,0.6685403121534791,0.3665031972355305,3.0203667232264606,0.903363534281326,0.678666735089177,13.943765762901913,1.0,4.670248383915888,-1.4552452404319682,0.08619942084977614,2.773582676483487,0.01953125,97.19649543467688,0.1440281500777461,0.09204774425532472,0.6390955115788021,1
363,0.10914971227514765,0.19887217760191575,0.14711692952396588,0.5799571915233086,0.5488435516308611,1.3478453259937282,1.3517966847531777,0.7760361481500776,19.887217760191575,1.0,5.7752837456286334,-1.4146750978570926,0.1460010961003562,1.6588956611668715,0.02734375,48.1386573405273,0.17857988741797298,0.10282198410781315,0.575775836769225,1
364,0.20372171930458163,0.31161018352946385,0.2610311408463235,0.23558366134239486,0.6537710577923563,1.2813122809737236,1.193766316612484,0.6704857791033575,31.161018352946385,1.0,9.737485837564154,-0.7157874230855769,0.10437264400552569,2.4064101555825497,0.04296875,57.656928632272724,0.26238897396821226,0.1663888172817773,0.6341303705174012,1
365,0.14673625586418468,0.16889737618582948,0.21029125091943124,0.48128277969108324,0.8687894340221675,1.4331240066097797,0.8031593109441147,0.4730654444720985,16.88973761858295,1.0,6.116979836805817,-1.683625631251395,0.10002888583155733,2.3447122809060543,0.01953125,54.74932787132948,0.20348926736531112,0.15400770358869395,0.75683452784985,1
366,0.05073415161774499,0.06065593699131557,0.15683709892572725,0.7386020285893456,0.8364251569499691,3.0913515634462665,0.3867448289173815,0.2922174281467751,6.065593699131557,1.0,3.616869120018575,-1.9132276384109672,0.12243743769365961,2.0147111925685794,0.029296875,43.61046624959337,0.11350426922969392,0.08894536584699611,0.783630135243789,1
367,0.18325993960210513,0.21692693366329485,0.08065685559354713,0.551991657814368,0.8448003044504789,0.4401226791257793,2.6895039741539386,0.8219519849112148,21.692693366329486,1.0,6.455076506702058,-1.1065621509224226,0.09565022715602321,2.5011507199588294,0.0234375,44.611759454128176,0.1786605478228625,0.14836354731271478,0.8304214283501645,1
368,0.0958717701573321,0.14802657908469727,0.16031029187046406,0.6109584747331125,0.647665917502754,1.6721323869029623,0.9233753950394165,0.5778178921366413,14.802657908469726,1.0,5.16374455280189,-1.2287960086624936,0.08071213038671786,3.0226967150760733,0.015625,69.57572660093675,0.1593611475178184,0.1152937277048237,0.7234745074373229,1
369,0.009320319162305583,0.008522622572002318,0.23817228120745956,0.7450075646527058,1.093597549753075,25.554090695322113,0.03578343596391437,0.03443586822084659,0.8522622572002317,2.0,3.030128761718292,-3.4632633847888084,0.0505939107456781,3.067877180537802,0.025390625,674.792636471696,0.06433287680195426,0.048530480323037285,0.7543651510048542,1
370,0.030496502259480664,0.11093433248218407,0.12513892779733832,0.7348849434587765,0.2749058977310154,4.10338624178883,0.8864893957055074,0.71278328103679,11.093433248218407,1.0,4.388137969383419,-1.7570281134639802,0.14024932959043002,1.6282481108201503,0.03125,28.55007415716188,0.09369179388049903,0.03716907414299661,0.39671643165470705,1
371,0.24722382264509826,0.3718750286205549,0.08915326484602981,0.30890691767576467,0.664803505528439,0.3606176131927748,4.171188001467161,1.105530199435054,37.18750286205549,1.0,10.02816153060854,-1.3925961128639524,0.14689610094511593,1.5728295005097623,0.03125,24.27201186365552,0.2689472317667342,0.16950356569932065,0.6302484118769657,1
372,0.038590083141165674,0.011702940173668339,0.3358866952057834,0.6154545267345054,3.2974690604414127,8.703964020221944,0.03484192836951641,0.03125144428259962,1.170294017366834,2.0,3.4187281017270785,-3.405638748302823,0.04887935839562677,2.873491055432286,0.01171875,590.6180934474985,0.1068833280631027,0.08702807168768302,0.8142342988841852,1
373,0.04609042473283343,0.0812657495163947,0.08035290406361001,0.796234045289691,0.5671568281538818,1.7433752135858633,1.01136045378087,0.6427049199770658,8.126574951639471,1.0,3.5239061278840804,-1.8934667454187837,0.11068400161746557,2.040095865691095,0.02734375,53.426273401511835,0.09074425357867666,0.06123735410612778,0.6748345122852238,1
374,0.39153410873091454,0.28908167173955884,0.2445422232304334,0.12435499648741817,1.354406546684507,0.624574507757312,1.1821339804659154,0.4544763846938276,28.908167173955885,8.0,10.385219219351791,-0.4121419680583655,0.129454755884261,1.8585489440993463,0.041015625,24.250226072568182,0.21569682702003243,0.26932430951974345,1.2486243457558224,1
375,0.22352067082041413,0.3187594720350816,0.1794009126812153,0.3167392659595488,0.7012204826218089,0.802614416031128,1.7767996119435652,0.7911203695371196,31.875947203508158,1.0,9.09520515548176,-1.1053309270773768,0.13104392855419558,1.8123172114942396,0.03515625,24.411803083473522,0.2806262933795134,0.240468017139166,0.8568976707186342,1
376,0.4175330193776171,0.3609321336499038,0.1791612735183728,0.07103336189952979,1.156818638327332,0.42909486245184875,2.0145655730219842,0.6048861836729736,36.093213364990376,11.0,11.284063796668601,-1.1847901412356254,0.14747671350208547,1.513370306364891,0.033203125,14.644779772949938,0.33121897274985934,0.3520189685493902,1.062798322290482,1
377,0.12388309376190874,0.14397624687101324,0.1063751431258057,0.6374066425797672,0.8604411939771831,0.8586736082841918,1.3534764103714032,0.6252816351607784,14.397624687101324,1.0,5.366436121672848,-1.6175864546292738,0.13487553114842257,1.7150606749245978,0.033203125,24.619290754756577,0.21325605544618628,0.20829336743327687,0.9767289702395417,1
378,0.3184939454784691,0.21022977102725576,0.17598250175141725,0.3299581695612644,1.5149802234083305,0.55254583093405,1.19460610535029,0.42515628844318437,21.022977102725577,1.0,7.923213095949579,-1.2482308953711485,0.10146595048534754,2.2543550740546596,0.015625,36.1622163536304,0.21134949626226004,0.27771973160174795,1.3140307240515783,1
379,0.44379479245463577,0.3266263957430853,0.12903666156383495,0.1310711652738767,1.3587229882160319,0.29075749368495396,2.531268182104747,0.5701963351544295,32.66263957430853,8.0,10.565686816231237,-1.1365377701014951,0.1330762091043932,1.670981889204903,0.03515625,18.433021548477956,0.28397394293517997,0.3823470199390673,1.3464158576901388,1
380,0.14829902849415064,0.23029604627353345,0.3576559220390793,0.27673787996678384,0.6439495201683356,2.411721274706628,0.6439039089886124,0.4551710503679576,23.029604627353343,1.0,7.670909483536195,-1.4446840074303449,0.0890964419439131,2.6261539419628495,0.009765625,41.13255598179735,0.25015686803834264,0.23489678532876979,0.938997946251978,1
381,0.22822961799837932,0.25970114299382885,0.1982731918955449,0.3201731739381755,0.8788163785783717,0.86874435331651,1.3098147082351699,0.60890839865231,25.970114299382885,1.0,8.582964885254688,-1.3236491892274511,0.15248580507619205,1.4988004077044113,0.044921875,20.06651795128667,0.25616976126029894,0.23069646991062379,0.9005608967106317,1
382,0.05122309575686608,0.17403058342833452,0.11546677432497865,0.6641302369608187,0.2943338736703444,2.254193594073177,1.5071918692213757,1.0440381490599366,17.403058342833454,1.0,5.131599967083772,-0.9927220399233025,0.09022889865248829,2.741374110508339,0.01953125,48.244200909967034,0.20442207922616135,0.11762824419375643,0.5754184902113416,1
383,0.270159696413615,0.38217676213814766,0.13544397064801653,0.24483188410957446,0.7068972349403386,0.501347804452483,2.8216594678068283,0.942241880863305,38.21767621381477,1.0,10.296001286762257,-0.49362896602721135,0.11547471369724523,2.1208473863247606,0.0234375,38.859226157061286,0.3164075294607127,0.21372305909226733,0.6754676775766462,1
384,0.060791489983886685,0.03907172176309009,0.36831909140192104,0.5343068974149706,1.5558948323787136,6.058727816911356,0.10608117438405536,0.09105280423712078,3.907172176309009,3.0,4.096898184076461,-3.3385258766415538,0.07557779514929443,2.6369420675012054,0.021484375,260.61901042686486,0.14168597061121047,0.11737617055398752,0.8284247907383998,1
385,0.22022789216573418,0.18545653566447184,0.055006968392317133,0.5779743552273268,1.1874905965243696,0.24977294134782638,3.371509848341382,0.6738119411464683,18.545653566447186,1.0,6.189137869916775,-0.430308596674173,0.08435346768489162,2.9971024646357938,0.01953125,52.70371399500023,0.16926142659476512,0.1821727551693879,1.0762803955650095,1
386,0.17720219475396287,0.07824759716129304,0.19366274291688163,0.555095224187341,2.264634329760037,1.092891333460517,0.4040405293416307,0.21098677500359853,7.824759716129304,2.0,5.416543143254938,-2.064740548971615,0.09553203682211169,2.1519188685412067,0.017578125,108.77666794020162,0.11192271405167771,0.17904130210767014,1.59968692346401,1
387,0.0725014242179449,0.03009002485518556,0.22381778832948832,0.6759611393250055,2.409483693199439,3.087081264149896,0.13443982750716296,0.10154598008142103,3.009002485518556,1.0,3.504243903009021,-3.017728950432917,0.05693588980780367,2.7096526824080582,0.01953125,625.1769192486265,0.06036811985788766,0.11192117903714323,1.8539782139937842,1
388,0.05425685910287626,0.05554609967439911,0.41654453593611435,0.4744947901028628,0.976789719187181,7.677269617462159,0.13334972585928936,0.1179820201460553,5.5546099674399105,1.0,4.592390549273154,-2.058782558972431,0.05730369973135882,3.2842340104742997,0.0078125,325.41780992649433,0.057330247142289875,0.07559265747855504,1.3185475599053416,1
389,0.1745932098126948,0.13197779522749917,0.11520994073965829,0.6004681228378989,1.3228983671943726,0.6598764113655777,1.1455417334653952,0.45540497049635054,13.197779522749917,1.0,5.455495772532476,-1.248555529008287,0.11118340076765075,2.004393273286255,0.021484375,47.31194418761879,0.10435820243597173,0.1379630054490631,1.322014007795768,1
390,0.03901691020034369,0.038186407130064555,0.1140701673109114,0.8115028099918771,1.0217486569875154,2.9236084232006405,0.33476243641028713,0.24944239416294048,3.8186407130064555,1.0,2.7675883779343216,-2.4103154294286036,0.059952814956658496,3.269152646680671,0.021484375,158.56510330141026,0.0626699713932502,0.07562696544236987,1.2067496403917048,1
391,0.19565595393527693,0.17900131032968683,0.15029166895283863,0.4837449901346643,1.09304202061327,0.768142578491565,1.191026166498066,0.5174231545075858,17.900131032968684,1.0,6.901487749485989,-1.6360491669181523,0.08924064386260147,2.7232392421445697,0.029296875,50.244015402951675,0.13595871492320527,0.15124522819290132,1.1124349643803122,1
392,0.24721247725072232,0.4142766732585758,0.12128163201427253,0.2472300513780845,0.5967327952757431,0.4905967261991327,3.4158237020376467,1.1242423225808833,41.427667325857584,1.0,11.964518555320717,-0.19048743326350237,0.15789864240211562,1.6748893130630191,0.046875,18.270868270345332,0.3112990286744887,0.21170459509932854,0.6800682803318939,1
393,0.044805386831806016,0.05860768835740289,0.09526044704039777,0.8076661418847829,0.7644967424548154,2.126093618985321,0.6152363355268895,0.4184295822667088,5.860768835740289,1.0,3.2028541527806405,-1.5199149553973337,0.10058969105359203,2.3042158353546696,0.01953125,58.084389434432865,0.15210348427472464,0.10655809389078935,0.700563135678252,1
394,0.18133959372398803,0.08041086224914545,0.17316432638056764,0.5779330952309024,2.255162905241201,0.954917361534301,0.4643615918498138,0.22682644024134527,8.041086224914546,1.0,4.681454391177755,-1.781186450160812,0.07869585976314115,3.003863103192834,0.015625,55.39019291884829,0.10693713239860975,0.15367043878570452,1.4370166408844653,1
395,0.05129590686485747,0.19577205693885333,0.15198883714091396,0.6098331487178221,0.2620185314884698,2.9629817743426554,1.288068654391101,0.9630435274195104,19.577205693885332,1.0,5.535673330493683,-1.4028938277686032,0.08712008979569268,2.7802351283408377,0.02734375,53.294150802755254,0.1629031348589632,0.08917448367557088,0.5474080271888453,1
396,0.07157114182968213,0.14336495282242157,0.05682464438908134,0.7333146369797153,0.4992234184238475,0.7939602881355867,2.522936207735349,1.116586120490253,14.336495282242156,1.0,4.863721855228925,-1.3933478517795528,0.09951852975832684,2.363306080533581,0.041015625,64.79685760711101,0.15059408017594197,0.07808437831266096,0.5185089495013016,1
397,0.14114815274916914,0.3182894713530254,0.11367458956237234,0.4359551965906853,0.4434584409899428,0.8053565515984843,2.800005459237506,1.2490622636916828,31.82894713530254,1.0,8.817285685398849,-1.0182312822942259,0.1506168964643879,1.6851249481849953,0.037109375,29.205710861991086,0.25624217661750454,0.11781455620766111,0.4597781589408851,1
398,0.08035805776407645,0.10783079139749362,0.08533070950505732,0.7380485166769073,0.7452236668477149,1.0618811837826918,1.2636809423322455,0.6508032691298238,10.783079139749361,1.0,4.124502222648394,-1.2314855494994525,0.0714652921395636,3.455931450952443,0.015625,113.62570885841863,0.16274300392889768,0.09421696218820277,0.5789309519553122,1
399,0.17763751121164117,0.20214689757279738,0.2916114894938805,0.35442731228046154,0.8787545757302132,1.6416098576488534,0.6932062173680104,0.4307881258530892,20.21468975727974,1.0,7.572622749328865,-1.5418221858841348,0.11129724172493737,2.1204302080493176,0.013671875,74.6182144882072,0.1875674569245545,0.14677190807296897,0.7825019887763511,1
400,0.1436313255577674,0.21397099586844548,0.1536959820361183,0.48957100494890304,0.6712653973270477,1.070072851024639,1.392170394003992,0.719647978516609,21.397099586844547,1.0,6.664620298687273,-1.3434395046961738,0.09501414870783247,2.4221789234673214,0.029296875,65.88479504754596,0.20420168645920583,0.14479334108839198,0.7090702510804623,1
401,0.040195678727934114,0.015753627370807422,0.1491251444946564,0.7965987360635711,2.551518947367513,3.709979510516672,0.10564031589096821,0.08321127651236848,1.5753627370807421,1.0,2.6936553311242832,-3.1317380451796755,0.04749095364292911,3.1734901269663216,0.0078125,494.2511814068763,0.08547940923351484,0.07889681380130352,0.9229920340914873,1
402,0.08137032070946205,0.05634577899120593,0.13979443889533574,0.7261342252895328,1.444124514131177,1.7180028009691979,0.40306166280326083,0.2547683414466037,5.634577899120593,1.0,3.6325643220968353,-2.289305003060926,0.0930783979415434,2.480583957619741,0.015625,68.94028792762278,0.06712522218086023,0.08045512315344339,1.1985825974097915,1
403,0.04064876871810906,0.11472169508811493,0.1509690475831956,0.7019973851567536,0.35432503579670266,3.713988205335843,0.7599020920174682,0.5987005660638829,11.472169508811493,1.0,4.207083152611097,-1.4386997767554082,0.12291749443471227,1.8268394589346209,0.03125,49.67529238981812,0.09711100011243068,0.055377119859182755,0.5702455931408327,1
404,0.06433718037552462,0.05135292784738629,0.03680957160852141,0.85090668009893,1.2528434710961929,0.5721352939948313,1.395097133787425,0.5077071368043388,5.135292784738629,1.0,2.7000105609979808,-1.762803579713619,0.03668682929075475,3.1626407273939483,0.015625,1629.2371797961496,0.06828341458545271,0.061021957984478126,0.8936570960173504,1
405,0.23003111949273453,0.2408916496864473,0.17632659502323983,0.3774866224169796,0.9549152898915171,0.7665336560214521,1.3661674216208373,0.5928068819187751,24.08916496864473,1.0,7.7853200032302485,-1.2381305936008253,0.11226360283353227,2.1114282196458083,0.02734375,43.18521811894318,0.17702660269907933,0.16749772973467966,0.9461726496523034,1
406,0.16053725184284945,0.08836847008011728,0.18105914226554215,0.5721328460075231,1.816680221989645,1.127832575847591,0.48806411526587057,0.25869263143280863,8.836847008011727,1.0,5.0861569407393485,-2.189807443023748,0.08418192951555298,2.73207946614568,0.0078125,95.01716861644545,0.12117197914913325,0.16311262866282664,1.34612498539558,1
407,0.09833909322636405,0.24439966272148744,0.21753122251914894,0.4433025833712008,0.40237000383681704,2.2120523525390636,1.1235153275518865,0.7737341894374747,24.439966272148745,1.0,7.325453549308106,-1.407623038445971,0.09730823051125412,2.368613739947244,0.013671875,53.89842888996527,0.1988054197997164,0.12230530133785521,0.615201041608698,1
408,0.4128473074043017,0.2741717408504236,0.21809500356806374,0.11519317465160825,1.5057981764394448,0.5282703790410213,1.2571206876117276,0.43454327928563585,27.41717408504236,5.0,10.327932796491373,-1.0729690413982147,0.14007469879786166,1.6363236934558556,0.03515625,27.529102610840212,0.24628620206166196,0.3053467651597165,1.2398045956428687,1
409,0.2460132936564894,0.13272544087661262,0.19263262826199326,0.44288579129961314,1.8535503972018492,0.7830171508178129,0.6890080983394368,0.3025799038454883,13.272544087661261,1.0,6.67879660258895,-1.4829371030576999,0.12874477434530487,1.806921909699113,0.046875,46.227079078564635,0.1747429225150809,0.26796667811268343,1.5334908805192011,1
410,0.05157834772116106,0.004455532210382403,0.4209266076283713,0.5249206095150915,11.576248419974503,8.16091686179619,0.010585057182475691,0.00942959890669723,0.4455532210382403,3.0,3.6665884883506403,-4.722238505156931,0.047179467947127365,1.856305625641561,0.013671875,2794.385710742591,0.06746186662312084,0.13164202996602434,1.9513546919847014,1
411,0.08526166819471054,0.09450375303212681,0.48759746034662094,0.34813138615055184,0.9022040443814268,5.718835564281765,0.1938151051191953,0.16496857311604043,9.450375303212681,3.0,5.569043261212579,-3.064456820734377,0.09035537794168959,2.0940283513986193,0.03125,103.27094391782106,0.0844982550607946,0.10242240205009664,1.2121244631169472,1
412,0.030936402165829185,0.030174226961466485,0.060285637070483865,0.880864042902298,1.0252591460026719,1.9486958032929793,0.5005209935276509,0.3307778165643566,3.0174226961466486,1.0,2.2536221926626276,-1.746645155443644,0.06223383046134303,3.783532806035629,0.01171875,104.10714079038803,0.050274117358217886,0.057386222123008146,1.1414665266815716,1
413,0.054675768203041535,0.050486321984015974,0.0872074634762677,0.8090500593279539,1.0829818068400578,1.5949929254184945,0.5789220322659218,0.3558300821465045,5.048632198401597,1.0,2.7991664742696574,-1.8597854948234873,0.0644262692621393,2.9721995879270056,0.00390625,167.73525352276516,0.050407806272470684,0.05567863615342918,1.1045637624530489,1
414,0.200186681476486,0.38610767040577465,0.298875437922209,0.12325978873910232,0.5184737233181201,1.492983627668667,1.2918681879304466,0.7736665545167214,38.610767040577464,7.0,11.040086867997452,-0.7900046668962398,0.12392557852198842,1.8358061490553181,0.02734375,43.428541331702874,0.2618987206764522,0.14671870470695497,0.5602116128266622,1
415,0.05881067679440272,0.13080180256150215,0.2511378474350987,0.5676384182618107,0.44961671508541107,4.270276438235622,0.5208366795282989,0.4220113739410094,13.080180256150214,2.0,5.153287836161571,-1.6632899616335217,0.14408848963228837,1.6426597116740673,0.025390625,28.91271322494294,0.17930766226403366,0.09133664712204706,0.5093850757367127,1
416,0.30403546849302454,0.28908060001668695,0.09545981066664411,0.3509241774466724,1.051732521917495,0.3139759026816316,3.0282963898195763,0.7236145584099,28.908060001668694,1.0,8.584532706766979,-1.0206378794201176,0.12104797751437979,1.900001485234966,0.0234375,27.11679490307057,0.24846461304820522,0.2253369045857629,0.9069174954991994,1
417,0.3004731573367692,0.24845104309612645,0.12869293120429334,0.3353259247870158,1.209385775129573,0.42830092493295996,1.930572571237753,0.5789158317241456,24.845104309612644,1.0,8.842831084729255,-1.3193957709295507,0.11816462074099136,1.974276378691409,0.025390625,24.67108526371735,0.2484560639783956,0.2726727438188969,1.0974686608675792,1
418,0.3193625697353464,0.2673500638133963,0.14176906699770228,0.29378126544339483,1.1945483205796388,0.4439125947531718,1.8858138060317737,0.5797695116017095,26.73500638133963,3.0,9.738292592488207,-1.015667439232976,0.15481403226581472,1.5952399827759929,0.044921875,18.657698829684556,0.26035928387444607,0.3020873341462601,1.1602710287518552,1
419,0.35467974402127833,0.28794795283837715,0.08223468180088526,0.318796812130289,1.231749489881338,0.231856155272064,3.501539089469375,0.6590488567546657,28.794795283837715,1.0,9.229205110255528,-1.0822191232046077,0.13675893705312647,1.6241456913871568,0.03515625,23.3247145432612,0.27774014532172264,0.3352205523675216,1.2069575033130664,1
420,0.17455718245611265,0.3078737707697138,0.23467584950154624,0.31108044523086625,0.566976465777309,1.3444067221937674,1.3119107544441777,0.7523189643225464,30.787377076971378,1.0,8.497952037788162,-1.006874927254132,0.10799936365962107,2.176791663461417,0.01953125,47.47508002594832,0.2967243293539571,0.23400262932333396,0.78861962493277,1
421,0.16235511251638163,0.17613435054584006,0.27499340448246695,0.39482042199176803,0.9217685931978722,1.6937773022332532,0.6405039090944072,0.4027322460222291,17.613435054584006,1.0,6.748320234074586,-1.4275467582200252,0.11020656683064346,2.160418683264432,0.01953125,26.61108327814709,0.22075264270484335,0.188864693734954,0.8555489593282894,1
422,0.10702811110185197,0.11310861247396296,0.12027188368432978,0.6621037699536494,0.9462419241199963,1.123741066211575,0.9404410158810828,0.4976181921159532,11.310861247396296,1.0,4.781332860667684,-1.361054942347854,0.08833552062442715,2.913457982299729,0.01953125,51.620368738575124,0.15293690365938872,0.1373076466760997,0.8978058492802019,1
423,0.1401008067672082,0.1763664553030914,0.09886596770665092,0.6015629400996755,0.7943733207465451,0.7056773618100654,1.7838944926489901,0.7380375606218273,17.63664553030914,1.0,5.593075908230951,-0.8166732692080192,0.07811744179073464,3.1130457457984786,0.015625,61.129819114259426,0.1676975211949214,0.13906733753349806,0.829274854766788,1
424,0.21823351405384117,0.21317592040330613,0.07456983758371696,0.5272214940085279,1.0237249762587768,0.34169746066581635,2.858741916423275,0.7280515035444487,21.317592040330613,1.0,6.762102347402473,-1.097744423826757,0.10499472181975628,2.2464812655562016,0.01953125,41.08775019946819,0.1963489126962038,0.18894202874131422,0.9622769290996177,1
425,0.13222892465232966,0.12054255456315441,0.21471033331714828,0.5528548780866773,1.096948087183233,1.6237773534123772,0.5614194375337296,0.3474457035168148,12.05425545631544,1.0,5.538344708404359,-2.133306277646575,0.1017015600819445,2.224896983223198,0.02734375,47.85381559430387,0.1485909070723827,0.15321277316525395,1.0311046361039353,1
426,0.056822664141935486,0.003777646563165664,0.5109549286079184,0.42912578205144397,15.041815897217324,8.992097366706153,0.007393306831290105,0.006653391418395285,0.37776465631656636,3.0,4.14569804710748,-4.170823614643136,0.05663240671598234,2.42818141953654,0.021484375,463.5889547208027,0.05735855295157597,0.09248700448056332,1.6124361532975136,1
427,0.1653879705857596,0.1773930603992779,0.1443835646980059,0.5240481048559783,0.9323249185372333,0.8729991920619452,1.228623637116083,0.5726577176828231,17.73930603992779,1.0,5.922976105762259,-1.8633873719494722,0.0965601028095574,2.369216343193501,0.013671875,41.541005050357256,0.1329802926436282,0.13841461312683698,1.0408656077914586,1
428,0.1876337693467991,0.1788911331342335,0.10808751442247456,0.5299895215412653,1.048871266335803,0.5760557643710866,1.655058256167853,0.6049315451815847,17.889113313423348,1.0,6.076953263048993,-1.7021228618438424,0.0960553755792642,2.4755247870383648,0.01953125,46.65447341120702,0.16190412215270955,0.16942268154541312,1.0464383444515732,1
429,0.04622457497273492,0.11166470750262156,0.06533626890074305,0.7795808511234887,0.4139586804741842,1.4134531023566475,1.709076893747181,1.0009310043249622,11.166470750262155,1.0,3.8384863057263225,-1.3543214646299622,0.10335486813218163,2.1240038574242983,0.01171875,62.261496319826136,0.1302532909231541,0.09180787440462586,0.7048411119154384,1
430,0.4684549817541825,0.22924139578609945,0.21324050617295784,0.12467352270053034,2.0435008264835592,0.455199569817786,1.0750368206314815,0.3362812279758914,22.924139578609946,9.0,9.542625221828525,-1.3436960784299137,0.12357353639230687,1.881160039434025,0.025390625,29.145042617107315,0.19261579698680967,0.32909555203484653,1.7085595116410643,1
431,0.10428305560886356,0.09499897350938255,0.1451259450480638,0.6611997356450734,1.0977282359631637,1.3916541301973238,0.654596760615516,0.38089633196388434,9.499897350938255,1.0,4.460500069202954,-1.632528540560417,0.09102297680375167,2.6895176094343274,0.021484375,52.71733840964334,0.13111719819603057,0.18746367928647725,1.4297413448827248,1
432,0.05691663353324797,0.08879894991422135,0.31997892713522097,0.5354123490089978,0.6409606598792862,5.621887790388775,0.27751499359649395,0.23560625059231338,8.879894991422136,4.0,4.615124321916911,-2.019928632560166,0.15311568863599326,1.490824783955301,0.03515625,30.21914799999439,0.10445670177849076,0.1052190404619428,1.0072981309046245,1
433,0.18210443521145667,0.23700723818238212,0.12016125695148853,0.4628666663317882,0.7683496782978209,0.659848052642427,1.9724097782789856,0.7841023454750278,23.700723818238213,2.0,7.5883667775702754,-1.584983973122673,0.1319463277240061,1.788944160145247,0.02734375,17.46282434975657,0.18796353971294233,0.15365683915413653,0.8174821531291844,1
434,0.32412534274772214,0.30436962531930717,0.05406862745011352,0.3449438986318037,1.0649069939473257,0.16681394608822725,5.629320359491367,0.804797668136498,30.436962531930718,1.0,9.17303270390959,-0.7043940934931421,0.1147146729074354,2.104454762685023,0.02734375,22.777720704119485,0.26129937364495215,0.26105199641809546,0.9990532804445529,1
435,0.21289985718962637,0.5090929301539973,0.13581861516664914,0.17754318799666682,0.4181944878429315,0.6379460134914032,3.748329560911757,1.4598966516245,50.909293015399726,12.0,12.12437943643318,-1.19092648534766,0.16307506509905212,1.4374122832796787,0.0390625,20.3572345642865,0.4174093142456506,0.23071614870415993,0.5527335898614565,1
436,0.054666219745346474,0.10287967446673738,0.12196196258143889,0.7216939165398947,0.531360737960826,2.2310297501518757,0.8435390206040425,0.5824646617028192,10.287967446673738,1.0,4.0873204383319335,-1.561057164289462,0.10164781890259832,2.4328813431418927,0.0234375,53.65274103559532,0.21925564118493523,0.11980469346010746,0.5464155577165267,1
437,0.062371360366746634,0.02677725057871026,0.39138971853182386,0.5217620907311005,2.3292667849553923,6.275151226863709,0.06841582522936046,0.0590117835660312,2.677725057871026,2.0,3.9724630882500733,-2.7301452706412648,0.056174906045340776,2.9271568487338215,0.01171875,396.9179992927736,0.0979942551030135,0.08362169361129014,0.8533326114222923,1
438,0.3085562931844809,0.3089828432730936,0.19768497854996073,0.20850807588888712,0.9986195023513512,0.6406771889501776,1.5630061805350661,0.610347003542149,30.898284327309362,1.0,9.564549883575792,-1.2074190343569255,0.13113141459687538,1.8222256645824553,0.029296875,18.29333561520034,0.23091706565016396,0.22533049134240032,0.9758070097937109,1
439,0.28454203998168076,0.36062946679103863,0.04043680279382525,0.35027504955445665,0.7890149479847286,0.14211187491762736,8.918347689896711,1.109701369202826,36.06294667910387,2.0,9.607825804438807,-1.3046947921122842,0.15696293526157867,1.4232723962125646,0.041015625,22.081720472696002,0.312635878368915,0.262633766985147,0.8400627859973102,1
440,0.3136170435727483,0.24464399800820102,0.19508282261488527,0.26844900473532285,1.281932302144413,0.622041520425247,1.2540519699722659,0.48092011472533663,24.464399800820104,2.0,9.19779643035268,-1.104198280546596,0.15157090183942148,1.5701804562906505,0.04296875,15.834979914830493,0.2698009937416652,0.2947532312353358,1.0924838605949314,1
441,0.2237285977715825,0.4214511263889744,0.17870741351831776,0.19616210998361353,0.530853007059147,0.7987687550832092,2.3583304021375517,1.0472500337061763,42.145112638897444,3.0,11.217284568381977,-1.0648488604187933,0.15802476507715824,1.530765518300323,0.04296875,12.588261158998296,0.36534057730947,0.2500077121531712,0.6843141103970835,1
442,0.1344805771649919,0.3502334061475197,0.2208491116884803,0.2986527585038495,0.3839741578190979,1.6422379821948718,1.585849286280839,0.985657593871815,35.023340614751966,1.0,9.69717402817938,-1.0105003684401186,0.145121865397633,1.6767253263456037,0.037109375,16.821903716650567,0.3558230594774413,0.17722561711061824,0.49807232103335913,1
443,0.010994406065162544,0.010381562726140346,0.17797093955218596,0.8010133229822866,1.0590318967509633,16.187408258544014,0.05833290959301732,0.05493897673231518,1.0381562726140345,1.0,2.5562755615708075,-2.8383295931477566,0.051883089490788264,2.9249596313679818,0.013671875,627.5264596753526,0.1381949165241217,0.07249995415198116,0.5246209916831622,1
444,0.2759321935650395,0.22100745110469755,0.42709430537995846,0.09900526304952685,1.248519867477563,1.5478233977027438,0.5174675670483687,0.3143657478573563,22.100745110469756,6.0,9.140849025599401,-1.4132425442158982,0.11927256934838316,1.8668977344205657,0.0390625,15.217796510316688,0.19036681330988448,0.2006622649822079,1.0540821768945101,1
445,0.39421432038759224,0.16920044915070898,0.14171816674600388,0.313017191193515,2.3298656851385227,0.35949522738622697,1.193922085188744,0.3157122458751327,16.920044915070896,1.0,8.123532674471575,-1.4220197677425799,0.12017955703981897,1.933758116195556,0.02734375,20.172016723307795,0.1770320038896039,0.32260005988760004,1.8222697184625962,1
446,0.045078155353336286,0.06373218740553238,0.22195527167759055,0.6704747378888984,0.7073059499243844,4.923787806619723,0.287139777868497,0.23866745116487795,6.373218740553238,1.0,3.77627799620533,-1.6693181214580002,0.10237457939759304,2.2426260832183864,0.015625,60.61933643725639,0.10565311950463885,0.14776126003101386,1.39855084945341,1
447,0.25181872566736935,0.2417513990985609,0.23348000042231468,0.309406912402912,1.0416433021951712,0.9271748945739418,1.0354265832673017,0.4981496676201591,24.17513990985609,1.0,8.1337026460699,-1.611770460610751,0.12305814431301998,1.6873787571146777,0.029296875,27.158299596384346,0.19139503564880972,0.21331746338191782,1.1145402108193598,1
448,0.0920997113740392,0.1469898157656172,0.2045101332412041,0.5664514066673384,0.6265720580347576,2.220529578094099,0.7187409906605224,0.4955662073718223,14.69898157656172,1.0,5.823672278122174,-1.4621446894869434,0.095966073594706,2.524958820950381,0.01171875,55.195502414042316,0.16341974712239843,0.13695027961695427,0.8380277293817067,1
449,0.08248315159035909,0.08505374573536158,0.07356719077535742,0.7617145719574991,0.9697768261380224,0.8919056723344735,1.1561369251535378,0.5450404301932658,8.505374573536157,1.0,3.7165257344012512,-1.9563646186974768,0.09854981037739746,2.3332169395713573,0.02734375,60.527965256125846,0.11404916624856522,0.1026359889601993,0.8999275692783996,1
450,0.30933055058185527,0.38519114425381973,0.16494149109738682,0.160247188920404,0.8030572748012619,0.5332208240912392,2.3353198864017486,0.8121734161034916,38.51911442538197,11.0,11.20526830407202,-1.1774921901332498,0.10864179194892415,2.2895722277550115,0.037109375,36.64168361516182,0.28486861239187555,0.23285356278184255,0.8174068768998088,1
451,0.0986645710568849,0.16703281244404464,0.174041989019442,0.5647776412642925,0.5906897549865927,1.7639765434984194,0.9597270945083596,0.6125001628001977,16.703281244404465,1.0,5.5920781954288845,-1.5218041179494526,0.07765428206068262,3.07154285436568,0.0234375,65.84895210189774,0.21063205842474209,0.14831449799511923,0.7041401916907497,1
452,0.07036360644196822,0.09676869305546784,0.08066535759606851,0.7634335773612158,0.7271319289380983,1.1464073784002269,1.1996313651745907,0.6407293704964822,9.676869305546784,1.0,3.868927171079401,-1.3987530035667601,0.10810783149971931,2.2286646160966934,0.017578125,47.08779269222296,0.13889813824209932,0.09920543631663409,0.71423157698489,1
453,0.09284858775499745,0.13079191802718448,0.2613120418622604,0.5178270632781624,0.7098954519192036,2.8143889764912577,0.5005200567703857,0.3693011223979421,13.079191802718448,1.0,5.515779719151441,-1.914689503608231,0.09006178904059009,2.53887788398534,0.015625,56.103929973173024,0.13379121950670297,0.09520062172280301,0.7115610581479294,1
454,0.09563247646978307,0.2100063198210115,0.1680933494305289,0.5290028563521644,0.4553790407442752,1.7577015218557426,1.2493434185958405,0.796305477870026,21.00063198210115,1.0,6.956675279956532,-1.0713797585771132,0.08121112370029467,2.8226557386317266,0.01171875,761.1137096129892,0.18180673270471734,0.09547269021340044,0.5251328638578965,1
455,0.057383112129766725,0.09213536979837963,0.14216309961497567,0.7135954173730359,0.6228130657717629,2.4774379488517324,0.6480962362825822,0.4617244747085281,9.213536979837963,1.0,3.848381664456048,-1.5320549773481682,0.06401295559819178,3.319119571544307,0.015625,170.00505640364534,0.12531377407372457,0.0714762560207112,0.570378288815162,1
456,0.05135137861990132,0.05871135534718234,0.04001225507291351,0.8530237780781236,0.8746413418046075,0.779185606082784,1.4673343264388998,0.6426118683495071,5.871135534718234,1.0,3.1158013198635035,-2.253978942303402,0.09049529211267071,2.534869070811899,0.013671875,82.25012712873225,0.08335425027600296,0.058797583258200975,0.7053939428859927,1
457,0.1596656466513959,0.12958241231226592,0.15362478613452432,0.5642945578907967,1.2321552269485743,0.9621655588191554,0.8434993829638352,0.41361752147854275,12.95824123122659,1.0,5.360783981524856,-1.6462778399218536,0.06611602925172845,3.4118326940821015,0.025390625,150.7668955605623,0.11247799235884863,0.12234446319591377,1.0877191229151701,1
458,0.3529722398886291,0.39918541507185107,0.06835874330927907,0.22293454726296907,0.8842313034538396,0.19366606091077923,5.839566319423922,0.9474390229768546,39.918541507185104,1.0,10.926124949399522,-0.3364174234984023,0.10575642332418263,2.2041428923007147,0.03125,45.230548694309334,0.29310366866804016,0.2676399625123244,0.9131238913816931,1
459,0.03654807113215852,0.014845959022991366,0.14149924467369301,0.8100707396874847,2.461819480580278,3.8715926802034906,0.10491899838845253,0.08338209961612951,1.4845959022991366,2.0,2.857317090187121,-3.0098803735101773,0.07715911442135526,2.847313302658528,0.01953125,148.30494536206754,0.11780131159165942,0.1220520709428199,1.036084142813783,1
460,0.08330621587756386,0.02524618024183527,0.40665351135925804,0.4889400437174059,3.299755253161742,4.881430600005167,0.06208277941185524,0.051527051792934424,2.524618024183527,2.0,4.264920876755721,-2.9056737234840058,0.062180473805077754,2.541958152083114,0.017578125,641.059343146333,0.05949157884127021,0.09764218225170859,1.6412773732495305,1
461,0.27256672157254497,0.3070974741994922,0.25366157847877036,0.22046595038083602,0.8875576794734449,0.9306403108030429,1.2106582165141868,0.5835822097917613,30.709747419949217,3.0,9.26418830900884,-1.6559536202672167,0.1120347098757474,1.997168962517339,0.033203125,33.94727150109019,0.21548329291695006,0.2078446420238355,0.9645510759109147,1
462,0.07579221737362578,0.061350305710099404,0.05294247719088049,0.8178458682536548,1.2354008100877902,0.6985212865616057,1.1588106368492403,0.47656388137761485,6.13503057100994,1.0,3.098567255221298,-1.4521913891331446,0.08026920335848817,2.9357054805871883,0.01953125,96.63543735132089,0.11837951097663416,0.12465161449420337,1.0529830159439857,1
463,0.2092914087346997,0.14690778611883706,0.2448609309942474,0.4227810211139399,1.424644767057986,1.1699521374260808,0.599964173634088,0.3234768892882792,14.690778611883706,1.0,6.406700972540432,-1.6308180464427082,0.08418954891570585,2.706700815954429,0.005859375,67.131106276167,0.136352324316222,0.17797468486571605,1.3052559665404762,1
464,0.25228685389819316,0.22400591699380534,0.44116865536165367,0.08953585874677188,1.126250847673116,1.7486787303587863,0.5077557398330257,0.32302853463890263,22.400591699380534,6.0,9.12284439124643,-1.6390609173691897,0.11459962507804115,2.0165114621390097,0.033203125,35.338021120465896,0.19157408770309953,0.22479135135617664,1.1733912140789293,1
465,0.27045388336911136,0.32397576116727606,0.17496439973856825,0.26612752829958514,0.8347966600798726,0.6469287760240165,1.8516667484957445,0.7273517353310524,32.397576116727606,1.0,9.318597213190879,-1.3749757287873179,0.09801732728726044,2.336750239288666,0.025390625,49.84910780508433,0.27498714198553076,0.25355874652432553,0.9220749184619882,1
466,0.14464977371522114,0.22018780670371524,0.08727515172922093,0.5509238886405903,0.6569381651101369,0.6033549136512325,2.5229151979631608,0.9493925945252147,22.018780670371523,1.0,6.653792568779197,-0.5316628951196216,0.12369165851281953,1.9342902060673217,0.03125,40.15641770262855,0.24046356075798697,0.18494609365458975,0.7691231597495907,1
467,0.1019894340827817,0.0769383549333828,0.48762134930259404,0.3450761884731456,1.325599360302983,4.781096725206119,0.15778299092987585,0.130490074302058,7.69383549333828,1.0,5.256055526961439,-2.0133104821913097,0.10205303957133972,2.1267401220523414,0.01953125,60.80738359214813,0.13744268108848634,0.13268339812435068,0.9653725980429836,1
468,0.04351028701095505,0.23447841336184763,0.16982905911931317,0.5607202018214074,0.18556201565823593,3.903193262633508,1.3806730990409273,1.099086584888905,23.447841336184762,1.0,6.492798144692852,-0.71942935255187,0.09695540091770433,2.5335140591860204,0.01953125,57.71894874483306,0.19857519242070393,0.07650433812291144,0.385266342642857,1
469,0.22353532959240713,0.14596469101019466,0.2492391165668675,0.3951331789675548,1.5314342670465644,1.1149875817000092,0.5856411827372556,0.3087406525366884,14.596469101019466,1.0,6.813971098442367,-1.2251956435651987,0.09514388730433271,2.4766662820775722,0.01171875,52.387782094463006,0.1654305765320831,0.16913386274869371,1.022385742069091,1
470,0.07317195532186647,0.07297392217518936,0.030221840979146354,0.842221517724437,1.0027137522661722,0.41302491981790634,2.4146087666905585,0.7057862733082442,7.297392217518936,1.0,3.17068514298947,-1.399293031989614,0.09309353367428147,2.4572929838623763,0.01171875,96.77594122511921,0.10718288428724004,0.10867786106979255,1.0139479058851613,1
471,0.16263087102781443,0.19930792576184764,0.15151343747515142,0.4941505278125622,0.8159779417017541,0.9316400786496848,1.3154471912381975,0.6344470371308082,19.930792576184764,1.0,6.696176725859336,-1.0051694125528192,0.09345059414564268,2.503627197310281,0.0234375,67.39960033041012,0.1652216604162428,0.14266825734334632,0.8634960875230208,1
472,0.030874414166322656,0.008530343682878727,0.38382016308810263,0.5776155859973603,3.619363452573593,12.431658168767335,0.022224845133783228,0.020570183818981028,0.8530343682878727,2.0,3.442658274499122,-3.4661159333627505,0.05108369065464263,2.912513160274593,0.01171875,591.3107565296928,0.06650613087422344,0.07223813614182141,1.0861876219855906,1
473,0.31382770306520885,0.20616837406855495,0.22011800260500372,0.30700481644032174,1.522191288952654,0.7013976154921066,0.9366265895051862,0.3861223564095993,20.616837406855495,1.0,8.210851810025954,-1.6342109139063832,0.13683190995862896,1.632603313928239,0.0390625,42.39078261342151,0.1544933440866523,0.2244395633035555,1.4527458424177742,1
474,0.1800824146961457,0.1140932112003168,0.1710704335205687,0.5692594105687231,1.5783797545972418,0.9499563508700561,0.6669370554142651,0.32491039665319515,11.40932112003168,1.0,5.055016647651805,-1.811489250684369,0.10160398978028953,2.2259566234946258,0.033203125,52.4584569074278,0.12904126036826094,0.1964945596808873,1.5227266001556699,1
475,0.2787764149425808,0.2834504873254892,0.3723604298295914,0.1141420464172279,0.983510092266927,1.3356955964368444,0.7612261255994561,0.43531630808609995,28.34504873254892,4.0,9.88052937899964,-1.0866484129309897,0.1260462968438984,1.7863542893639495,0.05078125,27.44589118149272,0.22631907335131474,0.2483321284957542,1.0972655765083104,1
476,0.1636794221157359,0.1571801590946325,0.10499419095007788,0.5942686886167051,1.0413491312039522,0.6414623756198026,1.497036718620659,0.5850226871946109,15.71801590946325,1.0,5.508312869439534,-1.58840955272629,0.0950908861148862,2.484154375942031,0.015625,63.01738657241,0.18276155736960492,0.19500092347634268,1.066969040332255,1
477,0.03010674839027848,0.03539004438360964,0.0612274794030144,0.8752472416367524,0.8507123660000621,2.033679579351425,0.5780091672741517,0.38747844305769696,3.539004438360964,1.0,2.4190124881770694,-1.8859482800226628,0.07934235012634727,2.8480127589210613,0.017578125,88.73756536656114,0.0899175041884279,0.09111759317212223,1.013346555762559,1
478,0.04292443534416675,0.07689182712595267,0.05065941646092332,0.8311047022479681,0.5582444448133105,1.1801999503210128,1.5178190452459355,0.8216356309556052,7.689182712595268,1.0,3.054756931457221,-1.674212656826129,0.07181034971058992,2.753800254204216,0.0234375,98.94736126830051,0.0817113276390685,0.06075590374051028,0.743543220948935,1
479,0.07715483358976777,0.0930132754139197,0.026156218684607702,0.8204972786188953,0.8295034579374874,0.33900946276861016,3.5560673556418796,0.9003226021354708,9.30132754139197,1.0,3.3863376216941696,-1.1765220121539557,0.04428831324676275,4.496447067064012,0.021484375,505.2236375359802,0.08883155473722476,0.0710872295455425,0.8002474993939652,1
480,0.23877944096583595,0.24896886482453154,0.2660616020564623,0.284983752239015,0.9590735015567671,1.1142567424572183,0.935756467300234,0.49316288416954585,24.896886482453155,1.0,8.35502312688068,-1.4227830646686555,0.14124538740345458,1.6581380740616853,0.029296875,25.370978419643322,0.18971806009222802,0.17673332274032738,0.9315577159838135,1
481,0.16296127178577446,0.228370750255623,0.41647978001283625,0.19965783221726302,0.7135820660205079,2.555697899552332,0.5483357445325103,0.39412249019353385,22.8370750255623,3.0,8.302862651405404,-1.6711412187559735,0.12401919774007614,1.8147925663587736,0.033203125,34.918133791723626,0.21406925489516687,0.16805693063895905,0.7850586985107887,1
482,0.2872873560164459,0.19491431218286995,0.1733247104185924,0.3731690537148126,1.473916167564119,0.6033147884484935,1.1245615914315532,0.4231637127768042,19.491431218286994,1.0,7.081570073460521,-1.4301636497323376,0.07562039480135012,2.4058498329619598,0.01953125,201.0234838890849,0.20200164098641982,0.24317209862677577,1.203812491022882,1
483,0.13096166329944423,0.10811665564402083,0.2830981978751788,0.48940169817486373,1.211299614468564,2.161687556049989,0.3819051355894141,0.26111358714425903,10.811665564402082,1.0,5.322677582314575,-2.361218649603299,0.06948436644766154,2.7753610937421316,0.017578125,103.81689273613716,0.14285410022070844,0.1724795243705569,1.2073823859719115,1
484,0.02841140200863737,0.015135682131966404,0.06929893449991836,0.8902054638212247,1.8771140778489044,2.4391240698861543,0.21841146969966505,0.15490359231836426,1.5135682131966404,1.0,1.92799360784527,-2.5157579921495756,0.05194448063124625,3.1185856480027305,0.015625,558.9790931375388,0.062391496824800954,0.08171660728254761,1.3097394908107909,1
485,0.09026870715481118,0.05547088411149142,0.07755523464274017,0.7864929933248019,1.6273168996685181,0.859159692072176,0.7152435856496854,0.3305302182573943,5.547088411149142,1.0,3.264344015117878,-1.8634318144111344,0.05953725688881134,3.8056040443909502,0.01953125,118.70866898963126,0.058031510815415945,0.08710443020207366,1.5009850506672244,1
486,0.2722914563702679,0.22439733461782835,0.40946370713180746,0.10065263848610369,1.2134344502522487,1.5037699404512566,0.5480274092913593,0.32914651275217827,22.439733461782836,7.0,8.792164305690145,-1.7292600207468474,0.11678057296244511,1.7894445842394024,0.041015625,56.215238517588894,0.16284197981093576,0.20377225668803606,1.2513496637929002,1
487,0.13731297075287177,0.29560059663346216,0.3663520479063648,0.20635584812094682,0.46452196753740704,2.6680075880379626,0.8068757860723281,0.5868992002259127,29.560059663346216,4.0,8.857174019157718,-1.3392461238784847,0.13086821424396552,1.8427479667225968,0.046875,29.7866731278441,0.2464799084091274,0.16190290654888256,0.6568604621537188,1
488,0.08450180234102027,0.13887522474710243,0.39773148152238164,0.3814526570665697,0.6084728395240627,4.706781044900878,0.34916829871295546,0.28798349138039264,13.887522474710243,1.0,5.887165169660904,-1.5463295587363162,0.1093730360185155,2.175528595065773,0.0234375,45.73710850608305,0.17868895770205168,0.1131402108979293,0.6331684528987382,1
489,0.25651715116397283,0.19913382788110282,0.161490918531322,0.3899017245074461,1.2881646171982581,0.6295521285766308,1.2330961374911413,0.4763875205227119,19.913382788110283,1.0,7.680399519071457,-1.3433832790139155,0.08726366526585087,2.6258771352062626,0.03125,61.948938429401174,0.19156922591485387,0.20346768326553674,1.0621104840498192,1
490,0.22254297803568032,0.2686269507312171,0.2675687125311748,0.2768207360609414,0.8284462055280672,1.2023237708631416,1.0039550147325804,0.5480933344397061,26.862695073121714,3.0,8.679859354967794,-1.5868230599720046,0.10802194014304035,2.225009375798692,0.04296875,32.97691534402946,0.2401155925491627,0.2154851189707272,0.8974224317677748,1
491,0.29344250474736905,0.28408309850479585,0.3855211731129431,0.062151869870126754,1.032946015767222,1.3137877671966192,0.7368806652334848,0.41840691596292406,28.408309850479586,6.0,9.917965020219683,-0.9152591060280444,0.1475679379130705,1.5472742941354898,0.037109375,21.605301022307543,0.2678151213012116,0.26459827201001157,0.9879885449501187,1
492,0.17918136826358383,0.18752468599327696,0.35255625613261027,0.2834937670648993,0.9555081631761924,1.9675943963828681,0.5319000378856125,0.35266394061519507,18.752468599327695,5.0,8.0300894148295,-1.4046345275664622,0.15045332845187004,1.5861790195404648,0.029296875,29.750630723984155,0.21723214705721278,0.21078562264976208,0.9703242614191757,1
493,0.21518271453147825,0.25599643074359285,0.13507692741583358,0.41497754620908245,0.8405691981977892,0.6277313106227497,1.8951899161476633,0.7308761846486741,25.599643074359285,3.0,8.548678524616731,-1.3873443651529007,0.12289445374414748,2.058874294959578,0.0390625,31.9448933877312,0.24165364577963222,0.21355579053524326,0.8837267480338552,1
494,0.18702581945234148,0.26625329506818546,0.08120395446826473,0.5223969260187201,0.7024356990764872,0.4341857969483363,3.278821786566575,0.992631396490688,26.625329506818545,1.0,7.058046091022786,-0.7527779758502746,0.09318489151909257,2.7166483310739595,0.0234375,67.67992891308626,0.2571514248314208,0.19684190875301516,0.7654708072579889,1
495,0.03554129740185184,0.09354983838482811,0.11953844685994935,0.7553971761211358,0.37991831964763717,3.363367563823305,0.7825920516990491,0.6032369915847726,9.354983838482811,1.0,3.677383539903587,-1.778666141801664,0.07891654871655096,2.762705240065035,0.01953125,83.4489495950432,0.1540824253700674,0.09522252360178227,0.6179973048416367,1
496,0.06053475445747873,0.07779736865640005,0.2481510485788713,0.6182643200214586,0.778107993922757,4.099315356934008,0.31350811976262816,0.25202768605133036,7.779736865640005,1.0,4.122984727299932,-1.8016132553677446,0.07387805168839284,3.1610708787947877,0.029296875,85.77518664699494,0.10602283964045696,0.07336922904087104,0.6920134311624517,1
497,0.13276158536816135,0.21946566010379848,0.21971211788831654,0.4475504882991002,0.6049310188471649,1.654937437500295,0.9988782694969869,0.6226440669915209,21.946566010379847,1.0,6.755156963417994,-1.163359681278027,0.08225333914429303,2.8012201770168645,0.013671875,65.30779498752472,0.17749181653236212,0.11078641352706393,0.6241775857155648,1
498,0.140529644234046,0.22858589455721592,0.18237185350562132,0.4522511129892443,0.6147782850146779,1.2977464968287489,1.2534055566305724,0.7079121532622952,22.858589455721592,1.0,7.053925140911519,-1.3295940245735567,0.09982682292015667,2.3850647474048197,0.01953125,61.056430281894414,0.20968108568802002,0.12952464887246262,0.6177221395427237,1
499,0.03567264614688444,0.013329334129998866,0.3003493367226781,0.6512820206934055,2.676251176337735,8.419597903630434,0.0443794358808985,0.03966804200168474,1.3329334129998867,2.0,3.388982894372075,-3.191598208873102,0.057626098236459596,3.3601161265282786,0.013671875,297.1212501182254,0.08597948220646669,0.07039788715534837,0.8187754258217064,1
500,0.0646359937391056,0.10561747781446981,0.3192566341231748,0.5158540337561137,0.611981985150552,4.939301086757812,0.33082312637046074,0.27512244348720455,10.56174778144698,1.0,5.069707542980529,-1.9144813771237497,0.1342807716877041,1.7965121388141914,0.037109375,36.72302901163769,0.09835141943950865,0.06676789430311542,0.6788706729799904,1
501,0.12882795044480957,0.11019692175273088,0.16601706903826652,0.6024437326861838,1.1690703188036005,1.2886727489241572,0.6637686256686474,0.3737452372285447,11.019692175273088,1.0,5.063237909484064,-1.5178919439438594,0.08865612067869902,2.627978038029296,0.029296875,61.00306640754789,0.10581408589683866,0.10586572967238272,1.0004880614438603,1
502,0.15683328842729513,0.2192593777912949,0.12163468989868151,0.5162251418578574,0.7152865706700299,0.7755667889045981,1.802605638022587,0.7873773462521458,21.92593777912949,1.0,6.5785245194531985,-1.282586201017257,0.08828228443745534,2.671439000705766,0.03125,79.78499824159974,0.1772846197903461,0.13797529168797754,0.7782699472259161,1
503,0.07145308583788759,0.2208506731956403,0.32422780564945197,0.39718789762819434,0.32353573935121055,4.537631955903496,0.6811589547465836,0.5581534967860551,22.08506731956403,1.0,6.9088104392087635,-1.0259334005151528,0.08278541767536486,2.9367012971291815,0.041015625,72.93486603040395,0.20473123343568145,0.09606630200242088,0.46923129603051955,1
504,0.13455238963780033,0.29475747789729245,0.053126101060137695,0.5392084516855602,0.45648507579247344,0.39483580487683834,5.548261062092333,1.5705448013759007,29.475747789729244,1.0,7.935551664823798,-0.66634057280067,0.11935799398264915,1.9627146321154654,0.046875,36.30271689529981,0.2614477674464964,0.12031253721270993,0.46017810130228387,1
505,0.16628190522511113,0.14242941822218827,0.1018989063757157,0.5988695299189918,1.1674688228069976,0.612808147934996,1.3977521770119208,0.531094739297217,14.242941822218826,1.0,5.3838317019510455,-1.389969877427508,0.10185788360459165,2.350188814603981,0.025390625,47.97164651623588,0.18646620743518227,0.1492732390605227,0.80053775487771,1
506,0.24561656772520912,0.2912187281966327,0.41413168774289055,0.06112987641389814,0.843409245162021,1.6860901997683098,0.7032032003736205,0.44140886433957743,29.12187281966327,4.0,9.703232273341857,-1.1078467642486818,0.12211217396543353,1.961439933715526,0.01953125,21.60188991654747,0.252460295514896,0.20996953611927516,0.8316932993016106,1
507,0.10083567707052235,0.24752539324200964,0.23342204273399014,0.43144348335028004,0.4073750807963621,2.3148755432010915,1.0604199600979047,0.7405225925254084,24.752539324200963,1.0,7.607762351581149,-1.3117666171887907,0.15866524319619685,1.5387777322554428,0.052734375,14.151076965855399,0.2493513070829776,0.14121520491856088,0.5663303175387079,1
508,0.2015957692728383,0.19166550110280936,0.24890357080173417,0.3812736856456755,1.0518104098694867,1.2346666385872174,0.7700391781671617,0.4254512361120373,19.166550110280937,1.0,7.321874809884482,-1.219659090265136,0.12039394060108256,2.03865295938937,0.048828125,33.20340633702521,0.2130092493154716,0.17925496046175565,0.8415360414534554,1
509,0.014378302197214999,0.02147585524419244,0.1113872950335194,0.8562301354300285,0.6695101095651923,7.746901789861368,0.19280345427669265,0.17076096895259238,2.147585524419244,1.0,2.2588637196358223,-2.816406965012088,0.048938797475484096,2.8842287536285567,0.00390625,869.7327085108861,0.09234321105056573,0.07538266575509503,0.8163314324644863,1
510,0.1445625387551751,0.1371017214298364,0.07111534131871575,0.6751040880291633,1.054418115596765,0.4919347842919506,1.9278782733315354,0.6356781760940432,13.71017214298364,1.0,4.932292167924496,-1.2797483914636698,0.06570388867125887,3.744607968292299,0.0078125,112.02761288115673,0.12054107258950625,0.11896598574514547,0.9869331937196912,1
511,0.13688195921685006,0.3253794800428737,0.25834658764954826,0.29063006334623054,0.42068405542781345,1.8873676934984913,1.2594688515259094,0.8232691758271211,32.53794800428737,3.0,9.553761147757777,-1.2833118760811217,0.1403701787915507,1.7405976917878838,0.021484375,23.344265759634936,0.24958926928512773,0.13025304903231938,0.5218695876063406,1
512,0.4371798502967258,0.23197030660898418,0.20419228742970838,0.19495688792693935,1.8846371188048825,0.46706701439156106,1.1360385327418507,0.36167817864823637,23.197030660898417,8.0,8.992747142759836,-1.463448996120304,0.13973619389090144,1.6423920136316306,0.0390625,25.695722245845836,0.2384893227991573,0.3236169338288954,1.3569451664763665,1
513,0.015187998022911776,0.005192674172597881,0.3947593635945734,0.5853990151128559,2.924889472390749,25.99153377384364,0.013154024077609261,0.012666685186354264,0.5192674172597881,2.0,3.3967692627054267,-3.807035694440107,0.052863911356145786,2.75988661772544,0.029296875,643.4323290360336,0.09151243416442487,0.12930670427112573,1.4129960092459244,1
514,0.13139145158125476,0.0698137370319632,0.17287069462240612,0.625952451514152,1.8820286259739551,1.3156920982426636,0.40384946207944866,0.22945258850899986,6.9813737031963194,1.0,4.132365886018335,-1.9960512185671035,0.06909705129537803,2.899562813871395,0.01953125,130.16105838174076,0.07784225497097402,0.13062009507650701,1.6780101645890768,1
515,0.18051051077960556,0.19115171563346048,0.27817699640820664,0.36021082725965325,0.9443311046488115,1.5410570564907766,0.6871586008257513,0.41673625864585756,19.11517156334605,1.0,7.2677101321500395,-1.2520001482825984,0.1115970850563872,2.225129213582476,0.0234375,34.66093105904564,0.14922721518834048,0.1620510569694591,1.0859350069948543,1
516,0.1733974495552898,0.18387454731131095,0.3956322691412177,0.28405241478690785,0.94302040217548,2.2816498752121728,0.4647612483960799,0.32313698436031507,18.387454731131093,2.0,7.129234756664949,-2.212774528928475,0.11540028852082773,1.8522317254938332,0.025390625,74.98130112121723,0.17105503442581188,0.16919928429853243,0.9891511516542153,1
517,0.13494507092228364,0.06477490192608376,0.457660423844292,0.3486579622273037,2.08329255481065,3.391457136700252,0.1415348554346057,0.1093052671600505,6.477490192608376,2.0,5.505008728635173,-2.6892563447144573,0.08483986901377782,2.2444766059681767,0.017578125,204.29825572693642,0.10409855095098317,0.14761912987149567,1.4180709387644306,1
518,0.05914265530921654,0.01797764270586512,0.38227307990911474,0.5422609958986497,3.2897892273513563,6.463576549023821,0.04702827285429637,0.040727235736017345,1.7977642705865118,2.0,3.8054460056097548,-3.356537491322866,0.06000465766428339,2.4106076861714536,0.01171875,453.540664562081,0.049842378756558794,0.09187895089725981,1.8433901669335155,1
519,0.04607192411084972,0.026927213096298978,0.13860992935017993,0.793599585696021,1.7109800388689729,3.008555254056112,0.19426611948612002,0.1458032426658268,2.692721309629898,2.0,3.4027525559288234,-2.5538848694914607,0.06104116610536106,3.3230038766289463,0.015625,291.788074409396,0.03540582439059511,0.06302052402182146,1.779947935283262,1
520,0.1816085780837895,0.057394408507046524,0.3102566347246385,0.45248569688822277,3.164220745638114,1.7083809476267453,0.1849901084590848,0.11668726922000043,5.739440850704653,1.0,5.020582769905464,-3.097252047042366,0.08025965985164103,2.1828360114071,0.021484375,388.0439529124674,0.0492586323839595,0.1377309980808613,2.7960784011517896,1
521,0.11363258694645849,0.017176420930678112,0.3455640911079672,0.5247010850683514,6.6156149409384994,3.0410650711379943,0.049705456595783404,0.037405368443464426,1.7176420930678111,2.0,4.152339744722098,-3.5469879662316997,0.0647501128026763,2.3961409754653022,0.021484375,332.7880697593265,0.029046839168392225,0.12254899906618755,4.219013241080019,1
522,0.07718168552509803,0.030129994014334433,0.1062246826648932,0.7899336117517595,2.561622995571025,1.3762938959136184,0.2836440011791028,0.16427997736130076,3.012999401433443,2.0,3.377827628943581,-2.9880964472344256,0.0430271645365453,3.275362928137559,0.01171875,1161.0642142909326,0.029729226721335815,0.09396759153530115,3.1607815572849236,1
523,0.3074655043153418,0.1259294904256436,0.3265753533672717,0.27472162658424465,2.441568716546554,1.0621528229465,0.38560622878553774,0.19861415695781934,12.59294904256436,3.0,7.409619548371738,-1.8452390099591662,0.12922900632192233,1.7139203418591478,0.05078125,33.87767608969648,0.09033539285504973,0.22847127658672675,2.5291446615148705,1
524,0.30259992829322163,0.45414274559701867,0.1656855303668776,0.10625830502651717,0.666310166191812,0.547539886416561,2.7409921952126357,0.9697989489049761,45.414274559701866,7.0,12.449926682141705,-0.802218248270524,0.13155003869985288,1.8168658182794648,0.029296875,30.940403519907033,0.3195340250824902,0.2751723271618185,0.8611675300961125,1
