timestamp,value
2026-02-17 01:50:45.810928,514
2026-02-17 01:50:45.811162,514
2026-02-17 01:50:45.811251,516
2026-02-17 01:50:45.811322,518
2026-02-17 01:50:45.811391,515
2026-02-17 01:50:45.811441,515
2026-02-17 01:50:45.811475,516
2026-02-17 01:50:45.811508,515
2026-02-17 01:50:45.811541,512
2026-02-17 01:50:45.811575,508
2026-02-17 01:50:45.811608,507
2026-02-17 01:50:45.811643,500
2026-02-17 01:50:45.811677,510
2026-02-17 01:50:45.811711,508
2026-02-17 01:50:45.811743,509
2026-02-17 01:50:45.811776,512
2026-02-17 01:50:45.811824,510
2026-02-17 01:50:45.811857,513
2026-02-17 01:50:45.811890,514
2026-02-17 01:50:45.811922,509
2026-02-17 01:50:45.811954,511
2026-02-17 01:50:45.811987,510
2026-02-17 01:50:45.812019,510
2026-02-17 01:50:45.812051,512
2026-02-17 01:50:45.812084,508
2026-02-17 01:50:45.812116,512
2026-02-17 01:50:45.812149,510
2026-02-17 01:50:45.812182,518
2026-02-17 01:50:45.812215,510
2026-02-17 01:50:45.812247,502
2026-02-17 01:50:45.812281,505
2026-02-17 01:50:45.812313,511
2026-02-17 01:50:45.812346,514
2026-02-17 01:50:45.812377,519
2026-02-17 01:50:45.812409,516
2026-02-17 01:50:45.812441,520
2026-02-17 01:50:45.812472,521
2026-02-17 01:50:45.812505,519
2026-02-17 01:50:45.812550,516
2026-02-17 01:50:45.812582,519
2026-02-17 01:50:45.812618,519
2026-02-17 01:50:45.812650,512
2026-02-17 01:50:45.812682,517
2026-02-17 01:50:45.812713,520
2026-02-17 01:50:45.812745,517
2026-02-17 01:50:45.812777,519
2026-02-17 01:50:45.812808,515
2026-02-17 01:50:45.818490,516
2026-02-17 01:50:45.826607,517
2026-02-17 01:50:45.834576,512
2026-02-17 01:50:45.843150,514
2026-02-17 01:50:45.850546,514
2026-02-17 01:50:45.858468,513
2026-02-17 01:50:45.866557,514
2026-02-17 01:50:45.874517,511
2026-02-17 01:50:45.882437,509
2026-02-17 01:50:45.890543,510
2026-02-17 01:50:45.898474,514
2026-02-17 01:50:45.906783,508
2026-02-17 01:50:45.914535,510
2026-02-17 01:50:45.922544,507
2026-02-17 01:50:45.930447,511
2026-02-17 01:50:45.938517,507
2026-02-17 01:50:45.946525,510
2026-02-17 01:50:45.954505,511
2026-02-17 01:50:45.962488,515
2026-02-17 01:50:45.970703,513
2026-02-17 01:50:45.978502,510
2026-02-17 01:50:45.986502,515
2026-02-17 01:50:45.994557,511
2026-02-17 01:50:46.002484,510
2026-02-17 01:50:46.010538,510
2026-02-17 01:50:46.018488,510
2026-02-17 01:50:46.026505,514
2026-02-17 01:50:46.034512,510
2026-02-17 01:50:46.042411,517
2026-02-17 01:50:46.050487,510
2026-02-17 01:50:46.058510,516
2026-02-17 01:50:46.066504,518
2026-02-17 01:50:46.074482,517
2026-02-17 01:50:46.082502,516
2026-02-17 01:50:46.090502,516
2026-02-17 01:50:46.098476,512
2026-02-17 01:50:46.106570,517
2026-02-17 01:50:46.114504,511
2026-02-17 01:50:46.122477,516
2026-02-17 01:50:46.130440,511
2026-02-17 01:50:46.138426,515
2026-02-17 01:50:46.146459,518
2026-02-17 01:50:46.154576,515
2026-02-17 01:50:46.162481,511
2026-02-17 01:50:46.170409,512
2026-02-17 01:50:46.178446,514
2026-02-17 01:50:46.186414,510
2026-02-17 01:50:46.194574,508
2026-02-17 01:50:46.202405,505
2026-02-17 01:50:46.210537,506
2026-02-17 01:50:46.218412,510
2026-02-17 01:50:46.226618,509
2026-02-17 01:50:46.234490,508
2026-02-17 01:50:46.242530,508
2026-02-17 01:50:46.250484,510
2026-02-17 01:50:46.258556,517
2026-02-17 01:50:46.266558,518
2026-02-17 01:50:46.274620,509
2026-02-17 01:50:46.282539,510
2026-02-17 01:50:46.290564,507
2026-02-17 01:50:46.298461,514
2026-02-17 01:50:46.306502,512
2026-02-17 01:50:46.314450,508
2026-02-17 01:50:46.322522,514
2026-02-17 01:50:46.330468,510
2026-02-17 01:50:46.338555,515
2026-02-17 01:50:46.346421,515
2026-02-17 01:50:46.354413,509
2026-02-17 01:50:46.362490,516
2026-02-17 01:50:46.370434,511
2026-02-17 01:50:46.378472,516
2026-02-17 01:50:46.386432,512
2026-02-17 01:50:46.394563,505
2026-02-17 01:50:46.402462,507
2026-02-17 01:50:46.410610,510
2026-02-17 01:50:46.418603,512
2026-02-17 01:50:46.426485,512
2026-02-17 01:50:46.434563,510
2026-02-17 01:50:46.442550,513
2026-02-17 01:50:46.450457,507
2026-02-17 01:50:46.458518,509
2026-02-17 01:50:46.466421,503
2026-02-17 01:50:46.474457,498
2026-02-17 01:50:46.482459,501
2026-02-17 01:50:46.490448,507
2026-02-17 01:50:46.498444,511
2026-02-17 01:50:46.506433,514
2026-02-17 01:50:46.514484,516
2026-02-17 01:50:46.522525,514
2026-02-17 01:50:46.530475,516
2026-02-17 01:50:46.538514,525
2026-02-17 01:50:46.546456,520
2026-02-17 01:50:46.554420,518
2026-02-17 01:50:46.562482,512
2026-02-17 01:50:46.570458,516
2026-02-17 01:50:46.578558,515
2026-02-17 01:50:46.586564,512
2026-02-17 01:50:46.594554,514
2026-02-17 01:50:46.602442,516
2026-02-17 01:50:46.610618,515
2026-02-17 01:50:46.618485,519
2026-02-17 01:50:46.626670,517
2026-02-17 01:50:46.634493,509
2026-02-17 01:50:46.642546,517
2026-02-17 01:50:46.650466,515
2026-02-17 01:50:46.658642,517
2026-02-17 01:50:46.666494,516
2026-02-17 01:50:46.674540,512
2026-02-17 01:50:46.682412,522
2026-02-17 01:50:46.690569,515
2026-02-17 01:50:46.698463,514
2026-02-17 01:50:46.706612,511
2026-02-17 01:50:46.714482,512
2026-02-17 01:50:46.722694,510
2026-02-17 01:50:46.730510,511
2026-02-17 01:50:46.738516,512
2026-02-17 01:50:46.746485,516
2026-02-17 01:50:46.754496,510
2026-02-17 01:50:46.762502,515
2026-02-17 01:50:46.770500,517
2026-02-17 01:50:46.778505,515
2026-02-17 01:50:46.786438,514
2026-02-17 01:50:46.794645,514
2026-02-17 01:50:46.802414,515
2026-02-17 01:50:46.810584,512
2026-02-17 01:50:46.818423,516
2026-02-17 01:50:46.826624,512
2026-02-17 01:50:46.834490,510
2026-02-17 01:50:46.842556,515
2026-02-17 01:50:46.850510,512
2026-02-17 01:50:46.858639,519
2026-02-17 01:50:46.866467,514
2026-02-17 01:50:46.874608,513
2026-02-17 01:50:46.882481,517
2026-02-17 01:50:46.890533,517
2026-02-17 01:50:46.898417,516
2026-02-17 01:50:46.906551,511
2026-02-17 01:50:46.914469,515
2026-02-17 01:50:46.922506,510
2026-02-17 01:50:46.930516,513
2026-02-17 01:50:46.938544,516
2026-02-17 01:50:46.946463,515
2026-02-17 01:50:46.954461,517
2026-02-17 01:50:46.962479,516
2026-02-17 01:50:46.970463,510
2026-02-17 01:50:46.978571,518
2026-02-17 01:50:46.986529,513
2026-02-17 01:50:46.994650,512
2026-02-17 01:50:47.002416,514
2026-02-17 01:50:47.010581,514
2026-02-17 01:50:47.018515,516
2026-02-17 01:50:47.026636,511
2026-02-17 01:50:47.034528,512
2026-02-17 01:50:47.042531,513
2026-02-17 01:50:47.050466,512
2026-02-17 01:50:47.058553,515
2026-02-17 01:50:47.066480,514
2026-02-17 01:50:47.074579,511
2026-02-17 01:50:47.082461,512
2026-02-17 01:50:47.090645,513
2026-02-17 01:50:47.098427,512
2026-02-17 01:50:47.106467,515
2026-02-17 01:50:47.114477,513
2026-02-17 01:50:47.122709,513
2026-02-17 01:50:47.130452,515
2026-02-17 01:50:47.138508,513
2026-02-17 01:50:47.146490,513
2026-02-17 01:50:47.154448,512
2026-02-17 01:50:47.162545,512
2026-02-17 01:50:47.170503,512
2026-02-17 01:50:47.178539,516
2026-02-17 01:50:47.186509,513
2026-02-17 01:50:47.194616,509
2026-02-17 01:50:47.202557,511
2026-02-17 01:50:47.210645,506
2026-02-17 01:50:47.218504,509
2026-02-17 01:50:47.226759,511
2026-02-17 01:50:47.234587,506
2026-02-17 01:50:47.242737,510
2026-02-17 01:50:47.250549,506
2026-02-17 01:50:47.258662,511
2026-02-17 01:50:47.266459,513
2026-02-17 01:50:47.274597,509
2026-02-17 01:50:47.282449,516
2026-02-17 01:50:47.290598,516
2026-02-17 01:50:47.298474,512
2026-02-17 01:50:47.306529,510
2026-02-17 01:50:47.314469,514
2026-02-17 01:50:47.322542,515
2026-02-17 01:50:47.330502,505
2026-02-17 01:50:47.338451,504
2026-02-17 01:50:47.346527,495
2026-02-17 01:50:47.354533,502
2026-02-17 01:50:47.362524,509
2026-02-17 01:50:47.370437,509
2026-02-17 01:50:47.378604,512
2026-02-17 01:50:47.386447,513
2026-02-17 01:50:47.394604,509
2026-02-17 01:50:47.402535,515
2026-02-17 01:50:47.410583,511
2026-02-17 01:50:47.418594,509
2026-02-17 01:50:47.426595,517
2026-02-17 01:50:47.434533,517
2026-02-17 01:50:47.442577,516
2026-02-17 01:50:47.450461,510
2026-02-17 01:50:47.458598,511
2026-02-17 01:50:47.466425,511
2026-02-17 01:50:47.474559,516
2026-02-17 01:50:47.482460,519
2026-02-17 01:50:47.490569,519
2026-02-17 01:50:47.498445,518
2026-02-17 01:50:47.506605,520
2026-02-17 01:50:47.514449,514
2026-02-17 01:50:47.522509,512
2026-02-17 01:50:47.530489,518
2026-02-17 01:50:47.538466,517
2026-02-17 01:50:47.546514,513
2026-02-17 01:50:47.554497,511
2026-02-17 01:50:47.562540,512
2026-02-17 01:50:47.570547,508
2026-02-17 01:50:47.578760,512
2026-02-17 01:50:47.586522,506
2026-02-17 01:50:47.594628,508
2026-02-17 01:50:47.602486,510
2026-02-17 01:50:47.610588,513
2026-02-17 01:50:47.618515,512
2026-02-17 01:50:47.626601,509
2026-02-17 01:50:47.634439,504
2026-02-17 01:50:47.642690,513
2026-02-17 01:50:47.650499,514
2026-02-17 01:50:47.658647,511
2026-02-17 01:50:47.666536,511
2026-02-17 01:50:47.674547,509
2026-02-17 01:50:47.682436,514
2026-02-17 01:50:47.690568,511
2026-02-17 01:50:47.698456,513
2026-02-17 01:50:47.706496,513
2026-02-17 01:50:47.714495,510
2026-02-17 01:50:47.722459,511
2026-02-17 01:50:47.730484,512
2026-02-17 01:50:47.738464,515
2026-02-17 01:50:47.746491,512
2026-02-17 01:50:47.754447,510
2026-02-17 01:50:47.762594,513
2026-02-17 01:50:47.770464,515
2026-02-17 01:50:47.778586,512
2026-02-17 01:50:47.786519,512
2026-02-17 01:50:47.794757,519
2026-02-17 01:50:47.802609,513
2026-02-17 01:50:47.810606,512
2026-02-17 01:50:47.818476,515
2026-02-17 01:50:47.826665,510
2026-02-17 01:50:47.834495,512
2026-02-17 01:50:47.842619,507
2026-02-17 01:50:47.850546,508
2026-02-17 01:50:47.858669,510
2026-02-17 01:50:47.866434,508
2026-02-17 01:50:47.874562,508
2026-02-17 01:50:47.882540,501
2026-02-17 01:50:47.890521,502
2026-02-17 01:50:47.898477,502
2026-02-17 01:50:47.906500,512
2026-02-17 01:50:47.914488,503
2026-02-17 01:50:47.922459,511
2026-02-17 01:50:47.930495,508
2026-02-17 01:50:47.938516,508
2026-02-17 01:50:47.946540,511
2026-02-17 01:50:47.954483,508
2026-02-17 01:50:47.962604,514
2026-02-17 01:50:47.970446,513
2026-02-17 01:50:47.978652,513
2026-02-17 01:50:47.986465,511
2026-02-17 01:50:47.994731,513
2026-02-17 01:50:48.002600,511
2026-02-17 01:50:48.010611,515
2026-02-17 01:50:48.018638,508
2026-02-17 01:50:48.026517,513
2026-02-17 01:50:48.034446,511
2026-02-17 01:50:48.042444,512
2026-02-17 01:50:48.050509,511
2026-02-17 01:50:48.058545,513
2026-02-17 01:50:48.066545,514
2026-02-17 01:50:48.074529,512
2026-02-17 01:50:48.082453,512
2026-02-17 01:50:48.090524,512
2026-02-17 01:50:48.098518,512
2026-02-17 01:50:48.106592,514
2026-02-17 01:50:48.114477,509
2026-02-17 01:50:48.122503,515
2026-02-17 01:50:48.130461,507
2026-02-17 01:50:48.138464,511
2026-02-17 01:50:48.146471,511
2026-02-17 01:50:48.154441,508
2026-02-17 01:50:48.162585,515
2026-02-17 01:50:48.170502,512
2026-02-17 01:50:48.178538,513
2026-02-17 01:50:48.186433,513
2026-02-17 01:50:48.194651,507
2026-02-17 01:50:48.202571,513
2026-02-17 01:50:48.210516,514
2026-02-17 01:50:48.218434,513
2026-02-17 01:50:48.226499,517
2026-02-17 01:50:48.234482,516
2026-02-17 01:50:48.242483,514
2026-02-17 01:50:48.250464,511
2026-02-17 01:50:48.258476,507
2026-02-17 01:50:48.266426,506
2026-02-17 01:50:48.274467,512
2026-02-17 01:50:48.282484,517
2026-02-17 01:50:48.290477,518
2026-02-17 01:50:48.298435,521
2026-02-17 01:50:48.306428,517
2026-02-17 01:50:48.314469,514
2026-02-17 01:50:48.322451,513
2026-02-17 01:50:48.330451,511
2026-02-17 01:50:48.338430,512
2026-02-17 01:50:48.346464,515
2026-02-17 01:50:48.354474,516
2026-02-17 01:50:48.362495,519
2026-02-17 01:50:48.370445,514
2026-02-17 01:50:48.378507,514
2026-02-17 01:50:48.386501,508
2026-02-17 01:50:48.394643,507
2026-02-17 01:50:48.402585,510
2026-02-17 01:50:48.410663,509
2026-02-17 01:50:48.418515,509
2026-02-17 01:50:48.426552,511
2026-02-17 01:50:48.434511,511
2026-02-17 01:50:48.442602,513
2026-02-17 01:50:48.450517,511
2026-02-17 01:50:48.458515,510
2026-02-17 01:50:48.466468,513
2026-02-17 01:50:48.474477,511
2026-02-17 01:50:48.482479,509
2026-02-17 01:50:48.490507,506
2026-02-17 01:50:48.498447,513
2026-02-17 01:50:48.506526,510
2026-02-17 01:50:48.514444,508
2026-02-17 01:50:48.522528,506
2026-02-17 01:50:48.530495,506
2026-02-17 01:50:48.538469,509
2026-02-17 01:50:48.546582,513
2026-02-17 01:50:48.554436,505
2026-02-17 01:50:48.562564,510
2026-02-17 01:50:48.570480,511
2026-02-17 01:50:48.578624,515
2026-02-17 01:50:48.586515,507
2026-02-17 01:50:48.594558,505
2026-02-17 01:50:48.602560,509
2026-02-17 01:50:48.610673,512
2026-02-17 01:50:48.618444,515
2026-02-17 01:50:48.626627,512
2026-02-17 01:50:48.634459,513
2026-02-17 01:50:48.642618,516
2026-02-17 01:50:48.650483,512
2026-02-17 01:50:48.658543,514
2026-02-17 01:50:48.666509,515
2026-02-17 01:50:48.674593,512
2026-02-17 01:50:48.682484,514
2026-02-17 01:50:48.690494,510
2026-02-17 01:50:48.698488,514
2026-02-17 01:50:48.706501,516
2026-02-17 01:50:48.714526,513
2026-02-17 01:50:48.722524,514
2026-02-17 01:50:48.730547,510
2026-02-17 01:50:48.738489,514
2026-02-17 01:50:48.746570,515
2026-02-17 01:50:48.754470,515
2026-02-17 01:50:48.762574,516
2026-02-17 01:50:48.770636,517
2026-02-17 01:50:48.778646,515
2026-02-17 01:50:48.786447,514
2026-02-17 01:50:48.794672,512
2026-02-17 01:50:48.802499,518
2026-02-17 01:50:48.810651,516
2026-02-17 01:50:48.818459,514
2026-02-17 01:50:48.826678,513
2026-02-17 01:50:48.834446,510
2026-02-17 01:50:48.842580,515
2026-02-17 01:50:48.850625,512
2026-02-17 01:50:48.858577,514
2026-02-17 01:50:48.866491,509
2026-02-17 01:50:48.874655,514
2026-02-17 01:50:48.882481,510
2026-02-17 01:50:48.890478,512
2026-02-17 01:50:48.898484,512
2026-02-17 01:50:48.906553,506
2026-02-17 01:50:48.914529,510
2026-02-17 01:50:48.922475,510
2026-02-17 01:50:48.930493,507
2026-02-17 01:50:48.938474,513
2026-02-17 01:50:48.946569,513
2026-02-17 01:50:48.954499,509
2026-02-17 01:50:48.962690,514
2026-02-17 01:50:48.970543,510
2026-02-17 01:50:48.978567,511
2026-02-17 01:50:48.986548,514
2026-02-17 01:50:48.994724,511
2026-02-17 01:50:49.002464,510
2026-02-17 01:50:49.010667,509
2026-02-17 01:50:49.018600,512
2026-02-17 01:50:49.026580,507
2026-02-17 01:50:49.034541,509
2026-02-17 01:50:49.042617,510
2026-02-17 01:50:49.050491,510
2026-02-17 01:50:49.058552,514
2026-02-17 01:50:49.066514,511
2026-02-17 01:50:49.074564,512
2026-02-17 01:50:49.082493,511
2026-02-17 01:50:49.090538,510
2026-02-17 01:50:49.098485,514
2026-02-17 01:50:49.106632,510
2026-02-17 01:50:49.114508,508
2026-02-17 01:50:49.122472,513
2026-02-17 01:50:49.130513,503
2026-02-17 01:50:49.138484,505
2026-02-17 01:50:49.146641,502
2026-02-17 01:50:49.154466,507
2026-02-17 01:50:49.162611,512
2026-02-17 01:50:49.170522,513
2026-02-17 01:50:49.178576,517
2026-02-17 01:50:49.186508,516
2026-02-17 01:50:49.194631,521
2026-02-17 01:50:49.202449,519
2026-02-17 01:50:49.210749,514
2026-02-17 01:50:49.218464,516
2026-02-17 01:50:49.226645,516
2026-02-17 01:50:49.234490,516
2026-02-17 01:50:49.242608,520
2026-02-17 01:50:49.250483,513
2026-02-17 01:50:49.258560,514
2026-02-17 01:50:49.266509,516
2026-02-17 01:50:49.274509,509
2026-02-17 01:50:49.282574,510
2026-02-17 01:50:49.290572,511
2026-02-17 01:50:49.298550,513
2026-02-17 01:50:49.306579,512
2026-02-17 01:50:49.314594,510
2026-02-17 01:50:49.322522,514
2026-02-17 01:50:49.330528,512
2026-02-17 01:50:49.338506,517
2026-02-17 01:50:49.346590,513
2026-02-17 01:50:49.354445,508
2026-02-17 01:50:49.362598,513
2026-02-17 01:50:49.370457,511
2026-02-17 01:50:49.378615,511
2026-02-17 01:50:49.386459,510
2026-02-17 01:50:49.394622,510
2026-02-17 01:50:49.402452,508
2026-02-17 01:50:49.410707,506
2026-02-17 01:50:49.418512,509
2026-02-17 01:50:49.426592,511
2026-02-17 01:50:49.434555,512
2026-02-17 01:50:49.442568,513
2026-02-17 01:50:49.450556,507
2026-02-17 01:50:49.458539,516
2026-02-17 01:50:49.466447,512
2026-02-17 01:50:49.474547,507
2026-02-17 01:50:49.482467,514
2026-02-17 01:50:49.490554,510
2026-02-17 01:50:49.498496,511
2026-02-17 01:50:49.506485,510
2026-02-17 01:50:49.514494,507
2026-02-17 01:50:49.522585,504
2026-02-17 01:50:49.530608,505
2026-02-17 01:50:49.538504,507
2026-02-17 01:50:49.546593,509
2026-02-17 01:50:49.554503,509
2026-02-17 01:50:49.562640,513
2026-02-17 01:50:49.570502,511
2026-02-17 01:50:49.578750,515
2026-02-17 01:50:49.586587,509
2026-02-17 01:50:49.594575,511
2026-02-17 01:50:49.602508,514
2026-02-17 01:50:49.610685,513
2026-02-17 01:50:49.618508,512
2026-02-17 01:50:49.626709,511
2026-02-17 01:50:49.634585,514
2026-02-17 01:50:49.642626,514
2026-02-17 01:50:49.650565,513
2026-02-17 01:50:49.658560,513
2026-02-17 01:50:49.666520,512
2026-02-17 01:50:49.674641,516
2026-02-17 01:50:49.682486,519
2026-02-17 01:50:49.690481,513
2026-02-17 01:50:49.698483,512
2026-02-17 01:50:49.706478,514
2026-02-17 01:50:49.714549,508
2026-02-17 01:50:49.722472,511
2026-02-17 01:50:49.730600,513
2026-02-17 01:50:49.738491,509
2026-02-17 01:50:49.746607,508
2026-02-17 01:50:49.754559,509
2026-02-17 01:50:49.762565,513
2026-02-17 01:50:49.770552,510
2026-02-17 01:50:49.778647,509
2026-02-17 01:50:49.786539,511
2026-02-17 01:50:49.794729,506
2026-02-17 01:50:49.802467,508
2026-02-17 01:50:49.810698,509
2026-02-17 01:50:49.818520,509
2026-02-17 01:50:49.826592,512
2026-02-17 01:50:49.834473,509
2026-02-17 01:50:49.842574,510
2026-02-17 01:50:49.850535,511
2026-02-17 01:50:49.858581,514
2026-02-17 01:50:49.866508,517
2026-02-17 01:50:49.874638,515
2026-02-17 01:50:49.882517,516
2026-02-17 01:50:49.890558,514
2026-02-17 01:50:49.898589,517
2026-02-17 01:50:49.906642,513
2026-02-17 01:50:49.914730,510
2026-02-17 01:50:49.922632,513
2026-02-17 01:50:49.930619,514
2026-02-17 01:50:49.938496,515
2026-02-17 01:50:49.946595,512
2026-02-17 01:50:49.954447,509
2026-02-17 01:50:49.962634,508
2026-02-17 01:50:49.970469,503
2026-02-17 01:50:49.978600,505
2026-02-17 01:50:49.986468,509
2026-02-17 01:50:49.994710,513
2026-02-17 01:50:50.002496,512
2026-02-17 01:50:50.010672,515
2026-02-17 01:50:50.018630,517
2026-02-17 01:50:50.026544,516
2026-02-17 01:50:50.034599,517
2026-02-17 01:50:50.042550,515
2026-02-17 01:50:50.050567,517
2026-02-17 01:50:50.058591,510
2026-02-17 01:50:50.066541,511
2026-02-17 01:50:50.074476,509
2026-02-17 01:50:50.082575,512
2026-02-17 01:50:50.090552,512
2026-02-17 01:50:50.098557,512
2026-02-17 01:50:50.106605,511
2026-02-17 01:50:50.114583,512
2026-02-17 01:50:50.122502,512
2026-02-17 01:50:50.130596,507
2026-02-17 01:50:50.138556,516
2026-02-17 01:50:50.146608,508
2026-02-17 01:50:50.154510,509
2026-02-17 01:50:50.162604,510
2026-02-17 01:50:50.170486,508
2026-02-17 01:50:50.178660,510
2026-02-17 01:50:50.186509,507
2026-02-17 01:50:50.194744,509
2026-02-17 01:50:50.202522,513
2026-02-17 01:50:50.210607,508
2026-02-17 01:50:50.218510,510
2026-02-17 01:50:50.226566,514
2026-02-17 01:50:50.234565,518
2026-02-17 01:50:50.242577,516
2026-02-17 01:50:50.250518,515
2026-02-17 01:50:50.258523,515
2026-02-17 01:50:50.266469,516
2026-02-17 01:50:50.274501,513
2026-02-17 01:50:50.282561,513
2026-02-17 01:50:50.290687,512
2026-02-17 01:50:50.298629,514
2026-02-17 01:50:50.306524,513
2026-02-17 01:50:50.314603,516
2026-02-17 01:50:50.322463,516
2026-02-17 01:50:50.330622,515
2026-02-17 01:50:50.338451,517
2026-02-17 01:50:50.346597,515
2026-02-17 01:50:50.354541,509
2026-02-17 01:50:50.362674,511
2026-02-17 01:50:50.370514,510
2026-02-17 01:50:50.378636,510
2026-02-17 01:50:50.386511,505
2026-02-17 01:50:50.394639,507
2026-02-17 01:50:50.402500,509
2026-02-17 01:50:50.410699,507
2026-02-17 01:50:50.418521,509
2026-02-17 01:50:50.426604,510
2026-02-17 01:50:50.434580,511
2026-02-17 01:50:50.442606,517
2026-02-17 01:50:50.450506,516
2026-02-17 01:50:50.458575,516
2026-02-17 01:50:50.466495,517
2026-02-17 01:50:50.474544,512
2026-02-17 01:50:50.482510,517
2026-02-17 01:50:50.490559,515
2026-02-17 01:50:50.498583,515
2026-02-17 01:50:50.506505,512
2026-02-17 01:50:50.514579,513
2026-02-17 01:50:50.522494,514
2026-02-17 01:50:50.530658,513
2026-02-17 01:50:50.538506,512
2026-02-17 01:50:50.546598,510
2026-02-17 01:50:50.554460,508
2026-02-17 01:50:50.562630,509
2026-02-17 01:50:50.570466,510
2026-02-17 01:50:50.578799,514
2026-02-17 01:50:50.586533,513
2026-02-17 01:50:50.594635,512
2026-02-17 01:50:50.602535,516
2026-02-17 01:50:50.610711,515
2026-02-17 01:50:50.618509,512
2026-02-17 01:50:50.626590,510
2026-02-17 01:50:50.634535,510
2026-02-17 01:50:50.642540,510
2026-02-17 01:50:50.650480,509
2026-02-17 01:50:50.658584,513
2026-02-17 01:50:50.666533,512
2026-02-17 01:50:50.674568,511
2026-02-17 01:50:50.682476,511
2026-02-17 01:50:50.690533,508
2026-02-17 01:50:50.698683,507
2026-02-17 01:50:50.706497,504
2026-02-17 01:50:50.714632,503
2026-02-17 01:50:50.722517,509
2026-02-17 01:50:50.730656,514
2026-02-17 01:50:50.738523,510
2026-02-17 01:50:50.746606,512
2026-02-17 01:50:50.754473,512
2026-02-17 01:50:50.762616,510
2026-02-17 01:50:50.770638,511
2026-02-17 01:50:50.778785,507
2026-02-17 01:50:50.786551,502
2026-02-17 01:50:50.794747,501
2026-02-17 01:50:50.802470,509
2026-02-17 01:50:50.810587,511
2026-02-17 01:50:50.818532,515
2026-02-17 01:50:50.826615,512
2026-02-17 01:50:50.834516,509
2026-02-17 01:50:50.842587,508
2026-02-17 01:50:50.850519,511
2026-02-17 01:50:50.858566,516
2026-02-17 01:50:50.866523,515
2026-02-17 01:50:50.874504,512
2026-02-17 01:50:50.882535,517
2026-02-17 01:50:50.890511,512
2026-02-17 01:50:50.898570,512
2026-02-17 01:50:50.906474,510
2026-02-17 01:50:50.914641,508
2026-02-17 01:50:50.922471,509
2026-02-17 01:50:50.930636,512
2026-02-17 01:50:50.938580,514
2026-02-17 01:50:50.946676,512
2026-02-17 01:50:50.954596,512
2026-02-17 01:50:50.962684,514
2026-02-17 01:50:50.970476,510
2026-02-17 01:50:50.978805,513
2026-02-17 01:50:50.986509,511
2026-02-17 01:50:50.994664,513
2026-02-17 01:50:51.002517,512
2026-02-17 01:50:51.010688,509
2026-02-17 01:50:51.018642,512
2026-02-17 01:50:51.026542,515
2026-02-17 01:50:51.034615,511
2026-02-17 01:50:51.042605,513
2026-02-17 01:50:51.050559,514
2026-02-17 01:50:51.058629,512
2026-02-17 01:50:51.066553,516
2026-02-17 01:50:51.074737,513
2026-02-17 01:50:51.082658,517
2026-02-17 01:50:51.090582,515
2026-02-17 01:50:51.098582,515
2026-02-17 01:50:51.106544,514
2026-02-17 01:50:51.114671,514
2026-02-17 01:50:51.122467,510
2026-02-17 01:50:51.130667,512
2026-02-17 01:50:51.138510,514
2026-02-17 01:50:51.146630,509
2026-02-17 01:50:51.154512,512
2026-02-17 01:50:51.162687,509
2026-02-17 01:50:51.170501,513
2026-02-17 01:50:51.178649,515
2026-02-17 01:50:51.186544,514
2026-02-17 01:50:51.194726,507
2026-02-17 01:50:51.202543,514
2026-02-17 01:50:51.210631,511
2026-02-17 01:50:51.218499,512
2026-02-17 01:50:51.226620,512
2026-02-17 01:50:51.234525,511
2026-02-17 01:50:51.242517,513
2026-02-17 01:50:51.250525,513
2026-02-17 01:50:51.258518,512
2026-02-17 01:50:51.266517,513
2026-02-17 01:50:51.274556,508
2026-02-17 01:50:51.282548,510
2026-02-17 01:50:51.290515,511
2026-02-17 01:50:51.298621,516
2026-02-17 01:50:51.306515,515
2026-02-17 01:50:51.314634,513
2026-02-17 01:50:51.322540,512
2026-02-17 01:50:51.330674,513
2026-02-17 01:50:51.338649,520
2026-02-17 01:50:51.346630,515
2026-02-17 01:50:51.354601,513
2026-02-17 01:50:51.362659,513
2026-02-17 01:50:51.370499,513
2026-02-17 01:50:51.378668,515
2026-02-17 01:50:51.386480,515
2026-02-17 01:50:51.394666,506
2026-02-17 01:50:51.402522,510
2026-02-17 01:50:51.410596,508
2026-02-17 01:50:51.418550,510
2026-02-17 01:50:51.426528,508
2026-02-17 01:50:51.434496,505
2026-02-17 01:50:51.442568,510
2026-02-17 01:50:51.450548,511
2026-02-17 01:50:51.458592,510
2026-02-17 01:50:51.466494,510
2026-02-17 01:50:51.474538,509
2026-02-17 01:50:51.482606,512
2026-02-17 01:50:51.490476,511
2026-02-17 01:50:51.498634,511
2026-02-17 01:50:51.506515,511
2026-02-17 01:50:51.514595,510
2026-02-17 01:50:51.522556,511
2026-02-17 01:50:51.530656,507
2026-02-17 01:50:51.538607,508
2026-02-17 01:50:51.546657,506
2026-02-17 01:50:51.554578,508
2026-02-17 01:50:51.562681,514
2026-02-17 01:50:51.570515,510
2026-02-17 01:50:51.578662,509
2026-02-17 01:50:51.586488,504
2026-02-17 01:50:51.594655,501
2026-02-17 01:50:51.602531,500
2026-02-17 01:50:51.610585,507
2026-02-17 01:50:51.618543,511
2026-02-17 01:50:51.626623,515
2026-02-17 01:50:51.634490,510
2026-02-17 01:50:51.642551,513
2026-02-17 01:50:51.650531,512
2026-02-17 01:50:51.658556,513
2026-02-17 01:50:51.666541,511
2026-02-17 01:50:51.674514,516
2026-02-17 01:50:51.682638,515
2026-02-17 01:50:51.690673,514
2026-02-17 01:50:51.698689,514
2026-02-17 01:50:51.706494,519
2026-02-17 01:50:51.714690,513
2026-02-17 01:50:51.722481,515
2026-02-17 01:50:51.730617,513
2026-02-17 01:50:51.738520,515
2026-02-17 01:50:51.746671,516
2026-02-17 01:50:51.754512,516
2026-02-17 01:50:51.762609,514
2026-02-17 01:50:51.770536,513
2026-02-17 01:50:51.778615,512
2026-02-17 01:50:51.786507,514
2026-02-17 01:50:51.794679,513
2026-02-17 01:50:51.802528,512
2026-02-17 01:50:51.810612,511
2026-02-17 01:50:51.818547,510
2026-02-17 01:50:51.826519,512
2026-02-17 01:50:51.834551,513
2026-02-17 01:50:51.842584,512
2026-02-17 01:50:51.850635,514
2026-02-17 01:50:51.858790,513
2026-02-17 01:50:51.866610,513
2026-02-17 01:50:51.874585,511
2026-02-17 01:50:51.882600,511
2026-02-17 01:50:51.890551,510
2026-02-17 01:50:51.898637,511
2026-02-17 01:50:51.906514,516
2026-02-17 01:50:51.914645,510
2026-02-17 01:50:51.922493,515
2026-02-17 01:50:51.930652,518
2026-02-17 01:50:51.938609,513
2026-02-17 01:50:51.946648,516
2026-02-17 01:50:51.954490,516
2026-02-17 01:50:51.962682,515
2026-02-17 01:50:51.970539,514
2026-02-17 01:50:51.978645,516
2026-02-17 01:50:51.986561,516
2026-02-17 01:50:51.994688,513
2026-02-17 01:50:52.002553,514
2026-02-17 01:50:52.010981,516
2026-02-17 01:50:52.018745,517
2026-02-17 01:50:52.026582,513
2026-02-17 01:50:52.034649,508
2026-02-17 01:50:52.042761,511
2026-02-17 01:50:52.050598,505
2026-02-17 01:50:52.058640,508
2026-02-17 01:50:52.067118,508
2026-02-17 01:50:52.074583,506
2026-02-17 01:50:52.082592,509
2026-02-17 01:50:52.090595,510
2026-02-17 01:50:52.098565,512
2026-02-17 01:50:52.106547,514
2026-02-17 01:50:52.114579,507
2026-02-17 01:50:52.122527,514
2026-02-17 01:50:52.130538,510
2026-02-17 01:50:52.138531,511
2026-02-17 01:50:52.146568,514
2026-02-17 01:50:52.154493,512
2026-02-17 01:50:52.162568,510
2026-02-17 01:50:52.170541,509
2026-02-17 01:50:52.178531,511
2026-02-17 01:50:52.186553,512
2026-02-17 01:50:52.194508,507
2026-02-17 01:50:52.202487,510
2026-02-17 01:50:52.210546,509
2026-02-17 01:50:52.218518,510
2026-02-17 01:50:52.226502,509
2026-02-17 01:50:52.234506,507
2026-02-17 01:50:52.242567,510
2026-02-17 01:50:52.250486,512
2026-02-17 01:50:52.258493,514
2026-02-17 01:50:52.266610,511
2026-02-17 01:50:52.274538,511
2026-02-17 01:50:52.282645,512
2026-02-17 01:50:52.290540,512
2026-02-17 01:50:52.298648,515
2026-02-17 01:50:52.306489,507
2026-02-17 01:50:52.314676,509
2026-02-17 01:50:52.322730,508
2026-02-17 01:50:52.330729,507
2026-02-17 01:50:52.338551,507
2026-02-17 01:50:52.346659,508
2026-02-17 01:50:52.354593,507
2026-02-17 01:50:52.362705,514
2026-02-17 01:50:52.370503,513
2026-02-17 01:50:52.378689,508
2026-02-17 01:50:52.386558,504
2026-02-17 01:50:52.394655,503
2026-02-17 01:50:52.402526,508
2026-02-17 01:50:52.410588,515
2026-02-17 01:50:52.418592,518
2026-02-17 01:50:52.426552,517
2026-02-17 01:50:52.434560,518
2026-02-17 01:50:52.442561,521
2026-02-17 01:50:52.450546,516
2026-02-17 01:50:52.458578,514
2026-02-17 01:50:52.466584,515
2026-02-17 01:50:52.474567,509
2026-02-17 01:50:52.482635,518
2026-02-17 01:50:52.490579,510
2026-02-17 01:50:52.498665,512
2026-02-17 01:50:52.506525,513
2026-02-17 01:50:52.514635,511
2026-02-17 01:50:52.522544,512
2026-02-17 01:50:52.530694,511
2026-02-17 01:50:52.538598,508
2026-02-17 01:50:52.546809,515
2026-02-17 01:50:52.554510,506
2026-02-17 01:50:52.562661,511
2026-02-17 01:50:52.570501,511
2026-02-17 01:50:52.578680,509
2026-02-17 01:50:52.586557,508
2026-02-17 01:50:52.594678,509
2026-02-17 01:50:52.602557,509
2026-02-17 01:50:52.610594,509
2026-02-17 01:50:52.618521,509
2026-02-17 01:50:52.626645,509
2026-02-17 01:50:52.634519,510
2026-02-17 01:50:52.642582,509
2026-02-17 01:50:52.650563,513
2026-02-17 01:50:52.658575,513
2026-02-17 01:50:52.666644,516
2026-02-17 01:50:52.674515,514
2026-02-17 01:50:52.682623,515
2026-02-17 01:50:52.690678,518
2026-02-17 01:50:52.698658,514
2026-02-17 01:50:52.706594,515
2026-02-17 01:50:52.714659,511
2026-02-17 01:50:52.722596,513
2026-02-17 01:50:52.730776,512
2026-02-17 01:50:52.738530,513
2026-02-17 01:50:52.746626,513
2026-02-17 01:50:52.754499,509
2026-02-17 01:50:52.762649,512
2026-02-17 01:50:52.770550,513
2026-02-17 01:50:52.778893,518
2026-02-17 01:50:52.786617,515
2026-02-17 01:50:52.794609,515
2026-02-17 01:50:52.802496,515
2026-02-17 01:50:52.810562,513
2026-02-17 01:50:52.818536,515
2026-02-17 01:50:52.826698,522
2026-02-17 01:50:52.834608,519
2026-02-17 01:50:52.842542,519
2026-02-17 01:50:52.850605,516
2026-02-17 01:50:52.858540,513
2026-02-17 01:50:52.866716,515
2026-02-17 01:50:52.874625,514
2026-02-17 01:50:52.882675,514
2026-02-17 01:50:52.890491,513
2026-02-17 01:50:52.898656,510
2026-02-17 01:50:52.906539,509
2026-02-17 01:50:52.914802,511
2026-02-17 01:50:52.922639,511
2026-02-17 01:50:52.930624,511
2026-02-17 01:50:52.938546,512
2026-02-17 01:50:52.946713,512
2026-02-17 01:50:52.954494,512
2026-02-17 01:50:52.962717,518
2026-02-17 01:50:52.970573,515
2026-02-17 01:50:52.978634,521
2026-02-17 01:50:52.986515,518
2026-02-17 01:50:52.994614,513
2026-02-17 01:50:53.002587,518
2026-02-17 01:50:53.010847,515
2026-02-17 01:50:53.018671,519
2026-02-17 01:50:53.026661,517
2026-02-17 01:50:53.034605,510
2026-02-17 01:50:53.042700,510
2026-02-17 01:50:53.050593,507
2026-02-17 01:50:53.058617,511
2026-02-17 01:50:53.066683,508
2026-02-17 01:50:53.074547,508
2026-02-17 01:50:53.082696,507
2026-02-17 01:50:53.090529,509
2026-02-17 01:50:53.098638,514
2026-02-17 01:50:53.106546,514
2026-02-17 01:50:53.114714,515
2026-02-17 01:50:53.122557,514
2026-02-17 01:50:53.130693,511
2026-02-17 01:50:53.138584,505
2026-02-17 01:50:53.146676,506
2026-02-17 01:50:53.154510,510
2026-02-17 01:50:53.162636,517
2026-02-17 01:50:53.170567,515
2026-02-17 01:50:53.178645,515
2026-02-17 01:50:53.186559,515
2026-02-17 01:50:53.194625,511
2026-02-17 01:50:53.202617,513
2026-02-17 01:50:53.210551,508
2026-02-17 01:50:53.218559,515
2026-02-17 01:50:53.226583,511
2026-02-17 01:50:53.234577,514
2026-02-17 01:50:53.242529,511
2026-02-17 01:50:53.250552,511
2026-02-17 01:50:53.258508,509
2026-02-17 01:50:53.266570,510
2026-02-17 01:50:53.274585,506
2026-02-17 01:50:53.282592,508
2026-02-17 01:50:53.290589,507
2026-02-17 01:50:53.298565,511
2026-02-17 01:50:53.306533,513
2026-02-17 01:50:53.314586,512
2026-02-17 01:50:53.322520,513
2026-02-17 01:50:53.330575,512
2026-02-17 01:50:53.338529,514
2026-02-17 01:50:53.346577,511
2026-02-17 01:50:53.354543,510
2026-02-17 01:50:53.362568,515
2026-02-17 01:50:53.370519,511
2026-02-17 01:50:53.378557,511
2026-02-17 01:50:53.386548,507
2026-02-17 01:50:53.394595,503
2026-02-17 01:50:53.402654,508
2026-02-17 01:50:53.410656,511
2026-02-17 01:50:53.418565,513
2026-02-17 01:50:53.426660,511
2026-02-17 01:50:53.434577,513
2026-02-17 01:50:53.442564,511
2026-02-17 01:50:53.450632,514
2026-02-17 01:50:53.458518,513
2026-02-17 01:50:53.466685,513
2026-02-17 01:50:53.474541,512
2026-02-17 01:50:53.482700,515
2026-02-17 01:50:53.490561,510
2026-02-17 01:50:53.498727,513
2026-02-17 01:50:53.506572,513
2026-02-17 01:50:53.514646,512
2026-02-17 01:50:53.522535,515
2026-02-17 01:50:53.530682,515
2026-02-17 01:50:53.538575,520
2026-02-17 01:50:53.546707,516
2026-02-17 01:50:53.554520,520
2026-02-17 01:50:53.562634,518
2026-02-17 01:50:53.570510,517
2026-02-17 01:50:53.578614,516
2026-02-17 01:50:53.586547,515
2026-02-17 01:50:53.594618,514
2026-02-17 01:50:53.602583,516
2026-02-17 01:50:53.610591,513
2026-02-17 01:50:53.618563,513
2026-02-17 01:50:53.626624,513
2026-02-17 01:50:53.634610,509
2026-02-17 01:50:53.642579,514
2026-02-17 01:50:53.650627,513
2026-02-17 01:50:53.658564,510
2026-02-17 01:50:53.666734,510
2026-02-17 01:50:53.674644,512
2026-02-17 01:50:53.682630,513
2026-02-17 01:50:53.690530,509
2026-02-17 01:50:53.698702,511
2026-02-17 01:50:53.706537,512
2026-02-17 01:50:53.714718,510
2026-02-17 01:50:53.722516,510
2026-02-17 01:50:53.730671,512
2026-02-17 01:50:53.738555,515
2026-02-17 01:50:53.746666,511
2026-02-17 01:50:53.754546,511
2026-02-17 01:50:53.762625,511
2026-02-17 01:50:53.770562,509
2026-02-17 01:50:53.778728,513
2026-02-17 01:50:53.786557,513
2026-02-17 01:50:53.794662,514
2026-02-17 01:50:53.802597,514
2026-02-17 01:50:53.810562,515
2026-02-17 01:50:53.818567,513
2026-02-17 01:50:53.826629,512
2026-02-17 01:50:53.834586,510
2026-02-17 01:50:53.842535,511
2026-02-17 01:50:53.850777,508
2026-02-17 01:50:53.858553,514
2026-02-17 01:50:53.866792,513
2026-02-17 01:50:53.874652,508
2026-02-17 01:50:53.882722,507
2026-02-17 01:50:53.890591,504
2026-02-17 01:50:53.898719,505
2026-02-17 01:50:53.906586,505
2026-02-17 01:50:53.914689,512
2026-02-17 01:50:53.922548,512
2026-02-17 01:50:53.930637,511
2026-02-17 01:50:53.938531,515
2026-02-17 01:50:53.946669,516
2026-02-17 01:50:53.954530,515
2026-02-17 01:50:53.962626,517
2026-02-17 01:50:53.970593,514
2026-02-17 01:50:53.978656,514
2026-02-17 01:50:53.986552,514
2026-02-17 01:50:53.994578,511
2026-02-17 01:50:54.002555,514
2026-02-17 01:50:54.010635,514
2026-02-17 01:50:54.018681,514
2026-02-17 01:50:54.026631,510
2026-02-17 01:50:54.034626,510
2026-02-17 01:50:54.042577,512
2026-02-17 01:50:54.050568,506
2026-02-17 01:50:54.058658,509
2026-02-17 01:50:54.066724,508
2026-02-17 01:50:54.074525,508
2026-02-17 01:50:54.082736,515
2026-02-17 01:50:54.090612,514
2026-02-17 01:50:54.098672,514
2026-02-17 01:50:54.106565,512
2026-02-17 01:50:54.114777,512
2026-02-17 01:50:54.122525,514
2026-02-17 01:50:54.130697,514
2026-02-17 01:50:54.138571,515
2026-02-17 01:50:54.146633,513
2026-02-17 01:50:54.154516,505
2026-02-17 01:50:54.162589,508
2026-02-17 01:50:54.170546,505
2026-02-17 01:50:54.178634,511
2026-02-17 01:50:54.186528,513
2026-02-17 01:50:54.194801,512
2026-02-17 01:50:54.202532,515
2026-02-17 01:50:54.210575,510
2026-02-17 01:50:54.218534,514
2026-02-17 01:50:54.226647,512
2026-02-17 01:50:54.234667,512
2026-02-17 01:50:54.242541,518
2026-02-17 01:50:54.250671,515
2026-02-17 01:50:54.258537,515
2026-02-17 01:50:54.266665,518
2026-02-17 01:50:54.274592,517
2026-02-17 01:50:54.282694,516
2026-02-17 01:50:54.290566,516
2026-02-17 01:50:54.298674,518
2026-02-17 01:50:54.306597,518
2026-02-17 01:50:54.314771,513
2026-02-17 01:50:54.322546,514
2026-02-17 01:50:54.330690,511
2026-02-17 01:50:54.338560,511
2026-02-17 01:50:54.346674,505
2026-02-17 01:50:54.354565,506
2026-02-17 01:50:54.362635,512
2026-02-17 01:50:54.370560,510
2026-02-17 01:50:54.378569,512
2026-02-17 01:50:54.386514,511
2026-02-17 01:50:54.394637,513
2026-02-17 01:50:54.402569,518
2026-02-17 01:50:54.410624,511
2026-02-17 01:50:54.418667,514
2026-02-17 01:50:54.426577,516
2026-02-17 01:50:54.434718,515
2026-02-17 01:50:54.442595,516
2026-02-17 01:50:54.450772,513
2026-02-17 01:50:54.458603,516
2026-02-17 01:50:54.466624,517
2026-02-17 01:50:54.474630,510
2026-02-17 01:50:54.482651,514
2026-02-17 01:50:54.490620,508
2026-02-17 01:50:54.498734,509
2026-02-17 01:50:54.506576,516
2026-02-17 01:50:54.514636,510
2026-02-17 01:50:54.522521,512
2026-02-17 01:50:54.530656,509
2026-02-17 01:50:54.538535,513
2026-02-17 01:50:54.546631,510
2026-02-17 01:50:54.554522,506
2026-02-17 01:50:54.562707,509
2026-02-17 01:50:54.570533,507
2026-02-17 01:50:54.578563,508
2026-02-17 01:50:54.586570,510
2026-02-17 01:50:54.594647,508
2026-02-17 01:50:54.602568,512
2026-02-17 01:50:54.610567,511
2026-02-17 01:50:54.618644,514
2026-02-17 01:50:54.626566,511
2026-02-17 01:50:54.634686,514
2026-02-17 01:50:54.642660,509
2026-02-17 01:50:54.650661,503
2026-02-17 01:50:54.658523,504
2026-02-17 01:50:54.666739,499
2026-02-17 01:50:54.674602,503
2026-02-17 01:50:54.682642,512
2026-02-17 01:50:54.690578,513
2026-02-17 01:50:54.698716,512
2026-02-17 01:50:54.706553,512
2026-02-17 01:50:54.714707,514
2026-02-17 01:50:54.722524,513
2026-02-17 01:50:54.730695,515
2026-02-17 01:50:54.738556,513
2026-02-17 01:50:54.746634,514
2026-02-17 01:50:54.754562,516
2026-02-17 01:50:54.762658,516
2026-02-17 01:50:54.770568,514
2026-02-17 01:50:54.778548,513
2026-02-17 01:50:54.786618,510
2026-02-17 01:50:54.794614,512
2026-02-17 01:50:54.802526,510
2026-02-17 01:50:54.810590,511
2026-02-17 01:50:54.818648,513
2026-02-17 01:50:54.826560,513
2026-02-17 01:50:54.834747,515
2026-02-17 01:50:54.842615,512
2026-02-17 01:50:54.850861,513
2026-02-17 01:50:54.858647,511
2026-02-17 01:50:54.866750,508
2026-02-17 01:50:54.874625,511
2026-02-17 01:50:54.882832,510
2026-02-17 01:50:54.890753,512
2026-02-17 01:50:54.899060,513
2026-02-17 01:50:54.906762,513
2026-02-17 01:50:54.914881,514
2026-02-17 01:50:54.922689,513
2026-02-17 01:50:54.930800,512
2026-02-17 01:50:54.938665,510
2026-02-17 01:50:54.946862,515
2026-02-17 01:50:54.954711,512
2026-02-17 01:50:54.962755,514
2026-02-17 01:50:54.970625,512
2026-02-17 01:50:54.978879,511
2026-02-17 01:50:54.986705,512
2026-02-17 01:50:54.994822,514
2026-02-17 01:50:55.002806,517
2026-02-17 01:50:55.011226,517
2026-02-17 01:50:55.018881,513
2026-02-17 01:50:55.026663,514
2026-02-17 01:50:55.035008,512
2026-02-17 01:50:55.042676,512
2026-02-17 01:50:55.050749,513
2026-02-17 01:50:55.058723,513
2026-02-17 01:50:55.066811,511
2026-02-17 01:50:55.074762,514
2026-02-17 01:50:55.082827,513
2026-02-17 01:50:55.090677,512
2026-02-17 01:50:55.098726,515
2026-02-17 01:50:55.106597,516
2026-02-17 01:50:55.114702,516
2026-02-17 01:50:55.122546,511
2026-02-17 01:50:55.130705,512
2026-02-17 01:50:55.138541,514
2026-02-17 01:50:55.146631,514
2026-02-17 01:50:55.154583,510
2026-02-17 01:50:55.162661,513
2026-02-17 01:50:55.170543,512
2026-02-17 01:50:55.178599,515
2026-02-17 01:50:55.186573,514
2026-02-17 01:50:55.194534,516
2026-02-17 01:50:55.202616,515
2026-02-17 01:50:55.210542,513
2026-02-17 01:50:55.218624,515
2026-02-17 01:50:55.226530,510
2026-02-17 01:50:55.234731,507
2026-02-17 01:50:55.242524,507
2026-02-17 01:50:55.250693,509
2026-02-17 01:50:55.258549,507
2026-02-17 01:50:55.266694,509
2026-02-17 01:50:55.274635,508
2026-02-17 01:50:55.282737,511
2026-02-17 01:50:55.290607,512
2026-02-17 01:50:55.298717,516
2026-02-17 01:50:55.306601,512
2026-02-17 01:50:55.314736,510
2026-02-17 01:50:55.322578,517
2026-02-17 01:50:55.330640,518
2026-02-17 01:50:55.338548,517
2026-02-17 01:50:55.346584,517
2026-02-17 01:50:55.354581,516
2026-02-17 01:50:55.362570,519
2026-02-17 01:50:55.370550,513
2026-02-17 01:50:55.378578,515
2026-02-17 01:50:55.386551,514
2026-02-17 01:50:55.394621,510
2026-02-17 01:50:55.402646,516
2026-02-17 01:50:55.410557,515
2026-02-17 01:50:55.418715,518
2026-02-17 01:50:55.426566,511
2026-02-17 01:50:55.434756,512
2026-02-17 01:50:55.442678,512
2026-02-17 01:50:55.450703,513
2026-02-17 01:50:55.458595,508
2026-02-17 01:50:55.466632,502
2026-02-17 01:50:55.474621,500
2026-02-17 01:50:55.482711,501
2026-02-17 01:50:55.490562,507
2026-02-17 01:50:55.498749,511
2026-02-17 01:50:55.506543,512
2026-02-17 01:50:55.514659,510
2026-02-17 01:50:55.522665,509
2026-02-17 01:50:55.530642,515
2026-02-17 01:50:55.538542,513
2026-02-17 01:50:55.546682,511
2026-02-17 01:50:55.554550,508
2026-02-17 01:50:55.562570,509
2026-02-17 01:50:55.570565,508
2026-02-17 01:50:55.578614,508
2026-02-17 01:50:55.586627,510
2026-02-17 01:50:55.594653,508
2026-02-17 01:50:55.602675,513
2026-02-17 01:50:55.610564,512
2026-02-17 01:50:55.618659,515
2026-02-17 01:50:55.626599,513
2026-02-17 01:50:55.634677,514
2026-02-17 01:50:55.642595,516
2026-02-17 01:50:55.650710,511
2026-02-17 01:50:55.658652,513
2026-02-17 01:50:55.666750,511
2026-02-17 01:50:55.674574,509
2026-02-17 01:50:55.682650,511
2026-02-17 01:50:55.690550,510
2026-02-17 01:50:55.698780,513
2026-02-17 01:50:55.706558,512
2026-02-17 01:50:55.714715,512
2026-02-17 01:50:55.722544,515
2026-02-17 01:50:55.730645,514
2026-02-17 01:50:55.738546,512
2026-02-17 01:50:55.746628,512
2026-02-17 01:50:55.754575,513
2026-02-17 01:50:55.762574,513
2026-02-17 01:50:55.770585,516
2026-02-17 01:50:55.778640,516
2026-02-17 01:50:55.786601,513
2026-02-17 01:50:55.794664,516
2026-02-17 01:50:55.802620,517
2026-02-17 01:50:55.810572,511
2026-02-17 01:50:55.818667,515
2026-02-17 01:50:55.826658,513
2026-02-17 01:50:55.834753,512
2026-02-17 01:50:55.842548,515
2026-02-17 01:50:55.850761,512
2026-02-17 01:50:55.858595,514
2026-02-17 01:50:55.866721,512
2026-02-17 01:50:55.874591,513
2026-02-17 01:50:55.882680,517
2026-02-17 01:50:55.890550,517
2026-02-17 01:50:55.898689,515
2026-02-17 01:50:55.906599,518
2026-02-17 01:50:55.914684,512
2026-02-17 01:50:55.922595,514
2026-02-17 01:50:55.930625,514
2026-02-17 01:50:55.938577,515
2026-02-17 01:50:55.946623,515
2026-02-17 01:50:55.954576,514
2026-02-17 01:50:55.962638,511
2026-02-17 01:50:55.970551,508
2026-02-17 01:50:55.978654,511
2026-02-17 01:50:55.986671,509
2026-02-17 01:50:55.994621,512
2026-02-17 01:50:56.002695,515
2026-02-17 01:50:56.010641,511
2026-02-17 01:50:56.019033,509
2026-02-17 01:50:56.026644,510
2026-02-17 01:50:56.034927,511
2026-02-17 01:50:56.042602,514
2026-02-17 01:50:56.050599,508
2026-02-17 01:50:56.058639,514
2026-02-17 01:50:56.066791,516
2026-02-17 01:50:56.074608,518
2026-02-17 01:50:56.082768,518
2026-02-17 01:50:56.090650,512
2026-02-17 01:50:56.098684,515
2026-02-17 01:50:56.106555,514
2026-02-17 01:50:56.114666,513
2026-02-17 01:50:56.122568,517
2026-02-17 01:50:56.130655,515
2026-02-17 01:50:56.138540,514
2026-02-17 01:50:56.146637,513
2026-02-17 01:50:56.154577,510
2026-02-17 01:50:56.162658,513
2026-02-17 01:50:56.170599,516
2026-02-17 01:50:56.178592,513
2026-02-17 01:50:56.186639,514
2026-02-17 01:50:56.194673,511
2026-02-17 01:50:56.202690,515
2026-02-17 01:50:56.210557,514
2026-02-17 01:50:56.218680,513
2026-02-17 01:50:56.226660,516
2026-02-17 01:50:56.234727,512
2026-02-17 01:50:56.242642,514
2026-02-17 01:50:56.250704,510
2026-02-17 01:50:56.258586,511
2026-02-17 01:50:56.266663,511
2026-02-17 01:50:56.274577,511
2026-02-17 01:50:56.282718,515
2026-02-17 01:50:56.290590,512
2026-02-17 01:50:56.298689,514
2026-02-17 01:50:56.306576,510
2026-02-17 01:50:56.314710,505
2026-02-17 01:50:56.322599,504
2026-02-17 01:50:56.330660,499
2026-02-17 01:50:56.338580,506
2026-02-17 01:50:56.346657,510
2026-02-17 01:50:56.354601,512
2026-02-17 01:50:56.362679,512
2026-02-17 01:50:56.370584,511
2026-02-17 01:50:56.378595,514
2026-02-17 01:50:56.386648,514
2026-02-17 01:50:56.394647,512
2026-02-17 01:50:56.402771,511
2026-02-17 01:50:56.410540,513
2026-02-17 01:50:56.418760,512
2026-02-17 01:50:56.426565,510
2026-02-17 01:50:56.434767,510
2026-02-17 01:50:56.442629,510
2026-02-17 01:50:56.450759,509
2026-02-17 01:50:56.458617,511
2026-02-17 01:50:56.466684,509
2026-02-17 01:50:56.474612,505
2026-02-17 01:50:56.482784,508
2026-02-17 01:50:56.490611,513
2026-02-17 01:50:56.498691,513
2026-02-17 01:50:56.506559,511
2026-02-17 01:50:56.514678,510
2026-02-17 01:50:56.522565,511
2026-02-17 01:50:56.530663,510
2026-02-17 01:50:56.538582,512
2026-02-17 01:50:56.546794,510
2026-02-17 01:50:56.554579,508
2026-02-17 01:50:56.562639,511
2026-02-17 01:50:56.570602,509
2026-02-17 01:50:56.578585,510
2026-02-17 01:50:56.586668,512
2026-02-17 01:50:56.594669,510
2026-02-17 01:50:56.602722,515
2026-02-17 01:50:56.610640,518
2026-02-17 01:50:56.618694,517
2026-02-17 01:50:56.626570,515
2026-02-17 01:50:56.634676,513
2026-02-17 01:50:56.642608,517
2026-02-17 01:50:56.650752,513
2026-02-17 01:50:56.658627,513
2026-02-17 01:50:56.666726,512
2026-02-17 01:50:56.674608,512
2026-02-17 01:50:56.682674,512
2026-02-17 01:50:56.690589,514
2026-02-17 01:50:56.698769,513
2026-02-17 01:50:56.706600,512
2026-02-17 01:50:56.714624,513
2026-02-17 01:50:56.722550,514
2026-02-17 01:50:56.730684,515
2026-02-17 01:50:56.738614,513
2026-02-17 01:50:56.746661,511
2026-02-17 01:50:56.754603,514
2026-02-17 01:50:56.762658,517
2026-02-17 01:50:56.770682,515
2026-02-17 01:50:56.778585,521
2026-02-17 01:50:56.786720,523
2026-02-17 01:50:56.794715,514
2026-02-17 01:50:56.802746,516
2026-02-17 01:50:56.810714,513
2026-02-17 01:50:56.818601,515
2026-02-17 01:50:56.826549,510
2026-02-17 01:50:56.834686,512
2026-02-17 01:50:56.842593,512
2026-02-17 01:50:56.850590,510
2026-02-17 01:50:56.858699,516
2026-02-17 01:50:56.866622,513
2026-02-17 01:50:56.874672,512
2026-02-17 01:50:56.882628,510
2026-02-17 01:50:56.890606,512
2026-02-17 01:50:56.898630,511
2026-02-17 01:50:56.906641,512
2026-02-17 01:50:56.914673,507
2026-02-17 01:50:56.922624,513
2026-02-17 01:50:56.930663,510
2026-02-17 01:50:56.938626,512
2026-02-17 01:50:56.946656,513
2026-02-17 01:50:56.954661,509
2026-02-17 01:50:56.962605,517
2026-02-17 01:50:56.970553,516
2026-02-17 01:50:56.978543,516
2026-02-17 01:50:56.986615,510
2026-02-17 01:50:56.994544,509
2026-02-17 01:50:57.002705,510
2026-02-17 01:50:57.010556,511
2026-02-17 01:50:57.018814,509
2026-02-17 01:50:57.026586,515
2026-02-17 01:50:57.034805,509
2026-02-17 01:50:57.042862,510
2026-02-17 01:50:57.050675,509
2026-02-17 01:50:57.058606,507
2026-02-17 01:50:57.066829,511
2026-02-17 01:50:57.074622,508
2026-02-17 01:50:57.082764,511
2026-02-17 01:50:57.090631,513
2026-02-17 01:50:57.098627,510
2026-02-17 01:50:57.106604,510
2026-02-17 01:50:57.114629,508
2026-02-17 01:50:57.122599,510
2026-02-17 01:50:57.130603,509
2026-02-17 01:50:57.138572,514
2026-02-17 01:50:57.146650,512
2026-02-17 01:50:57.154634,511
2026-02-17 01:50:57.162625,512
2026-02-17 01:50:57.170668,500
2026-02-17 01:50:57.178659,497
2026-02-17 01:50:57.186664,503
2026-02-17 01:50:57.194605,509
2026-02-17 01:50:57.202661,513
2026-02-17 01:50:57.210550,510
2026-02-17 01:50:57.218701,509
2026-02-17 01:50:57.226576,513
2026-02-17 01:50:57.234732,512
2026-02-17 01:50:57.242593,515
2026-02-17 01:50:57.250703,514
2026-02-17 01:50:57.258556,517
2026-02-17 01:50:57.266700,513
2026-02-17 01:50:57.274581,515
2026-02-17 01:50:57.282689,512
2026-02-17 01:50:57.290562,515
2026-02-17 01:50:57.298678,517
2026-02-17 01:50:57.306563,515
2026-02-17 01:50:57.314731,516
2026-02-17 01:50:57.322602,517
2026-02-17 01:50:57.330599,514
2026-02-17 01:50:57.338617,511
2026-02-17 01:50:57.346585,515
2026-02-17 01:50:57.354615,512
2026-02-17 01:50:57.362556,513
2026-02-17 01:50:57.370695,511
2026-02-17 01:50:57.378572,509
2026-02-17 01:50:57.386644,509
2026-02-17 01:50:57.394683,510
2026-02-17 01:50:57.402679,510
2026-02-17 01:50:57.410710,506
2026-02-17 01:50:57.418697,509
2026-02-17 01:50:57.426613,503
2026-02-17 01:50:57.434721,507
2026-02-17 01:50:57.442634,509
2026-02-17 01:50:57.450719,506
2026-02-17 01:50:57.458601,510
2026-02-17 01:50:57.466679,513
2026-02-17 01:50:57.474607,508
2026-02-17 01:50:57.482697,510
2026-02-17 01:50:57.490627,509
2026-02-17 01:50:57.498684,513
2026-02-17 01:50:57.506606,509
2026-02-17 01:50:57.514682,512
2026-02-17 01:50:57.522592,516
2026-02-17 01:50:57.530650,511
2026-02-17 01:50:57.538638,512
2026-02-17 01:50:57.546657,511
2026-02-17 01:50:57.554607,512
2026-02-17 01:50:57.562632,514
2026-02-17 01:50:57.570733,512
2026-02-17 01:50:57.578631,519
2026-02-17 01:50:57.586673,516
2026-02-17 01:50:57.594637,514
2026-02-17 01:50:57.602778,518
2026-02-17 01:50:57.610724,512
2026-02-17 01:50:57.618802,516
2026-02-17 01:50:57.626733,515
2026-02-17 01:50:57.634674,511
2026-02-17 01:50:57.642677,514
2026-02-17 01:50:57.650701,512
2026-02-17 01:50:57.658579,514
2026-02-17 01:50:57.666719,509
2026-02-17 01:50:57.674616,511
2026-02-17 01:50:57.682688,511
2026-02-17 01:50:57.690565,510
2026-02-17 01:50:57.698717,513
2026-02-17 01:50:57.706602,514
2026-02-17 01:50:57.714618,510
2026-02-17 01:50:57.722578,511
2026-02-17 01:50:57.730661,509
2026-02-17 01:50:57.738590,511
2026-02-17 01:50:57.746641,513
2026-02-17 01:50:57.754697,509
2026-02-17 01:50:57.762597,512
2026-02-17 01:50:57.770711,508
2026-02-17 01:50:57.778618,512
2026-02-17 01:50:57.786717,511
2026-02-17 01:50:57.794569,509
2026-02-17 01:50:57.802696,514
2026-02-17 01:50:57.810586,513
2026-02-17 01:50:57.818704,513
2026-02-17 01:50:57.826624,516
2026-02-17 01:50:57.834702,514
2026-02-17 01:50:57.842567,516
2026-02-17 01:50:57.850806,514
2026-02-17 01:50:57.858726,511
2026-02-17 01:50:57.866732,514
2026-02-17 01:50:57.874608,514
2026-02-17 01:50:57.882738,516
2026-02-17 01:50:57.890563,513
2026-02-17 01:50:57.898710,512
2026-02-17 01:50:57.906576,512
2026-02-17 01:50:57.914717,514
2026-02-17 01:50:57.922710,509
2026-02-17 01:50:57.930623,509
2026-02-17 01:50:57.938575,513
2026-02-17 01:50:57.946658,514
2026-02-17 01:50:57.954663,509
2026-02-17 01:50:57.962596,505
2026-02-17 01:50:57.970649,502
2026-02-17 01:50:57.978641,502
2026-02-17 01:50:57.986750,508
2026-02-17 01:50:57.994713,511
2026-02-17 01:50:58.002747,512
2026-02-17 01:50:58.010668,512
2026-02-17 01:50:58.018836,516
2026-02-17 01:50:58.026720,514
2026-02-17 01:50:58.034752,512
2026-02-17 01:50:58.043563,511
2026-02-17 01:50:58.050772,510
2026-02-17 01:50:58.058611,513
2026-02-17 01:50:58.066986,508
2026-02-17 01:50:58.074693,511
2026-02-17 01:50:58.082651,511
2026-02-17 01:50:58.090626,512
2026-02-17 01:50:58.098671,516
2026-02-17 01:50:58.106594,517
2026-02-17 01:50:58.114687,518
2026-02-17 01:50:58.122644,517
2026-02-17 01:50:58.130655,514
2026-02-17 01:50:58.138593,512
2026-02-17 01:50:58.146604,513
2026-02-17 01:50:58.154710,510
2026-02-17 01:50:58.162583,512
2026-02-17 01:50:58.170724,515
2026-02-17 01:50:58.178610,518
2026-02-17 01:50:58.186742,508
2026-02-17 01:50:58.194701,511
2026-02-17 01:50:58.202800,510
2026-02-17 01:50:58.210764,510
2026-02-17 01:50:58.218649,512
2026-02-17 01:50:58.226639,512
2026-02-17 01:50:58.234641,512
2026-02-17 01:50:58.242577,514
2026-02-17 01:50:58.250637,516
2026-02-17 01:50:58.258590,510
2026-02-17 01:50:58.266632,508
2026-02-17 01:50:58.274608,510
2026-02-17 01:50:58.282625,512
2026-02-17 01:50:58.290630,509
2026-02-17 01:50:58.298580,510
2026-02-17 01:50:58.306563,508
2026-02-17 01:50:58.314607,510
2026-02-17 01:50:58.322644,514
2026-02-17 01:50:58.330576,514
2026-02-17 01:50:58.338674,511
2026-02-17 01:50:58.346592,512
2026-02-17 01:50:58.354605,514
2026-02-17 01:50:58.362575,513
2026-02-17 01:50:58.370634,511
2026-02-17 01:50:58.378572,514
2026-02-17 01:50:58.386637,515
2026-02-17 01:50:58.394558,512
2026-02-17 01:50:58.402647,521
2026-02-17 01:50:58.410721,513
2026-02-17 01:50:58.418801,514
2026-02-17 01:50:58.426594,514
2026-02-17 01:50:58.434784,512
2026-02-17 01:50:58.442634,517
2026-02-17 01:50:58.450743,512
2026-02-17 01:50:58.458585,513
2026-02-17 01:50:58.466671,507
2026-02-17 01:50:58.474592,511
2026-02-17 01:50:58.482700,514
2026-02-17 01:50:58.490596,512
2026-02-17 01:50:58.498646,513
2026-02-17 01:50:58.506617,515
2026-02-17 01:50:58.514603,510
2026-02-17 01:50:58.522642,513
2026-02-17 01:50:58.530622,512
2026-02-17 01:50:58.538690,513
2026-02-17 01:50:58.546589,511
2026-02-17 01:50:58.554703,509
2026-02-17 01:50:58.562658,513
2026-02-17 01:50:58.570760,512
2026-02-17 01:50:58.578654,513
2026-02-17 01:50:58.586718,512
2026-02-17 01:50:58.594611,511
2026-02-17 01:50:58.602802,512
2026-02-17 01:50:58.610669,513
2026-02-17 01:50:58.618727,514
2026-02-17 01:50:58.626611,510
2026-02-17 01:50:58.634830,511
2026-02-17 01:50:58.642616,514
2026-02-17 01:50:58.650714,508
2026-02-17 01:50:58.658628,512
2026-02-17 01:50:58.666759,512
2026-02-17 01:50:58.674604,511
2026-02-17 01:50:58.682729,516
2026-02-17 01:50:58.690594,515
2026-02-17 01:50:58.698662,515
2026-02-17 01:50:58.706676,515
2026-02-17 01:50:58.714718,513
2026-02-17 01:50:58.722580,511
2026-02-17 01:50:58.730685,512
2026-02-17 01:50:58.738772,511
2026-02-17 01:50:58.746643,510
2026-02-17 01:50:58.754703,505
2026-02-17 01:50:58.762584,503
2026-02-17 01:50:58.770772,501
2026-02-17 01:50:58.778622,501
2026-02-17 01:50:58.786726,502
2026-02-17 01:50:58.794702,507
2026-02-17 01:50:58.802811,511
2026-02-17 01:50:58.810702,511
2026-02-17 01:50:58.818765,514
2026-02-17 01:50:58.826585,508
2026-02-17 01:50:58.834758,510
2026-02-17 01:50:58.842600,515
2026-02-17 01:50:58.850790,516
2026-02-17 01:50:58.858638,514
2026-02-17 01:50:58.866842,516
2026-02-17 01:50:58.874651,516
2026-02-17 01:50:58.882696,519
2026-02-17 01:50:58.890628,512
2026-02-17 01:50:58.898691,517
2026-02-17 01:50:58.906692,515
2026-02-17 01:50:58.914692,513
2026-02-17 01:50:58.922642,515
2026-02-17 01:50:58.930607,512
2026-02-17 01:50:58.938717,508
2026-02-17 01:50:58.946660,508
2026-02-17 01:50:58.954710,508
2026-02-17 01:50:58.962601,510
2026-02-17 01:50:58.970744,509
2026-02-17 01:50:58.978627,508
2026-02-17 01:50:58.986810,506
2026-02-17 01:50:58.994654,506
2026-02-17 01:50:59.002775,512
2026-02-17 01:50:59.010593,509
2026-02-17 01:50:59.019208,516
2026-02-17 01:50:59.026689,518
2026-02-17 01:50:59.034854,515
2026-02-17 01:50:59.042710,513
2026-02-17 01:50:59.050841,509
2026-02-17 01:50:59.058621,513
2026-02-17 01:50:59.066720,514
2026-02-17 01:50:59.074678,514
2026-02-17 01:50:59.082655,517
2026-02-17 01:50:59.090606,512
2026-02-17 01:50:59.098645,516
2026-02-17 01:50:59.106648,513
2026-02-17 01:50:59.114696,507
2026-02-17 01:50:59.122688,512
2026-02-17 01:50:59.130629,513
2026-02-17 01:50:59.138690,517
2026-02-17 01:50:59.146627,515
2026-02-17 01:50:59.154737,514
2026-02-17 01:50:59.162650,517
2026-02-17 01:50:59.170763,515
2026-02-17 01:50:59.178592,511
2026-02-17 01:50:59.186752,509
2026-02-17 01:50:59.194637,509
2026-02-17 01:50:59.202786,510
2026-02-17 01:50:59.210603,513
2026-02-17 01:50:59.218748,517
2026-02-17 01:50:59.226607,514
2026-02-17 01:50:59.234776,510
2026-02-17 01:50:59.242643,512
2026-02-17 01:50:59.250808,508
2026-02-17 01:50:59.258595,516
2026-02-17 01:50:59.266723,516
2026-02-17 01:50:59.274590,514
2026-02-17 01:50:59.282610,512
2026-02-17 01:50:59.290656,512
2026-02-17 01:50:59.298673,513
2026-02-17 01:50:59.306640,516
2026-02-17 01:50:59.314662,511
2026-02-17 01:50:59.322728,511
2026-02-17 01:50:59.330621,506
2026-02-17 01:50:59.338701,508
2026-02-17 01:50:59.346647,508
2026-02-17 01:50:59.354796,508
2026-02-17 01:50:59.362680,513
2026-02-17 01:50:59.370834,513
2026-02-17 01:50:59.378843,512
2026-02-17 01:50:59.386760,512
2026-02-17 01:50:59.394681,512
2026-02-17 01:50:59.402780,516
2026-02-17 01:50:59.410624,512
2026-02-17 01:50:59.418836,513
2026-02-17 01:50:59.426613,512
2026-02-17 01:50:59.434729,509
2026-02-17 01:50:59.442631,513
2026-02-17 01:50:59.450713,511
2026-02-17 01:50:59.458628,513
2026-02-17 01:50:59.466689,514
2026-02-17 01:50:59.474587,514
2026-02-17 01:50:59.482639,509
2026-02-17 01:50:59.490641,514
2026-02-17 01:50:59.498683,509
2026-02-17 01:50:59.506593,512
2026-02-17 01:50:59.514627,511
2026-02-17 01:50:59.522716,513
2026-02-17 01:50:59.530607,511
2026-02-17 01:50:59.538748,514
2026-02-17 01:50:59.546585,510
2026-02-17 01:50:59.554785,502
2026-02-17 01:50:59.562592,501
2026-02-17 01:50:59.570727,506
2026-02-17 01:50:59.578591,507
2026-02-17 01:50:59.586789,510
2026-02-17 01:50:59.594627,511
2026-02-17 01:50:59.602845,508
2026-02-17 01:50:59.610658,509
2026-02-17 01:50:59.618775,513
2026-02-17 01:50:59.626603,510
2026-02-17 01:50:59.634747,515
2026-02-17 01:50:59.642679,517
2026-02-17 01:50:59.650808,513
2026-02-17 01:50:59.658637,513
2026-02-17 01:50:59.666644,515
2026-02-17 01:50:59.674620,512
2026-02-17 01:50:59.682652,515
2026-02-17 01:50:59.690643,508
2026-02-17 01:50:59.698654,509
2026-02-17 01:50:59.706654,510
2026-02-17 01:50:59.714638,513
2026-02-17 01:50:59.722677,515
2026-02-17 01:50:59.730632,510
2026-02-17 01:50:59.738758,509
2026-02-17 01:50:59.746623,508
2026-02-17 01:50:59.754741,512
2026-02-17 01:50:59.762693,510
2026-02-17 01:50:59.770756,513
2026-02-17 01:50:59.778657,511
2026-02-17 01:50:59.786759,515
2026-02-17 01:50:59.794612,512
2026-02-17 01:50:59.802771,512
2026-02-17 01:50:59.810627,513
2026-02-17 01:50:59.818790,515
2026-02-17 01:50:59.826762,514
2026-02-17 01:50:59.834698,514
2026-02-17 01:50:59.842623,512
2026-02-17 01:50:59.851193,511
2026-02-17 01:50:59.858686,512
2026-02-17 01:50:59.866712,514
2026-02-17 01:50:59.874661,510
2026-02-17 01:50:59.882669,511
2026-02-17 01:50:59.890622,514
2026-02-17 01:50:59.898692,514
2026-02-17 01:50:59.906660,513
2026-02-17 01:50:59.914672,507
2026-02-17 01:50:59.922700,510
2026-02-17 01:50:59.930621,514
2026-02-17 01:50:59.938734,513
2026-02-17 01:50:59.946653,513
2026-02-17 01:50:59.954762,509
2026-02-17 01:50:59.962616,513
2026-02-17 01:50:59.970729,510
2026-02-17 01:50:59.978676,508
2026-02-17 01:50:59.986785,509
2026-02-17 01:50:59.994611,507
2026-02-17 01:51:00.002841,507
2026-02-17 01:51:00.011583,510
2026-02-17 01:51:00.018944,509
2026-02-17 01:51:00.026812,511
2026-02-17 01:51:00.034730,508
2026-02-17 01:51:00.042790,512
2026-02-17 01:51:00.050775,511
2026-02-17 01:51:00.058667,515
2026-02-17 01:51:00.066675,513
2026-02-17 01:51:00.074646,515
2026-02-17 01:51:00.082634,515
2026-02-17 01:51:00.090660,514
2026-02-17 01:51:00.098623,513
2026-02-17 01:51:00.106688,510
2026-02-17 01:51:00.114597,508
2026-02-17 01:51:00.122705,511
2026-02-17 01:51:00.130616,510
2026-02-17 01:51:00.138784,507
2026-02-17 01:51:00.146586,510
2026-02-17 01:51:00.154744,510
2026-02-17 01:51:00.162647,514
2026-02-17 01:51:00.170733,517
2026-02-17 01:51:00.178658,514
2026-02-17 01:51:00.186741,514
2026-02-17 01:51:00.194640,513
2026-02-17 01:51:00.202776,511
2026-02-17 01:51:00.210634,508
2026-02-17 01:51:00.218770,514
2026-02-17 01:51:00.226641,514
2026-02-17 01:51:00.234705,513
2026-02-17 01:51:00.242600,514
2026-02-17 01:51:00.250683,516
2026-02-17 01:51:00.258659,513
2026-02-17 01:51:00.266727,514
2026-02-17 01:51:00.274653,511
2026-02-17 01:51:00.282613,514
2026-02-17 01:51:00.290660,513
2026-02-17 01:51:00.298633,511
2026-02-17 01:51:00.306771,513
2026-02-17 01:51:00.314699,509
2026-02-17 01:51:00.322766,515
2026-02-17 01:51:00.330653,516
2026-02-17 01:51:00.338735,510
2026-02-17 01:51:00.346591,504
2026-02-17 01:51:00.354791,503
2026-02-17 01:51:00.362627,510
2026-02-17 01:51:00.370717,512
2026-02-17 01:51:00.378656,513
2026-02-17 01:51:00.386762,516
2026-02-17 01:51:00.394622,517
2026-02-17 01:51:00.402773,517
2026-02-17 01:51:00.410657,513
2026-02-17 01:51:00.418814,517
2026-02-17 01:51:00.426643,513
2026-02-17 01:51:00.434653,509
2026-02-17 01:51:00.442652,517
2026-02-17 01:51:00.450690,511
2026-02-17 01:51:00.458643,512
2026-02-17 01:51:00.466698,514
2026-02-17 01:51:00.474659,512
2026-02-17 01:51:00.482697,517
2026-02-17 01:51:00.490633,516
2026-02-17 01:51:00.498635,515
2026-02-17 01:51:00.506698,513
2026-02-17 01:51:00.514615,513
2026-02-17 01:51:00.522725,510
2026-02-17 01:51:00.530742,511
2026-02-17 01:51:00.538802,510
2026-02-17 01:51:00.546798,513
2026-02-17 01:51:00.554784,510
2026-02-17 01:51:00.562717,511
2026-02-17 01:51:00.570774,509
2026-02-17 01:51:00.578605,514
2026-02-17 01:51:00.586765,510
2026-02-17 01:51:00.594600,508
2026-02-17 01:51:00.602898,510
2026-02-17 01:51:00.610654,514
2026-02-17 01:51:00.618714,511
2026-02-17 01:51:00.626614,508
2026-02-17 01:51:00.634741,510
2026-02-17 01:51:00.642642,513
2026-02-17 01:51:00.650712,509
2026-02-17 01:51:00.658619,511
2026-02-17 01:51:00.666680,513
2026-02-17 01:51:00.674672,513
2026-02-17 01:51:00.682662,514
2026-02-17 01:51:00.690695,510
2026-02-17 01:51:00.698617,512
2026-02-17 01:51:00.706710,511
2026-02-17 01:51:00.714603,510
2026-02-17 01:51:00.722799,509
2026-02-17 01:51:00.730591,511
2026-02-17 01:51:00.738814,512
2026-02-17 01:51:00.746687,510
2026-02-17 01:51:00.754772,508
2026-02-17 01:51:00.762699,515
2026-02-17 01:51:00.770789,510
2026-02-17 01:51:00.778630,515
2026-02-17 01:51:00.786764,516
2026-02-17 01:51:00.794626,513
2026-02-17 01:51:00.802864,511
2026-02-17 01:51:00.810719,512
2026-02-17 01:51:00.818711,513
2026-02-17 01:51:00.826606,512
2026-02-17 01:51:00.834719,511
2026-02-17 01:51:00.842639,517
2026-02-17 01:51:00.851194,513
2026-02-17 01:51:00.858759,515
2026-02-17 01:51:00.866731,515
2026-02-17 01:51:00.874649,512
2026-02-17 01:51:00.882755,515
2026-02-17 01:51:00.890703,511
2026-02-17 01:51:00.898648,510
2026-02-17 01:51:00.906728,508
2026-02-17 01:51:00.914669,510
2026-02-17 01:51:00.922754,512
2026-02-17 01:51:00.930602,513
2026-02-17 01:51:00.938774,514
2026-02-17 01:51:00.946614,511
2026-02-17 01:51:00.954821,511
2026-02-17 01:51:00.962756,512
2026-02-17 01:51:00.970765,514
2026-02-17 01:51:00.978646,512
2026-02-17 01:51:00.986817,513
2026-02-17 01:51:00.994600,511
2026-02-17 01:51:01.002806,516
2026-02-17 01:51:01.010728,518
2026-02-17 01:51:01.019038,515
2026-02-17 01:51:01.026683,511
2026-02-17 01:51:01.034887,510
2026-02-17 01:51:01.042822,513
2026-02-17 01:51:01.050756,510
2026-02-17 01:51:01.058764,510
2026-02-17 01:51:01.066757,507
2026-02-17 01:51:01.074737,508
2026-02-17 01:51:01.082704,508
2026-02-17 01:51:01.090755,507
2026-02-17 01:51:01.098690,509
2026-02-17 01:51:01.106762,507
2026-02-17 01:51:01.114636,503
2026-02-17 01:51:01.122797,500
2026-02-17 01:51:01.130738,502
2026-02-17 01:51:01.138796,509
2026-02-17 01:51:01.146765,511
2026-02-17 01:51:01.154920,511
2026-02-17 01:51:01.162664,514
2026-02-17 01:51:01.170802,512
2026-02-17 01:51:01.178630,513
2026-02-17 01:51:01.186852,517
2026-02-17 01:51:01.194655,516
2026-02-17 01:51:01.202733,515
2026-02-17 01:51:01.210662,515
2026-02-17 01:51:01.218813,518
2026-02-17 01:51:01.226657,513
2026-02-17 01:51:01.234671,516
2026-02-17 01:51:01.242663,510
2026-02-17 01:51:01.250711,513
2026-02-17 01:51:01.258699,511
2026-02-17 01:51:01.266721,512
2026-02-17 01:51:01.274650,512
2026-02-17 01:51:01.282650,513
2026-02-17 01:51:01.290718,514
2026-02-17 01:51:01.298608,512
2026-02-17 01:51:01.306779,510
2026-02-17 01:51:01.314614,507
2026-02-17 01:51:01.322777,511
2026-02-17 01:51:01.330685,507
2026-02-17 01:51:01.338789,509
2026-02-17 01:51:01.346647,514
2026-02-17 01:51:01.354832,510
2026-02-17 01:51:01.362720,509
2026-02-17 01:51:01.370740,508
2026-02-17 01:51:01.378697,514
2026-02-17 01:51:01.386761,511
2026-02-17 01:51:01.394648,515
2026-02-17 01:51:01.402794,513
2026-02-17 01:51:01.410618,513
2026-02-17 01:51:01.418719,516
2026-02-17 01:51:01.426658,516
2026-02-17 01:51:01.434759,515
2026-02-17 01:51:01.442669,518
2026-02-17 01:51:01.450758,515
2026-02-17 01:51:01.458662,517
2026-02-17 01:51:01.466734,509
2026-02-17 01:51:01.474686,510
2026-02-17 01:51:01.482648,510
2026-02-17 01:51:01.490708,509
2026-02-17 01:51:01.498627,516
2026-02-17 01:51:01.506795,513
2026-02-17 01:51:01.514693,509
2026-02-17 01:51:01.522746,509
2026-02-17 01:51:01.530610,509
2026-02-17 01:51:01.538756,510
2026-02-17 01:51:01.546691,511
2026-02-17 01:51:01.554813,509
2026-02-17 01:51:01.562655,511
2026-02-17 01:51:01.570794,516
2026-02-17 01:51:01.578689,516
2026-02-17 01:51:01.586771,516
2026-02-17 01:51:01.594617,513
2026-02-17 01:51:01.602768,511
2026-02-17 01:51:01.610696,510
2026-02-17 01:51:01.618662,516
2026-02-17 01:51:01.626666,513
2026-02-17 01:51:01.634660,512
2026-02-17 01:51:01.642652,517
2026-02-17 01:51:01.650730,516
2026-02-17 01:51:01.658666,513
2026-02-17 01:51:01.666704,515
2026-02-17 01:51:01.674728,513
2026-02-17 01:51:01.682640,518
2026-02-17 01:51:01.690720,517
2026-02-17 01:51:01.698689,510
2026-02-17 01:51:01.706752,511
2026-02-17 01:51:01.714658,510
2026-02-17 01:51:01.722812,515
2026-02-17 01:51:01.730766,510
2026-02-17 01:51:01.738803,511
2026-02-17 01:51:01.746719,508
2026-02-17 01:51:01.754759,509
2026-02-17 01:51:01.762626,510
2026-02-17 01:51:01.770836,509
2026-02-17 01:51:01.778624,510
2026-02-17 01:51:01.786792,512
2026-02-17 01:51:01.794650,512
2026-02-17 01:51:01.802810,514
2026-02-17 01:51:01.810678,513
2026-02-17 01:51:01.818743,516
2026-02-17 01:51:01.826628,512
2026-02-17 01:51:01.834676,511
2026-02-17 01:51:01.842656,511
2026-02-17 01:51:01.850772,515
2026-02-17 01:51:01.858716,511
2026-02-17 01:51:01.866699,513
2026-02-17 01:51:01.874693,512
2026-02-17 01:51:01.882658,516
2026-02-17 01:51:01.890784,511
2026-02-17 01:51:01.898806,503
2026-02-17 01:51:01.906829,500
2026-02-17 01:51:01.914626,496
2026-02-17 01:51:01.922823,505
2026-02-17 01:51:01.930733,510
2026-02-17 01:51:01.938816,512
2026-02-17 01:51:01.946655,514
2026-02-17 01:51:01.954821,512
2026-02-17 01:51:01.962666,515
2026-02-17 01:51:01.970820,517
2026-02-17 01:51:01.978633,513
2026-02-17 01:51:01.986817,517
2026-02-17 01:51:01.994627,518
2026-02-17 01:51:02.002765,522
2026-02-17 01:51:02.010700,518
2026-02-17 01:51:02.018696,515
2026-02-17 01:51:02.026683,514
2026-02-17 01:51:02.034817,514
2026-02-17 01:51:02.042717,518
2026-02-17 01:51:02.050683,512
2026-02-17 01:51:02.058745,513
2026-02-17 01:51:02.066810,507
2026-02-17 01:51:02.074751,511
2026-02-17 01:51:02.082635,512
2026-02-17 01:51:02.090780,508
2026-02-17 01:51:02.098647,515
2026-02-17 01:51:02.106820,510
2026-02-17 01:51:02.114749,507
2026-02-17 01:51:02.122754,514
2026-02-17 01:51:02.130665,508
2026-02-17 01:51:02.138759,504
2026-02-17 01:51:02.146638,508
2026-02-17 01:51:02.154809,505
2026-02-17 01:51:02.162653,510
2026-02-17 01:51:02.170783,511
2026-02-17 01:51:02.178629,508
2026-02-17 01:51:02.186738,514
2026-02-17 01:51:02.194636,510
2026-02-17 01:51:02.202740,518
2026-02-17 01:51:02.210660,514
2026-02-17 01:51:02.218794,516
2026-02-17 01:51:02.226684,519
2026-02-17 01:51:02.234765,516
2026-02-17 01:51:02.242704,518
2026-02-17 01:51:02.250747,513
2026-02-17 01:51:02.258692,517
2026-02-17 01:51:02.266680,516
2026-02-17 01:51:02.274740,514
2026-02-17 01:51:02.282655,520
2026-02-17 01:51:02.290784,513
2026-02-17 01:51:02.298670,515
2026-02-17 01:51:02.306769,522
2026-02-17 01:51:02.314772,516
2026-02-17 01:51:02.322831,518
2026-02-17 01:51:02.330736,518
2026-02-17 01:51:02.338787,519
2026-02-17 01:51:02.346712,513
2026-02-17 01:51:02.354877,514
2026-02-17 01:51:02.362683,518
2026-02-17 01:51:02.370872,512
2026-02-17 01:51:02.378699,512
2026-02-17 01:51:02.386694,509
2026-02-17 01:51:02.394638,509
2026-02-17 01:51:02.402779,510
2026-02-17 01:51:02.410703,512
2026-02-17 01:51:02.418771,516
2026-02-17 01:51:02.426679,513
2026-02-17 01:51:02.434695,513
2026-02-17 01:51:02.442706,514
2026-02-17 01:51:02.450731,512
2026-02-17 01:51:02.458684,510
2026-02-17 01:51:02.466684,508
2026-02-17 01:51:02.474780,508
2026-02-17 01:51:02.482630,514
2026-02-17 01:51:02.490785,512
2026-02-17 01:51:02.498628,512
2026-02-17 01:51:02.506792,510
2026-02-17 01:51:02.514667,511
2026-02-17 01:51:02.522832,512
2026-02-17 01:51:02.530700,510
2026-02-17 01:51:02.538758,507
2026-02-17 01:51:02.546706,509
2026-02-17 01:51:02.554813,504
2026-02-17 01:51:02.562636,510
2026-02-17 01:51:02.570808,508
2026-02-17 01:51:02.578661,513
2026-02-17 01:51:02.586708,511
2026-02-17 01:51:02.594642,508
2026-02-17 01:51:02.602763,515
2026-02-17 01:51:02.610696,510
2026-02-17 01:51:02.618740,510
2026-02-17 01:51:02.626784,507
2026-02-17 01:51:02.634761,510
2026-02-17 01:51:02.642653,508
2026-02-17 01:51:02.650659,514
2026-02-17 01:51:02.658680,515
2026-02-17 01:51:02.666732,515
2026-02-17 01:51:02.674797,513
2026-02-17 01:51:02.682695,516
2026-02-17 01:51:02.690761,519
2026-02-17 01:51:02.698669,512
2026-02-17 01:51:02.706808,506
2026-02-17 01:51:02.714632,504
2026-02-17 01:51:02.722799,504
2026-02-17 01:51:02.730661,508
2026-02-17 01:51:02.738828,509
2026-02-17 01:51:02.746649,508
2026-02-17 01:51:02.754782,508
2026-02-17 01:51:02.762668,511
2026-02-17 01:51:02.770796,511
2026-02-17 01:51:02.778690,511
2026-02-17 01:51:02.786758,512
2026-02-17 01:51:02.794673,512
2026-02-17 01:51:02.802776,514
2026-02-17 01:51:02.810660,514
2026-02-17 01:51:02.818832,514
2026-02-17 01:51:02.826703,510
2026-02-17 01:51:02.834692,509
2026-02-17 01:51:02.842749,512
2026-02-17 01:51:02.850721,511
2026-02-17 01:51:02.858744,511
2026-02-17 01:51:02.866671,513
2026-02-17 01:51:02.874824,514
2026-02-17 01:51:02.882719,519
2026-02-17 01:51:02.890789,517
2026-02-17 01:51:02.898736,515
2026-02-17 01:51:02.906793,513
2026-02-17 01:51:02.914767,511
2026-02-17 01:51:02.922809,512
2026-02-17 01:51:02.930673,512
2026-02-17 01:51:02.938777,512
2026-02-17 01:51:02.946642,511
2026-02-17 01:51:02.954790,510
2026-02-17 01:51:02.962646,508
2026-02-17 01:51:02.970790,511
2026-02-17 01:51:02.978690,510
2026-02-17 01:51:02.986777,511
2026-02-17 01:51:02.994637,508
2026-02-17 01:51:03.002784,512
2026-02-17 01:51:03.010692,510
2026-02-17 01:51:03.018724,511
2026-02-17 01:51:03.026721,510
2026-02-17 01:51:03.034805,511
2026-02-17 01:51:03.042811,512
2026-02-17 01:51:03.050653,513
2026-02-17 01:51:03.058792,509
2026-02-17 01:51:03.066708,509
2026-02-17 01:51:03.074753,512
2026-02-17 01:51:03.082626,513
2026-02-17 01:51:03.090780,510
2026-02-17 01:51:03.098641,509
2026-02-17 01:51:03.106818,509
2026-02-17 01:51:03.114666,513
2026-02-17 01:51:03.122736,513
2026-02-17 01:51:03.130651,514
2026-02-17 01:51:03.138785,516
2026-02-17 01:51:03.146677,512
2026-02-17 01:51:03.154796,512
2026-02-17 01:51:03.162651,511
2026-02-17 01:51:03.170774,510
2026-02-17 01:51:03.178675,514
2026-02-17 01:51:03.186738,510
2026-02-17 01:51:03.194646,513
2026-02-17 01:51:03.202662,512
2026-02-17 01:51:03.210772,511
2026-02-17 01:51:03.218683,515
2026-02-17 01:51:03.226739,511
2026-02-17 01:51:03.234638,516
2026-02-17 01:51:03.242714,513
2026-02-17 01:51:03.250638,513
2026-02-17 01:51:03.258684,512
2026-02-17 01:51:03.266667,508
2026-02-17 01:51:03.274739,508
2026-02-17 01:51:03.282657,512
2026-02-17 01:51:03.290689,509
2026-02-17 01:51:03.298671,510
2026-02-17 01:51:03.306702,514
2026-02-17 01:51:03.314655,508
2026-02-17 01:51:03.322700,511
2026-02-17 01:51:03.330676,511
2026-02-17 01:51:03.338714,510
2026-02-17 01:51:03.346664,508
2026-02-17 01:51:03.354731,509
2026-02-17 01:51:03.362681,515
2026-02-17 01:51:03.370699,518
2026-02-17 01:51:03.378629,514
2026-02-17 01:51:03.386785,514
2026-02-17 01:51:03.394671,513
2026-02-17 01:51:03.402652,517
2026-02-17 01:51:03.410661,515
2026-02-17 01:51:03.418822,519
2026-02-17 01:51:03.426720,519
2026-02-17 01:51:03.434671,517
2026-02-17 01:51:03.442816,520
2026-02-17 01:51:03.450748,518
2026-02-17 01:51:03.458747,517
2026-02-17 01:51:03.466737,517
2026-02-17 01:51:03.474825,518
2026-02-17 01:51:03.482758,516
2026-02-17 01:51:03.490786,518
2026-02-17 01:51:03.498680,520
2026-02-17 01:51:03.506817,514
2026-02-17 01:51:03.514736,511
2026-02-17 01:51:03.522825,516
2026-02-17 01:51:03.530716,510
2026-02-17 01:51:03.538803,513
2026-02-17 01:51:03.546649,511
2026-02-17 01:51:03.554789,508
2026-02-17 01:51:03.562696,505
2026-02-17 01:51:03.570798,503
2026-02-17 01:51:03.578642,507
2026-02-17 01:51:03.586780,510
2026-02-17 01:51:03.594642,515
2026-02-17 01:51:03.602849,514
2026-02-17 01:51:03.610714,513
2026-02-17 01:51:03.618726,511
2026-02-17 01:51:03.626688,513
2026-02-17 01:51:03.634782,512
2026-02-17 01:51:03.642770,514
2026-02-17 01:51:03.650661,509
2026-02-17 01:51:03.658757,513
2026-02-17 01:51:03.666630,512
2026-02-17 01:51:03.674845,510
2026-02-17 01:51:03.682638,513
2026-02-17 01:51:03.690811,515
2026-02-17 01:51:03.698728,515
2026-02-17 01:51:03.706785,512
2026-02-17 01:51:03.714723,512
2026-02-17 01:51:03.722931,514
2026-02-17 01:51:03.730788,512
2026-02-17 01:51:03.738752,512
2026-02-17 01:51:03.746660,510
2026-02-17 01:51:03.754770,508
2026-02-17 01:51:03.762654,514
2026-02-17 01:51:03.770802,510
2026-02-17 01:51:03.778674,512
2026-02-17 01:51:03.786749,510
2026-02-17 01:51:03.794673,512
2026-02-17 01:51:03.802747,514
2026-02-17 01:51:03.810697,511
2026-02-17 01:51:03.818725,515
2026-02-17 01:51:03.826664,510
2026-02-17 01:51:03.834699,511
2026-02-17 01:51:03.842781,514
2026-02-17 01:51:03.850958,511
2026-02-17 01:51:03.858911,514
2026-02-17 01:51:03.866756,514
2026-02-17 01:51:03.874841,515
2026-02-17 01:51:03.882689,516
2026-02-17 01:51:03.890814,518
2026-02-17 01:51:03.898724,514
2026-02-17 01:51:03.906885,512
2026-02-17 01:51:03.914693,510
2026-02-17 01:51:03.922784,512
2026-02-17 01:51:03.930687,507
2026-02-17 01:51:03.938790,512
2026-02-17 01:51:03.946679,510
2026-02-17 01:51:03.954873,513
2026-02-17 01:51:03.962691,515
2026-02-17 01:51:03.970849,515
2026-02-17 01:51:03.978698,516
2026-02-17 01:51:03.986954,515
2026-02-17 01:51:03.994696,515
2026-02-17 01:51:04.002690,516
2026-02-17 01:51:04.010790,511
2026-02-17 01:51:04.018771,514
2026-02-17 01:51:04.026735,510
2026-02-17 01:51:04.034699,509
2026-02-17 01:51:04.042875,512
2026-02-17 01:51:04.050726,512
2026-02-17 01:51:04.058847,511
2026-02-17 01:51:04.066735,513
2026-02-17 01:51:04.074847,509
2026-02-17 01:51:04.082709,512
2026-02-17 01:51:04.090815,508
2026-02-17 01:51:04.098676,510
2026-02-17 01:51:04.106842,508
2026-02-17 01:51:04.114674,507
2026-02-17 01:51:04.122842,512
2026-02-17 01:51:04.130663,509
2026-02-17 01:51:04.138799,509
2026-02-17 01:51:04.146654,510
2026-02-17 01:51:04.154770,508
2026-02-17 01:51:04.162657,513
2026-02-17 01:51:04.170781,509
2026-02-17 01:51:04.178667,509
2026-02-17 01:51:04.186726,506
2026-02-17 01:51:04.194809,503
2026-02-17 01:51:04.202809,508
2026-02-17 01:51:04.210716,508
2026-02-17 01:51:04.218692,512
2026-02-17 01:51:04.226783,506
2026-02-17 01:51:04.234722,508
2026-02-17 01:51:04.242761,508
2026-02-17 01:51:04.250679,509
2026-02-17 01:51:04.258788,509
2026-02-17 01:51:04.266662,509
2026-02-17 01:51:04.274903,508
2026-02-17 01:51:04.282649,509
2026-02-17 01:51:04.290803,509
2026-02-17 01:51:04.298692,513
2026-02-17 01:51:04.306803,513
2026-02-17 01:51:04.314669,512
2026-02-17 01:51:04.322830,511
2026-02-17 01:51:04.330656,510
2026-02-17 01:51:04.339025,516
2026-02-17 01:51:04.346765,515
2026-02-17 01:51:04.354799,513
2026-02-17 01:51:04.362750,513
2026-02-17 01:51:04.370777,514
2026-02-17 01:51:04.378680,516
2026-02-17 01:51:04.386763,515
2026-02-17 01:51:04.394691,515
2026-02-17 01:51:04.402731,521
2026-02-17 01:51:04.410737,515
2026-02-17 01:51:04.418692,519
2026-02-17 01:51:04.426761,512
2026-02-17 01:51:04.434692,509
2026-02-17 01:51:04.442792,507
2026-02-17 01:51:04.450727,505
2026-02-17 01:51:04.458773,513
2026-02-17 01:51:04.466695,510
2026-02-17 01:51:04.474898,511
2026-02-17 01:51:04.482668,511
2026-02-17 01:51:04.490802,512
2026-02-17 01:51:04.498701,513
2026-02-17 01:51:04.506827,513
2026-02-17 01:51:04.514684,512
2026-02-17 01:51:04.522830,511
2026-02-17 01:51:04.530669,511
2026-02-17 01:51:04.538774,513
2026-02-17 01:51:04.546723,510
2026-02-17 01:51:04.554766,508
2026-02-17 01:51:04.562685,510
2026-02-17 01:51:04.570732,511
2026-02-17 01:51:04.578658,510
2026-02-17 01:51:04.586686,511
2026-02-17 01:51:04.594718,511
2026-02-17 01:51:04.602827,513
2026-02-17 01:51:04.610756,511
2026-02-17 01:51:04.618724,512
2026-02-17 01:51:04.626776,510
2026-02-17 01:51:04.634684,508
2026-02-17 01:51:04.642828,508
2026-02-17 01:51:04.650776,507
2026-02-17 01:51:04.658780,510
2026-02-17 01:51:04.666766,511
2026-02-17 01:51:04.674876,509
2026-02-17 01:51:04.682788,515
2026-02-17 01:51:04.690803,515
2026-02-17 01:51:04.698717,515
2026-02-17 01:51:04.706819,515
2026-02-17 01:51:04.714710,514
2026-02-17 01:51:04.722849,516
2026-02-17 01:51:04.730681,516
2026-02-17 01:51:04.738780,513
2026-02-17 01:51:04.746659,516
2026-02-17 01:51:04.754863,515
2026-02-17 01:51:04.762709,522
2026-02-17 01:51:04.770783,517
2026-02-17 01:51:04.778685,515
2026-02-17 01:51:04.786700,513
2026-02-17 01:51:04.794715,518
2026-02-17 01:51:04.802762,516
2026-02-17 01:51:04.810862,514
2026-02-17 01:51:04.818746,515
2026-02-17 01:51:04.826765,514
2026-02-17 01:51:04.834722,512
2026-02-17 01:51:04.842773,519
2026-02-17 01:51:04.850656,517
2026-02-17 01:51:04.858817,518
2026-02-17 01:51:04.866675,515
2026-02-17 01:51:04.874848,515
2026-02-17 01:51:04.882741,515
2026-02-17 01:51:04.890824,513
2026-02-17 01:51:04.898690,514
2026-02-17 01:51:04.906881,511
2026-02-17 01:51:04.914747,512
2026-02-17 01:51:04.922956,512
2026-02-17 01:51:04.930784,512
2026-02-17 01:51:04.938807,514
2026-02-17 01:51:04.946676,509
2026-02-17 01:51:04.954791,510
2026-02-17 01:51:04.962679,512
2026-02-17 01:51:04.970737,510
2026-02-17 01:51:04.978708,511
2026-02-17 01:51:04.986750,507
2026-02-17 01:51:04.994709,504
2026-02-17 01:51:05.002696,509
2026-02-17 01:51:05.011158,508
2026-02-17 01:51:05.018817,510
2026-02-17 01:51:05.026802,508
2026-02-17 01:51:05.034810,512
2026-02-17 01:51:05.042926,509
2026-02-17 01:51:05.050766,506
2026-02-17 01:51:05.058873,506
2026-02-17 01:51:05.066680,510
2026-02-17 01:51:05.074816,512
2026-02-17 01:51:05.082698,517
2026-02-17 01:51:05.090845,513
2026-02-17 01:51:05.098681,514
2026-02-17 01:51:05.106803,507
2026-02-17 01:51:05.114666,510
2026-02-17 01:51:05.122775,508
2026-02-17 01:51:05.130734,504
2026-02-17 01:51:05.138811,508
2026-02-17 01:51:05.146721,504
2026-02-17 01:51:05.154816,502
2026-02-17 01:51:05.162690,507
2026-02-17 01:51:05.170823,508
2026-02-17 01:51:05.178731,507
2026-02-17 01:51:05.186738,512
2026-02-17 01:51:05.194738,513
2026-02-17 01:51:05.202768,509
2026-02-17 01:51:05.210824,508
2026-02-17 01:51:05.218787,513
2026-02-17 01:51:05.226907,510
2026-02-17 01:51:05.234784,510
2026-02-17 01:51:05.242849,515
2026-02-17 01:51:05.250737,509
2026-02-17 01:51:05.258897,501
2026-02-17 01:51:05.266824,502
2026-02-17 01:51:05.274952,505
2026-02-17 01:51:05.282885,516
2026-02-17 01:51:05.290831,513
2026-02-17 01:51:05.298716,514
2026-02-17 01:51:05.306810,511
2026-02-17 01:51:05.314679,511
2026-02-17 01:51:05.322772,513
2026-02-17 01:51:05.330671,516
2026-02-17 01:51:05.338766,517
2026-02-17 01:51:05.346737,517
2026-02-17 01:51:05.354918,510
2026-02-17 01:51:05.362777,515
2026-02-17 01:51:05.370716,512
2026-02-17 01:51:05.378721,511
2026-02-17 01:51:05.386738,513
2026-02-17 01:51:05.394674,512
2026-02-17 01:51:05.402731,511
2026-02-17 01:51:05.410841,510
2026-02-17 01:51:05.418661,512
2026-02-17 01:51:05.426801,509
2026-02-17 01:51:05.434668,509
2026-02-17 01:51:05.442865,512
2026-02-17 01:51:05.450661,515
2026-02-17 01:51:05.458815,516
2026-02-17 01:51:05.466764,514
2026-02-17 01:51:05.474892,512
2026-02-17 01:51:05.482786,512
2026-02-17 01:51:05.490846,510
2026-02-17 01:51:05.498699,511
2026-02-17 01:51:05.506794,513
2026-02-17 01:51:05.514704,514
2026-02-17 01:51:05.522826,515
2026-02-17 01:51:05.530677,517
2026-02-17 01:51:05.538797,516
2026-02-17 01:51:05.546694,516
2026-02-17 01:51:05.554803,518
2026-02-17 01:51:05.562686,517
2026-02-17 01:51:05.570714,515
2026-02-17 01:51:05.578726,517
2026-02-17 01:51:05.586673,512
2026-02-17 01:51:05.594747,514
2026-02-17 01:51:05.602725,517
2026-02-17 01:51:05.610823,513
2026-02-17 01:51:05.618703,514
2026-02-17 01:51:05.626834,512
2026-02-17 01:51:05.634709,517
2026-02-17 01:51:05.642847,514
2026-02-17 01:51:05.650665,508
2026-02-17 01:51:05.658793,514
2026-02-17 01:51:05.666716,511
2026-02-17 01:51:05.674903,507
2026-02-17 01:51:05.682710,514
2026-02-17 01:51:05.690865,507
2026-02-17 01:51:05.698691,513
2026-02-17 01:51:05.706863,505
2026-02-17 01:51:05.714703,509
2026-02-17 01:51:05.722816,512
2026-02-17 01:51:05.730682,508
2026-02-17 01:51:05.738848,511
2026-02-17 01:51:05.746703,506
2026-02-17 01:51:05.754764,508
2026-02-17 01:51:05.762734,508
2026-02-17 01:51:05.770800,507
2026-02-17 01:51:05.778778,503
2026-02-17 01:51:05.786823,506
2026-02-17 01:51:05.794864,506
2026-02-17 01:51:05.802711,507
2026-02-17 01:51:05.810881,504
2026-02-17 01:51:05.818728,505
2026-02-17 01:51:05.826839,507
2026-02-17 01:51:05.834795,509
2026-02-17 01:51:05.842924,510
2026-02-17 01:51:05.850776,508
2026-02-17 01:51:05.858918,513
2026-02-17 01:51:05.866683,512
2026-02-17 01:51:05.874925,509
2026-02-17 01:51:05.882729,514
2026-02-17 01:51:05.890877,512
2026-02-17 01:51:05.898817,512
2026-02-17 01:51:05.906836,511
2026-02-17 01:51:05.914757,508
2026-02-17 01:51:05.922837,511
2026-02-17 01:51:05.930749,510
2026-02-17 01:51:05.938780,508
2026-02-17 01:51:05.946686,510
2026-02-17 01:51:05.954756,509
2026-02-17 01:51:05.962712,512
2026-02-17 01:51:05.970730,513
2026-02-17 01:51:05.978710,512
2026-02-17 01:51:05.986731,508
2026-02-17 01:51:05.994726,510
2026-02-17 01:51:06.002719,512
2026-02-17 01:51:06.010873,514
2026-02-17 01:51:06.019031,515
2026-02-17 01:51:06.026870,512
2026-02-17 01:51:06.034838,515
2026-02-17 01:51:06.042910,506
2026-02-17 01:51:06.050705,506
2026-02-17 01:51:06.058907,503
2026-02-17 01:51:06.066865,504
2026-02-17 01:51:06.074814,509
2026-02-17 01:51:06.082716,514
2026-02-17 01:51:06.090851,511
2026-02-17 01:51:06.098694,517
2026-02-17 01:51:06.106837,519
2026-02-17 01:51:06.114736,517
2026-02-17 01:51:06.122911,516
2026-02-17 01:51:06.130746,515
2026-02-17 01:51:06.138792,513
2026-02-17 01:51:06.146734,514
2026-02-17 01:51:06.154799,511
2026-02-17 01:51:06.162762,514
2026-02-17 01:51:06.170708,514
2026-02-17 01:51:06.178757,513
2026-02-17 01:51:06.186717,511
2026-02-17 01:51:06.195030,510
2026-02-17 01:51:06.202849,518
2026-02-17 01:51:06.210837,512
2026-02-17 01:51:06.218729,510
2026-02-17 01:51:06.226986,511
2026-02-17 01:51:06.234699,515
2026-02-17 01:51:06.242835,515
2026-02-17 01:51:06.250685,516
2026-02-17 01:51:06.258858,513
2026-02-17 01:51:06.266704,509
2026-02-17 01:51:06.274851,512
2026-02-17 01:51:06.282739,512
2026-02-17 01:51:06.290907,515
2026-02-17 01:51:06.298707,518
2026-02-17 01:51:06.306857,519
2026-02-17 01:51:06.314729,516
2026-02-17 01:51:06.322841,514
2026-02-17 01:51:06.330683,512
2026-02-17 01:51:06.338806,515
2026-02-17 01:51:06.346718,510
2026-02-17 01:51:06.354701,509
2026-02-17 01:51:06.362743,512
2026-02-17 01:51:06.370766,510
2026-02-17 01:51:06.378776,509
2026-02-17 01:51:06.386695,505
2026-02-17 01:51:06.394787,510
2026-02-17 01:51:06.402710,511
2026-02-17 01:51:06.410872,510
2026-02-17 01:51:06.418811,512
2026-02-17 01:51:06.426852,507
2026-02-17 01:51:06.434725,510
2026-02-17 01:51:06.442826,508
2026-02-17 01:51:06.450687,511
2026-02-17 01:51:06.458842,511
2026-02-17 01:51:06.466721,506
2026-02-17 01:51:06.474893,510
2026-02-17 01:51:06.482719,514
2026-02-17 01:51:06.490816,510
2026-02-17 01:51:06.498698,513
2026-02-17 01:51:06.506927,510
2026-02-17 01:51:06.514761,512
2026-02-17 01:51:06.522768,510
2026-02-17 01:51:06.530722,510
2026-02-17 01:51:06.538802,502
2026-02-17 01:51:06.546728,507
2026-02-17 01:51:06.554725,501
2026-02-17 01:51:06.562766,507
2026-02-17 01:51:06.570734,509
2026-02-17 01:51:06.578769,504
2026-02-17 01:51:06.586760,506
2026-02-17 01:51:06.594840,504
2026-02-17 01:51:06.602797,508
2026-02-17 01:51:06.610943,503
2026-02-17 01:51:06.618681,511
2026-02-17 01:51:06.626861,505
2026-02-17 01:51:06.634767,512
2026-02-17 01:51:06.642877,510
2026-02-17 01:51:06.650723,512
2026-02-17 01:51:06.658818,513
2026-02-17 01:51:06.666707,505
2026-02-17 01:51:06.674881,504
2026-02-17 01:51:06.682750,506
2026-02-17 01:51:06.690806,505
2026-02-17 01:51:06.698726,509
2026-02-17 01:51:06.706944,509
2026-02-17 01:51:06.714722,509
2026-02-17 01:51:06.722789,511
2026-02-17 01:51:06.730733,509
2026-02-17 01:51:06.738837,513
2026-02-17 01:51:06.746739,510
2026-02-17 01:51:06.754816,516
2026-02-17 01:51:06.762747,516
2026-02-17 01:51:06.770727,508
2026-02-17 01:51:06.778835,510
2026-02-17 01:51:06.786716,515
2026-02-17 01:51:06.794838,511
2026-02-17 01:51:06.802717,511
2026-02-17 01:51:06.810824,512
2026-02-17 01:51:06.818692,510
2026-02-17 01:51:06.826823,502
2026-02-17 01:51:06.834732,498
2026-02-17 01:51:06.842860,505
2026-02-17 01:51:06.850739,506
2026-02-17 01:51:06.859005,513
2026-02-17 01:51:06.866703,515
2026-02-17 01:51:06.874868,515
2026-02-17 01:51:06.882752,514
2026-02-17 01:51:06.890851,512
2026-02-17 01:51:06.898759,514
2026-02-17 01:51:06.906824,516
2026-02-17 01:51:06.914691,512
2026-02-17 01:51:06.922841,515
2026-02-17 01:51:06.930741,509
2026-02-17 01:51:06.938844,513
2026-02-17 01:51:06.946784,507
2026-02-17 01:51:06.954740,512
2026-02-17 01:51:06.962707,512
2026-02-17 01:51:06.970746,510
2026-02-17 01:51:06.978800,508
2026-02-17 01:51:06.986704,510
2026-02-17 01:51:06.994834,509
2026-02-17 01:51:07.002801,511
2026-02-17 01:51:07.010917,508
2026-02-17 01:51:07.018770,513
2026-02-17 01:51:07.026800,513
2026-02-17 01:51:07.034795,511
2026-02-17 01:51:07.042971,509
2026-02-17 01:51:07.050750,510
2026-02-17 01:51:07.058854,511
2026-02-17 01:51:07.066752,509
2026-02-17 01:51:07.074819,512
2026-02-17 01:51:07.082711,513
2026-02-17 01:51:07.090749,515
2026-02-17 01:51:07.098718,509
2026-02-17 01:51:07.106902,513
2026-02-17 01:51:07.114739,513
2026-02-17 01:51:07.122895,516
2026-02-17 01:51:07.130735,510
2026-02-17 01:51:07.138768,512
2026-02-17 01:51:07.146758,510
2026-02-17 01:51:07.154859,517
2026-02-17 01:51:07.162721,517
2026-02-17 01:51:07.170699,512
2026-02-17 01:51:07.178839,514
2026-02-17 01:51:07.186680,512
2026-02-17 01:51:07.194852,512
2026-02-17 01:51:07.202809,509
2026-02-17 01:51:07.210839,510
2026-02-17 01:51:07.218776,506
2026-02-17 01:51:07.226878,505
2026-02-17 01:51:07.234777,509
2026-02-17 01:51:07.242825,515
2026-02-17 01:51:07.250828,512
2026-02-17 01:51:07.258857,510
2026-02-17 01:51:07.266707,512
2026-02-17 01:51:07.274869,512
2026-02-17 01:51:07.282771,511
2026-02-17 01:51:07.290862,512
2026-02-17 01:51:07.298715,512
2026-02-17 01:51:07.306872,508
2026-02-17 01:51:07.314729,510
2026-02-17 01:51:07.322740,513
2026-02-17 01:51:07.330695,510
2026-02-17 01:51:07.338744,510
2026-02-17 01:51:07.346732,509
2026-02-17 01:51:07.354793,512
2026-02-17 01:51:07.362773,515
2026-02-17 01:51:07.370715,513
2026-02-17 01:51:07.378858,511
2026-02-17 01:51:07.386678,511
2026-02-17 01:51:07.394850,511
2026-02-17 01:51:07.402687,510
2026-02-17 01:51:07.410824,516
2026-02-17 01:51:07.418689,517
2026-02-17 01:51:07.426895,518
2026-02-17 01:51:07.434697,514
2026-02-17 01:51:07.442912,517
2026-02-17 01:51:07.450748,515
2026-02-17 01:51:07.458857,515
2026-02-17 01:51:07.466745,513
2026-02-17 01:51:07.475211,516
2026-02-17 01:51:07.482790,521
2026-02-17 01:51:07.490773,519
2026-02-17 01:51:07.498749,520
2026-02-17 01:51:07.506893,516
2026-02-17 01:51:07.514789,517
2026-02-17 01:51:07.522742,520
2026-02-17 01:51:07.530834,515
2026-02-17 01:51:07.538791,513
2026-02-17 01:51:07.546831,510
2026-02-17 01:51:07.554782,513
2026-02-17 01:51:07.562805,513
2026-02-17 01:51:07.570781,514
2026-02-17 01:51:07.578800,516
2026-02-17 01:51:07.586802,519
2026-02-17 01:51:07.594841,516
2026-02-17 01:51:07.602833,510
2026-02-17 01:51:07.610934,504
2026-02-17 01:51:07.618749,504
2026-02-17 01:51:07.626961,507
2026-02-17 01:51:07.635192,512
2026-02-17 01:51:07.642983,515
2026-02-17 01:51:07.650768,515
2026-02-17 01:51:07.658872,517
2026-02-17 01:51:07.666700,514
2026-02-17 01:51:07.674799,514
2026-02-17 01:51:07.682752,517
2026-02-17 01:51:07.690841,516
2026-02-17 01:51:07.698710,512
2026-02-17 01:51:07.706810,514
2026-02-17 01:51:07.714747,513
2026-02-17 01:51:07.722818,514
2026-02-17 01:51:07.730753,512
2026-02-17 01:51:07.738753,515
2026-02-17 01:51:07.746731,515
2026-02-17 01:51:07.754756,513
2026-02-17 01:51:07.762841,515
2026-02-17 01:51:07.770693,520
2026-02-17 01:51:07.778832,515
2026-02-17 01:51:07.786709,516
2026-02-17 01:51:07.794880,513
2026-02-17 01:51:07.802696,518
2026-02-17 01:51:07.810872,515
2026-02-17 01:51:07.818760,509
2026-02-17 01:51:07.826848,509
2026-02-17 01:51:07.834787,510
2026-02-17 01:51:07.842852,509
2026-02-17 01:51:07.850771,511
2026-02-17 01:51:07.858898,516
2026-02-17 01:51:07.866701,513
2026-02-17 01:51:07.874824,514
2026-02-17 01:51:07.882738,514
2026-02-17 01:51:07.890796,511
2026-02-17 01:51:07.898811,511
2026-02-17 01:51:07.906863,513
2026-02-17 01:51:07.914862,513
2026-02-17 01:51:07.922782,515
2026-02-17 01:51:07.930776,513
2026-02-17 01:51:07.938760,515
2026-02-17 01:51:07.946756,508
2026-02-17 01:51:07.954733,511
2026-02-17 01:51:07.962784,512
2026-02-17 01:51:07.970691,513
2026-02-17 01:51:07.978832,512
2026-02-17 01:51:07.986759,511
2026-02-17 01:51:07.994857,510
2026-02-17 01:51:08.002697,512
2026-02-17 01:51:08.010816,508
2026-02-17 01:51:08.018812,509
2026-02-17 01:51:08.026983,509
2026-02-17 01:51:08.034778,509
2026-02-17 01:51:08.042876,513
2026-02-17 01:51:08.050794,509
2026-02-17 01:51:08.058823,513
2026-02-17 01:51:08.066795,508
2026-02-17 01:51:08.074739,511
2026-02-17 01:51:08.082698,510
2026-02-17 01:51:08.090800,511
2026-02-17 01:51:08.098752,507
2026-02-17 01:51:08.106793,510
2026-02-17 01:51:08.114726,510
2026-02-17 01:51:08.122728,514
2026-02-17 01:51:08.130700,512
2026-02-17 01:51:08.138732,513
2026-02-17 01:51:08.146715,517
2026-02-17 01:51:08.154711,515
2026-02-17 01:51:08.162808,519
2026-02-17 01:51:08.170728,514
2026-02-17 01:51:08.178721,516
2026-02-17 01:51:08.186697,508
2026-02-17 01:51:08.194789,507
2026-02-17 01:51:08.202783,515
2026-02-17 01:51:08.210801,506
2026-02-17 01:51:08.218730,512
2026-02-17 01:51:08.226761,510
2026-02-17 01:51:08.234724,516
2026-02-17 01:51:08.242767,512
2026-02-17 01:51:08.250717,508
2026-02-17 01:51:08.258730,508
2026-02-17 01:51:08.266713,509
2026-02-17 01:51:08.274710,511
2026-02-17 01:51:08.282715,509
2026-02-17 01:51:08.290732,511
2026-02-17 01:51:08.298697,512
2026-02-17 01:51:08.306709,512
2026-02-17 01:51:08.314704,515
2026-02-17 01:51:08.322722,514
2026-02-17 01:51:08.330705,506
2026-02-17 01:51:08.338711,505
2026-02-17 01:51:08.346734,510
2026-02-17 01:51:08.354753,503
2026-02-17 01:51:08.362751,506
2026-02-17 01:51:08.370721,507
2026-02-17 01:51:08.378837,509
2026-02-17 01:51:08.386821,500
2026-02-17 01:51:08.394795,498
2026-02-17 01:51:08.403930,499
2026-02-17 01:51:08.410835,505
2026-02-17 01:51:08.418790,507
2026-02-17 01:51:08.426860,509
2026-02-17 01:51:08.434770,511
2026-02-17 01:51:08.442788,513
2026-02-17 01:51:08.450784,514
2026-02-17 01:51:08.458857,514
2026-02-17 01:51:08.466715,508
2026-02-17 01:51:08.474852,507
2026-02-17 01:51:08.482704,509
2026-02-17 01:51:08.490774,512
2026-02-17 01:51:08.498841,512
2026-02-17 01:51:08.506776,508
2026-02-17 01:51:08.514699,508
2026-02-17 01:51:08.522874,515
2026-02-17 01:51:08.530734,507
2026-02-17 01:51:08.538765,510
2026-02-17 01:51:08.546876,511
2026-02-17 01:51:08.554761,512
2026-02-17 01:51:08.562860,512
2026-02-17 01:51:08.570847,509
2026-02-17 01:51:08.578815,517
2026-02-17 01:51:08.586805,512
2026-02-17 01:51:08.594846,511
2026-02-17 01:51:08.602720,517
2026-02-17 01:51:08.610779,516
2026-02-17 01:51:08.618713,513
2026-02-17 01:51:08.626866,511
2026-02-17 01:51:08.634820,513
2026-02-17 01:51:08.642844,514
2026-02-17 01:51:08.650782,513
2026-02-17 01:51:08.658850,514
2026-02-17 01:51:08.666708,511
2026-02-17 01:51:08.674833,514
2026-02-17 01:51:08.682699,515
2026-02-17 01:51:08.690878,515
2026-02-17 01:51:08.698724,517
2026-02-17 01:51:08.706789,513
2026-02-17 01:51:08.714717,515
2026-02-17 01:51:08.722782,519
2026-02-17 01:51:08.730799,514
2026-02-17 01:51:08.738779,511
2026-02-17 01:51:08.746711,513
2026-02-17 01:51:08.754795,508
2026-02-17 01:51:08.762849,512
2026-02-17 01:51:08.770790,506
2026-02-17 01:51:08.778857,512
2026-02-17 01:51:08.786864,507
2026-02-17 01:51:08.794829,515
2026-02-17 01:51:08.802755,511
2026-02-17 01:51:08.810926,505
2026-02-17 01:51:08.818729,513
2026-02-17 01:51:08.826898,509
2026-02-17 01:51:08.834804,515
2026-02-17 01:51:08.842888,516
2026-02-17 01:51:08.850950,513
2026-02-17 01:51:08.858863,513
2026-02-17 01:51:08.866762,515
2026-02-17 01:51:08.874894,514
2026-02-17 01:51:08.882736,518
2026-02-17 01:51:08.890910,514
2026-02-17 01:51:08.898757,515
2026-02-17 01:51:08.906886,513
2026-02-17 01:51:08.914765,516
2026-02-17 01:51:08.922809,514
2026-02-17 01:51:08.930815,516
2026-02-17 01:51:08.938839,511
2026-02-17 01:51:08.946838,519
2026-02-17 01:51:08.954863,518
2026-02-17 01:51:08.962874,517
2026-02-17 01:51:08.970745,517
2026-02-17 01:51:08.978936,518
2026-02-17 01:51:08.986740,511
2026-02-17 01:51:08.994968,511
2026-02-17 01:51:09.002802,512
2026-02-17 01:51:09.011051,512
2026-02-17 01:51:09.018898,513
2026-02-17 01:51:09.026768,515
2026-02-17 01:51:09.034727,513
2026-02-17 01:51:09.043029,515
2026-02-17 01:51:09.050792,511
2026-02-17 01:51:09.058818,511
2026-02-17 01:51:09.066800,508
2026-02-17 01:51:09.074821,511
2026-02-17 01:51:09.082801,510
2026-02-17 01:51:09.090837,509
2026-02-17 01:51:09.098772,514
2026-02-17 01:51:09.106825,504
2026-02-17 01:51:09.114781,508
2026-02-17 01:51:09.122739,512
2026-02-17 01:51:09.130929,513
2026-02-17 01:51:09.138859,514
2026-02-17 01:51:09.146868,511
2026-02-17 01:51:09.154885,512
2026-02-17 01:51:09.162855,509
2026-02-17 01:51:09.170827,501
2026-02-17 01:51:09.178878,502
2026-02-17 01:51:09.186725,503
2026-02-17 01:51:09.194895,511
2026-02-17 01:51:09.202748,516
2026-02-17 01:51:09.210913,515
2026-02-17 01:51:09.218766,514
2026-02-17 01:51:09.226932,514
2026-02-17 01:51:09.234746,513
2026-02-17 01:51:09.242961,508
2026-02-17 01:51:09.250773,514
2026-02-17 01:51:09.258849,514
2026-02-17 01:51:09.266789,513
2026-02-17 01:51:09.274803,514
2026-02-17 01:51:09.282770,515
2026-02-17 01:51:09.290837,513
2026-02-17 01:51:09.298796,516
2026-02-17 01:51:09.306832,509
2026-02-17 01:51:09.314749,514
2026-02-17 01:51:09.322776,513
2026-02-17 01:51:09.330823,512
2026-02-17 01:51:09.338754,519
2026-02-17 01:51:09.346892,516
2026-02-17 01:51:09.354797,511
2026-02-17 01:51:09.362883,517
2026-02-17 01:51:09.370781,513
2026-02-17 01:51:09.378913,513
2026-02-17 01:51:09.386847,510
2026-02-17 01:51:09.394897,515
2026-02-17 01:51:09.402746,514
2026-02-17 01:51:09.410880,517
2026-02-17 01:51:09.418744,514
2026-02-17 01:51:09.426881,515
2026-02-17 01:51:09.434753,521
2026-02-17 01:51:09.442837,517
2026-02-17 01:51:09.450731,513
2026-02-17 01:51:09.458855,513
2026-02-17 01:51:09.466752,513
2026-02-17 01:51:09.474776,515
2026-02-17 01:51:09.482772,518
2026-02-17 01:51:09.490862,516
2026-02-17 01:51:09.498778,518
2026-02-17 01:51:09.506804,517
2026-02-17 01:51:09.514793,517
2026-02-17 01:51:09.522744,518
2026-02-17 01:51:09.530818,515
2026-02-17 01:51:09.538758,519
2026-02-17 01:51:09.546890,509
2026-02-17 01:51:09.554768,511
2026-02-17 01:51:09.562899,516
2026-02-17 01:51:09.570747,511
2026-02-17 01:51:09.578871,512
2026-02-17 01:51:09.586808,511
2026-02-17 01:51:09.594901,512
2026-02-17 01:51:09.602772,515
2026-02-17 01:51:09.611010,515
2026-02-17 01:51:09.618742,511
2026-02-17 01:51:09.626930,510
2026-02-17 01:51:09.634750,515
2026-02-17 01:51:09.642965,515
2026-02-17 01:51:09.650800,514
2026-02-17 01:51:09.658809,515
2026-02-17 01:51:09.666772,510
2026-02-17 01:51:09.674776,510
2026-02-17 01:51:09.682738,511
2026-02-17 01:51:09.690875,513
2026-02-17 01:51:09.698780,511
2026-02-17 01:51:09.706759,512
2026-02-17 01:51:09.714937,508
2026-02-17 01:51:09.725202,509
2026-02-17 01:51:09.730862,511
2026-02-17 01:51:09.738850,515
2026-02-17 01:51:09.746895,511
2026-02-17 01:51:09.754734,510
2026-02-17 01:51:09.762848,510
2026-02-17 01:51:09.770844,508
2026-02-17 01:51:09.778788,511
2026-02-17 01:51:09.786723,508
2026-02-17 01:51:09.794833,509
2026-02-17 01:51:09.802739,514
2026-02-17 01:51:09.810742,510
2026-02-17 01:51:09.818745,512
2026-02-17 01:51:09.826767,510
2026-02-17 01:51:09.834746,511
2026-02-17 01:51:09.842753,512
2026-02-17 01:51:09.850759,509
2026-02-17 01:51:09.858827,508
2026-02-17 01:51:09.866728,510
2026-02-17 01:51:09.874814,510
2026-02-17 01:51:09.882781,510
2026-02-17 01:51:09.890798,509
2026-02-17 01:51:09.898748,512
2026-02-17 01:51:09.906803,509
2026-02-17 01:51:09.914752,512
2026-02-17 01:51:09.922730,515
2026-02-17 01:51:09.930765,516
2026-02-17 01:51:09.938729,512
2026-02-17 01:51:09.946874,515
2026-02-17 01:51:09.954878,519
2026-02-17 01:51:09.962804,515
2026-02-17 01:51:09.970781,507
2026-02-17 01:51:09.978756,504
2026-02-17 01:51:09.986726,502
2026-02-17 01:51:09.994730,506
2026-02-17 01:51:10.002714,509
2026-02-17 01:51:10.010849,507
2026-02-17 01:51:10.018822,511
2026-02-17 01:51:10.026798,510
2026-02-17 01:51:10.034821,512
2026-02-17 01:51:10.042793,518
2026-02-17 01:51:10.050801,512
2026-02-17 01:51:10.058835,513
2026-02-17 01:51:10.066719,510
2026-02-17 01:51:10.074753,513
2026-02-17 01:51:10.082741,516
2026-02-17 01:51:10.090749,511
2026-02-17 01:51:10.098747,514
2026-02-17 01:51:10.106743,512
2026-02-17 01:51:10.114763,512
2026-02-17 01:51:10.122748,513
2026-02-17 01:51:10.130787,506
2026-02-17 01:51:10.138765,512
2026-02-17 01:51:10.146866,513
2026-02-17 01:51:10.154859,517
2026-02-17 01:51:10.162847,513
2026-02-17 01:51:10.170854,513
2026-02-17 01:51:10.178849,513
2026-02-17 01:51:10.186776,512
2026-02-17 01:51:10.194842,515
2026-02-17 01:51:10.202748,519
2026-02-17 01:51:10.210841,515
2026-02-17 01:51:10.218744,519
2026-02-17 01:51:10.226930,514
2026-02-17 01:51:10.234772,513
2026-02-17 01:51:10.242900,518
2026-02-17 01:51:10.250845,513
2026-02-17 01:51:10.258822,518
2026-02-17 01:51:10.266744,518
2026-02-17 01:51:10.274781,514
2026-02-17 01:51:10.282796,513
2026-02-17 01:51:10.290885,513
2026-02-17 01:51:10.298818,510
2026-02-17 01:51:10.306752,509
2026-02-17 01:51:10.314875,513
2026-02-17 01:51:10.322781,511
2026-02-17 01:51:10.330903,509
2026-02-17 01:51:10.338768,511
2026-02-17 01:51:10.346921,508
2026-02-17 01:51:10.354742,512
2026-02-17 01:51:10.362919,516
2026-02-17 01:51:10.370752,514
2026-02-17 01:51:10.378900,511
2026-02-17 01:51:10.386743,517
2026-02-17 01:51:10.394960,515
2026-02-17 01:51:10.402769,513
2026-02-17 01:51:10.410923,516
2026-02-17 01:51:10.418751,514
2026-02-17 01:51:10.426857,511
2026-02-17 01:51:10.434763,513
2026-02-17 01:51:10.442820,512
2026-02-17 01:51:10.450799,508
2026-02-17 01:51:10.458806,512
2026-02-17 01:51:10.466791,509
2026-02-17 01:51:10.474865,512
2026-02-17 01:51:10.482795,509
2026-02-17 01:51:10.490852,510
2026-02-17 01:51:10.498843,510
2026-02-17 01:51:10.506766,511
2026-02-17 01:51:10.514865,510
2026-02-17 01:51:10.522793,515
2026-02-17 01:51:10.530887,509
2026-02-17 01:51:10.538844,514
2026-02-17 01:51:10.546901,513
2026-02-17 01:51:10.554801,511
2026-02-17 01:51:10.562913,516
2026-02-17 01:51:10.570770,514
2026-02-17 01:51:10.578882,517
2026-02-17 01:51:10.586760,514
2026-02-17 01:51:10.594934,512
2026-02-17 01:51:10.602743,515
2026-02-17 01:51:10.610940,513
2026-02-17 01:51:10.618756,511
2026-02-17 01:51:10.626917,512
2026-02-17 01:51:10.634830,513
2026-02-17 01:51:10.642849,513
2026-02-17 01:51:10.650765,510
2026-02-17 01:51:10.658867,510
2026-02-17 01:51:10.666742,509
2026-02-17 01:51:10.674802,513
2026-02-17 01:51:10.682788,513
2026-02-17 01:51:10.690776,510
2026-02-17 01:51:10.698895,512
2026-02-17 01:51:10.706762,510
2026-02-17 01:51:10.714882,512
2026-02-17 01:51:10.722751,513
2026-02-17 01:51:10.730913,511
2026-02-17 01:51:10.738773,511
2026-02-17 01:51:10.746863,509
2026-02-17 01:51:10.754816,514
2026-02-17 01:51:10.762894,511
2026-02-17 01:51:10.770854,508
2026-02-17 01:51:10.778943,510
2026-02-17 01:51:10.786751,512
2026-02-17 01:51:10.794951,512
2026-02-17 01:51:10.802791,505
2026-02-17 01:51:10.810898,501
2026-02-17 01:51:10.818749,499
2026-02-17 01:51:10.826883,506
2026-02-17 01:51:10.834813,508
2026-02-17 01:51:10.842873,512
2026-02-17 01:51:10.850802,513
2026-02-17 01:51:10.858838,512
2026-02-17 01:51:10.866745,507
2026-02-17 01:51:10.874808,508
2026-02-17 01:51:10.882759,510
2026-02-17 01:51:10.890775,508
2026-02-17 01:51:10.898943,514
2026-02-17 01:51:10.906816,512
2026-02-17 01:51:10.914933,513
2026-02-17 01:51:10.922941,513
2026-02-17 01:51:10.931005,513
2026-02-17 01:51:10.938745,511
2026-02-17 01:51:10.946965,510
2026-02-17 01:51:10.954826,511
2026-02-17 01:51:10.962938,509
2026-02-17 01:51:10.970818,509
2026-02-17 01:51:10.978950,516
2026-02-17 01:51:10.986761,514
2026-02-17 01:51:10.994881,514
2026-02-17 01:51:11.002829,516
2026-02-17 01:51:11.010942,514
2026-02-17 01:51:11.018919,509
2026-02-17 01:51:11.026872,506
2026-02-17 01:51:11.034855,507
2026-02-17 01:51:11.042854,513
2026-02-17 01:51:11.050878,511
2026-02-17 01:51:11.059053,510
2026-02-17 01:51:11.066814,513
2026-02-17 01:51:11.074771,518
2026-02-17 01:51:11.082831,522
2026-02-17 01:51:11.090794,518
2026-02-17 01:51:11.098923,516
2026-02-17 01:51:11.106783,512
2026-02-17 01:51:11.114897,511
2026-02-17 01:51:11.122795,518
2026-02-17 01:51:11.130907,513
2026-02-17 01:51:11.138865,511
2026-02-17 01:51:11.146915,514
2026-02-17 01:51:11.154827,509
2026-02-17 01:51:11.162895,513
2026-02-17 01:51:11.170782,515
2026-02-17 01:51:11.178923,513
2026-02-17 01:51:11.186764,510
2026-02-17 01:51:11.194920,512
2026-02-17 01:51:11.202768,517
2026-02-17 01:51:11.210845,514
2026-02-17 01:51:11.218935,514
2026-02-17 01:51:11.227760,515
2026-02-17 01:51:11.234884,513
2026-02-17 01:51:11.242871,516
2026-02-17 01:51:11.250894,511
2026-02-17 01:51:11.258823,516
2026-02-17 01:51:11.266818,513
2026-02-17 01:51:11.274844,512
2026-02-17 01:51:11.282879,514
2026-02-17 01:51:11.290806,513
2026-02-17 01:51:11.298926,511
2026-02-17 01:51:11.306738,511
2026-02-17 01:51:11.314952,505
2026-02-17 01:51:11.322741,515
2026-02-17 01:51:11.330905,510
2026-02-17 01:51:11.338730,507
2026-02-17 01:51:11.346911,505
2026-02-17 01:51:11.354845,509
2026-02-17 01:51:11.362950,509
2026-02-17 01:51:11.370783,516
2026-02-17 01:51:11.378946,511
2026-02-17 01:51:11.386788,509
2026-02-17 01:51:11.394936,511
2026-02-17 01:51:11.402795,518
2026-02-17 01:51:11.410917,515
2026-02-17 01:51:11.418749,518
2026-02-17 01:51:11.426873,510
2026-02-17 01:51:11.434783,512
2026-02-17 01:51:11.442889,513
2026-02-17 01:51:11.450746,510
2026-02-17 01:51:11.458798,513
2026-02-17 01:51:11.466808,513
2026-02-17 01:51:11.474849,511
2026-02-17 01:51:11.482900,516
2026-02-17 01:51:11.490840,513
2026-02-17 01:51:11.498892,515
2026-02-17 01:51:11.506808,513
2026-02-17 01:51:11.514900,515
2026-02-17 01:51:11.522859,515
2026-02-17 01:51:11.530930,512
2026-02-17 01:51:11.538740,513
2026-02-17 01:51:11.546961,514
2026-02-17 01:51:11.554833,509
2026-02-17 01:51:11.562931,515
2026-02-17 01:51:11.570793,511
2026-02-17 01:51:11.578908,513
2026-02-17 01:51:11.586856,511
2026-02-17 01:51:11.594899,515
2026-02-17 01:51:11.602750,513
2026-02-17 01:51:11.610908,514
2026-02-17 01:51:11.618772,514
2026-02-17 01:51:11.626900,508
2026-02-17 01:51:11.634874,510
2026-02-17 01:51:11.642856,513
2026-02-17 01:51:11.650818,511
2026-02-17 01:51:11.658844,510
2026-02-17 01:51:11.666766,513
2026-02-17 01:51:11.674834,508
2026-02-17 01:51:11.682870,512
2026-02-17 01:51:11.690771,507
2026-02-17 01:51:11.698941,512
2026-02-17 01:51:11.706821,508
2026-02-17 01:51:11.714971,509
2026-02-17 01:51:11.722836,510
2026-02-17 01:51:11.730922,504
2026-02-17 01:51:11.738799,511
2026-02-17 01:51:11.746897,512
2026-02-17 01:51:11.754802,513
2026-02-17 01:51:11.762889,510
2026-02-17 01:51:11.770793,510
2026-02-17 01:51:11.778933,507
2026-02-17 01:51:11.786783,502
2026-02-17 01:51:11.794897,507
2026-02-17 01:51:11.802759,509
2026-02-17 01:51:11.810924,512
2026-02-17 01:51:11.818911,517
2026-02-17 01:51:11.826937,515
2026-02-17 01:51:11.834864,516
2026-02-17 01:51:11.842826,520
2026-02-17 01:51:11.850896,514
2026-02-17 01:51:11.858893,516
2026-02-17 01:51:11.866803,514
2026-02-17 01:51:11.874788,513
2026-02-17 01:51:11.882856,514
2026-02-17 01:51:11.890839,512
2026-02-17 01:51:11.898951,514
2026-02-17 01:51:11.906776,512
2026-02-17 01:51:11.914960,512
2026-02-17 01:51:11.922768,517
2026-02-17 01:51:11.930956,510
2026-02-17 01:51:11.938828,511
2026-02-17 01:51:11.946952,511
2026-02-17 01:51:11.954767,512
2026-02-17 01:51:11.962929,512
2026-02-17 01:51:11.970778,507
2026-02-17 01:51:11.978932,510
2026-02-17 01:51:11.986813,512
2026-02-17 01:51:11.994878,513
2026-02-17 01:51:12.002794,513
2026-02-17 01:51:12.011008,511
2026-02-17 01:51:12.018977,509
2026-02-17 01:51:12.026850,508
2026-02-17 01:51:12.034849,513
2026-02-17 01:51:12.042894,510
2026-02-17 01:51:12.050930,516
2026-02-17 01:51:12.059022,516
2026-02-17 01:51:12.066871,516
2026-02-17 01:51:12.074807,514
2026-02-17 01:51:12.082925,515
2026-02-17 01:51:12.090797,511
2026-02-17 01:51:12.098933,513
2026-02-17 01:51:12.107073,511
2026-02-17 01:51:12.114999,511
2026-02-17 01:51:12.122775,508
2026-02-17 01:51:12.130916,508
2026-02-17 01:51:12.138776,506
2026-02-17 01:51:12.146961,508
2026-02-17 01:51:12.154776,512
2026-02-17 01:51:12.162900,515
2026-02-17 01:51:12.170773,514
2026-02-17 01:51:12.178951,513
2026-02-17 01:51:12.186801,513
2026-02-17 01:51:12.194890,514
2026-02-17 01:51:12.202794,515
2026-02-17 01:51:12.210910,512
2026-02-17 01:51:12.218766,516
2026-02-17 01:51:12.226879,515
2026-02-17 01:51:12.234839,516
2026-02-17 01:51:12.242796,514
2026-02-17 01:51:12.250852,514
2026-02-17 01:51:12.258857,512
2026-02-17 01:51:12.266889,512
2026-02-17 01:51:12.274779,512
2026-02-17 01:51:12.282862,510
2026-02-17 01:51:12.290811,510
2026-02-17 01:51:12.298891,511
2026-02-17 01:51:12.306855,511
2026-02-17 01:51:12.314916,514
2026-02-17 01:51:12.322799,511
2026-02-17 01:51:12.330884,508
2026-02-17 01:51:12.338800,512
2026-02-17 01:51:12.346950,512
2026-02-17 01:51:12.354792,514
2026-02-17 01:51:12.362905,510
2026-02-17 01:51:12.370807,511
2026-02-17 01:51:12.378893,511
2026-02-17 01:51:12.386794,516
2026-02-17 01:51:12.394878,515
2026-02-17 01:51:12.402775,517
2026-02-17 01:51:12.410858,513
2026-02-17 01:51:12.418772,517
2026-02-17 01:51:12.426789,514
2026-02-17 01:51:12.434798,512
2026-02-17 01:51:12.442829,514
2026-02-17 01:51:12.450828,513
2026-02-17 01:51:12.458835,508
2026-02-17 01:51:12.466854,512
2026-02-17 01:51:12.474772,512
2026-02-17 01:51:12.482924,513
2026-02-17 01:51:12.490762,513
2026-02-17 01:51:12.498924,510
2026-02-17 01:51:12.506808,509
2026-02-17 01:51:12.514929,511
2026-02-17 01:51:12.522846,513
2026-02-17 01:51:12.530845,513
2026-02-17 01:51:12.538815,512
2026-02-17 01:51:12.546868,514
2026-02-17 01:51:12.554852,513
2026-02-17 01:51:12.562836,511
2026-02-17 01:51:12.570872,511
2026-02-17 01:51:12.578821,512
2026-02-17 01:51:12.586896,510
2026-02-17 01:51:12.594811,513
2026-02-17 01:51:12.602796,514
2026-02-17 01:51:12.610784,516
2026-02-17 01:51:12.618863,513
2026-02-17 01:51:12.626857,514
2026-02-17 01:51:12.634814,510
2026-02-17 01:51:12.642820,513
2026-02-17 01:51:12.650813,510
2026-02-17 01:51:12.658903,509
2026-02-17 01:51:12.666764,501
2026-02-17 01:51:12.674881,507
2026-02-17 01:51:12.682927,511
2026-02-17 01:51:12.690883,512
2026-02-17 01:51:12.698856,512
2026-02-17 01:51:12.706851,515
2026-02-17 01:51:12.714868,515
2026-02-17 01:51:12.722802,510
2026-02-17 01:51:12.730834,513
2026-02-17 01:51:12.738804,514
2026-02-17 01:51:12.746868,510
2026-02-17 01:51:12.754827,509
2026-02-17 01:51:12.762861,513
2026-02-17 01:51:12.770799,514
2026-02-17 01:51:12.778856,515
2026-02-17 01:51:12.786849,512
2026-02-17 01:51:12.794891,517
2026-02-17 01:51:12.802775,518
2026-02-17 01:51:12.810801,518
2026-02-17 01:51:12.818764,519
2026-02-17 01:51:12.826778,516
2026-02-17 01:51:12.834792,515
2026-02-17 01:51:12.842765,517
2026-02-17 01:51:12.850903,509
2026-02-17 01:51:12.858831,516
2026-02-17 01:51:12.866879,519
2026-02-17 01:51:12.874802,514
2026-02-17 01:51:12.882816,515
2026-02-17 01:51:12.890786,514
2026-02-17 01:51:12.898874,513
2026-02-17 01:51:12.906804,510
2026-02-17 01:51:12.914880,511
2026-02-17 01:51:12.922842,510
2026-02-17 01:51:12.930884,505
2026-02-17 01:51:12.938816,508
2026-02-17 01:51:12.946886,509
2026-02-17 01:51:12.954803,510
2026-02-17 01:51:12.962933,503
2026-02-17 01:51:12.970866,506
2026-02-17 01:51:12.978957,504
2026-02-17 01:51:12.986890,512
2026-02-17 01:51:12.994871,509
2026-02-17 01:51:13.002891,511
2026-02-17 01:51:13.011412,510
2026-02-17 01:51:13.018842,510
2026-02-17 01:51:13.026891,507
2026-02-17 01:51:13.034829,513
2026-02-17 01:51:13.042918,512
2026-02-17 01:51:13.050918,505
2026-02-17 01:51:13.058896,505
2026-02-17 01:51:13.066899,506
2026-02-17 01:51:13.074854,512
2026-02-17 01:51:13.082929,511
2026-02-17 01:51:13.090760,511
2026-02-17 01:51:13.098919,513
2026-02-17 01:51:13.106861,510
2026-02-17 01:51:13.114970,516
2026-02-17 01:51:13.122769,515
2026-02-17 01:51:13.130921,514
2026-02-17 01:51:13.138831,513
2026-02-17 01:51:13.146970,509
2026-02-17 01:51:13.154880,509
2026-02-17 01:51:13.162905,517
2026-02-17 01:51:13.170857,508
2026-02-17 01:51:13.178923,511
2026-02-17 01:51:13.186782,511
2026-02-17 01:51:13.194929,514
2026-02-17 01:51:13.202856,513
2026-02-17 01:51:13.210895,515
2026-02-17 01:51:13.218865,515
2026-02-17 01:51:13.226799,514
2026-02-17 01:51:13.234927,517
2026-02-17 01:51:13.242787,516
2026-02-17 01:51:13.250855,509
2026-02-17 01:51:13.258830,514
2026-02-17 01:51:13.266825,513
2026-02-17 01:51:13.274781,510
2026-02-17 01:51:13.282861,510
2026-02-17 01:51:13.290822,504
2026-02-17 01:51:13.298863,506
2026-02-17 01:51:13.306801,501
2026-02-17 01:51:13.314890,507
2026-02-17 01:51:13.322843,508
2026-02-17 01:51:13.330840,502
2026-02-17 01:51:13.338827,509
2026-02-17 01:51:13.346856,504
2026-02-17 01:51:13.354782,511
2026-02-17 01:51:13.362859,515
2026-02-17 01:51:13.370814,510
2026-02-17 01:51:13.378788,513
2026-02-17 01:51:13.386779,513
2026-02-17 01:51:13.394860,515
2026-02-17 01:51:13.402803,513
2026-02-17 01:51:13.410778,511
2026-02-17 01:51:13.418877,508
2026-02-17 01:51:13.426864,507
2026-02-17 01:51:13.434804,510
2026-02-17 01:51:13.442810,511
2026-02-17 01:51:13.450853,508
2026-02-17 01:51:13.458776,514
2026-02-17 01:51:13.466906,515
2026-02-17 01:51:13.474758,512
2026-02-17 01:51:13.482972,515
2026-02-17 01:51:13.490831,511
2026-02-17 01:51:13.498905,512
2026-02-17 01:51:13.506865,509
2026-02-17 01:51:13.514982,516
2026-02-17 01:51:13.522791,511
2026-02-17 01:51:13.530964,513
2026-02-17 01:51:13.538830,511
2026-02-17 01:51:13.546926,508
2026-02-17 01:51:13.554811,501
2026-02-17 01:51:13.562908,504
2026-02-17 01:51:13.570797,507
2026-02-17 01:51:13.578885,509
2026-02-17 01:51:13.586837,509
2026-02-17 01:51:13.594901,512
2026-02-17 01:51:13.602824,514
2026-02-17 01:51:13.611000,514
2026-02-17 01:51:13.618856,516
2026-02-17 01:51:13.626805,515
2026-02-17 01:51:13.634896,512
2026-02-17 01:51:13.642843,512
2026-02-17 01:51:13.650908,510
2026-02-17 01:51:13.658798,507
2026-02-17 01:51:13.666942,512
2026-02-17 01:51:13.674784,512
2026-02-17 01:51:13.682914,510
2026-02-17 01:51:13.690773,510
2026-02-17 01:51:13.698950,513
2026-02-17 01:51:13.706868,514
2026-02-17 01:51:13.714990,510
2026-02-17 01:51:13.722820,507
2026-02-17 01:51:13.731036,511
2026-02-17 01:51:13.738801,512
2026-02-17 01:51:13.746930,508
2026-02-17 01:51:13.754776,514
2026-02-17 01:51:13.762968,514
2026-02-17 01:51:13.770797,516
2026-02-17 01:51:13.778873,516
2026-02-17 01:51:13.786820,513
2026-02-17 01:51:13.794921,511
2026-02-17 01:51:13.802815,514
2026-02-17 01:51:13.810822,516
2026-02-17 01:51:13.818816,514
2026-02-17 01:51:13.826822,515
2026-02-17 01:51:13.834870,513
2026-02-17 01:51:13.842806,517
2026-02-17 01:51:13.851045,513
2026-02-17 01:51:13.858932,514
2026-02-17 01:51:13.866930,515
2026-02-17 01:51:13.874890,513
2026-02-17 01:51:13.882908,509
2026-02-17 01:51:13.890787,510
2026-02-17 01:51:13.898932,509
2026-02-17 01:51:13.906807,508
2026-02-17 01:51:13.914997,514
2026-02-17 01:51:13.922927,511
2026-02-17 01:51:13.931008,518
2026-02-17 01:51:13.938835,508
2026-02-17 01:51:13.946905,508
2026-02-17 01:51:13.954785,512
2026-02-17 01:51:13.962916,513
2026-02-17 01:51:13.970788,511
2026-02-17 01:51:13.978893,509
2026-02-17 01:51:13.986830,511
2026-02-17 01:51:13.994899,512
2026-02-17 01:51:14.002901,517
2026-02-17 01:51:14.011092,510
2026-02-17 01:51:14.018954,512
2026-02-17 01:51:14.026907,513
2026-02-17 01:51:14.034802,510
2026-02-17 01:51:14.042833,504
2026-02-17 01:51:14.051004,507
2026-02-17 01:51:14.058866,509
2026-02-17 01:51:14.066996,514
2026-02-17 01:51:14.074893,513
2026-02-17 01:51:14.082952,512
2026-02-17 01:51:14.090853,512
2026-02-17 01:51:14.098956,513
2026-02-17 01:51:14.106840,514
2026-02-17 01:51:14.115037,515
2026-02-17 01:51:14.122836,515
2026-02-17 01:51:14.130946,513
2026-02-17 01:51:14.138798,515
2026-02-17 01:51:14.146988,511
2026-02-17 01:51:14.154811,512
2026-02-17 01:51:14.162943,514
2026-02-17 01:51:14.170810,514
2026-02-17 01:51:14.178921,519
2026-02-17 01:51:14.186833,513
2026-02-17 01:51:14.194916,516
2026-02-17 01:51:14.202842,512
2026-02-17 01:51:14.210934,513
2026-02-17 01:51:14.218848,513
2026-02-17 01:51:14.226823,512
2026-02-17 01:51:14.234995,511
2026-02-17 01:51:14.242782,517
2026-02-17 01:51:14.250950,511
2026-02-17 01:51:14.258788,508
2026-02-17 01:51:14.266967,514
2026-02-17 01:51:14.274803,516
2026-02-17 01:51:14.282980,517
2026-02-17 01:51:14.290814,512
2026-02-17 01:51:14.299003,517
2026-02-17 01:51:14.306806,510
2026-02-17 01:51:14.315036,515
2026-02-17 01:51:14.322860,513
2026-02-17 01:51:14.330929,510
2026-02-17 01:51:14.338864,511
2026-02-17 01:51:14.346946,510
2026-02-17 01:51:14.354845,507
2026-02-17 01:51:14.362914,510
2026-02-17 01:51:14.370820,512
2026-02-17 01:51:14.378865,509
2026-02-17 01:51:14.386805,510
2026-02-17 01:51:14.394901,514
2026-02-17 01:51:14.402844,512
2026-02-17 01:51:14.410904,508
2026-02-17 01:51:14.418831,516
2026-02-17 01:51:14.426864,515
2026-02-17 01:51:14.434920,514
2026-02-17 01:51:14.442824,511
2026-02-17 01:51:14.450906,504
2026-02-17 01:51:14.458826,506
2026-02-17 01:51:14.466990,510
2026-02-17 01:51:14.474787,513
2026-02-17 01:51:14.482927,513
2026-02-17 01:51:14.490852,513
2026-02-17 01:51:14.498975,517
2026-02-17 01:51:14.506819,513
2026-02-17 01:51:14.515122,517
2026-02-17 01:51:14.522872,514
2026-02-17 01:51:14.530953,513
2026-02-17 01:51:14.538801,517
2026-02-17 01:51:14.547022,518
2026-02-17 01:51:14.554815,515
2026-02-17 01:51:14.562971,512
2026-02-17 01:51:14.570826,510
2026-02-17 01:51:14.578846,511
2026-02-17 01:51:14.586828,512
2026-02-17 01:51:14.594938,515
2026-02-17 01:51:14.602843,515
2026-02-17 01:51:14.610996,513
2026-02-17 01:51:14.618961,519
2026-02-17 01:51:14.626859,516
2026-02-17 01:51:14.634941,517
2026-02-17 01:51:14.642842,515
2026-02-17 01:51:14.650960,510
2026-02-17 01:51:14.658837,511
2026-02-17 01:51:14.666956,505
2026-02-17 01:51:14.674953,512
2026-02-17 01:51:14.682970,513
2026-02-17 01:51:14.690850,510
2026-02-17 01:51:14.698984,510
2026-02-17 01:51:14.706860,507
2026-02-17 01:51:14.715079,513
2026-02-17 01:51:14.722833,509
2026-02-17 01:51:14.730954,509
2026-02-17 01:51:14.738840,511
2026-02-17 01:51:14.746977,511
2026-02-17 01:51:14.754834,513
2026-02-17 01:51:14.762937,513
2026-02-17 01:51:14.770818,512
2026-02-17 01:51:14.778897,511
2026-02-17 01:51:14.786823,508
2026-02-17 01:51:14.794899,507
2026-02-17 01:51:14.802888,510
2026-02-17 01:51:14.810805,503
2026-02-17 01:51:14.818928,505
2026-02-17 01:51:14.826812,507
2026-02-17 01:51:14.834914,509
2026-02-17 01:51:14.842797,514
2026-02-17 01:51:14.850996,512
2026-02-17 01:51:14.858799,515
2026-02-17 01:51:14.866925,511
2026-02-17 01:51:14.874799,511
2026-02-17 01:51:14.882931,517
2026-02-17 01:51:14.890812,510
2026-02-17 01:51:14.898949,513
2026-02-17 01:51:14.906862,512
2026-02-17 01:51:14.915035,516
2026-02-17 01:51:14.922863,514
2026-02-17 01:51:14.930982,513
2026-02-17 01:51:14.938833,512
2026-02-17 01:51:14.946981,511
2026-02-17 01:51:14.954802,516
2026-02-17 01:51:14.962929,505
2026-02-17 01:51:14.970833,505
2026-02-17 01:51:14.978859,507
2026-02-17 01:51:14.986850,502
2026-02-17 01:51:14.994909,508
2026-02-17 01:51:15.002828,509
2026-02-17 01:51:15.010953,507
2026-02-17 01:51:15.019628,512
2026-02-17 01:51:15.026899,510
2026-02-17 01:51:15.034997,517
2026-02-17 01:51:15.042949,522
2026-02-17 01:51:15.050999,517
2026-02-17 01:51:15.059012,516
2026-02-17 01:51:15.067008,516
2026-02-17 01:51:15.074843,518
2026-02-17 01:51:15.082978,519
2026-02-17 01:51:15.090831,513
2026-02-17 01:51:15.098962,515
2026-02-17 01:51:15.106804,513
2026-02-17 01:51:15.115038,516
2026-02-17 01:51:15.122910,517
2026-02-17 01:51:15.131447,513
2026-02-17 01:51:15.138871,510
2026-02-17 01:51:15.146936,510
2026-02-17 01:51:15.154836,514
2026-02-17 01:51:15.162879,513
2026-02-17 01:51:15.170813,509
2026-02-17 01:51:15.178884,508
2026-02-17 01:51:15.186883,509
2026-02-17 01:51:15.194868,514
2026-02-17 01:51:15.202833,510
2026-02-17 01:51:15.210866,510
2026-02-17 01:51:15.218908,515
2026-02-17 01:51:15.226845,518
2026-02-17 01:51:15.234951,517
2026-02-17 01:51:15.242906,518
2026-02-17 01:51:15.250965,516
2026-02-17 01:51:15.258843,516
2026-02-17 01:51:15.267057,514
2026-02-17 01:51:15.274861,517
2026-02-17 01:51:15.282962,516
2026-02-17 01:51:15.290842,512
2026-02-17 01:51:15.299000,511
2026-02-17 01:51:15.306807,513
2026-02-17 01:51:15.315030,515
2026-02-17 01:51:15.322869,519
2026-02-17 01:51:15.330961,520
2026-02-17 01:51:15.338831,513
2026-02-17 01:51:15.347015,508
2026-02-17 01:51:15.354843,511
2026-02-17 01:51:15.362906,515
2026-02-17 01:51:15.370904,515
2026-02-17 01:51:15.378979,513
2026-02-17 01:51:15.386949,510
2026-02-17 01:51:15.394917,511
2026-02-17 01:51:15.402931,512
2026-02-17 01:51:15.410897,508
2026-02-17 01:51:15.419025,511
2026-02-17 01:51:15.426867,512
2026-02-17 01:51:15.434997,512
2026-02-17 01:51:15.442816,511
2026-02-17 01:51:15.450945,509
2026-02-17 01:51:15.458811,509
2026-02-17 01:51:15.467020,510
2026-02-17 01:51:15.474862,509
2026-02-17 01:51:15.483027,509
2026-02-17 01:51:15.490850,512
2026-02-17 01:51:15.498961,513
2026-02-17 01:51:15.506833,509
2026-02-17 01:51:15.515007,510
2026-02-17 01:51:15.522849,517
2026-02-17 01:51:15.530916,511
2026-02-17 01:51:15.538812,512
2026-02-17 01:51:15.546928,510
2026-02-17 01:51:15.554841,510
2026-02-17 01:51:15.562835,512
2026-02-17 01:51:15.570872,515
2026-02-17 01:51:15.578846,516
2026-02-17 01:51:15.586835,517
2026-02-17 01:51:15.594889,518
2026-02-17 01:51:15.602891,518
2026-02-17 01:51:15.610879,515
2026-02-17 01:51:15.618945,516
2026-02-17 01:51:15.626921,513
2026-02-17 01:51:15.634991,512
2026-02-17 01:51:15.642809,514
2026-02-17 01:51:15.651020,518
2026-02-17 01:51:15.658806,514
2026-02-17 01:51:15.666981,516
2026-02-17 01:51:15.674847,514
2026-02-17 01:51:15.682948,513
2026-02-17 01:51:15.690874,512
2026-02-17 01:51:15.698973,510
2026-02-17 01:51:15.706797,513
2026-02-17 01:51:15.715050,514
2026-02-17 01:51:15.722859,515
2026-02-17 01:51:15.730975,510
2026-02-17 01:51:15.738860,514
2026-02-17 01:51:15.747003,512
2026-02-17 01:51:15.754874,508
2026-02-17 01:51:15.762850,511
2026-02-17 01:51:15.770874,511
2026-02-17 01:51:15.778945,515
2026-02-17 01:51:15.786824,512
2026-02-17 01:51:15.794833,515
2026-02-17 01:51:15.802920,516
2026-02-17 01:51:15.810838,511
2026-02-17 01:51:15.818969,510
2026-02-17 01:51:15.826873,515
2026-02-17 01:51:15.834980,509
2026-02-17 01:51:15.842932,515
2026-02-17 01:51:15.851153,512
2026-02-17 01:51:15.858995,514
2026-02-17 01:51:15.866965,514
2026-02-17 01:51:15.874875,510
2026-02-17 01:51:15.883063,516
2026-02-17 01:51:15.890848,512
2026-02-17 01:51:15.898970,514
2026-02-17 01:51:15.906833,513
2026-02-17 01:51:15.914987,515
2026-02-17 01:51:15.922854,515
2026-02-17 01:51:15.930975,505
2026-02-17 01:51:15.938861,513
2026-02-17 01:51:15.946898,515
2026-02-17 01:51:15.954901,518
2026-02-17 01:51:15.962833,520
2026-02-17 01:51:15.970871,514
2026-02-17 01:51:15.978892,514
2026-02-17 01:51:15.986820,513
2026-02-17 01:51:15.994827,518
2026-02-17 01:51:16.002930,516
2026-02-17 01:51:16.010885,515
2026-02-17 01:51:16.019043,517
2026-02-17 01:51:16.026837,515
2026-02-17 01:51:16.035056,516
2026-02-17 01:51:16.042862,513
2026-02-17 01:51:16.051109,513
2026-02-17 01:51:16.058920,514
2026-02-17 01:51:16.067173,510
2026-02-17 01:51:16.074882,509
2026-02-17 01:51:16.082973,508
2026-02-17 01:51:16.090913,509
2026-02-17 01:51:16.098937,511
2026-02-17 01:51:16.106847,507
2026-02-17 01:51:16.114902,513
2026-02-17 01:51:16.122910,515
2026-02-17 01:51:16.130924,510
2026-02-17 01:51:16.138839,515
2026-02-17 01:51:16.146914,511
2026-02-17 01:51:16.154857,511
2026-02-17 01:51:16.162874,505
2026-02-17 01:51:16.170865,501
2026-02-17 01:51:16.178863,506
2026-02-17 01:51:16.186911,508
2026-02-17 01:51:16.194871,514
2026-02-17 01:51:16.202960,509
2026-02-17 01:51:16.210854,508
2026-02-17 01:51:16.218961,508
2026-02-17 01:51:16.226923,511
2026-02-17 01:51:16.235009,511
2026-02-17 01:51:16.242868,512
2026-02-17 01:51:16.251057,507
2026-02-17 01:51:16.258850,509
2026-02-17 01:51:16.267018,504
2026-02-17 01:51:16.274878,506
2026-02-17 01:51:16.282951,507
2026-02-17 01:51:16.290892,509
2026-02-17 01:51:16.298966,508
2026-02-17 01:51:16.306859,514
2026-02-17 01:51:16.315011,508
2026-02-17 01:51:16.322932,514
2026-02-17 01:51:16.330965,512
2026-02-17 01:51:16.338834,507
2026-02-17 01:51:16.346876,507
2026-02-17 01:51:16.354879,512
2026-02-17 01:51:16.362920,512
2026-02-17 01:51:16.370931,512
2026-02-17 01:51:16.378889,509
2026-02-17 01:51:16.387063,512
2026-02-17 01:51:16.394812,513
2026-02-17 01:51:16.402954,513
2026-02-17 01:51:16.410843,511
2026-02-17 01:51:16.418985,512
2026-02-17 01:51:16.426814,515
2026-02-17 01:51:16.434982,514
2026-02-17 01:51:16.442896,516
2026-02-17 01:51:16.450994,515
2026-02-17 01:51:16.458889,516
2026-02-17 01:51:16.467015,514
2026-02-17 01:51:16.474849,514
2026-02-17 01:51:16.483039,513
2026-02-17 01:51:16.490821,510
2026-02-17 01:51:16.498982,513
2026-02-17 01:51:16.506837,509
2026-02-17 01:51:16.514941,508
2026-02-17 01:51:16.522872,512
2026-02-17 01:51:16.530908,509
2026-02-17 01:51:16.538900,510
2026-02-17 01:51:16.546964,507
2026-02-17 01:51:16.554876,512
2026-02-17 01:51:16.562867,513
2026-02-17 01:51:16.570880,515
2026-02-17 01:51:16.578851,512
2026-02-17 01:51:16.586907,513
2026-02-17 01:51:16.594893,516
2026-02-17 01:51:16.602946,510
2026-02-17 01:51:16.610823,510
2026-02-17 01:51:16.619005,513
2026-02-17 01:51:16.626953,508
2026-02-17 01:51:16.635050,511
2026-02-17 01:51:16.642826,514
2026-02-17 01:51:16.651002,514
2026-02-17 01:51:16.658818,512
2026-02-17 01:51:16.666933,509
2026-02-17 01:51:16.674838,512
2026-02-17 01:51:16.683047,510
2026-02-17 01:51:16.690831,511
2026-02-17 01:51:16.698987,510
2026-02-17 01:51:16.706893,508
2026-02-17 01:51:16.714999,519
2026-02-17 01:51:16.722943,515
2026-02-17 01:51:16.731048,516
2026-02-17 01:51:16.738920,513
2026-02-17 01:51:16.746903,516
2026-02-17 01:51:16.754878,519
2026-02-17 01:51:16.762872,516
2026-02-17 01:51:16.770880,513
2026-02-17 01:51:16.778935,512
2026-02-17 01:51:16.786997,514
2026-02-17 01:51:16.794868,519
2026-02-17 01:51:16.803012,517
2026-02-17 01:51:16.810889,513
2026-02-17 01:51:16.819055,515
2026-02-17 01:51:16.826865,516
2026-02-17 01:51:16.835046,515
2026-02-17 01:51:16.842852,518
2026-02-17 01:51:16.851043,513
2026-02-17 01:51:16.858881,515
2026-02-17 01:51:16.867099,512
2026-02-17 01:51:16.874919,510
2026-02-17 01:51:16.882982,511
2026-02-17 01:51:16.890899,506
2026-02-17 01:51:16.898959,510
2026-02-17 01:51:16.906876,512
2026-02-17 01:51:16.915015,511
2026-02-17 01:51:16.922883,514
2026-02-17 01:51:16.930950,511
2026-02-17 01:51:16.938837,514
2026-02-17 01:51:16.946935,506
2026-02-17 01:51:16.954847,506
2026-02-17 01:51:16.962875,500
2026-02-17 01:51:16.970953,505
2026-02-17 01:51:16.978855,507
2026-02-17 01:51:16.986956,509
2026-02-17 01:51:16.994827,511
2026-02-17 01:51:17.002972,512
2026-02-17 01:51:17.010994,506
2026-02-17 01:51:17.019112,514
2026-02-17 01:51:17.026986,509
2026-02-17 01:51:17.035496,507
2026-02-17 01:51:17.043024,510
2026-02-17 01:51:17.051057,513
2026-02-17 01:51:17.058984,516
2026-02-17 01:51:17.067177,515
2026-02-17 01:51:17.074917,513
2026-02-17 01:51:17.082977,512
2026-02-17 01:51:17.090842,514
2026-02-17 01:51:17.098944,508
2026-02-17 01:51:17.106845,514
2026-02-17 01:51:17.114907,513
2026-02-17 01:51:17.122881,513
2026-02-17 01:51:17.130900,506
2026-02-17 01:51:17.138894,506
2026-02-17 01:51:17.146913,513
2026-02-17 01:51:17.154874,509
2026-02-17 01:51:17.162849,512
2026-02-17 01:51:17.170947,505
2026-02-17 01:51:17.178848,509
2026-02-17 01:51:17.186947,509
2026-02-17 01:51:17.194819,513
2026-02-17 01:51:17.202981,515
2026-02-17 01:51:17.210870,513
2026-02-17 01:51:17.219061,516
2026-02-17 01:51:17.226880,517
2026-02-17 01:51:17.235002,516
2026-02-17 01:51:17.242855,516
2026-02-17 01:51:17.251033,515
2026-02-17 01:51:17.258855,518
2026-02-17 01:51:17.267013,513
2026-02-17 01:51:17.274854,518
2026-02-17 01:51:17.282994,513
2026-02-17 01:51:17.290872,512
2026-02-17 01:51:17.298887,511
2026-02-17 01:51:17.306857,511
2026-02-17 01:51:17.314951,516
2026-02-17 01:51:17.322887,515
2026-02-17 01:51:17.330962,513
2026-02-17 01:51:17.338857,513
2026-02-17 01:51:17.346901,509
2026-02-17 01:51:17.354859,511
2026-02-17 01:51:17.362857,512
2026-02-17 01:51:17.370964,506
2026-02-17 01:51:17.378951,514
2026-02-17 01:51:17.387097,511
2026-02-17 01:51:17.394885,515
2026-02-17 01:51:17.403022,514
2026-02-17 01:51:17.410921,512
2026-02-17 01:51:17.418985,517
2026-02-17 01:51:17.426883,514
2026-02-17 01:51:17.435020,514
2026-02-17 01:51:17.442862,510
2026-02-17 01:51:17.451029,513
2026-02-17 01:51:17.458845,513
2026-02-17 01:51:17.467048,510
2026-02-17 01:51:17.474889,517
2026-02-17 01:51:17.483151,512
2026-02-17 01:51:17.490885,509
2026-02-17 01:51:17.499017,515
2026-02-17 01:51:17.506896,510
2026-02-17 01:51:17.514927,515
2026-02-17 01:51:17.522919,512
2026-02-17 01:51:17.531029,507
2026-02-17 01:51:17.538940,514
2026-02-17 01:51:17.546946,513
2026-02-17 01:51:17.554900,516
2026-02-17 01:51:17.562886,510
2026-02-17 01:51:17.570978,510
2026-02-17 01:51:17.578836,503
2026-02-17 01:51:17.587009,503
2026-02-17 01:51:17.594853,505
2026-02-17 01:51:17.603081,507
2026-02-17 01:51:17.610956,502
2026-02-17 01:51:17.619059,509
2026-02-17 01:51:17.626981,508
2026-02-17 01:51:17.635020,506
2026-02-17 01:51:17.642866,506
2026-02-17 01:51:17.651149,509
2026-02-17 01:51:17.658826,512
2026-02-17 01:51:17.667104,509
2026-02-17 01:51:17.674878,510
2026-02-17 01:51:17.682945,508
2026-02-17 01:51:17.690842,505
2026-02-17 01:51:17.698996,508
2026-02-17 01:51:17.706867,511
2026-02-17 01:51:17.714963,512
2026-02-17 01:51:17.722856,512
2026-02-17 01:51:17.731022,507
2026-02-17 01:51:17.738919,499
2026-02-17 01:51:17.746926,504
2026-02-17 01:51:17.754906,506
2026-02-17 01:51:17.762848,508
2026-02-17 01:51:17.770934,514
2026-02-17 01:51:17.778892,511
2026-02-17 01:51:17.786997,506
2026-02-17 01:51:17.794876,515
2026-02-17 01:51:17.803041,512
2026-02-17 01:51:17.811254,513
2026-02-17 01:51:17.819139,509
2026-02-17 01:51:17.826939,514
2026-02-17 01:51:17.835005,517
2026-02-17 01:51:17.842855,511
2026-02-17 01:51:17.851064,507
2026-02-17 01:51:17.858892,513
2026-02-17 01:51:17.866995,510
2026-02-17 01:51:17.874900,511
2026-02-17 01:51:17.882952,512
2026-02-17 01:51:17.890839,512
2026-02-17 01:51:17.898930,512
2026-02-17 01:51:17.906902,509
2026-02-17 01:51:17.914890,508
2026-02-17 01:51:17.922964,513
2026-02-17 01:51:17.930992,513
2026-02-17 01:51:17.938895,513
2026-02-17 01:51:17.946940,511
2026-02-17 01:51:17.954892,515
2026-02-17 01:51:17.962877,512
2026-02-17 01:51:17.970931,511
2026-02-17 01:51:17.978931,515
2026-02-17 01:51:17.987059,512
2026-02-17 01:51:17.994957,512
2026-02-17 01:51:18.002987,514
2026-02-17 01:51:18.010956,508
2026-02-17 01:51:18.019099,512
2026-02-17 01:51:18.026944,512
2026-02-17 01:51:18.035023,513
2026-02-17 01:51:18.042939,510
2026-02-17 01:51:18.051071,511
2026-02-17 01:51:18.058990,511
2026-02-17 01:51:18.067322,508
2026-02-17 01:51:18.074948,514
2026-02-17 01:51:18.083064,514
2026-02-17 01:51:18.090992,509
2026-02-17 01:51:18.098980,513
2026-02-17 01:51:18.106961,516
2026-02-17 01:51:18.115058,511
2026-02-17 01:51:18.122964,507
2026-02-17 01:51:18.131039,506
2026-02-17 01:51:18.138926,506
2026-02-17 01:51:18.146984,510
2026-02-17 01:51:18.155029,507
2026-02-17 01:51:18.162900,507
2026-02-17 01:51:18.170905,510
2026-02-17 01:51:18.179039,515
2026-02-17 01:51:18.187070,514
2026-02-17 01:51:18.194906,515
2026-02-17 01:51:18.203040,517
2026-02-17 01:51:18.210949,511
2026-02-17 01:51:18.218990,518
2026-02-17 01:51:18.226918,513
2026-02-17 01:51:18.234915,514
2026-02-17 01:51:18.242855,516
2026-02-17 01:51:18.250925,509
2026-02-17 01:51:18.258842,514
2026-02-17 01:51:18.266909,514
2026-02-17 01:51:18.274883,514
2026-02-17 01:51:18.282936,511
2026-02-17 01:51:18.290879,506
2026-02-17 01:51:18.298855,511
2026-02-17 01:51:18.306837,511
2026-02-17 01:51:18.315001,510
2026-02-17 01:51:18.322882,513
2026-02-17 01:51:18.330885,509
2026-02-17 01:51:18.338845,511
2026-02-17 01:51:18.346842,508
2026-02-17 01:51:18.354914,518
2026-02-17 01:51:18.362881,516
2026-02-17 01:51:18.370894,513
2026-02-17 01:51:18.378876,515
2026-02-17 01:51:18.386918,511
2026-02-17 01:51:18.394890,512
2026-02-17 01:51:18.402906,509
2026-02-17 01:51:18.410945,513
2026-02-17 01:51:18.419039,510
2026-02-17 01:51:18.426868,509
2026-02-17 01:51:18.435163,515
2026-02-17 01:51:18.442923,509
2026-02-17 01:51:18.451012,510
2026-02-17 01:51:18.458854,511
2026-02-17 01:51:18.466986,512
2026-02-17 01:51:18.474853,514
2026-02-17 01:51:18.482986,512
2026-02-17 01:51:18.490881,514
2026-02-17 01:51:18.498973,515
2026-02-17 01:51:18.506891,509
2026-02-17 01:51:18.514984,510
2026-02-17 01:51:18.522977,508
2026-02-17 01:51:18.531012,507
2026-02-17 01:51:18.538987,513
2026-02-17 01:51:18.547027,511
2026-02-17 01:51:18.555038,512
2026-02-17 01:51:18.562944,512
2026-02-17 01:51:18.571086,515
2026-02-17 01:51:18.578940,517
2026-02-17 01:51:18.587106,516
2026-02-17 01:51:18.594996,514
2026-02-17 01:51:18.603105,510
2026-02-17 01:51:18.611036,504
2026-02-17 01:51:18.619024,511
2026-02-17 01:51:18.626878,511
2026-02-17 01:51:18.635046,511
2026-02-17 01:51:18.642944,507
2026-02-17 01:51:18.651118,508
2026-02-17 01:51:18.658950,508
2026-02-17 01:51:18.666944,509
2026-02-17 01:51:18.674947,511
2026-02-17 01:51:18.682989,513
2026-02-17 01:51:18.690961,511
2026-02-17 01:51:18.699005,511
2026-02-17 01:51:18.707003,512
2026-02-17 01:51:18.715019,514
2026-02-17 01:51:18.722998,513
2026-02-17 01:51:18.731059,511
2026-02-17 01:51:18.739003,513
2026-02-17 01:51:18.746897,513
2026-02-17 01:51:18.755082,515
2026-02-17 01:51:18.763014,514
2026-02-17 01:51:18.771081,512
2026-02-17 01:51:18.778961,515
2026-02-17 01:51:18.787033,508
2026-02-17 01:51:18.794975,513
2026-02-17 01:51:18.803270,508
2026-02-17 01:51:18.810964,509
2026-02-17 01:51:18.819148,511
2026-02-17 01:51:18.826956,510
2026-02-17 01:51:18.835113,513
2026-02-17 01:51:18.842953,514
2026-02-17 01:51:18.851102,512
2026-02-17 01:51:18.859010,513
2026-02-17 01:51:18.867016,511
2026-02-17 01:51:18.875014,507
2026-02-17 01:51:18.883113,511
2026-02-17 01:51:18.890981,512
2026-02-17 01:51:18.899057,514
2026-02-17 01:51:18.906980,514
2026-02-17 01:51:18.915070,509
2026-02-17 01:51:18.922996,511
2026-02-17 01:51:18.931041,506
2026-02-17 01:51:18.939046,511
2026-02-17 01:51:18.946956,510
2026-02-17 01:51:18.955021,515
2026-02-17 01:51:18.962927,513
2026-02-17 01:51:18.971068,512
2026-02-17 01:51:18.978877,515
2026-02-17 01:51:18.987107,516
2026-02-17 01:51:18.994899,512
2026-02-17 01:51:19.004451,512
2026-02-17 01:51:19.010991,508
2026-02-17 01:51:19.019249,504
2026-02-17 01:51:19.026981,509
2026-02-17 01:51:19.034965,506
2026-02-17 01:51:19.042874,511
2026-02-17 01:51:19.050907,506
2026-02-17 01:51:19.058895,509
2026-02-17 01:51:19.066959,510
2026-02-17 01:51:19.075016,507
2026-02-17 01:51:19.083106,509
2026-02-17 01:51:19.090987,510
2026-02-17 01:51:19.098981,509
2026-02-17 01:51:19.106955,511
2026-02-17 01:51:19.115042,515
2026-02-17 01:51:19.122925,508
2026-02-17 01:51:19.130962,513
2026-02-17 01:51:19.139115,510
2026-02-17 01:51:19.146972,508
2026-02-17 01:51:19.155026,511
2026-02-17 01:51:19.162921,509
2026-02-17 01:51:19.171042,509
2026-02-17 01:51:19.178877,509
2026-02-17 01:51:19.187093,509
2026-02-17 01:51:19.194877,514
2026-02-17 01:51:19.203001,516
2026-02-17 01:51:19.210871,511
2026-02-17 01:51:19.219061,512
2026-02-17 01:51:19.226915,511
2026-02-17 01:51:19.235035,514
2026-02-17 01:51:19.242957,515
2026-02-17 01:51:19.251065,516
2026-02-17 01:51:19.258882,525
2026-02-17 01:51:19.266999,509
2026-02-17 01:51:19.274893,511
2026-02-17 01:51:19.283193,511
2026-02-17 01:51:19.290870,510
2026-02-17 01:51:19.298899,516
2026-02-17 01:51:19.306941,519
2026-02-17 01:51:19.314888,520
2026-02-17 01:51:19.322919,517
2026-02-17 01:51:19.330947,522
2026-02-17 01:51:19.338977,522
2026-02-17 01:51:19.346954,520
2026-02-17 01:51:19.355060,520
2026-02-17 01:51:19.362927,520
2026-02-17 01:51:19.371039,519
2026-02-17 01:51:19.378961,522
2026-02-17 01:51:19.387027,517
2026-02-17 01:51:19.394883,525
2026-02-17 01:51:19.403078,524
2026-02-17 01:51:19.410907,520
2026-02-17 01:51:19.419071,523
2026-02-17 01:51:19.426889,515
2026-02-17 01:51:19.435070,517
2026-02-17 01:51:19.442887,512
2026-02-17 01:51:19.450974,509
2026-02-17 01:51:19.458876,514
2026-02-17 01:51:19.467022,510
2026-02-17 01:51:19.474884,516
2026-02-17 01:51:19.482958,512
2026-02-17 01:51:19.490898,510
2026-02-17 01:51:19.498866,517
2026-02-17 01:51:19.506931,517
2026-02-17 01:51:19.514937,506
2026-02-17 01:51:19.523056,503
2026-02-17 01:51:19.530932,503
2026-02-17 01:51:19.539007,510
2026-02-17 01:51:19.546971,514
2026-02-17 01:51:19.555160,513
2026-02-17 01:51:19.562884,511
2026-02-17 01:51:19.571066,511
2026-02-17 01:51:19.578958,517
2026-02-17 01:51:19.587122,514
2026-02-17 01:51:19.595035,516
2026-02-17 01:51:19.603093,514
2026-02-17 01:51:19.610997,516
2026-02-17 01:51:19.619145,517
2026-02-17 01:51:19.626954,516
2026-02-17 01:51:19.635112,514
2026-02-17 01:51:19.642943,516
2026-02-17 01:51:19.651018,507
2026-02-17 01:51:19.658925,507
2026-02-17 01:51:19.667133,509
2026-02-17 01:51:19.674951,513
2026-02-17 01:51:19.682988,512
2026-02-17 01:51:19.690973,510
2026-02-17 01:51:19.699090,510
2026-02-17 01:51:19.706959,513
2026-02-17 01:51:19.714954,512
2026-02-17 01:51:19.723090,513
2026-02-17 01:51:19.731101,513
2026-02-17 01:51:19.739069,516
2026-02-17 01:51:19.747022,513
2026-02-17 01:51:19.755052,511
2026-02-17 01:51:19.762982,514
2026-02-17 01:51:19.771176,512
2026-02-17 01:51:19.778992,507
2026-02-17 01:51:19.787122,509
2026-02-17 01:51:19.794959,514
2026-02-17 01:51:19.803157,508
2026-02-17 01:51:19.810956,504
2026-02-17 01:51:19.819163,510
2026-02-17 01:51:19.826975,510
2026-02-17 01:51:19.835163,505
2026-02-17 01:51:19.843003,506
2026-02-17 01:51:19.850997,513
2026-02-17 01:51:19.858962,509
2026-02-17 01:51:19.866989,512
2026-02-17 01:51:19.874956,511
2026-02-17 01:51:19.883065,514
2026-02-17 01:51:19.890996,510
2026-02-17 01:51:19.899020,514
2026-02-17 01:51:19.907004,510
2026-02-17 01:51:19.915094,513
2026-02-17 01:51:19.923054,511
2026-02-17 01:51:19.931021,512
2026-02-17 01:51:19.939101,518
2026-02-17 01:51:19.946986,512
2026-02-17 01:51:19.955212,516
2026-02-17 01:51:19.963004,513
2026-02-17 01:51:19.971131,512
2026-02-17 01:51:19.978960,511
2026-02-17 01:51:19.987346,509
2026-02-17 01:51:19.994949,516
2026-02-17 01:51:20.003170,509
2026-02-17 01:51:20.011030,510
2026-02-17 01:51:20.019126,509
2026-02-17 01:51:20.026985,510
2026-02-17 01:51:20.034916,506
2026-02-17 01:51:20.042927,500
2026-02-17 01:51:20.050964,501
2026-02-17 01:51:20.058908,505
2026-02-17 01:51:20.067034,508
2026-02-17 01:51:20.074995,510
2026-02-17 01:51:20.082977,509
2026-02-17 01:51:20.090993,512
2026-02-17 01:51:20.098937,512
2026-02-17 01:51:20.106956,507
2026-02-17 01:51:20.114962,512
2026-02-17 01:51:20.123001,514
2026-02-17 01:51:20.130870,512
2026-02-17 01:51:20.139138,513
2026-02-17 01:51:20.146886,508
2026-02-17 01:51:20.155048,513
2026-02-17 01:51:20.162879,505
2026-02-17 01:51:20.171042,504
2026-02-17 01:51:20.178971,510
2026-02-17 01:51:20.187024,509
2026-02-17 01:51:20.194899,511
2026-02-17 01:51:20.203109,510
2026-02-17 01:51:20.210933,514
2026-02-17 01:51:20.219080,514
2026-02-17 01:51:20.226904,516
2026-02-17 01:51:20.235045,519
2026-02-17 01:51:20.242932,519
2026-02-17 01:51:20.251029,517
2026-02-17 01:51:20.258918,518
2026-02-17 01:51:20.267023,513
2026-02-17 01:51:20.274925,518
2026-02-17 01:51:20.282944,517
2026-02-17 01:51:20.290943,511
2026-02-17 01:51:20.298923,510
2026-02-17 01:51:20.306979,513
2026-02-17 01:51:20.314911,512
2026-02-17 01:51:20.323061,516
2026-02-17 01:51:20.330926,514
2026-02-17 01:51:20.339130,515
2026-02-17 01:51:20.346894,512
2026-02-17 01:51:20.355099,512
2026-02-17 01:51:20.362926,511
2026-02-17 01:51:20.371001,511
2026-02-17 01:51:20.378928,514
2026-02-17 01:51:20.387027,512
2026-02-17 01:51:20.394910,511
2026-02-17 01:51:20.403069,510
2026-02-17 01:51:20.410924,510
2026-02-17 01:51:20.419032,510
2026-02-17 01:51:20.426913,509
2026-02-17 01:51:20.435045,514
2026-02-17 01:51:20.442878,509
2026-02-17 01:51:20.451024,510
2026-02-17 01:51:20.458885,510
2026-02-17 01:51:20.466985,512
2026-02-17 01:51:20.474899,518
2026-02-17 01:51:20.482969,515
2026-02-17 01:51:20.490921,514
2026-02-17 01:51:20.498902,511
2026-02-17 01:51:20.506975,512
2026-02-17 01:51:20.514975,514
2026-02-17 01:51:20.523124,514
2026-02-17 01:51:20.531090,513
2026-02-17 01:51:20.539076,513
2026-02-17 01:51:20.547040,508
2026-02-17 01:51:20.555115,513
2026-02-17 01:51:20.562986,510
2026-02-17 01:51:20.571213,511
2026-02-17 01:51:20.578977,514
2026-02-17 01:51:20.587075,512
2026-02-17 01:51:20.594977,511
2026-02-17 01:51:20.603097,511
2026-02-17 01:51:20.610959,511
2026-02-17 01:51:20.619004,511
2026-02-17 01:51:20.627026,512
2026-02-17 01:51:20.635056,512
2026-02-17 01:51:20.642998,510
2026-02-17 01:51:20.651092,510
2026-02-17 01:51:20.658945,514
2026-02-17 01:51:20.667009,509
2026-02-17 01:51:20.674995,507
2026-02-17 01:51:20.683014,510
2026-02-17 01:51:20.691021,509
2026-02-17 01:51:20.698992,509
2026-02-17 01:51:20.707060,508
2026-02-17 01:51:20.714915,510
2026-02-17 01:51:20.723163,509
2026-02-17 01:51:20.731017,512
2026-02-17 01:51:20.739118,514
2026-02-17 01:51:20.747030,513
2026-02-17 01:51:20.755137,516
2026-02-17 01:51:20.763046,512
2026-02-17 01:51:20.771157,514
2026-02-17 01:51:20.779001,511
2026-02-17 01:51:20.787155,515
2026-02-17 01:51:20.794979,515
2026-02-17 01:51:20.803172,509
2026-02-17 01:51:20.810957,505
2026-02-17 01:51:20.820765,505
2026-02-17 01:51:20.826985,504
2026-02-17 01:51:20.835043,507
2026-02-17 01:51:20.843015,514
2026-02-17 01:51:20.851188,513
2026-02-17 01:51:20.858977,509
2026-02-17 01:51:20.867041,514
2026-02-17 01:51:20.874976,513
2026-02-17 01:51:20.883060,513
2026-02-17 01:51:20.891001,511
2026-02-17 01:51:20.899021,514
2026-02-17 01:51:20.907044,513
2026-02-17 01:51:20.915071,514
2026-02-17 01:51:20.923073,513
2026-02-17 01:51:20.930976,509
2026-02-17 01:51:20.939185,514
2026-02-17 01:51:20.947023,506
2026-02-17 01:51:20.955207,512
2026-02-17 01:51:20.963100,511
2026-02-17 01:51:20.971149,511
2026-02-17 01:51:20.979002,507
2026-02-17 01:51:20.987221,515
2026-02-17 01:51:20.995000,513
2026-02-17 01:51:21.003261,511
2026-02-17 01:51:21.011240,513
2026-02-17 01:51:21.019283,514
2026-02-17 01:51:21.027028,513
2026-02-17 01:51:21.034957,510
2026-02-17 01:51:21.042969,512
2026-02-17 01:51:21.050958,507
2026-02-17 01:51:21.059013,514
2026-02-17 01:51:21.067061,506
2026-02-17 01:51:21.075041,509
2026-02-17 01:51:21.082989,514
2026-02-17 01:51:21.091030,514
2026-02-17 01:51:21.099009,515
2026-02-17 01:51:21.107168,509
2026-02-17 01:51:21.115021,516
2026-02-17 01:51:21.123089,515
2026-02-17 01:51:21.130961,522
2026-02-17 01:51:21.139186,519
2026-02-17 01:51:21.146953,516
2026-02-17 01:51:21.155049,519
2026-02-17 01:51:21.162926,513
2026-02-17 01:51:21.171048,511
2026-02-17 01:51:21.178893,518
2026-02-17 01:51:21.187113,517
2026-02-17 01:51:21.194926,516
2026-02-17 01:51:21.202993,511
2026-02-17 01:51:21.210914,513
2026-02-17 01:51:21.219007,509
2026-02-17 01:51:21.226914,509
2026-02-17 01:51:21.235009,516
2026-02-17 01:51:21.242893,511
2026-02-17 01:51:21.251100,513
2026-02-17 01:51:21.258934,515
2026-02-17 01:51:21.266970,516
2026-02-17 01:51:21.274939,507
2026-02-17 01:51:21.282917,509
2026-02-17 01:51:21.290966,513
2026-02-17 01:51:21.298872,513
2026-02-17 01:51:21.307027,512
2026-02-17 01:51:21.314977,515
2026-02-17 01:51:21.323098,511
2026-02-17 01:51:21.331026,514
2026-02-17 01:51:21.339108,510
2026-02-17 01:51:21.347022,512
2026-02-17 01:51:21.355034,512
2026-02-17 01:51:21.363002,511
2026-02-17 01:51:21.371046,506
2026-02-17 01:51:21.378897,508
2026-02-17 01:51:21.387091,508
2026-02-17 01:51:21.394926,515
2026-02-17 01:51:21.403057,512
2026-02-17 01:51:21.410892,510
2026-02-17 01:51:21.418993,516
2026-02-17 01:51:21.426930,512
2026-02-17 01:51:21.434944,515
2026-02-17 01:51:21.442928,509
2026-02-17 01:51:21.451041,509
2026-02-17 01:51:21.458928,516
2026-02-17 01:51:21.466967,513
2026-02-17 01:51:21.474936,513
2026-02-17 01:51:21.482959,514
2026-02-17 01:51:21.491031,510
2026-02-17 01:51:21.498914,517
2026-02-17 01:51:21.507004,509
2026-02-17 01:51:21.514960,513
2026-02-17 01:51:21.523110,512
2026-02-17 01:51:21.531089,507
2026-02-17 01:51:21.539284,509
2026-02-17 01:51:21.547071,505
2026-02-17 01:51:21.555204,509
2026-02-17 01:51:21.562990,504
2026-02-17 01:51:21.571165,502
2026-02-17 01:51:21.578979,506
2026-02-17 01:51:21.587062,506
2026-02-17 01:51:21.594948,513
2026-02-17 01:51:21.603122,511
2026-02-17 01:51:21.610973,510
2026-02-17 01:51:21.619058,503
2026-02-17 01:51:21.627009,505
2026-02-17 01:51:21.635042,506
2026-02-17 01:51:21.643004,510
2026-02-17 01:51:21.651093,507
2026-02-17 01:51:21.658976,511
2026-02-17 01:51:21.667070,507
2026-02-17 01:51:21.675054,509
2026-02-17 01:51:21.683056,514
2026-02-17 01:51:21.691087,514
2026-02-17 01:51:21.699006,514
2026-02-17 01:51:21.707036,514
2026-02-17 01:51:21.715077,513
2026-02-17 01:51:21.723197,513
2026-02-17 01:51:21.730937,510
2026-02-17 01:51:21.739109,514
2026-02-17 01:51:21.747029,512
2026-02-17 01:51:21.755146,512
2026-02-17 01:51:21.762995,511
2026-02-17 01:51:21.771158,515
2026-02-17 01:51:21.778982,516
2026-02-17 01:51:21.787135,516
2026-02-17 01:51:21.795013,513
2026-02-17 01:51:21.803176,515
2026-02-17 01:51:21.811009,513
2026-02-17 01:51:21.819111,513
2026-02-17 01:51:21.827008,507
2026-02-17 01:51:21.835065,516
2026-02-17 01:51:21.843009,510
2026-02-17 01:51:21.852072,510
2026-02-17 01:51:21.859053,509
2026-02-17 01:51:21.867013,507
2026-02-17 01:51:21.875035,510
2026-02-17 01:51:21.883013,512
2026-02-17 01:51:21.891124,511
2026-02-17 01:51:21.898958,515
2026-02-17 01:51:21.907141,514
2026-02-17 01:51:21.915053,519
2026-02-17 01:51:21.923165,516
2026-02-17 01:51:21.931013,516
2026-02-17 01:51:21.939347,516
2026-02-17 01:51:21.947143,515
2026-02-17 01:51:21.955127,518
2026-02-17 01:51:21.962995,517
2026-02-17 01:51:21.971140,518
2026-02-17 01:51:21.978973,517
2026-02-17 01:51:21.987082,517
2026-02-17 01:51:21.994982,514
2026-02-17 01:51:22.003087,511
2026-02-17 01:51:22.011031,512
2026-02-17 01:51:22.019141,512
2026-02-17 01:51:22.027047,508
2026-02-17 01:51:22.034961,512
2026-02-17 01:51:22.042978,511
2026-02-17 01:51:22.050991,506
2026-02-17 01:51:22.058899,514
2026-02-17 01:51:22.066976,510
2026-02-17 01:51:22.075023,516
2026-02-17 01:51:22.083009,515
2026-02-17 01:51:22.091047,513
2026-02-17 01:51:22.098959,514
2026-02-17 01:51:22.107084,512
2026-02-17 01:51:22.115031,514
2026-02-17 01:51:22.123117,511
2026-02-17 01:51:22.130974,513
2026-02-17 01:51:22.139115,514
2026-02-17 01:51:22.146977,514
2026-02-17 01:51:22.155112,513
2026-02-17 01:51:22.162991,512
2026-02-17 01:51:22.171091,512
2026-02-17 01:51:22.178974,508
2026-02-17 01:51:22.187029,510
2026-02-17 01:51:22.194913,503
2026-02-17 01:51:22.203043,505
2026-02-17 01:51:22.210936,507
2026-02-17 01:51:22.218993,510
2026-02-17 01:51:22.226914,509
2026-02-17 01:51:22.234977,519
2026-02-17 01:51:22.242894,518
2026-02-17 01:51:22.250996,514
2026-02-17 01:51:22.258928,518
2026-02-17 01:51:22.266920,516
2026-02-17 01:51:22.275004,517
2026-02-17 01:51:22.282975,516
2026-02-17 01:51:22.291066,515
2026-02-17 01:51:22.298959,518
2026-02-17 01:51:22.307215,516
2026-02-17 01:51:22.314974,515
2026-02-17 01:51:22.323049,513
2026-02-17 01:51:22.330889,512
2026-02-17 01:51:22.339113,508
2026-02-17 01:51:22.346976,508
2026-02-17 01:51:22.355086,509
2026-02-17 01:51:22.362919,507
2026-02-17 01:51:22.371103,512
2026-02-17 01:51:22.378920,520
2026-02-17 01:51:22.387117,515
2026-02-17 01:51:22.395020,518
2026-02-17 01:51:22.403056,511
2026-02-17 01:51:22.410926,515
2026-02-17 01:51:22.419006,513
2026-02-17 01:51:22.426935,510
2026-02-17 01:51:22.434975,517
2026-02-17 01:51:22.442937,518
2026-02-17 01:51:22.450967,506
2026-02-17 01:51:22.458922,507
2026-02-17 01:51:22.466909,505
2026-02-17 01:51:22.475040,503
2026-02-17 01:51:22.482893,506
2026-02-17 01:51:22.491054,510
2026-02-17 01:51:22.499029,515
2026-02-17 01:51:22.507066,509
2026-02-17 01:51:22.515055,516
2026-02-17 01:51:22.523167,513
2026-02-17 01:51:22.531055,517
2026-02-17 01:51:22.539035,513
2026-02-17 01:51:22.547053,508
2026-02-17 01:51:22.555129,510
2026-02-17 01:51:22.562988,513
2026-02-17 01:51:22.571157,509
2026-02-17 01:51:22.579036,508
2026-02-17 01:51:22.587068,509
2026-02-17 01:51:22.595024,514
2026-02-17 01:51:22.603048,514
2026-02-17 01:51:22.611031,511
2026-02-17 01:51:22.619078,514
2026-02-17 01:51:22.627049,515
2026-02-17 01:51:22.635128,515
2026-02-17 01:51:22.643072,518
2026-02-17 01:51:22.651047,512
2026-02-17 01:51:22.658981,511
2026-02-17 01:51:22.667119,517
2026-02-17 01:51:22.675146,513
2026-02-17 01:51:22.683037,513
2026-02-17 01:51:22.691213,512
2026-02-17 01:51:22.698945,515
2026-02-17 01:51:22.707148,511
2026-02-17 01:51:22.714992,511
2026-02-17 01:51:22.723108,509
2026-02-17 01:51:22.731054,512
2026-02-17 01:51:22.739248,515
2026-02-17 01:51:22.747004,512
2026-02-17 01:51:22.755159,513
2026-02-17 01:51:22.763016,506
2026-02-17 01:51:22.771210,514
2026-02-17 01:51:22.779005,513
2026-02-17 01:51:22.787152,505
2026-02-17 01:51:22.795027,515
2026-02-17 01:51:22.803116,511
2026-02-17 01:51:22.811017,514
2026-02-17 01:51:22.819130,513
2026-02-17 01:51:22.827019,510
2026-02-17 01:51:22.835162,512
2026-02-17 01:51:22.843051,512
2026-02-17 01:51:22.851075,512
2026-02-17 01:51:22.859114,514
2026-02-17 01:51:22.867035,514
2026-02-17 01:51:22.875066,514
2026-02-17 01:51:22.883068,511
2026-02-17 01:51:22.891202,515
2026-02-17 01:51:22.898968,522
2026-02-17 01:51:22.907183,521
2026-02-17 01:51:22.915069,525
2026-02-17 01:51:22.923244,517
2026-02-17 01:51:22.931079,514
2026-02-17 01:51:22.939268,523
2026-02-17 01:51:22.947041,516
2026-02-17 01:51:22.955184,514
2026-02-17 01:51:22.963045,510
2026-02-17 01:51:22.971122,511
2026-02-17 01:51:22.978984,515
2026-02-17 01:51:22.987055,513
2026-02-17 01:51:22.995070,515
2026-02-17 01:51:23.003196,515
2026-02-17 01:51:23.011062,514
2026-02-17 01:51:23.019240,516
2026-02-17 01:51:23.027068,511
2026-02-17 01:51:23.035020,513
2026-02-17 01:51:23.042986,508
2026-02-17 01:51:23.051053,509
2026-02-17 01:51:23.059007,509
2026-02-17 01:51:23.067011,509
2026-02-17 01:51:23.075083,514
2026-02-17 01:51:23.082962,512
2026-02-17 01:51:23.091261,509
2026-02-17 01:51:23.099016,512
2026-02-17 01:51:23.107100,511
2026-02-17 01:51:23.115020,513
2026-02-17 01:51:23.123079,512
2026-02-17 01:51:23.130983,509
2026-02-17 01:51:23.139138,515
2026-02-17 01:51:23.146989,510
2026-02-17 01:51:23.155078,510
2026-02-17 01:51:23.162908,510
2026-02-17 01:51:23.171052,508
2026-02-17 01:51:23.179014,510
2026-02-17 01:51:23.186996,509
2026-02-17 01:51:23.194924,511
2026-02-17 01:51:23.203058,511
2026-02-17 01:51:23.210926,507
2026-02-17 01:51:23.219015,511
2026-02-17 01:51:23.227053,513
2026-02-17 01:51:23.234919,513
2026-02-17 01:51:23.242989,505
2026-02-17 01:51:23.250918,502
2026-02-17 01:51:23.258968,509
2026-02-17 01:51:23.266977,512
2026-02-17 01:51:23.274999,515
2026-02-17 01:51:23.283012,514
2026-02-17 01:51:23.290981,511
2026-02-17 01:51:23.299017,510
2026-02-17 01:51:23.307031,511
2026-02-17 01:51:23.314942,508
2026-02-17 01:51:23.323002,510
2026-02-17 01:51:23.330929,511
2026-02-17 01:51:23.339000,510
2026-02-17 01:51:23.346967,511
2026-02-17 01:51:23.354996,512
2026-02-17 01:51:23.362930,510
2026-02-17 01:51:23.370974,509
2026-02-17 01:51:23.378956,509
2026-02-17 01:51:23.386958,502
2026-02-17 01:51:23.394913,511
2026-02-17 01:51:23.402995,512
2026-02-17 01:51:23.410907,514
2026-02-17 01:51:23.419027,513
2026-02-17 01:51:23.427016,510
2026-02-17 01:51:23.434964,518
2026-02-17 01:51:23.443044,511
2026-02-17 01:51:23.450939,512
2026-02-17 01:51:23.459032,509
2026-02-17 01:51:23.466989,509
2026-02-17 01:51:23.475090,516
2026-02-17 01:51:23.483094,509
2026-02-17 01:51:23.491100,513
2026-02-17 01:51:23.498953,514
2026-02-17 01:51:23.507144,514
2026-02-17 01:51:23.515043,516
2026-02-17 01:51:23.523024,517
2026-02-17 01:51:23.531027,514
2026-02-17 01:51:23.539245,515
2026-02-17 01:51:23.547042,513
2026-02-17 01:51:23.555192,513
2026-02-17 01:51:23.563004,509
2026-02-17 01:51:23.571081,510
2026-02-17 01:51:23.579013,513
2026-02-17 01:51:23.587060,515
2026-02-17 01:51:23.594993,512
2026-02-17 01:51:23.603268,510
2026-02-17 01:51:23.611052,510
2026-02-17 01:51:23.619123,513
2026-02-17 01:51:23.627072,513
2026-02-17 01:51:23.635037,515
2026-02-17 01:51:23.643127,512
2026-02-17 01:51:23.651083,515
2026-02-17 01:51:23.659037,518
2026-02-17 01:51:23.667012,513
2026-02-17 01:51:23.675153,510
2026-02-17 01:51:23.683016,509
2026-02-17 01:51:23.691146,516
2026-02-17 01:51:23.699079,514
2026-02-17 01:51:23.707139,514
2026-02-17 01:51:23.715109,512
2026-02-17 01:51:23.723139,512
2026-02-17 01:51:23.731027,510
2026-02-17 01:51:23.739161,516
2026-02-17 01:51:23.747018,517
2026-02-17 01:51:23.755177,513
2026-02-17 01:51:23.763008,514
2026-02-17 01:51:23.771076,512
2026-02-17 01:51:23.779055,510
2026-02-17 01:51:23.787126,506
2026-02-17 01:51:23.795037,511
2026-02-17 01:51:23.803215,509
2026-02-17 01:51:23.811059,516
2026-02-17 01:51:23.819241,514
2026-02-17 01:51:23.827062,517
2026-02-17 01:51:23.835041,514
2026-02-17 01:51:23.843094,513
2026-02-17 01:51:23.851055,515
2026-02-17 01:51:23.859222,514
2026-02-17 01:51:23.867075,512
2026-02-17 01:51:23.875104,513
2026-02-17 01:51:23.883011,513
2026-02-17 01:51:23.891130,507
2026-02-17 01:51:23.898999,509
2026-02-17 01:51:23.907151,511
2026-02-17 01:51:23.915009,513
2026-02-17 01:51:23.923272,508
2026-02-17 01:51:23.931026,509
2026-02-17 01:51:23.939175,514
2026-02-17 01:51:23.947013,511
2026-02-17 01:51:23.955138,510
2026-02-17 01:51:23.963019,512
2026-02-17 01:51:23.971147,512
2026-02-17 01:51:23.979075,512
2026-02-17 01:51:23.987497,514
2026-02-17 01:51:23.995000,516
2026-02-17 01:51:24.003117,510
2026-02-17 01:51:24.011106,514
2026-02-17 01:51:24.019162,511
2026-02-17 01:51:24.027037,502
2026-02-17 01:51:24.034993,504
2026-02-17 01:51:24.042996,508
2026-02-17 01:51:24.050994,510
2026-02-17 01:51:24.059022,514
2026-02-17 01:51:24.067136,514
2026-02-17 01:51:24.075058,518
2026-02-17 01:51:24.083100,516
2026-02-17 01:51:24.091139,516
2026-02-17 01:51:24.099084,520
2026-02-17 01:51:24.107116,515
2026-02-17 01:51:24.114975,521
2026-02-17 01:51:24.123122,514
2026-02-17 01:51:24.131033,518
2026-02-17 01:51:24.139178,516
2026-02-17 01:51:24.146984,516
2026-02-17 01:51:24.155135,523
2026-02-17 01:51:24.162943,515
2026-02-17 01:51:24.171029,516
2026-02-17 01:51:24.178982,522
2026-02-17 01:51:24.187151,513
2026-02-17 01:51:24.195002,517
2026-02-17 01:51:24.202969,515
2026-02-17 01:51:24.210957,511
2026-02-17 01:51:24.218921,513
2026-02-17 01:51:24.227021,514
2026-02-17 01:51:24.234945,522
2026-02-17 01:51:24.243028,520
2026-02-17 01:51:24.250972,512
2026-02-17 01:51:24.259093,511
2026-02-17 01:51:24.266959,515
2026-02-17 01:51:24.275185,522
2026-02-17 01:51:24.282983,517
2026-02-17 01:51:24.291100,514
2026-02-17 01:51:24.298968,527
2026-02-17 01:51:24.307127,523
2026-02-17 01:51:24.314956,525
2026-02-17 01:51:24.323190,518
2026-02-17 01:51:24.331003,521
2026-02-17 01:51:24.339142,527
2026-02-17 01:51:24.346934,521
2026-02-17 01:51:24.355110,521
2026-02-17 01:51:24.362959,522
2026-02-17 01:51:24.371101,509
2026-02-17 01:51:24.378959,521
2026-02-17 01:51:24.387119,524
2026-02-17 01:51:24.394984,524
2026-02-17 01:51:24.403004,508
2026-02-17 01:51:24.410957,517
2026-02-17 01:51:24.418920,515
2026-02-17 01:51:24.427048,517
2026-02-17 01:51:24.434965,511
2026-02-17 01:51:24.443042,518
2026-02-17 01:51:24.451013,516
2026-02-17 01:51:24.459071,512
2026-02-17 01:51:24.466987,511
2026-02-17 01:51:24.475115,514
2026-02-17 01:51:24.482975,509
2026-02-17 01:51:24.491069,506
2026-02-17 01:51:24.498952,508
2026-02-17 01:51:24.507151,506
2026-02-17 01:51:24.515023,514
2026-02-17 01:51:24.523146,513
2026-02-17 01:51:24.531034,504
2026-02-17 01:51:24.539104,505
2026-02-17 01:51:24.547060,506
2026-02-17 01:51:24.555073,501
2026-02-17 01:51:24.563045,502
2026-02-17 01:51:24.571147,504
2026-02-17 01:51:24.579017,504
2026-02-17 01:51:24.587129,495
2026-02-17 01:51:24.595041,505
2026-02-17 01:51:24.603046,510
2026-02-17 01:51:24.611048,503
2026-02-17 01:51:24.619033,500
2026-02-17 01:51:24.627126,501
2026-02-17 01:51:24.635070,512
2026-02-17 01:51:24.643159,504
2026-02-17 01:51:24.651058,505
2026-02-17 01:51:24.659053,510
2026-02-17 01:51:24.667013,497
2026-02-17 01:51:24.675175,507
2026-02-17 01:51:24.683046,506
2026-02-17 01:51:24.691291,505
2026-02-17 01:51:24.699078,503
2026-02-17 01:51:24.707290,504
2026-02-17 01:51:24.715017,507
2026-02-17 01:51:24.723250,498
2026-02-17 01:51:24.731020,507
2026-02-17 01:51:24.739140,509
2026-02-17 01:51:24.747006,506
2026-02-17 01:51:24.755154,506
2026-02-17 01:51:24.763041,509
2026-02-17 01:51:24.771154,513
2026-02-17 01:51:24.779049,515
2026-02-17 01:51:24.787186,517
2026-02-17 01:51:24.795073,509
2026-02-17 01:51:24.803207,494
2026-02-17 01:51:24.811071,496
2026-02-17 01:51:24.819136,499
2026-02-17 01:51:24.827163,500
2026-02-17 01:51:24.835120,511
2026-02-17 01:51:24.843109,508
2026-02-17 01:51:24.851101,510
2026-02-17 01:51:24.859264,522
2026-02-17 01:51:24.867058,517
2026-02-17 01:51:24.875548,526
2026-02-17 01:51:24.883154,523
2026-02-17 01:51:24.891262,509
2026-02-17 01:51:24.899091,508
2026-02-17 01:51:24.907373,503
2026-02-17 01:51:24.915155,512
2026-02-17 01:51:24.923308,507
2026-02-17 01:51:24.931117,513
2026-02-17 01:51:24.939242,507
2026-02-17 01:51:24.947095,511
2026-02-17 01:51:24.955161,514
2026-02-17 01:51:24.963115,506
2026-02-17 01:51:24.971396,511
2026-02-17 01:51:24.979125,503
2026-02-17 01:51:24.987359,513
2026-02-17 01:51:24.995075,517
2026-02-17 01:51:25.003302,507
2026-02-17 01:51:25.011284,515
2026-02-17 01:51:25.019187,513
2026-02-17 01:51:25.027178,514
2026-02-17 01:51:25.035044,512
2026-02-17 01:51:25.043065,519
2026-02-17 01:51:25.051069,515
2026-02-17 01:51:25.059052,520
2026-02-17 01:51:25.067326,512
2026-02-17 01:51:25.075177,517
2026-02-17 01:51:25.083192,516
2026-02-17 01:51:25.091264,514
2026-02-17 01:51:25.099081,517
2026-02-17 01:51:25.107360,506
2026-02-17 01:51:25.115099,514
2026-02-17 01:51:25.123130,492
2026-02-17 01:51:25.131011,511
2026-02-17 01:51:25.138992,502
2026-02-17 01:51:25.146999,502
2026-02-17 01:51:25.155117,508
2026-02-17 01:51:25.162977,502
2026-02-17 01:51:25.170978,508
2026-02-17 01:51:25.178996,502
2026-02-17 01:51:25.186971,502
2026-02-17 01:51:25.195010,516
2026-02-17 01:51:25.203007,501
2026-02-17 01:51:25.211075,503
2026-02-17 01:51:25.218929,510
2026-02-17 01:51:25.227061,511
2026-02-17 01:51:25.235026,518
2026-02-17 01:51:25.243129,518
2026-02-17 01:51:25.250981,515
2026-02-17 01:51:25.259133,519
2026-02-17 01:51:25.267044,523
2026-02-17 01:51:25.275149,517
2026-02-17 01:51:25.283012,520
2026-02-17 01:51:25.291110,514
2026-02-17 01:51:25.298990,516
2026-02-17 01:51:25.307169,520
2026-02-17 01:51:25.314956,515
2026-02-17 01:51:25.323126,526
2026-02-17 01:51:25.330963,518
2026-02-17 01:51:25.339172,517
2026-02-17 01:51:25.347001,519
2026-02-17 01:51:25.355275,516
2026-02-17 01:51:25.362987,512
2026-02-17 01:51:25.371007,515
2026-02-17 01:51:25.378973,509
2026-02-17 01:51:25.387034,512
2026-02-17 01:51:25.394963,507
2026-02-17 01:51:25.402983,513
2026-02-17 01:51:25.411049,512
2026-02-17 01:51:25.418960,511
2026-02-17 01:51:25.427082,509
2026-02-17 01:51:25.434928,509
2026-02-17 01:51:25.443131,514
2026-02-17 01:51:25.450946,512
2026-02-17 01:51:25.459087,514
2026-02-17 01:51:25.466979,514
2026-02-17 01:51:25.475208,515
2026-02-17 01:51:25.482983,514
2026-02-17 01:51:25.491105,517
2026-02-17 01:51:25.498953,514
2026-02-17 01:51:25.507121,516
2026-02-17 01:51:25.515014,512
2026-02-17 01:51:25.523036,512
2026-02-17 01:51:25.531069,512
2026-02-17 01:51:25.539079,516
2026-02-17 01:51:25.547037,518
2026-02-17 01:51:25.555253,514
2026-02-17 01:51:25.563068,505
2026-02-17 01:51:25.571103,506
2026-02-17 01:51:25.579041,515
2026-02-17 01:51:25.587151,512
2026-02-17 01:51:25.595060,516
2026-02-17 01:51:25.603056,519
2026-02-17 01:51:25.611149,518
2026-02-17 01:51:25.619101,520
2026-02-17 01:51:25.627174,513
2026-02-17 01:51:25.635062,519
2026-02-17 01:51:25.643170,517
2026-02-17 01:51:25.651015,511
2026-02-17 01:51:25.659118,512
2026-02-17 01:51:25.667047,515
2026-02-17 01:51:25.675131,515
2026-02-17 01:51:25.683098,509
2026-02-17 01:51:25.691164,509
2026-02-17 01:51:25.699033,513
2026-02-17 01:51:25.707205,510
2026-02-17 01:51:25.715008,509
2026-02-17 01:51:25.723069,509
2026-02-17 01:51:25.731030,509
2026-02-17 01:51:25.739189,512
2026-02-17 01:51:25.747069,512
2026-02-17 01:51:25.755059,509
2026-02-17 01:51:25.763074,510
2026-02-17 01:51:25.771107,507
2026-02-17 01:51:25.779079,511
2026-02-17 01:51:25.787118,508
2026-02-17 01:51:25.795110,505
2026-02-17 01:51:25.803113,506
2026-02-17 01:51:25.811244,510
2026-02-17 01:51:25.819079,515
2026-02-17 01:51:25.827176,514
2026-02-17 01:51:25.835118,512
2026-02-17 01:51:25.843216,510
2026-02-17 01:51:25.851525,512
2026-02-17 01:51:25.859231,514
2026-02-17 01:51:25.867044,517
2026-02-17 01:51:25.875243,514
2026-02-17 01:51:25.883047,510
2026-02-17 01:51:25.891274,513
2026-02-17 01:51:25.899037,514
2026-02-17 01:51:25.907196,514
2026-02-17 01:51:25.915007,517
2026-02-17 01:51:25.923186,516
2026-02-17 01:51:25.931065,517
2026-02-17 01:51:25.939348,514
2026-02-17 01:51:25.947117,515
2026-02-17 01:51:25.955150,516
2026-02-17 01:51:25.963118,515
2026-02-17 01:51:25.971210,515
2026-02-17 01:51:25.979070,517
2026-02-17 01:51:25.987126,513
2026-02-17 01:51:25.995139,515
2026-02-17 01:51:26.003067,513
2026-02-17 01:51:26.011200,513
2026-02-17 01:51:26.019100,513
2026-02-17 01:51:26.027189,511
2026-02-17 01:51:26.035053,512
2026-02-17 01:51:26.043024,512
2026-02-17 01:51:26.050989,513
2026-02-17 01:51:26.059148,516
2026-02-17 01:51:26.067140,509
2026-02-17 01:51:26.075080,513
2026-02-17 01:51:26.083086,508
2026-02-17 01:51:26.091190,513
2026-02-17 01:51:26.099073,515
2026-02-17 01:51:26.107040,513
2026-02-17 01:51:26.115064,511
2026-02-17 01:51:26.123087,509
2026-02-17 01:51:26.131011,510
2026-02-17 01:51:26.139107,511
2026-02-17 01:51:26.146999,506
2026-02-17 01:51:26.155063,507
2026-02-17 01:51:26.163005,504
2026-02-17 01:51:26.171027,505
2026-02-17 01:51:26.179003,509
2026-02-17 01:51:26.186981,507
2026-02-17 01:51:26.195060,511
2026-02-17 01:51:26.202978,507
2026-02-17 01:51:26.211152,506
2026-02-17 01:51:26.219123,506
2026-02-17 01:51:26.227104,508
2026-02-17 01:51:26.234970,507
2026-02-17 01:51:26.243152,513
2026-02-17 01:51:26.250997,517
2026-02-17 01:51:26.259165,516
2026-02-17 01:51:26.267025,513
2026-02-17 01:51:26.275134,516
2026-02-17 01:51:26.282978,504
2026-02-17 01:51:26.291084,503
2026-02-17 01:51:26.298958,504
2026-02-17 01:51:26.307081,508
2026-02-17 01:51:26.315004,512
2026-02-17 01:51:26.323248,515
2026-02-17 01:51:26.331031,516
2026-02-17 01:51:26.339176,514
2026-02-17 01:51:26.347018,511
2026-02-17 01:51:26.355113,516
2026-02-17 01:51:26.363031,514
2026-02-17 01:51:26.371007,515
2026-02-17 01:51:26.379014,517
2026-02-17 01:51:26.387017,512
2026-02-17 01:51:26.395044,516
2026-02-17 01:51:26.402950,515
2026-02-17 01:51:26.411113,515
2026-02-17 01:51:26.419029,516
2026-02-17 01:51:26.427110,512
2026-02-17 01:51:26.435073,518
2026-02-17 01:51:26.443121,515
2026-02-17 01:51:26.450995,515
2026-02-17 01:51:26.459133,511
2026-02-17 01:51:26.466966,507
2026-02-17 01:51:26.475180,513
2026-02-17 01:51:26.482973,507
2026-02-17 01:51:26.491206,509
2026-02-17 01:51:26.498978,513
2026-02-17 01:51:26.507151,508
2026-02-17 01:51:26.515156,507
2026-02-17 01:51:26.523054,508
2026-02-17 01:51:26.531077,511
2026-02-17 01:51:26.539091,509
2026-02-17 01:51:26.547100,512
2026-02-17 01:51:26.555162,509
2026-02-17 01:51:26.563105,509
2026-02-17 01:51:26.571089,512
2026-02-17 01:51:26.579063,512
2026-02-17 01:51:26.587072,511
2026-02-17 01:51:26.595153,511
2026-02-17 01:51:26.603011,508
2026-02-17 01:51:26.611223,508
2026-02-17 01:51:26.618985,513
2026-02-17 01:51:26.627212,513
2026-02-17 01:51:26.635120,509
2026-02-17 01:51:26.643257,508
2026-02-17 01:51:26.651099,509
2026-02-17 01:51:26.659160,516
2026-02-17 01:51:26.667107,515
2026-02-17 01:51:26.675311,513
2026-02-17 01:51:26.683039,511
2026-02-17 01:51:26.691210,514
2026-02-17 01:51:26.699051,511
2026-02-17 01:51:26.707119,512
2026-02-17 01:51:26.715035,511
2026-02-17 01:51:26.723173,515
2026-02-17 01:51:26.731078,514
2026-02-17 01:51:26.739177,513
2026-02-17 01:51:26.747053,516
2026-02-17 01:51:26.755189,514
2026-02-17 01:51:26.763089,512
2026-02-17 01:51:26.771079,514
2026-02-17 01:51:26.779116,514
2026-02-17 01:51:26.787098,513
2026-02-17 01:51:26.795240,513
2026-02-17 01:51:26.803169,509
2026-02-17 01:51:26.811194,514
2026-02-17 01:51:26.819123,510
2026-02-17 01:51:26.827123,513
2026-02-17 01:51:26.835206,510
2026-02-17 01:51:26.843361,511
2026-02-17 01:51:26.851133,511
2026-02-17 01:51:26.859220,512
2026-02-17 01:51:26.867042,509
2026-02-17 01:51:26.875198,510
2026-02-17 01:51:26.883055,506
2026-02-17 01:51:26.891116,509
2026-02-17 01:51:26.899040,511
2026-02-17 01:51:26.907207,508
2026-02-17 01:51:26.915045,507
2026-02-17 01:51:26.923142,505
2026-02-17 01:51:26.931125,507
2026-02-17 01:51:26.939275,512
2026-02-17 01:51:26.947081,507
2026-02-17 01:51:26.955177,510
2026-02-17 01:51:26.963140,513
2026-02-17 01:51:26.971139,511
2026-02-17 01:51:26.979228,508
2026-02-17 01:51:26.987110,509
2026-02-17 01:51:26.995120,513
2026-02-17 01:51:27.003143,515
2026-02-17 01:51:27.011238,514
2026-02-17 01:51:27.019129,509
2026-02-17 01:51:27.027202,503
2026-02-17 01:51:27.035067,505
2026-02-17 01:51:27.043117,510
2026-02-17 01:51:27.051039,513
2026-02-17 01:51:27.059221,513
2026-02-17 01:51:27.067071,514
2026-02-17 01:51:27.075151,515
2026-02-17 01:51:27.083069,513
2026-02-17 01:51:27.091157,514
2026-02-17 01:51:27.099112,516
2026-02-17 01:51:27.107124,509
2026-02-17 01:51:27.115053,510
2026-02-17 01:51:27.123273,506
2026-02-17 01:51:27.131051,512
2026-02-17 01:51:27.139224,512
2026-02-17 01:51:27.147098,510
2026-02-17 01:51:27.155043,515
2026-02-17 01:51:27.163049,512
2026-02-17 01:51:27.171007,517
2026-02-17 01:51:27.179072,513
2026-02-17 01:51:27.187017,512
2026-02-17 01:51:27.195082,511
2026-02-17 01:51:27.202959,514
2026-02-17 01:51:27.211169,514
2026-02-17 01:51:27.219055,515
2026-02-17 01:51:27.227151,509
2026-02-17 01:51:27.235025,510
2026-02-17 01:51:27.243152,503
2026-02-17 01:51:27.251020,506
2026-02-17 01:51:27.259179,509
2026-02-17 01:51:27.266973,509
2026-02-17 01:51:27.275191,512
2026-02-17 01:51:27.283010,506
2026-02-17 01:51:27.291093,506
2026-02-17 01:51:27.299014,512
2026-02-17 01:51:27.307110,515
2026-02-17 01:51:27.315008,513
2026-02-17 01:51:27.323067,509
2026-02-17 01:51:27.330993,512
2026-02-17 01:51:27.339085,513
2026-02-17 01:51:27.347011,507
2026-02-17 01:51:27.354997,506
2026-02-17 01:51:27.363005,509
2026-02-17 01:51:27.371058,511
2026-02-17 01:51:27.379032,512
2026-02-17 01:51:27.386968,514
2026-02-17 01:51:27.395138,509
2026-02-17 01:51:27.402985,511
2026-02-17 01:51:27.411105,516
2026-02-17 01:51:27.419061,517
2026-02-17 01:51:27.427168,514
2026-02-17 01:51:27.434995,517
2026-02-17 01:51:27.443296,510
2026-02-17 01:51:27.450979,512
2026-02-17 01:51:27.459151,517
2026-02-17 01:51:27.466993,515
2026-02-17 01:51:27.475154,518
2026-02-17 01:51:27.483010,513
2026-02-17 01:51:27.491078,515
2026-02-17 01:51:27.498979,514
2026-02-17 01:51:27.507233,512
2026-02-17 01:51:27.515069,518
2026-02-17 01:51:27.523192,512
2026-02-17 01:51:27.531091,507
2026-02-17 01:51:27.539123,515
2026-02-17 01:51:27.547102,515
2026-02-17 01:51:27.555083,517
2026-02-17 01:51:27.563170,517
2026-02-17 01:51:27.571135,518
2026-02-17 01:51:27.579142,515
2026-02-17 01:51:27.587069,508
2026-02-17 01:51:27.595213,511
2026-02-17 01:51:27.603151,511
2026-02-17 01:51:27.611252,508
2026-02-17 01:51:27.619130,506
2026-02-17 01:51:27.627195,513
2026-02-17 01:51:27.635098,511
2026-02-17 01:51:27.643234,513
2026-02-17 01:51:27.651077,508
2026-02-17 01:51:27.659214,509
2026-02-17 01:51:27.667058,508
2026-02-17 01:51:27.675187,506
2026-02-17 01:51:27.683061,506
2026-02-17 01:51:27.691289,508
2026-02-17 01:51:27.699095,510
2026-02-17 01:51:27.707210,508
2026-02-17 01:51:27.715138,514
2026-02-17 01:51:27.723158,510
2026-02-17 01:51:27.731124,513
2026-02-17 01:51:27.739173,511
2026-02-17 01:51:27.747071,516
2026-02-17 01:51:27.755163,518
2026-02-17 01:51:27.763125,516
2026-02-17 01:51:27.771055,515
2026-02-17 01:51:27.779237,511
2026-02-17 01:51:27.787015,504
2026-02-17 01:51:27.795357,503
2026-02-17 01:51:27.803099,503
2026-02-17 01:51:27.811272,509
2026-02-17 01:51:27.819145,513
2026-02-17 01:51:27.827250,508
2026-02-17 01:51:27.835122,514
2026-02-17 01:51:27.843223,514
2026-02-17 01:51:27.851247,514
2026-02-17 01:51:27.859280,516
2026-02-17 01:51:27.867032,510
2026-02-17 01:51:27.875236,517
2026-02-17 01:51:27.883128,516
2026-02-17 01:51:27.891157,514
2026-02-17 01:51:27.899089,511
2026-02-17 01:51:27.907180,508
2026-02-17 01:51:27.915048,511
2026-02-17 01:51:27.923228,510
2026-02-17 01:51:27.931103,511
2026-02-17 01:51:27.939220,512
2026-02-17 01:51:27.947109,507
2026-02-17 01:51:27.955225,509
2026-02-17 01:51:27.963246,504
2026-02-17 01:51:27.971232,507
2026-02-17 01:51:27.979186,509
2026-02-17 01:51:27.987009,509
2026-02-17 01:51:27.995254,514
2026-02-17 01:51:28.003031,508
2026-02-17 01:51:28.011337,508
2026-02-17 01:51:28.019173,511
2026-02-17 01:51:28.027251,516
2026-02-17 01:51:28.035080,511
2026-02-17 01:51:28.043151,515
2026-02-17 01:51:28.051060,509
2026-02-17 01:51:28.059034,514
2026-02-17 01:51:28.067104,516
2026-02-17 01:51:28.075089,515
2026-02-17 01:51:28.083094,515
2026-02-17 01:51:28.091149,515
2026-02-17 01:51:28.099109,515
2026-02-17 01:51:28.107143,511
2026-02-17 01:51:28.115121,516
2026-02-17 01:51:28.123203,515
2026-02-17 01:51:28.131072,512
2026-02-17 01:51:28.139057,516
2026-02-17 01:51:28.147086,513
2026-02-17 01:51:28.155016,514
2026-02-17 01:51:28.163112,514
2026-02-17 01:51:28.171026,513
2026-02-17 01:51:28.179097,514
2026-02-17 01:51:28.187001,514
2026-02-17 01:51:28.195144,511
2026-02-17 01:51:28.203106,508
2026-02-17 01:51:28.211277,514
2026-02-17 01:51:28.219101,520
2026-02-17 01:51:28.227092,518
2026-02-17 01:51:28.234993,516
2026-02-17 01:51:28.243029,512
2026-02-17 01:51:28.250984,509
2026-02-17 01:51:28.259010,520
2026-02-17 01:51:28.267032,518
2026-02-17 01:51:28.275002,515
2026-02-17 01:51:28.283039,517
2026-02-17 01:51:28.291000,513
2026-02-17 01:51:28.298978,518
2026-02-17 01:51:28.307059,516
2026-02-17 01:51:28.315026,512
2026-02-17 01:51:28.323074,515
2026-02-17 01:51:28.331006,516
2026-02-17 01:51:28.339007,515
2026-02-17 01:51:28.347054,513
2026-02-17 01:51:28.355000,518
2026-02-17 01:51:28.363048,511
2026-02-17 01:51:28.370978,511
2026-02-17 01:51:28.379041,513
2026-02-17 01:51:28.386978,511
2026-02-17 01:51:28.395044,513
2026-02-17 01:51:28.403025,511
2026-02-17 01:51:28.411148,510
2026-02-17 01:51:28.419113,514
2026-02-17 01:51:28.427183,513
2026-02-17 01:51:28.435006,517
2026-02-17 01:51:28.443189,508
2026-02-17 01:51:28.450985,508
2026-02-17 01:51:28.459131,512
2026-02-17 01:51:28.466998,508
2026-02-17 01:51:28.475133,510
2026-02-17 01:51:28.483022,508
2026-02-17 01:51:28.491091,511
2026-02-17 01:51:28.498976,513
2026-02-17 01:51:28.507165,509
2026-02-17 01:51:28.515036,511
2026-02-17 01:51:28.523063,508
2026-02-17 01:51:28.531143,506
2026-02-17 01:51:28.539094,509
2026-02-17 01:51:28.547166,507
2026-02-17 01:51:28.555086,507
2026-02-17 01:51:28.563183,502
2026-02-17 01:51:28.571055,496
2026-02-17 01:51:28.579186,506
2026-02-17 01:51:28.587013,508
2026-02-17 01:51:28.595357,512
2026-02-17 01:51:28.603076,508
2026-02-17 01:51:28.611358,512
2026-02-17 01:51:28.619109,512
2026-02-17 01:51:28.627501,508
2026-02-17 01:51:28.635142,508
2026-02-17 01:51:28.643266,508
2026-02-17 01:51:28.651150,512
2026-02-17 01:51:28.659271,516
2026-02-17 01:51:28.667104,513
2026-02-17 01:51:28.675370,514
2026-02-17 01:51:28.683162,515
2026-02-17 01:51:28.691218,515
2026-02-17 01:51:28.699159,514
2026-02-17 01:51:28.707208,516
2026-02-17 01:51:28.715182,513
2026-02-17 01:51:28.723377,517
2026-02-17 01:51:28.732253,511
2026-02-17 01:51:28.739117,512
2026-02-17 01:51:28.747154,514
2026-02-17 01:51:28.755241,512
2026-02-17 01:51:28.763278,508
2026-02-17 01:51:28.771154,507
2026-02-17 01:51:28.779243,514
2026-02-17 01:51:28.787281,509
2026-02-17 01:51:28.795271,514
2026-02-17 01:51:28.803304,516
2026-02-17 01:51:28.812045,513
2026-02-17 01:51:28.819304,510
2026-02-17 01:51:28.827304,512
2026-02-17 01:51:28.835568,509
2026-02-17 01:51:28.843284,512
2026-02-17 01:51:28.851189,513
2026-02-17 01:51:28.859180,515
2026-02-17 01:51:28.867108,511
2026-02-17 01:51:28.875074,514
2026-02-17 01:51:28.883247,513
2026-02-17 01:51:28.891350,513
2026-02-17 01:51:28.899134,516
2026-02-17 01:51:28.907090,514
2026-02-17 01:51:28.915183,518
2026-02-17 01:51:28.923249,514
2026-02-17 01:51:28.931228,511
2026-02-17 01:51:28.939166,512
2026-02-17 01:51:28.947135,515
2026-02-17 01:51:28.955128,510
2026-02-17 01:51:28.963181,512
2026-02-17 01:51:28.971142,511
2026-02-17 01:51:28.979178,512
2026-02-17 01:51:28.987234,510
2026-02-17 01:51:28.995287,512
2026-02-17 01:51:29.003188,506
2026-02-17 01:51:29.012290,506
2026-02-17 01:51:29.019115,511
2026-02-17 01:51:29.027167,510
2026-02-17 01:51:29.035176,513
2026-02-17 01:51:29.043049,508
2026-02-17 01:51:29.051062,512
2026-02-17 01:51:29.059057,512
2026-02-17 01:51:29.067075,509
2026-02-17 01:51:29.075077,509
2026-02-17 01:51:29.083057,510
2026-02-17 01:51:29.091149,511
2026-02-17 01:51:29.099076,515
2026-02-17 01:51:29.107490,511
2026-02-17 01:51:29.115073,508
2026-02-17 01:51:29.123200,513
2026-02-17 01:51:29.131114,515
2026-02-17 01:51:29.139132,513
2026-02-17 01:51:29.147091,510
2026-02-17 01:51:29.155105,507
2026-02-17 01:51:29.163071,506
2026-02-17 01:51:29.171109,509
2026-02-17 01:51:29.179050,514
2026-02-17 01:51:29.187072,509
2026-02-17 01:51:29.195078,511
2026-02-17 01:51:29.203025,511
2026-02-17 01:51:29.211085,512
2026-02-17 01:51:29.219043,512
2026-02-17 01:51:29.227067,510
2026-02-17 01:51:29.235124,515
2026-02-17 01:51:29.243080,516
2026-02-17 01:51:29.251053,510
2026-02-17 01:51:29.259072,513
2026-02-17 01:51:29.267029,511
2026-02-17 01:51:29.275086,513
2026-02-17 01:51:29.283045,515
2026-02-17 01:51:29.291089,514
2026-02-17 01:51:29.299048,518
2026-02-17 01:51:29.307072,513
2026-02-17 01:51:29.315062,517
2026-02-17 01:51:29.323080,511
2026-02-17 01:51:29.331060,502
2026-02-17 01:51:29.339085,505
2026-02-17 01:51:29.347061,506
2026-02-17 01:51:29.355157,514
2026-02-17 01:51:29.363095,513
2026-02-17 01:51:29.371097,516
2026-02-17 01:51:29.379101,517
2026-02-17 01:51:29.387093,516
2026-02-17 01:51:29.395049,515
2026-02-17 01:51:29.403076,507
2026-02-17 01:51:29.411270,509
2026-02-17 01:51:29.420035,510
2026-02-17 01:51:29.428924,511
2026-02-17 01:51:29.435058,511
2026-02-17 01:51:29.443182,513
2026-02-17 01:51:29.451069,516
2026-02-17 01:51:29.459118,512
2026-02-17 01:51:29.467070,509
2026-02-17 01:51:29.475262,513
2026-02-17 01:51:29.483116,513
2026-02-17 01:51:29.491137,512
2026-02-17 01:51:29.499039,509
2026-02-17 01:51:29.507074,512
2026-02-17 01:51:29.515084,512
2026-02-17 01:51:29.523158,510
2026-02-17 01:51:29.531070,509
2026-02-17 01:51:29.540231,508
2026-02-17 01:51:29.547082,510
2026-02-17 01:51:29.558578,509
2026-02-17 01:51:29.565426,511
2026-02-17 01:51:29.571706,510
2026-02-17 01:51:29.579119,512
2026-02-17 01:51:29.587205,509
2026-02-17 01:51:29.595255,509
2026-02-17 01:51:29.603235,512
2026-02-17 01:51:29.611166,513
2026-02-17 01:51:29.619253,515
2026-02-17 01:51:29.627137,512
2026-02-17 01:51:29.635085,515
2026-02-17 01:51:29.643101,514
2026-02-17 01:51:29.651321,515
2026-02-17 01:51:29.659170,516
2026-02-17 01:51:29.667095,512
2026-02-17 01:51:29.675159,515
2026-02-17 01:51:29.683220,513
2026-02-17 01:51:29.691114,516
2026-02-17 01:51:29.699082,518
2026-02-17 01:51:29.707126,513
2026-02-17 01:51:29.715087,514
2026-02-17 01:51:29.723199,512
2026-02-17 01:51:29.731108,511
2026-02-17 01:51:29.739175,512
2026-02-17 01:51:29.747114,510
2026-02-17 01:51:29.755112,515
2026-02-17 01:51:29.763114,506
2026-02-17 01:51:29.771087,507
2026-02-17 01:51:29.779085,510
2026-02-17 01:51:29.787055,513
2026-02-17 01:51:29.795089,511
2026-02-17 01:51:29.803043,512
2026-02-17 01:51:29.811171,512
2026-02-17 01:51:29.819060,518
2026-02-17 01:51:29.827111,514
2026-02-17 01:51:29.835104,514
2026-02-17 01:51:29.843161,512
2026-02-17 01:51:29.851086,516
2026-02-17 01:51:29.859094,513
2026-02-17 01:51:29.867084,509
2026-02-17 01:51:29.875315,510
2026-02-17 01:51:29.883069,520
2026-02-17 01:51:29.891143,514
2026-02-17 01:51:29.899101,517
2026-02-17 01:51:29.907372,509
2026-02-17 01:51:29.915106,510
2026-02-17 01:51:29.923098,507
2026-02-17 01:51:29.931073,511
2026-02-17 01:51:29.939077,510
2026-02-17 01:51:29.947098,511
2026-02-17 01:51:29.955116,512
2026-02-17 01:51:29.963120,511
2026-02-17 01:51:29.971077,510
2026-02-17 01:51:29.979148,513
2026-02-17 01:51:29.987109,513
2026-02-17 01:51:29.995149,513
2026-02-17 01:51:30.003067,511
2026-02-17 01:51:30.011128,513
2026-02-17 01:51:30.019055,516
2026-02-17 01:51:30.027092,509
2026-02-17 01:51:30.035119,515
2026-02-17 01:51:30.043160,512
2026-02-17 01:51:30.051081,508
2026-02-17 01:51:30.059093,504
2026-02-17 01:51:30.067102,504
2026-02-17 01:51:30.075099,510
2026-02-17 01:51:30.083089,512
2026-02-17 01:51:30.091292,517
2026-02-17 01:51:30.099114,518
2026-02-17 01:51:30.107169,512
2026-02-17 01:51:30.115130,516
2026-02-17 01:51:30.123133,515
2026-02-17 01:51:30.131224,518
2026-02-17 01:51:30.139241,514
2026-02-17 01:51:30.147294,516
2026-02-17 01:51:30.155155,518
2026-02-17 01:51:30.163175,513
2026-02-17 01:51:30.171187,515
2026-02-17 01:51:30.179218,514
2026-02-17 01:51:30.187204,509
2026-02-17 01:51:30.195230,514
2026-02-17 01:51:30.203117,508
2026-02-17 01:51:30.211232,510
2026-02-17 01:51:30.219103,517
2026-02-17 01:51:30.227152,515
2026-02-17 01:51:30.236528,516
2026-02-17 01:51:30.243095,512
2026-02-17 01:51:30.251143,517
2026-02-17 01:51:30.259166,515
2026-02-17 01:51:30.267087,507
2026-02-17 01:51:30.275319,510
2026-02-17 01:51:30.283101,508
2026-02-17 01:51:30.291151,509
2026-02-17 01:51:30.299106,513
2026-02-17 01:51:30.307139,510
2026-02-17 01:51:30.315105,510
2026-02-17 01:51:30.323041,510
2026-02-17 01:51:30.331054,512
2026-02-17 01:51:30.339074,514
2026-02-17 01:51:30.347041,507
2026-02-17 01:51:30.355076,512
2026-02-17 01:51:30.363101,513
2026-02-17 01:51:30.371079,515
2026-02-17 01:51:30.379106,512
2026-02-17 01:51:30.387011,509
2026-02-17 01:51:30.395095,511
2026-02-17 01:51:30.403074,510
2026-02-17 01:51:30.411086,511
2026-02-17 01:51:30.419019,511
2026-02-17 01:51:30.427088,510
2026-02-17 01:51:30.435051,515
2026-02-17 01:51:30.443073,513
2026-02-17 01:51:30.451123,511
2026-02-17 01:51:30.459126,514
2026-02-17 01:51:30.467023,514
2026-02-17 01:51:30.475078,515
2026-02-17 01:51:30.483009,510
2026-02-17 01:51:30.491067,514
2026-02-17 01:51:30.499033,513
2026-02-17 01:51:30.507031,510
2026-02-17 01:51:30.515098,516
2026-02-17 01:51:30.523153,511
2026-02-17 01:51:30.531100,517
2026-02-17 01:51:30.539099,519
2026-02-17 01:51:30.547070,510
2026-02-17 01:51:30.555077,511
2026-02-17 01:51:30.563098,512
2026-02-17 01:51:30.571088,517
2026-02-17 01:51:30.579120,512
2026-02-17 01:51:30.587102,511
2026-02-17 01:51:30.595119,513
2026-02-17 01:51:30.603048,513
2026-02-17 01:51:30.611101,513
2026-02-17 01:51:30.619094,516
2026-02-17 01:51:30.627116,510
2026-02-17 01:51:30.635068,515
2026-02-17 01:51:30.643248,515
2026-02-17 01:51:30.651040,511
2026-02-17 01:51:30.659161,514
2026-02-17 01:51:30.667064,507
2026-02-17 01:51:30.675191,508
2026-02-17 01:51:30.683097,507
2026-02-17 01:51:30.691210,506
2026-02-17 01:51:30.699113,515
2026-02-17 01:51:30.707170,508
2026-02-17 01:51:30.715215,510
2026-02-17 01:51:30.723192,512
2026-02-17 01:51:30.731251,510
2026-02-17 01:51:30.739166,515
2026-02-17 01:51:30.747217,511
2026-02-17 01:51:30.755230,516
2026-02-17 01:51:30.763191,513
2026-02-17 01:51:30.771161,512
2026-02-17 01:51:30.779247,515
2026-02-17 01:51:30.787092,510
2026-02-17 01:51:30.795374,513
2026-02-17 01:51:30.803194,503
2026-02-17 01:51:30.811324,506
2026-02-17 01:51:30.819217,511
2026-02-17 01:51:30.827217,510
2026-02-17 01:51:30.835170,519
2026-02-17 01:51:30.843216,514
2026-02-17 01:51:30.851318,521
2026-02-17 01:51:30.859375,522
2026-02-17 01:51:30.867100,519
2026-02-17 01:51:30.875338,521
2026-02-17 01:51:30.883192,521
2026-02-17 01:51:30.891228,517
2026-02-17 01:51:30.899208,519
2026-02-17 01:51:30.907162,516
2026-02-17 01:51:30.915162,514
2026-02-17 01:51:30.923127,511
2026-02-17 01:51:30.931330,514
2026-02-17 01:51:30.939195,512
2026-02-17 01:51:30.947288,507
2026-02-17 01:51:30.955150,506
2026-02-17 01:51:30.963369,505
2026-02-17 01:51:30.971204,508
2026-02-17 01:51:30.979408,507
2026-02-17 01:51:30.987158,507
2026-02-17 01:51:30.995612,507
2026-02-17 01:51:31.003249,508
2026-02-17 01:51:31.011227,512
2026-02-17 01:51:31.019168,508
2026-02-17 01:51:31.027072,502
2026-02-17 01:51:31.035098,507
2026-02-17 01:51:31.043169,512
2026-02-17 01:51:31.051093,509
2026-02-17 01:51:31.059312,512
2026-02-17 01:51:31.067104,509
2026-02-17 01:51:31.075323,509
2026-02-17 01:51:31.083151,506
2026-02-17 01:51:31.091097,512
2026-02-17 01:51:31.099186,513
2026-02-17 01:51:31.107087,511
2026-02-17 01:51:31.115275,513
2026-02-17 01:51:31.123115,516
2026-02-17 01:51:31.131194,511
2026-02-17 01:51:31.139048,519
2026-02-17 01:51:31.147240,514
2026-02-17 01:51:31.155220,516
2026-02-17 01:51:31.163251,515
2026-02-17 01:51:31.171105,511
2026-02-17 01:51:31.179186,514
2026-02-17 01:51:31.187058,511
2026-02-17 01:51:31.195301,508
2026-02-17 01:51:31.203117,512
2026-02-17 01:51:31.211173,508
2026-02-17 01:51:31.219062,514
2026-02-17 01:51:31.227185,513
2026-02-17 01:51:31.235083,513
2026-02-17 01:51:31.243125,512
2026-02-17 01:51:31.251032,514
2026-02-17 01:51:31.259112,513
2026-02-17 01:51:31.267104,511
2026-02-17 01:51:31.275095,516
2026-02-17 01:51:31.283087,511
2026-02-17 01:51:31.291236,510
2026-02-17 01:51:31.299326,515
2026-02-17 01:51:31.307083,513
2026-02-17 01:51:31.315233,515
2026-02-17 01:51:31.323122,510
2026-02-17 01:51:31.331198,519
2026-02-17 01:51:31.339228,519
2026-02-17 01:51:31.347305,516
2026-02-17 01:51:31.355139,515
2026-02-17 01:51:31.363339,510
2026-02-17 01:51:31.371195,509
2026-02-17 01:51:31.379533,507
2026-02-17 01:51:31.388905,514
2026-02-17 01:51:31.397297,511
2026-02-17 01:51:31.405401,507
2026-02-17 01:51:31.411377,510
2026-02-17 01:51:31.420483,513
2026-02-17 01:51:31.428000,512
2026-02-17 01:51:31.437382,513
2026-02-17 01:51:31.443926,509
2026-02-17 01:51:31.452571,513
2026-02-17 01:51:31.459689,514
2026-02-17 01:51:31.469523,511
2026-02-17 01:51:31.476775,513
2026-02-17 01:51:31.483529,515
2026-02-17 01:51:31.491641,513
2026-02-17 01:51:31.499272,518
2026-02-17 01:51:31.507234,516
2026-02-17 01:51:31.515286,513
2026-02-17 01:51:31.523135,511
2026-02-17 01:51:31.531134,513
2026-02-17 01:51:31.539114,512
2026-02-17 01:51:31.547111,511
2026-02-17 01:51:31.555086,506
2026-02-17 01:51:31.563156,503
2026-02-17 01:51:31.571137,507
2026-02-17 01:51:31.579132,511
2026-02-17 01:51:31.587099,509
2026-02-17 01:51:31.595146,512
2026-02-17 01:51:31.603153,515
2026-02-17 01:51:31.611173,515
2026-02-17 01:51:31.619100,511
2026-02-17 01:51:31.627178,513
2026-02-17 01:51:31.635120,512
2026-02-17 01:51:31.643171,513
2026-02-17 01:51:31.651085,514
2026-02-17 01:51:31.659248,509
2026-02-17 01:51:31.667103,509
2026-02-17 01:51:31.675168,510
2026-02-17 01:51:31.683159,510
2026-02-17 01:51:31.691200,514
2026-02-17 01:51:31.699217,515
2026-02-17 01:51:31.707097,513
2026-02-17 01:51:31.715267,510
2026-02-17 01:51:31.723137,509
2026-02-17 01:51:31.731502,512
2026-02-17 01:51:31.739366,513
2026-02-17 01:51:31.747235,512
2026-02-17 01:51:31.755182,512
2026-02-17 01:51:31.763321,516
2026-02-17 01:51:31.771152,516
2026-02-17 01:51:31.779369,514
2026-02-17 01:51:31.787136,510
2026-02-17 01:51:31.795323,514
2026-02-17 01:51:31.803102,515
2026-02-17 01:51:31.811177,515
2026-02-17 01:51:31.819129,516
2026-02-17 01:51:31.827246,514
2026-02-17 01:51:31.835147,513
2026-02-17 01:51:31.843232,518
2026-02-17 01:51:31.851201,515
2026-02-17 01:51:31.859191,515
2026-02-17 01:51:31.867106,516
2026-02-17 01:51:31.875149,512
2026-02-17 01:51:31.883214,517
2026-02-17 01:51:31.891158,516
2026-02-17 01:51:31.899246,512
2026-02-17 01:51:31.907194,511
2026-02-17 01:51:31.915274,513
2026-02-17 01:51:31.923128,509
2026-02-17 01:51:31.931304,511
2026-02-17 01:51:31.939230,512
2026-02-17 01:51:31.947420,512
2026-02-17 01:51:31.955133,514
2026-02-17 01:51:31.963377,511
2026-02-17 01:51:31.971187,512
2026-02-17 01:51:31.979372,512
2026-02-17 01:51:31.987190,512
2026-02-17 01:51:31.995241,512
2026-02-17 01:51:32.003258,513
2026-02-17 01:51:32.011316,512
2026-02-17 01:51:32.019218,511
2026-02-17 01:51:32.027218,508
2026-02-17 01:51:32.035080,513
2026-02-17 01:51:32.043167,510
2026-02-17 01:51:32.051064,510
2026-02-17 01:51:32.059217,510
2026-02-17 01:51:32.067225,511
2026-02-17 01:51:32.075103,514
2026-02-17 01:51:32.083231,510
2026-02-17 01:51:32.091167,506
2026-02-17 01:51:32.099251,512
2026-02-17 01:51:32.107155,509
2026-02-17 01:51:32.115276,512
2026-02-17 01:51:32.123131,508
2026-02-17 01:51:32.131321,513
2026-02-17 01:51:32.139164,513
2026-02-17 01:51:32.147343,507
2026-02-17 01:51:32.155093,510
2026-02-17 01:51:32.163285,510
2026-02-17 01:51:32.171184,509
2026-02-17 01:51:32.179326,513
2026-02-17 01:51:32.187172,510
2026-02-17 01:51:32.195204,513
2026-02-17 01:51:32.203145,510
2026-02-17 01:51:32.211144,508
2026-02-17 01:51:32.219081,513
2026-02-17 01:51:32.227138,511
2026-02-17 01:51:32.235136,513
2026-02-17 01:51:32.243162,510
2026-02-17 01:51:32.251161,514
2026-02-17 01:51:32.259124,516
2026-02-17 01:51:32.267207,512
2026-02-17 01:51:32.275168,514
2026-02-17 01:51:32.283203,511
2026-02-17 01:51:32.291152,510
2026-02-17 01:51:32.299272,512
2026-02-17 01:51:32.307181,507
2026-02-17 01:51:32.315315,513
2026-02-17 01:51:32.323370,510
2026-02-17 01:51:32.331240,508
2026-02-17 01:51:32.339286,503
2026-02-17 01:51:32.347215,497
2026-02-17 01:51:32.355253,502
2026-02-17 01:51:32.363404,507
2026-02-17 01:51:32.371197,510
2026-02-17 01:51:32.379188,509
2026-02-17 01:51:32.387238,514
2026-02-17 01:51:32.395176,513
2026-02-17 01:51:32.403256,512
2026-02-17 01:51:32.411378,507
2026-02-17 01:51:32.420347,514
2026-02-17 01:51:32.428000,514
2026-02-17 01:51:32.440378,512
2026-02-17 01:51:32.444196,514
2026-02-17 01:51:32.451883,516
2026-02-17 01:51:32.459969,514
2026-02-17 01:51:32.467232,509
2026-02-17 01:51:32.475225,513
2026-02-17 01:51:32.483207,516
2026-02-17 01:51:32.491229,516
2026-02-17 01:51:32.499232,515
2026-02-17 01:51:32.507222,511
2026-02-17 01:51:32.515225,519
2026-02-17 01:51:32.523201,512
2026-02-17 01:51:32.533116,514
2026-02-17 01:51:32.540547,520
2026-02-17 01:51:32.547459,512
2026-02-17 01:51:32.555198,511
2026-02-17 01:51:32.564806,513
2026-02-17 01:51:32.571610,508
2026-02-17 01:51:32.579196,509
2026-02-17 01:51:32.587188,511
2026-02-17 01:51:32.595282,509
2026-02-17 01:51:32.603147,505
2026-02-17 01:51:32.611113,513
2026-02-17 01:51:32.619153,514
2026-02-17 01:51:32.627330,512
2026-02-17 01:51:32.635165,515
2026-02-17 01:51:32.643264,510
2026-02-17 01:51:32.651520,514
2026-02-17 01:51:32.659342,516
2026-02-17 01:51:32.667208,513
2026-02-17 01:51:32.675711,515
2026-02-17 01:51:32.683169,516
2026-02-17 01:51:32.691172,518
2026-02-17 01:51:32.699245,513
2026-02-17 01:51:32.707186,515
2026-02-17 01:51:32.715250,512
2026-02-17 01:51:32.723206,512
2026-02-17 01:51:32.731226,516
2026-02-17 01:51:32.739210,516
2026-02-17 01:51:32.747381,514
2026-02-17 01:51:32.755229,513
2026-02-17 01:51:32.763130,511
2026-02-17 01:51:32.771126,511
2026-02-17 01:51:32.779123,516
2026-02-17 01:51:32.787188,516
2026-02-17 01:51:32.795143,514
2026-02-17 01:51:32.803121,516
2026-02-17 01:51:32.811143,512
2026-02-17 01:51:32.819109,514
2026-02-17 01:51:32.827150,512
2026-02-17 01:51:32.835128,514
2026-02-17 01:51:32.843133,513
2026-02-17 01:51:32.851268,514
2026-02-17 01:51:32.859137,507
2026-02-17 01:51:32.867119,504
2026-02-17 01:51:32.875137,510
2026-02-17 01:51:32.883143,511
2026-02-17 01:51:32.891140,510
2026-02-17 01:51:32.899146,515
2026-02-17 01:51:32.907126,511
2026-02-17 01:51:32.915154,515
2026-02-17 01:51:32.923093,515
2026-02-17 01:51:32.931138,512
2026-02-17 01:51:32.939161,513
2026-02-17 01:51:32.947712,512
2026-02-17 01:51:32.955085,513
2026-02-17 01:51:32.963084,512
2026-02-17 01:51:32.971118,512
2026-02-17 01:51:32.979146,512
2026-02-17 01:51:32.987149,512
2026-02-17 01:51:32.995184,516
2026-02-17 01:51:33.003141,518
2026-02-17 01:51:33.011159,510
2026-02-17 01:51:33.019102,516
2026-02-17 01:51:33.027136,512
2026-02-17 01:51:33.035094,512
2026-02-17 01:51:33.043143,508
2026-02-17 01:51:33.051118,512
2026-02-17 01:51:33.059145,515
2026-02-17 01:51:33.067182,512
2026-02-17 01:51:33.075094,515
2026-02-17 01:51:33.083156,511
2026-02-17 01:51:33.091172,509
2026-02-17 01:51:33.099163,502
2026-02-17 01:51:33.107272,503
2026-02-17 01:51:33.115209,505
2026-02-17 01:51:33.123144,511
2026-02-17 01:51:33.131160,511
2026-02-17 01:51:33.139134,514
2026-02-17 01:51:33.147229,509
2026-02-17 01:51:33.155120,510
2026-02-17 01:51:33.163127,509
2026-02-17 01:51:33.171155,508
2026-02-17 01:51:33.179034,517
2026-02-17 01:51:33.187109,512
2026-02-17 01:51:33.195168,513
2026-02-17 01:51:33.203053,510
2026-02-17 01:51:33.211171,510
2026-02-17 01:51:33.219115,514
2026-02-17 01:51:33.227130,511
2026-02-17 01:51:33.235131,513
2026-02-17 01:51:33.243127,516
2026-02-17 01:51:33.251097,513
2026-02-17 01:51:33.259092,514
2026-02-17 01:51:33.267088,511
2026-02-17 01:51:33.275103,512
2026-02-17 01:51:33.283097,508
2026-02-17 01:51:33.291104,506
2026-02-17 01:51:33.299094,509
2026-02-17 01:51:33.307093,506
2026-02-17 01:51:33.315084,510
2026-02-17 01:51:33.323092,508
2026-02-17 01:51:33.331063,511
2026-02-17 01:51:33.339077,510
2026-02-17 01:51:33.347052,505
2026-02-17 01:51:33.355087,509
2026-02-17 01:51:33.363100,509
2026-02-17 01:51:33.371042,513
2026-02-17 01:51:33.379110,513
2026-02-17 01:51:33.387049,509
2026-02-17 01:51:33.395198,512
2026-02-17 01:51:33.403074,510
2026-02-17 01:51:33.411220,513
2026-02-17 01:51:33.419221,510
2026-02-17 01:51:33.427877,510
2026-02-17 01:51:33.435566,511
2026-02-17 01:51:33.445262,511
2026-02-17 01:51:33.452760,510
2026-02-17 01:51:33.459806,512
2026-02-17 01:51:33.467766,509
2026-02-17 01:51:33.475408,511
2026-02-17 01:51:33.483292,511
2026-02-17 01:51:33.491173,512
2026-02-17 01:51:33.499361,513
2026-02-17 01:51:33.507219,509
2026-02-17 01:51:33.515417,516
2026-02-17 01:51:33.523251,515
2026-02-17 01:51:33.532706,519
2026-02-17 01:51:33.539202,517
2026-02-17 01:51:33.547274,513
2026-02-17 01:51:33.555253,513
2026-02-17 01:51:33.563181,513
2026-02-17 01:51:33.571258,514
2026-02-17 01:51:33.579171,517
2026-02-17 01:51:33.587320,510
2026-02-17 01:51:33.595166,509
2026-02-17 01:51:33.603161,507
2026-02-17 01:51:33.611204,510
2026-02-17 01:51:33.619151,509
2026-02-17 01:51:33.627135,506
2026-02-17 01:51:33.635137,509
2026-02-17 01:51:33.643178,508
2026-02-17 01:51:33.651157,515
2026-02-17 01:51:33.659248,512
2026-02-17 01:51:33.667142,511
2026-02-17 01:51:33.675140,516
2026-02-17 01:51:33.683196,508
2026-02-17 01:51:33.691145,512
2026-02-17 01:51:33.699148,516
2026-02-17 01:51:33.707226,511
2026-02-17 01:51:33.715154,513
2026-02-17 01:51:33.723140,509
2026-02-17 01:51:33.731167,514
2026-02-17 01:51:33.739115,512
2026-02-17 01:51:33.747201,509
2026-02-17 01:51:33.755060,512
2026-02-17 01:51:33.763147,513
2026-02-17 01:51:33.771091,515
2026-02-17 01:51:33.779171,513
2026-02-17 01:51:33.787138,514
2026-02-17 01:51:33.795159,514
2026-02-17 01:51:33.803140,514
2026-02-17 01:51:33.811178,513
2026-02-17 01:51:33.819105,513
2026-02-17 01:51:33.827142,511
2026-02-17 01:51:33.835115,514
2026-02-17 01:51:33.843230,509
2026-02-17 01:51:33.851242,514
2026-02-17 01:51:33.859213,516
2026-02-17 01:51:33.867163,505
2026-02-17 01:51:33.875127,510
2026-02-17 01:51:33.883138,505
2026-02-17 01:51:33.891234,509
2026-02-17 01:51:33.899201,514
2026-02-17 01:51:33.907089,513
2026-02-17 01:51:33.915273,515
2026-02-17 01:51:33.923143,514
2026-02-17 01:51:33.931113,514
2026-02-17 01:51:33.939102,517
2026-02-17 01:51:33.947146,516
2026-02-17 01:51:33.955128,514
2026-02-17 01:51:33.963193,513
2026-02-17 01:51:33.971138,513
2026-02-17 01:51:33.979246,512
2026-02-17 01:51:33.987112,511
2026-02-17 01:51:33.995261,510
2026-02-17 01:51:34.003127,506
2026-02-17 01:51:34.011307,513
2026-02-17 01:51:34.019145,511
2026-02-17 01:51:34.027242,508
2026-02-17 01:51:34.035129,511
2026-02-17 01:51:34.043183,507
2026-02-17 01:51:34.051208,509
2026-02-17 01:51:34.059171,510
2026-02-17 01:51:34.067301,506
2026-02-17 01:51:34.075188,506
2026-02-17 01:51:34.083205,508
2026-02-17 01:51:34.091130,511
2026-02-17 01:51:34.099300,511
2026-02-17 01:51:34.107094,512
2026-02-17 01:51:34.115249,511
2026-02-17 01:51:34.123069,511
2026-02-17 01:51:34.131243,514
2026-02-17 01:51:34.139059,515
2026-02-17 01:51:34.147247,512
2026-02-17 01:51:34.155132,514
2026-02-17 01:51:34.163164,511
2026-02-17 01:51:34.171092,515
2026-02-17 01:51:34.179217,515
2026-02-17 01:51:34.187101,512
2026-02-17 01:51:34.195233,516
2026-02-17 01:51:34.203115,517
2026-02-17 01:51:34.211233,516
2026-02-17 01:51:34.219218,517
2026-02-17 01:51:34.227258,510
2026-02-17 01:51:34.235259,512
2026-02-17 01:51:34.243192,511
2026-02-17 01:51:34.251337,508
2026-02-17 01:51:34.260532,512
2026-02-17 01:51:34.267299,508
2026-02-17 01:51:34.275539,509
2026-02-17 01:51:34.283288,507
2026-02-17 01:51:34.291153,509
2026-02-17 01:51:34.299259,512
2026-02-17 01:51:34.307174,512
2026-02-17 01:51:34.315276,509
2026-02-17 01:51:34.323182,513
2026-02-17 01:51:34.331213,514
2026-02-17 01:51:34.339189,510
2026-02-17 01:51:34.347178,512
2026-02-17 01:51:34.355205,510
2026-02-17 01:51:34.363180,512
2026-02-17 01:51:34.371139,512
2026-02-17 01:51:34.379370,515
2026-02-17 01:51:34.387174,513
2026-02-17 01:51:34.395314,512
2026-02-17 01:51:34.403213,520
2026-02-17 01:51:34.411152,518
2026-02-17 01:51:34.419529,513
2026-02-17 01:51:34.428759,510
2026-02-17 01:51:34.436327,514
2026-02-17 01:51:34.445543,510
2026-02-17 01:51:34.452626,516
2026-02-17 01:51:34.459555,515
2026-02-17 01:51:34.467746,512
2026-02-17 01:51:34.475492,516
2026-02-17 01:51:34.483239,512
2026-02-17 01:51:34.491230,514
2026-02-17 01:51:34.499234,516
2026-02-17 01:51:34.507406,510
2026-02-17 01:51:34.515366,511
2026-02-17 01:51:34.523178,512
2026-02-17 01:51:34.531712,510
2026-02-17 01:51:34.539175,511
2026-02-17 01:51:34.547209,513
2026-02-17 01:51:34.555163,513
2026-02-17 01:51:34.563227,512
2026-02-17 01:51:34.571173,516
2026-02-17 01:51:34.579197,514
2026-02-17 01:51:34.587165,513
2026-02-17 01:51:34.595281,512
2026-02-17 01:51:34.603190,514
2026-02-17 01:51:34.611375,517
2026-02-17 01:51:34.621787,513
2026-02-17 01:51:34.627221,515
2026-02-17 01:51:34.635198,510
2026-02-17 01:51:34.643217,509
2026-02-17 01:51:34.651185,499
2026-02-17 01:51:34.659184,504
2026-02-17 01:51:34.667145,505
2026-02-17 01:51:34.675176,512
2026-02-17 01:51:34.683157,513
2026-02-17 01:51:34.691267,513
2026-02-17 01:51:34.699199,511
2026-02-17 01:51:34.707369,513
2026-02-17 01:51:34.715210,515
2026-02-17 01:51:34.723147,513
2026-02-17 01:51:34.731213,516
2026-02-17 01:51:34.739148,511
2026-02-17 01:51:34.747154,510
2026-02-17 01:51:34.755149,515
2026-02-17 01:51:34.763172,517
2026-02-17 01:51:34.771148,517
2026-02-17 01:51:34.779251,515
2026-02-17 01:51:34.787144,509
2026-02-17 01:51:34.795207,514
2026-02-17 01:51:34.803123,510
2026-02-17 01:51:34.811167,511
2026-02-17 01:51:34.819189,514
2026-02-17 01:51:34.827139,508
2026-02-17 01:51:34.835209,510
2026-02-17 01:51:34.843143,510
2026-02-17 01:51:34.851186,511
2026-02-17 01:51:34.859209,510
2026-02-17 01:51:34.869803,509
2026-02-17 01:51:34.875962,513
2026-02-17 01:51:34.883211,508
2026-02-17 01:51:34.891195,514
2026-02-17 01:51:34.899523,512
2026-02-17 01:51:34.908973,510
2026-02-17 01:51:34.915172,509
2026-02-17 01:51:34.923321,510
2026-02-17 01:51:34.931886,511
2026-02-17 01:51:34.939139,513
2026-02-17 01:51:34.947172,516
2026-02-17 01:51:34.955151,517
2026-02-17 01:51:34.963251,515
2026-02-17 01:51:34.971126,518
2026-02-17 01:51:34.979182,517
2026-02-17 01:51:34.987141,512
2026-02-17 01:51:34.995160,513
2026-02-17 01:51:35.003146,510
2026-02-17 01:51:35.011155,512
2026-02-17 01:51:35.019165,513
2026-02-17 01:51:35.027126,515
2026-02-17 01:51:35.035190,514
2026-02-17 01:51:35.043148,510
2026-02-17 01:51:35.051164,513
2026-02-17 01:51:35.059152,507
2026-02-17 01:51:35.067159,506
2026-02-17 01:51:35.075157,509
2026-02-17 01:51:35.083158,513
2026-02-17 01:51:35.091182,515
2026-02-17 01:51:35.099177,512
2026-02-17 01:51:35.107130,512
2026-02-17 01:51:35.115151,511
2026-02-17 01:51:35.123158,511
2026-02-17 01:51:35.131174,512
2026-02-17 01:51:35.139142,514
2026-02-17 01:51:35.147145,515
2026-02-17 01:51:35.155129,514
2026-02-17 01:51:35.163175,511
2026-02-17 01:51:35.171149,515
2026-02-17 01:51:35.179254,515
2026-02-17 01:51:35.187148,510
2026-02-17 01:51:35.195209,508
2026-02-17 01:51:35.203130,509
2026-02-17 01:51:35.211226,509
2026-02-17 01:51:35.219227,508
2026-02-17 01:51:35.230443,513
2026-02-17 01:51:35.235138,509
2026-02-17 01:51:35.243297,512
2026-02-17 01:51:35.251790,511
2026-02-17 01:51:35.259194,508
2026-02-17 01:51:35.267192,514
2026-02-17 01:51:35.275191,512
2026-02-17 01:51:35.283218,510
2026-02-17 01:51:35.291151,512
2026-02-17 01:51:35.299219,511
2026-02-17 01:51:35.307139,516
2026-02-17 01:51:35.315295,516
2026-02-17 01:51:35.323128,518
2026-02-17 01:51:35.331226,518
2026-02-17 01:51:35.339141,515
2026-02-17 01:51:35.347232,516
2026-02-17 01:51:35.355130,517
2026-02-17 01:51:35.363245,515
2026-02-17 01:51:35.371132,512
2026-02-17 01:51:35.379206,515
2026-02-17 01:51:35.387107,509
2026-02-17 01:51:35.395187,513
2026-02-17 01:51:35.403161,507
2026-02-17 01:51:35.411278,508
2026-02-17 01:51:35.419216,512
2026-02-17 01:51:35.427228,513
2026-02-17 01:51:35.435494,514
2026-02-17 01:51:35.443396,514
2026-02-17 01:51:35.451480,517
2026-02-17 01:51:35.459300,506
2026-02-17 01:51:35.467197,495
2026-02-17 01:51:35.475145,502
2026-02-17 01:51:35.483166,505
2026-02-17 01:51:35.491137,510
2026-02-17 01:51:35.499155,510
2026-02-17 01:51:35.507146,504
2026-02-17 01:51:35.515319,513
2026-02-17 01:51:35.523133,511
2026-02-17 01:51:35.531231,508
2026-02-17 01:51:35.539170,511
2026-02-17 01:51:35.547192,505
2026-02-17 01:51:35.555146,509
2026-02-17 01:51:35.563281,508
2026-02-17 01:51:35.571155,512
2026-02-17 01:51:35.579376,510
2026-02-17 01:51:35.587175,508
2026-02-17 01:51:35.595276,515
2026-02-17 01:51:35.603291,512
2026-02-17 01:51:35.611208,513
2026-02-17 01:51:35.619252,517
2026-02-17 01:51:35.627246,511
2026-02-17 01:51:35.635203,510
2026-02-17 01:51:35.643198,507
2026-02-17 01:51:35.651212,510
2026-02-17 01:51:35.659160,514
2026-02-17 01:51:35.667168,509
2026-02-17 01:51:35.675240,514
2026-02-17 01:51:35.683311,509
2026-02-17 01:51:35.691211,512
2026-02-17 01:51:35.699194,508
2026-02-17 01:51:35.707177,511
2026-02-17 01:51:35.715275,511
2026-02-17 01:51:35.723185,512
2026-02-17 01:51:35.731214,511
2026-02-17 01:51:35.739181,509
2026-02-17 01:51:35.747285,515
2026-02-17 01:51:35.755177,519
2026-02-17 01:51:35.763261,518
2026-02-17 01:51:35.771142,514
2026-02-17 01:51:35.779367,518
2026-02-17 01:51:35.787186,511
2026-02-17 01:51:35.795267,514
2026-02-17 01:51:35.803254,510
2026-02-17 01:51:35.811261,510
2026-02-17 01:51:35.819240,510
2026-02-17 01:51:35.827510,507
2026-02-17 01:51:35.835321,511
2026-02-17 01:51:35.843232,509
2026-02-17 01:51:35.851245,512
2026-02-17 01:51:35.859204,509
2026-02-17 01:51:35.867225,503
2026-02-17 01:51:35.875117,501
2026-02-17 01:51:35.883234,507
2026-02-17 01:51:35.891189,511
2026-02-17 01:51:35.899267,507
2026-02-17 01:51:35.907206,506
2026-02-17 01:51:35.915297,507
2026-02-17 01:51:35.923244,507
2026-02-17 01:51:35.931514,509
2026-02-17 01:51:35.939641,511
2026-02-17 01:51:35.948257,512
2026-02-17 01:51:35.955413,515
2026-02-17 01:51:35.963351,508
2026-02-17 01:51:35.971248,510
2026-02-17 01:51:35.979314,509
2026-02-17 01:51:35.987374,507
2026-02-17 01:51:35.995487,512
2026-02-17 01:51:36.003409,513
2026-02-17 01:51:36.011565,512
2026-02-17 01:51:36.019536,512
2026-02-17 01:51:36.027143,513
2026-02-17 01:51:36.035157,511
2026-02-17 01:51:36.043324,513
2026-02-17 01:51:36.051293,514
2026-02-17 01:51:36.059307,512
2026-02-17 01:51:36.067326,510
2026-02-17 01:51:36.075255,512
2026-02-17 01:51:36.083288,513
2026-02-17 01:51:36.091233,512
2026-02-17 01:51:36.099228,514
2026-02-17 01:51:36.107213,514
2026-02-17 01:51:36.115231,517
2026-02-17 01:51:36.123161,514
2026-02-17 01:51:36.131373,515
2026-02-17 01:51:36.139191,519
2026-02-17 01:51:36.147214,510
2026-02-17 01:51:36.155145,515
2026-02-17 01:51:36.163204,513
2026-02-17 01:51:36.171120,514
2026-02-17 01:51:36.179139,514
2026-02-17 01:51:36.187111,516
2026-02-17 01:51:36.195087,515
2026-02-17 01:51:36.203178,518
2026-02-17 01:51:36.214824,515
2026-02-17 01:51:36.219365,512
2026-02-17 01:51:36.228741,514
2026-02-17 01:51:36.238084,516
2026-02-17 01:51:36.243382,513
2026-02-17 01:51:36.251356,517
2026-02-17 01:51:36.259388,514
2026-02-17 01:51:36.267395,504
2026-02-17 01:51:36.275271,507
2026-02-17 01:51:36.283259,510
2026-02-17 01:51:36.291228,515
2026-02-17 01:51:36.299231,517
2026-02-17 01:51:36.307485,516
2026-02-17 01:51:36.315234,513
2026-02-17 01:51:36.323173,515
2026-02-17 01:51:36.331201,515
2026-02-17 01:51:36.339312,512
2026-02-17 01:51:36.347260,505
2026-02-17 01:51:36.355227,511
2026-02-17 01:51:36.363422,511
2026-02-17 01:51:36.371149,511
2026-02-17 01:51:36.379188,513
2026-02-17 01:51:36.387169,508
2026-02-17 01:51:36.395088,518
2026-02-17 01:51:36.403194,512
2026-02-17 01:51:36.411104,509
2026-02-17 01:51:36.419226,510
2026-02-17 01:51:36.427214,510
2026-02-17 01:51:36.435183,512
2026-02-17 01:51:36.443116,510
2026-02-17 01:51:36.451259,509
2026-02-17 01:51:36.459139,510
2026-02-17 01:51:36.467212,510
2026-02-17 01:51:36.475096,515
2026-02-17 01:51:36.483322,510
2026-02-17 01:51:36.491091,511
2026-02-17 01:51:36.499249,511
2026-02-17 01:51:36.507098,509
2026-02-17 01:51:36.515238,515
2026-02-17 01:51:36.523231,509
2026-02-17 01:51:36.531305,514
2026-02-17 01:51:36.539214,512
2026-02-17 01:51:36.547313,514
2026-02-17 01:51:36.555216,514
2026-02-17 01:51:36.563296,511
2026-02-17 01:51:36.571224,513
2026-02-17 01:51:36.579263,512
2026-02-17 01:51:36.587348,510
2026-02-17 01:51:36.595238,516
2026-02-17 01:51:36.603391,511
2026-02-17 01:51:36.611206,513
2026-02-17 01:51:36.619261,515
2026-02-17 01:51:36.627168,512
2026-02-17 01:51:36.635310,515
2026-02-17 01:51:36.643174,514
2026-02-17 01:51:36.651328,512
2026-02-17 01:51:36.659196,515
2026-02-17 01:51:36.667278,512
2026-02-17 01:51:36.675191,510
2026-02-17 01:51:36.683420,513
2026-02-17 01:51:36.691205,509
2026-02-17 01:51:36.699329,508
2026-02-17 01:51:36.707155,507
2026-02-17 01:51:36.715262,510
2026-02-17 01:51:36.723197,512
2026-02-17 01:51:36.731232,507
2026-02-17 01:51:36.739230,514
2026-02-17 01:51:36.747216,507
2026-02-17 01:51:36.755259,517
2026-02-17 01:51:36.763444,516
2026-02-17 01:51:36.771247,516
2026-02-17 01:51:36.779261,514
2026-02-17 01:51:36.787275,510
2026-02-17 01:51:36.795205,511
2026-02-17 01:51:36.803303,507
2026-02-17 01:51:36.811179,511
2026-02-17 01:51:36.819331,511
2026-02-17 01:51:36.827131,514
2026-02-17 01:51:36.835331,514
2026-02-17 01:51:36.843201,515
2026-02-17 01:51:36.851675,517
2026-02-17 01:51:36.859289,513
2026-02-17 01:51:36.867318,514
2026-02-17 01:51:36.875261,515
2026-02-17 01:51:36.883352,510
2026-02-17 01:51:36.891278,512
2026-02-17 01:51:36.899340,516
2026-02-17 01:51:36.907200,511
2026-02-17 01:51:36.915264,513
2026-02-17 01:51:36.923178,511
2026-02-17 01:51:36.931263,513
2026-02-17 01:51:36.939213,512
2026-02-17 01:51:36.947395,510
2026-02-17 01:51:36.955243,513
2026-02-17 01:51:36.963271,514
2026-02-17 01:51:36.971227,518
2026-02-17 01:51:36.979239,515
2026-02-17 01:51:36.987249,511
2026-02-17 01:51:36.995214,517
2026-02-17 01:51:37.003554,512
2026-02-17 01:51:37.011297,516
2026-02-17 01:51:37.019332,518
2026-02-17 01:51:37.027213,512
2026-02-17 01:51:37.035175,514
2026-02-17 01:51:37.043213,508
2026-02-17 01:51:37.051330,500
2026-02-17 01:51:37.059246,506
2026-02-17 01:51:37.067368,508
2026-02-17 01:51:37.075238,516
2026-02-17 01:51:37.083330,513
2026-02-17 01:51:37.091285,514
2026-02-17 01:51:37.099265,517
2026-02-17 01:51:37.107221,516
2026-02-17 01:51:37.115265,516
2026-02-17 01:51:37.123227,515
2026-02-17 01:51:37.131232,516
2026-02-17 01:51:37.139284,513
2026-02-17 01:51:37.147204,509
2026-02-17 01:51:37.155246,509
2026-02-17 01:51:37.163381,514
2026-02-17 01:51:37.171326,512
2026-02-17 01:51:37.179233,513
2026-02-17 01:51:37.187409,512
2026-02-17 01:51:37.195184,515
2026-02-17 01:51:37.203240,517
2026-02-17 01:51:37.211239,512
2026-02-17 01:51:37.219318,513
2026-02-17 01:51:37.227218,513
2026-02-17 01:51:37.235316,510
2026-02-17 01:51:37.243091,508
2026-02-17 01:51:37.251283,509
2026-02-17 01:51:37.259135,513
2026-02-17 01:51:37.267280,509
2026-02-17 01:51:37.275102,511
2026-02-17 01:51:37.283298,507
2026-02-17 01:51:37.291138,516
2026-02-17 01:51:37.299224,517
2026-02-17 01:51:37.307112,509
2026-02-17 01:51:37.315213,510
2026-02-17 01:51:37.323164,505
2026-02-17 01:51:37.331415,510
2026-02-17 01:51:37.339251,509
2026-02-17 01:51:37.347191,511
2026-02-17 01:51:37.355150,514
2026-02-17 01:51:37.363154,514
2026-02-17 01:51:37.371221,512
2026-02-17 01:51:37.379178,512
2026-02-17 01:51:37.387291,508
2026-02-17 01:51:37.395219,511
2026-02-17 01:51:37.403273,512
2026-02-17 01:51:37.411141,513
2026-02-17 01:51:37.419259,515
2026-02-17 01:51:37.427171,514
2026-02-17 01:51:37.435223,510
2026-02-17 01:51:37.443139,512
2026-02-17 01:51:37.451269,508
2026-02-17 01:51:37.459204,515
2026-02-17 01:51:37.467307,510
2026-02-17 01:51:37.475277,515
2026-02-17 01:51:37.483262,510
2026-02-17 01:51:37.491253,510
2026-02-17 01:51:37.499230,505
2026-02-17 01:51:37.507136,510
2026-02-17 01:51:37.515336,514
2026-02-17 01:51:37.523258,513
2026-02-17 01:51:37.531184,512
2026-02-17 01:51:37.539227,514
2026-02-17 01:51:37.547499,508
2026-02-17 01:51:37.555264,508
2026-02-17 01:51:37.563226,509
2026-02-17 01:51:37.571291,513
2026-02-17 01:51:37.579220,513
2026-02-17 01:51:37.587335,515
2026-02-17 01:51:37.595207,512
2026-02-17 01:51:37.603389,511
2026-02-17 01:51:37.611318,511
2026-02-17 01:51:37.619409,517
2026-02-17 01:51:37.627327,511
2026-02-17 01:51:37.635356,512
2026-02-17 01:51:37.643304,511
2026-02-17 01:51:37.651435,515
2026-02-17 01:51:37.659179,510
2026-02-17 01:51:37.667299,511
2026-02-17 01:51:37.675195,512
2026-02-17 01:51:37.683390,513
2026-02-17 01:51:37.691249,511
2026-02-17 01:51:37.699231,508
2026-02-17 01:51:37.707185,509
2026-02-17 01:51:37.715282,512
2026-02-17 01:51:37.723242,510
2026-02-17 01:51:37.731366,511
2026-02-17 01:51:37.739322,515
2026-02-17 01:51:37.747422,512
2026-02-17 01:51:37.755324,514
2026-02-17 01:51:37.763317,509
2026-02-17 01:51:37.771381,519
2026-02-17 01:51:37.779172,517
2026-02-17 01:51:37.787296,514
2026-02-17 01:51:37.795213,512
2026-02-17 01:51:37.803288,513
2026-02-17 01:51:37.811302,516
2026-02-17 01:51:37.819356,513
2026-02-17 01:51:37.827242,505
2026-02-17 01:51:37.835344,502
2026-02-17 01:51:37.843221,502
2026-02-17 01:51:37.851548,504
2026-02-17 01:51:37.859242,506
2026-02-17 01:51:37.867318,513
2026-02-17 01:51:37.875206,515
2026-02-17 01:51:37.883411,508
2026-02-17 01:51:37.891227,513
2026-02-17 01:51:37.899291,510
2026-02-17 01:51:37.907281,511
2026-02-17 01:51:37.915399,520
2026-02-17 01:51:37.923295,518
2026-02-17 01:51:37.931512,517
2026-02-17 01:51:37.939295,515
2026-02-17 01:51:37.947308,515
2026-02-17 01:51:37.955214,518
2026-02-17 01:51:37.963306,511
2026-02-17 01:51:37.971444,511
2026-02-17 01:51:37.979281,510
2026-02-17 01:51:37.987357,510
2026-02-17 01:51:37.995181,512
2026-02-17 01:51:38.003398,511
2026-02-17 01:51:38.011282,507
2026-02-17 01:51:38.019408,510
2026-02-17 01:51:38.027291,508
2026-02-17 01:51:38.035268,507
2026-02-17 01:51:38.043209,508
2026-02-17 01:51:38.051135,510
2026-02-17 01:51:38.059331,508
2026-02-17 01:51:38.067295,507
2026-02-17 01:51:38.075273,504
2026-02-17 01:51:38.083267,506
2026-02-17 01:51:38.091303,507
2026-02-17 01:51:38.099168,511
2026-02-17 01:51:38.107242,510
2026-02-17 01:51:38.115350,512
2026-02-17 01:51:38.123165,514
2026-02-17 01:51:38.131224,514
2026-02-17 01:51:38.139206,514
2026-02-17 01:51:38.147150,510
2026-02-17 01:51:38.155228,514
2026-02-17 01:51:38.163212,513
2026-02-17 01:51:38.171233,508
2026-02-17 01:51:38.179147,512
2026-02-17 01:51:38.187323,506
2026-02-17 01:51:38.195222,507
2026-02-17 01:51:38.203252,508
2026-02-17 01:51:38.211237,510
2026-02-17 01:51:38.219364,509
2026-02-17 01:51:38.227205,508
2026-02-17 01:51:38.235199,509
2026-02-17 01:51:38.243112,509
2026-02-17 01:51:38.251185,512
2026-02-17 01:51:38.259116,515
2026-02-17 01:51:38.267179,515
2026-02-17 01:51:38.275132,509
2026-02-17 01:51:38.283184,514
2026-02-17 01:51:38.291130,512
2026-02-17 01:51:38.299128,516
2026-02-17 01:51:38.307131,517
2026-02-17 01:51:38.315142,517
2026-02-17 01:51:38.323099,514
2026-02-17 01:51:38.331125,516
2026-02-17 01:51:38.339121,513
2026-02-17 01:51:38.347188,511
2026-02-17 01:51:38.355203,508
2026-02-17 01:51:38.363093,512
2026-02-17 01:51:38.371152,513
2026-02-17 01:51:38.379107,514
2026-02-17 01:51:38.387157,518
2026-02-17 01:51:38.395220,517
2026-02-17 01:51:38.403187,515
2026-02-17 01:51:38.411168,516
2026-02-17 01:51:38.419328,518
2026-02-17 01:51:38.427186,512
2026-02-17 01:51:38.435350,515
2026-02-17 01:51:38.443141,516
2026-02-17 01:51:38.451269,515
2026-02-17 01:51:38.459119,517
2026-02-17 01:51:38.467314,513
2026-02-17 01:51:38.475125,516
2026-02-17 01:51:38.483295,512
2026-02-17 01:51:38.491174,514
2026-02-17 01:51:38.499229,513
2026-02-17 01:51:38.507148,510
2026-02-17 01:51:38.515504,507
2026-02-17 01:51:38.523266,512
2026-02-17 01:51:38.531174,516
2026-02-17 01:51:38.539253,514
2026-02-17 01:51:38.547251,516
2026-02-17 01:51:38.555322,520
2026-02-17 01:51:38.563229,515
2026-02-17 01:51:38.571288,514
2026-02-17 01:51:38.579235,517
2026-02-17 01:51:38.587353,512
2026-02-17 01:51:38.595320,517
2026-02-17 01:51:38.603351,513
2026-02-17 01:51:38.611270,511
2026-02-17 01:51:38.619351,513
2026-02-17 01:51:38.627254,508
2026-02-17 01:51:38.635350,504
2026-02-17 01:51:38.643283,500
2026-02-17 01:51:38.651402,504
2026-02-17 01:51:38.659173,509
2026-02-17 01:51:38.667357,510
2026-02-17 01:51:38.675240,517
2026-02-17 01:51:38.683247,510
2026-02-17 01:51:38.691288,512
2026-02-17 01:51:38.699380,511
2026-02-17 01:51:38.707262,512
2026-02-17 01:51:38.715276,520
2026-02-17 01:51:38.723240,515
2026-02-17 01:51:38.731322,512
2026-02-17 01:51:38.739366,517
2026-02-17 01:51:38.747295,514
2026-02-17 01:51:38.755302,517
2026-02-17 01:51:38.763228,513
2026-02-17 01:51:38.771565,511
2026-02-17 01:51:38.779273,510
2026-02-17 01:51:38.787369,509
2026-02-17 01:51:38.795248,511
2026-02-17 01:51:38.803356,511
2026-02-17 01:51:38.811217,510
2026-02-17 01:51:38.819330,510
2026-02-17 01:51:38.827253,513
2026-02-17 01:51:38.835378,516
2026-02-17 01:51:38.843155,513
2026-02-17 01:51:38.851411,513
2026-02-17 01:51:38.859223,514
2026-02-17 01:51:38.868119,515
2026-02-17 01:51:38.875224,513
2026-02-17 01:51:38.883328,510
2026-02-17 01:51:38.891183,513
2026-02-17 01:51:38.899381,516
2026-02-17 01:51:38.907254,510
2026-02-17 01:51:38.915349,515
2026-02-17 01:51:38.923279,512
2026-02-17 01:51:38.931314,514
2026-02-17 01:51:38.939281,514
2026-02-17 01:51:38.947293,512
2026-02-17 01:51:38.955324,514
2026-02-17 01:51:38.963204,514
2026-02-17 01:51:38.971323,515
2026-02-17 01:51:38.979238,514
2026-02-17 01:51:38.987383,513
2026-02-17 01:51:38.995214,516
2026-02-17 01:51:39.003448,518
2026-02-17 01:51:39.011315,518
2026-02-17 01:51:39.019436,512
2026-02-17 01:51:39.027232,512
2026-02-17 01:51:39.035245,515
2026-02-17 01:51:39.043126,513
2026-02-17 01:51:39.051341,517
2026-02-17 01:51:39.059296,511
2026-02-17 01:51:39.067263,508
2026-02-17 01:51:39.075209,514
2026-02-17 01:51:39.083299,506
2026-02-17 01:51:39.091260,513
2026-02-17 01:51:39.099235,514
2026-02-17 01:51:39.107300,511
2026-02-17 01:51:39.115221,511
2026-02-17 01:51:39.123306,511
2026-02-17 01:51:39.131233,516
2026-02-17 01:51:39.139322,511
2026-02-17 01:51:39.147196,513
2026-02-17 01:51:39.155388,515
2026-02-17 01:51:39.163216,511
2026-02-17 01:51:39.171331,511
2026-02-17 01:51:39.179129,509
2026-02-17 01:51:39.187348,506
2026-02-17 01:51:39.195187,507
2026-02-17 01:51:39.203339,511
2026-02-17 01:51:39.211178,507
2026-02-17 01:51:39.219375,508
2026-02-17 01:51:39.227239,511
2026-02-17 01:51:39.235367,513
2026-02-17 01:51:39.243207,511
2026-02-17 01:51:39.251311,512
2026-02-17 01:51:39.259191,510
2026-02-17 01:51:39.267266,506
2026-02-17 01:51:39.275184,510
2026-02-17 01:51:39.283225,513
2026-02-17 01:51:39.291143,508
2026-02-17 01:51:39.299239,508
2026-02-17 01:51:39.307256,503
2026-02-17 01:51:39.315193,507
2026-02-17 01:51:39.323180,508
2026-02-17 01:51:39.331166,515
2026-02-17 01:51:39.339239,512
2026-02-17 01:51:39.347137,513
2026-02-17 01:51:39.355318,517
2026-02-17 01:51:39.363208,516
2026-02-17 01:51:39.371280,517
2026-02-17 01:51:39.379227,514
2026-02-17 01:51:39.387295,515
2026-02-17 01:51:39.395192,514
2026-02-17 01:51:39.403316,513
2026-02-17 01:51:39.411131,515
2026-02-17 01:51:39.419469,510
2026-02-17 01:51:39.427197,509
2026-02-17 01:51:39.435389,511
2026-02-17 01:51:39.443144,510
2026-02-17 01:51:39.451337,508
2026-02-17 01:51:39.459158,500
2026-02-17 01:51:39.467257,503
2026-02-17 01:51:39.475171,507
2026-02-17 01:51:39.483287,508
2026-02-17 01:51:39.491163,514
2026-02-17 01:51:39.499197,514
2026-02-17 01:51:39.507138,514
2026-02-17 01:51:39.515263,513
2026-02-17 01:51:39.523320,515
2026-02-17 01:51:39.531195,513
2026-02-17 01:51:39.539322,514
2026-02-17 01:51:39.547178,516
2026-02-17 01:51:39.555425,521
2026-02-17 01:51:39.563197,516
2026-02-17 01:51:39.571418,517
2026-02-17 01:51:39.579209,519
2026-02-17 01:51:39.587369,517
2026-02-17 01:51:39.595264,515
2026-02-17 01:51:39.603372,512
2026-02-17 01:51:39.611274,511
2026-02-17 01:51:39.619327,517
2026-02-17 01:51:39.627227,510
2026-02-17 01:51:39.635581,512
2026-02-17 01:51:39.643287,517
2026-02-17 01:51:39.651355,512
2026-02-17 01:51:39.659195,511
2026-02-17 01:51:39.667388,508
2026-02-17 01:51:39.675234,511
2026-02-17 01:51:39.683296,507
2026-02-17 01:51:39.691247,513
2026-02-17 01:51:39.699291,510
2026-02-17 01:51:39.707240,513
2026-02-17 01:51:39.715263,509
2026-02-17 01:51:39.723304,513
2026-02-17 01:51:39.731246,512
2026-02-17 01:51:39.739348,511
2026-02-17 01:51:39.747260,514
2026-02-17 01:51:39.755358,517
2026-02-17 01:51:39.763214,512
2026-02-17 01:51:39.771371,515
2026-02-17 01:51:39.779283,513
2026-02-17 01:51:39.787331,513
2026-02-17 01:51:39.795329,512
2026-02-17 01:51:39.803479,518
2026-02-17 01:51:39.811252,521
2026-02-17 01:51:39.819571,515
2026-02-17 01:51:39.827265,511
2026-02-17 01:51:39.835463,516
2026-02-17 01:51:39.843293,514
2026-02-17 01:51:39.851813,515
2026-02-17 01:51:39.859378,512
2026-02-17 01:51:39.867407,509
2026-02-17 01:51:39.875260,514
2026-02-17 01:51:39.883436,515
2026-02-17 01:51:39.891305,517
2026-02-17 01:51:39.899262,512
2026-02-17 01:51:39.907323,512
2026-02-17 01:51:39.915258,510
2026-02-17 01:51:39.923381,512
2026-02-17 01:51:39.931289,517
2026-02-17 01:51:39.939303,512
2026-02-17 01:51:39.947262,513
2026-02-17 01:51:39.955362,520
2026-02-17 01:51:39.963215,514
2026-02-17 01:51:39.971265,515
2026-02-17 01:51:39.979283,514
2026-02-17 01:51:39.987600,511
2026-02-17 01:51:39.995297,517
2026-02-17 01:51:40.003275,511
2026-02-17 01:51:40.011236,510
2026-02-17 01:51:40.019280,511
2026-02-17 01:51:40.027354,508
2026-02-17 01:51:40.035259,513
2026-02-17 01:51:40.043236,514
2026-02-17 01:51:40.051309,516
2026-02-17 01:51:40.059221,513
2026-02-17 01:51:40.067211,511
2026-02-17 01:51:40.075234,511
2026-02-17 01:51:40.083238,508
2026-02-17 01:51:40.091293,507
2026-02-17 01:51:40.099226,508
2026-02-17 01:51:40.107167,509
2026-02-17 01:51:40.115215,507
2026-02-17 01:51:40.123209,503
2026-02-17 01:51:40.131223,508
2026-02-17 01:51:40.139316,507
2026-02-17 01:51:40.147138,506
2026-02-17 01:51:40.155316,511
2026-02-17 01:51:40.163289,508
2026-02-17 01:51:40.171311,510
2026-02-17 01:51:40.179250,510
2026-02-17 01:51:40.187172,510
2026-02-17 01:51:40.195267,514
2026-02-17 01:51:40.203318,514
2026-02-17 01:51:40.211311,512
2026-02-17 01:51:40.219235,511
2026-02-17 01:51:40.227201,500
2026-02-17 01:51:40.235195,503
2026-02-17 01:51:40.243206,505
2026-02-17 01:51:40.251338,514
2026-02-17 01:51:40.259144,513
2026-02-17 01:51:40.267234,506
2026-02-17 01:51:40.275231,511
2026-02-17 01:51:40.283198,512
2026-02-17 01:51:40.291750,515
2026-02-17 01:51:40.299211,513
2026-02-17 01:51:40.307199,510
2026-02-17 01:51:40.315306,510
2026-02-17 01:51:40.323300,513
2026-02-17 01:51:40.331269,515
2026-02-17 01:51:40.339298,514
2026-02-17 01:51:40.347129,515
2026-02-17 01:51:40.355229,514
2026-02-17 01:51:40.363160,517
2026-02-17 01:51:40.371202,510
2026-02-17 01:51:40.379243,514
2026-02-17 01:51:40.387261,515
2026-02-17 01:51:40.395220,513
2026-02-17 01:51:40.403264,511
2026-02-17 01:51:40.411132,515
2026-02-17 01:51:40.419295,514
2026-02-17 01:51:40.427287,511
2026-02-17 01:51:40.435277,511
2026-02-17 01:51:40.443312,511
2026-02-17 01:51:40.451290,513
2026-02-17 01:51:40.459286,510
2026-02-17 01:51:40.467274,507
2026-02-17 01:51:40.475132,514
2026-02-17 01:51:40.483248,515
2026-02-17 01:51:40.491193,515
2026-02-17 01:51:40.499299,516
2026-02-17 01:51:40.507221,510
2026-02-17 01:51:40.515423,519
2026-02-17 01:51:40.523213,514
2026-02-17 01:51:40.531240,517
2026-02-17 01:51:40.539249,517
2026-02-17 01:51:40.547402,515
2026-02-17 01:51:40.555312,516
2026-02-17 01:51:40.563244,515
2026-02-17 01:51:40.571207,514
2026-02-17 01:51:40.579209,513
2026-02-17 01:51:40.587339,512
2026-02-17 01:51:40.595212,515
2026-02-17 01:51:40.603213,513
2026-02-17 01:51:40.611195,517
2026-02-17 01:51:40.619205,511
2026-02-17 01:51:40.627210,514
2026-02-17 01:51:40.635215,516
2026-02-17 01:51:40.643207,516
2026-02-17 01:51:40.651225,512
2026-02-17 01:51:40.659217,514
2026-02-17 01:51:40.667267,508
2026-02-17 01:51:40.675237,510
2026-02-17 01:51:40.683296,507
2026-02-17 01:51:40.691199,509
2026-02-17 01:51:40.699328,508
2026-02-17 01:51:40.707302,508
2026-02-17 01:51:40.715289,511
2026-02-17 01:51:40.723303,508
2026-02-17 01:51:40.731316,510
2026-02-17 01:51:40.739289,507
2026-02-17 01:51:40.747241,506
2026-02-17 01:51:40.755348,512
2026-02-17 01:51:40.763319,509
2026-02-17 01:51:40.771329,506
2026-02-17 01:51:40.779246,506
2026-02-17 01:51:40.787320,503
2026-02-17 01:51:40.795250,506
2026-02-17 01:51:40.803261,508
2026-02-17 01:51:40.811201,509
2026-02-17 01:51:40.819362,506
2026-02-17 01:51:40.827179,511
2026-02-17 01:51:40.835266,515
2026-02-17 01:51:40.843234,512
2026-02-17 01:51:40.851485,512
2026-02-17 01:51:40.859262,513
2026-02-17 01:51:40.867383,511
2026-02-17 01:51:40.875266,511
2026-02-17 01:51:40.883429,513
2026-02-17 01:51:40.891259,511
2026-02-17 01:51:40.899370,511
2026-02-17 01:51:40.907278,508
2026-02-17 01:51:40.915310,512
2026-02-17 01:51:40.923333,509
2026-02-17 01:51:40.931277,509
2026-02-17 01:51:40.939265,512
2026-02-17 01:51:40.947263,509
2026-02-17 01:51:40.955265,514
2026-02-17 01:51:40.963374,513
2026-02-17 01:51:40.971267,518
2026-02-17 01:51:40.979390,513
2026-02-17 01:51:40.987268,502
2026-02-17 01:51:40.995241,505
2026-02-17 01:51:41.003294,507
2026-02-17 01:51:41.011269,507
2026-02-17 01:51:41.019641,518
2026-02-17 01:51:41.027252,516
2026-02-17 01:51:41.035219,518
2026-02-17 01:51:41.043259,517
2026-02-17 01:51:41.051333,519
2026-02-17 01:51:41.059245,518
2026-02-17 01:51:41.067408,514
2026-02-17 01:51:41.075241,514
2026-02-17 01:51:41.083537,515
2026-02-17 01:51:41.091691,517
2026-02-17 01:51:41.099481,516
2026-02-17 01:51:41.107367,514
2026-02-17 01:51:41.115274,511
2026-02-17 01:51:41.123286,512
2026-02-17 01:51:41.131295,517
2026-02-17 01:51:41.139311,514
2026-02-17 01:51:41.147299,514
2026-02-17 01:51:41.155262,514
2026-02-17 01:51:41.163188,510
2026-02-17 01:51:41.171210,515
2026-02-17 01:51:41.179134,512
2026-02-17 01:51:41.187213,511
2026-02-17 01:51:41.195147,508
2026-02-17 01:51:41.203242,510
2026-02-17 01:51:41.211148,512
2026-02-17 01:51:41.219266,508
2026-02-17 01:51:41.227152,512
2026-02-17 01:51:41.235312,512
2026-02-17 01:51:41.243144,511
2026-02-17 01:51:41.251255,510
2026-02-17 01:51:41.259142,515
2026-02-17 01:51:41.267304,516
2026-02-17 01:51:41.275139,516
2026-02-17 01:51:41.283203,516
2026-02-17 01:51:41.291194,512
2026-02-17 01:51:41.299148,516
2026-02-17 01:51:41.307197,510
2026-02-17 01:51:41.315161,514
2026-02-17 01:51:41.323243,513
2026-02-17 01:51:41.331227,514
2026-02-17 01:51:41.339273,512
2026-02-17 01:51:41.347181,511
2026-02-17 01:51:41.355309,509
2026-02-17 01:51:41.363183,512
2026-02-17 01:51:41.371264,513
2026-02-17 01:51:41.379199,510
2026-02-17 01:51:41.387355,512
2026-02-17 01:51:41.395159,512
2026-02-17 01:51:41.403259,508
2026-02-17 01:51:41.411154,512
2026-02-17 01:51:41.419230,514
2026-02-17 01:51:41.427232,513
2026-02-17 01:51:41.435267,515
2026-02-17 01:51:41.443162,516
2026-02-17 01:51:41.451295,518
2026-02-17 01:51:41.459243,516
2026-02-17 01:51:41.467361,514
2026-02-17 01:51:41.475268,515
2026-02-17 01:51:41.483201,513
2026-02-17 01:51:41.491347,513
2026-02-17 01:51:41.499158,512
2026-02-17 01:51:41.507272,510
2026-02-17 01:51:41.515207,515
2026-02-17 01:51:41.523312,514
2026-02-17 01:51:41.531330,515
2026-02-17 01:51:41.539307,510
2026-02-17 01:51:41.547451,512
2026-02-17 01:51:41.555393,511
2026-02-17 01:51:41.563247,514
2026-02-17 01:51:41.571339,510
2026-02-17 01:51:41.579210,509
2026-02-17 01:51:41.587354,509
2026-02-17 01:51:41.595198,514
2026-02-17 01:51:41.603239,512
2026-02-17 01:51:41.611294,510
2026-02-17 01:51:41.619273,508
2026-02-17 01:51:41.627248,508
2026-02-17 01:51:41.635306,513
2026-02-17 01:51:41.643293,507
2026-02-17 01:51:41.651272,513
2026-02-17 01:51:41.659245,508
2026-02-17 01:51:41.667246,509
2026-02-17 01:51:41.675286,512
2026-02-17 01:51:41.683223,506
2026-02-17 01:51:41.691275,506
2026-02-17 01:51:41.699221,513
2026-02-17 01:51:41.707265,515
2026-02-17 01:51:41.715171,519
2026-02-17 01:51:41.723264,514
2026-02-17 01:51:41.731248,512
2026-02-17 01:51:41.739283,501
2026-02-17 01:51:41.747313,502
2026-02-17 01:51:41.755249,506
2026-02-17 01:51:41.763215,510
2026-02-17 01:51:41.771260,516
2026-02-17 01:51:41.779270,512
2026-02-17 01:51:41.787241,514
2026-02-17 01:51:41.795207,515
2026-02-17 01:51:41.803224,513
2026-02-17 01:51:41.811195,516
2026-02-17 01:51:41.819256,516
2026-02-17 01:51:41.827210,512
2026-02-17 01:51:41.835255,515
2026-02-17 01:51:41.843300,512
2026-02-17 01:51:41.852522,515
2026-02-17 01:51:41.860424,515
2026-02-17 01:51:41.868745,513
2026-02-17 01:51:41.876468,517
2026-02-17 01:51:41.888898,515
2026-02-17 01:51:41.892714,515
2026-02-17 01:51:41.900476,512
2026-02-17 01:51:41.908100,514
2026-02-17 01:51:41.915754,512
2026-02-17 01:51:41.923870,508
2026-02-17 01:51:41.931711,510
2026-02-17 01:51:41.939368,510
2026-02-17 01:51:41.947285,510
2026-02-17 01:51:41.955315,511
2026-02-17 01:51:41.963205,509
2026-02-17 01:51:41.971270,514
2026-02-17 01:51:41.979180,516
2026-02-17 01:51:41.987208,516
2026-02-17 01:51:41.995262,513
2026-02-17 01:51:42.003300,513
2026-02-17 01:51:42.011222,517
2026-02-17 01:51:42.019249,511
2026-02-17 01:51:42.027234,514
2026-02-17 01:51:42.035218,515
2026-02-17 01:51:42.043242,510
2026-02-17 01:51:42.051245,513
2026-02-17 01:51:42.059221,513
2026-02-17 01:51:42.067260,510
2026-02-17 01:51:42.075215,512
2026-02-17 01:51:42.083215,512
2026-02-17 01:51:42.091238,518
2026-02-17 01:51:42.099295,515
2026-02-17 01:51:42.107272,514
2026-02-17 01:51:42.115200,512
2026-02-17 01:51:42.123297,513
2026-02-17 01:51:42.131311,519
2026-02-17 01:51:42.139322,518
2026-02-17 01:51:42.147227,516
2026-02-17 01:51:42.155223,514
2026-02-17 01:51:42.163166,514
2026-02-17 01:51:42.171259,514
2026-02-17 01:51:42.179167,510
2026-02-17 01:51:42.187257,516
2026-02-17 01:51:42.195176,516
2026-02-17 01:51:42.203228,514
2026-02-17 01:51:42.211224,516
2026-02-17 01:51:42.219272,512
2026-02-17 01:51:42.227312,511
2026-02-17 01:51:42.235394,509
2026-02-17 01:51:42.243359,506
2026-02-17 01:51:42.251337,510
2026-02-17 01:51:42.259361,507
2026-02-17 01:51:42.267308,508
2026-02-17 01:51:42.275313,511
2026-02-17 01:51:42.283238,509
2026-02-17 01:51:42.291346,511
2026-02-17 01:51:42.299267,508
2026-02-17 01:51:42.307282,511
2026-02-17 01:51:42.315249,510
2026-02-17 01:51:42.323321,508
2026-02-17 01:51:42.331317,509
2026-02-17 01:51:42.339348,512
2026-02-17 01:51:42.347362,513
2026-02-17 01:51:42.355325,513
2026-02-17 01:51:42.363249,513
2026-02-17 01:51:42.371370,515
2026-02-17 01:51:42.379266,515
2026-02-17 01:51:42.387300,507
2026-02-17 01:51:42.395249,505
2026-02-17 01:51:42.403334,509
2026-02-17 01:51:42.411318,511
2026-02-17 01:51:42.420016,509
2026-02-17 01:51:42.427263,511
2026-02-17 01:51:42.435322,514
2026-02-17 01:51:42.443311,513
2026-02-17 01:51:42.451291,512
2026-02-17 01:51:42.459320,512
2026-02-17 01:51:42.467238,514
2026-02-17 01:51:42.475289,507
2026-02-17 01:51:42.483282,497
2026-02-17 01:51:42.491380,504
2026-02-17 01:51:42.499262,508
2026-02-17 01:51:42.507329,507
2026-02-17 01:51:42.515315,513
2026-02-17 01:51:42.523331,513
2026-02-17 01:51:42.531384,511
2026-02-17 01:51:42.539409,511
2026-02-17 01:51:42.547318,509
2026-02-17 01:51:42.555316,510
2026-02-17 01:51:42.563314,510
2026-02-17 01:51:42.571428,510
2026-02-17 01:51:42.579306,510
2026-02-17 01:51:42.587371,516
2026-02-17 01:51:42.595278,511
2026-02-17 01:51:42.603262,511
2026-02-17 01:51:42.611317,512
2026-02-17 01:51:42.619330,512
2026-02-17 01:51:42.627319,516
2026-02-17 01:51:42.635426,519
2026-02-17 01:51:42.643356,516
2026-02-17 01:51:42.651367,519
2026-02-17 01:51:42.659360,516
2026-02-17 01:51:42.667292,512
2026-02-17 01:51:42.675327,517
2026-02-17 01:51:42.683302,517
2026-02-17 01:51:42.691379,513
2026-02-17 01:51:42.699301,512
2026-02-17 01:51:42.707378,513
2026-02-17 01:51:42.715324,515
2026-02-17 01:51:42.723360,514
2026-02-17 01:51:42.731410,520
2026-02-17 01:51:42.739509,515
2026-02-17 01:51:42.747348,514
2026-02-17 01:51:42.755339,518
2026-02-17 01:51:42.763355,514
2026-02-17 01:51:42.771285,517
2026-02-17 01:51:42.779248,514
2026-02-17 01:51:42.787310,513
2026-02-17 01:51:42.795329,516
2026-02-17 01:51:42.803254,516
2026-02-17 01:51:42.811343,516
2026-02-17 01:51:42.819312,510
2026-02-17 01:51:42.827311,512
2026-02-17 01:51:42.835490,508
2026-02-17 01:51:42.843751,511
2026-02-17 01:51:42.854701,508
2026-02-17 01:51:42.861967,505
2026-02-17 01:51:42.869233,502
2026-02-17 01:51:42.876520,511
2026-02-17 01:51:42.883268,507
2026-02-17 01:51:42.892869,512
2026-02-17 01:51:42.903082,509
2026-02-17 01:51:42.909719,510
2026-02-17 01:51:42.918704,513
2026-02-17 01:51:42.923920,509
2026-02-17 01:51:42.933036,514
2026-02-17 01:51:42.940796,511
2026-02-17 01:51:42.948167,511
2026-02-17 01:51:42.956902,515
2026-02-17 01:51:42.963344,508
2026-02-17 01:51:42.971335,511
2026-02-17 01:51:42.979292,509
2026-02-17 01:51:42.987294,511
2026-02-17 01:51:42.995274,512
2026-02-17 01:51:43.003239,512
2026-02-17 01:51:43.011245,512
2026-02-17 01:51:43.019318,507
2026-02-17 01:51:43.027231,506
2026-02-17 01:51:43.035264,508
2026-02-17 01:51:43.043228,505
2026-02-17 01:51:43.051221,509
2026-02-17 01:51:43.059226,509
2026-02-17 01:51:43.067330,507
2026-02-17 01:51:43.075309,506
2026-02-17 01:51:43.083389,501
2026-02-17 01:51:43.091369,502
2026-02-17 01:51:43.099267,503
2026-02-17 01:51:43.107322,507
2026-02-17 01:51:43.115417,509
2026-02-17 01:51:43.123312,509
2026-02-17 01:51:43.131362,512
2026-02-17 01:51:43.139255,510
2026-02-17 01:51:43.147211,510
2026-02-17 01:51:43.155249,514
2026-02-17 01:51:43.163175,512
2026-02-17 01:51:43.171249,508
2026-02-17 01:51:43.179237,507
2026-02-17 01:51:43.187254,507
2026-02-17 01:51:43.195179,505
2026-02-17 01:51:43.203211,503
2026-02-17 01:51:43.211225,505
2026-02-17 01:51:43.219290,508
2026-02-17 01:51:43.227231,509
2026-02-17 01:51:43.235241,514
2026-02-17 01:51:43.243209,510
2026-02-17 01:51:43.251238,515
2026-02-17 01:51:43.259318,517
2026-02-17 01:51:43.267240,516
2026-02-17 01:51:43.275199,517
2026-02-17 01:51:43.283198,510
2026-02-17 01:51:43.291193,516
2026-02-17 01:51:43.299202,512
2026-02-17 01:51:43.307195,510
2026-02-17 01:51:43.315187,514
2026-02-17 01:51:43.323223,514
2026-02-17 01:51:43.331238,515
2026-02-17 01:51:43.339261,514
2026-02-17 01:51:43.347194,516
2026-02-17 01:51:43.355228,516
2026-02-17 01:51:43.363224,518
2026-02-17 01:51:43.371218,518
2026-02-17 01:51:43.379182,515
2026-02-17 01:51:43.387229,519
2026-02-17 01:51:43.395179,511
2026-02-17 01:51:43.403295,512
2026-02-17 01:51:43.411226,514
2026-02-17 01:51:43.419240,513
2026-02-17 01:51:43.427269,512
2026-02-17 01:51:43.435337,513
2026-02-17 01:51:43.443199,516
2026-02-17 01:51:43.451204,512
2026-02-17 01:51:43.459223,510
2026-02-17 01:51:43.467199,514
2026-02-17 01:51:43.475296,516
2026-02-17 01:51:43.483285,513
2026-02-17 01:51:43.491317,515
2026-02-17 01:51:43.499227,516
2026-02-17 01:51:43.507294,515
2026-02-17 01:51:43.515269,518
2026-02-17 01:51:43.523287,516
2026-02-17 01:51:43.531206,518
2026-02-17 01:51:43.539391,514
2026-02-17 01:51:43.547276,516
2026-02-17 01:51:43.555309,517
2026-02-17 01:51:43.563282,519
2026-02-17 01:51:43.571323,515
2026-02-17 01:51:43.579241,520
2026-02-17 01:51:43.587353,512
2026-02-17 01:51:43.595238,515
2026-02-17 01:51:43.603283,509
2026-02-17 01:51:43.611217,507
2026-02-17 01:51:43.619326,511
2026-02-17 01:51:43.627283,512
2026-02-17 01:51:43.635378,513
2026-02-17 01:51:43.643251,509
2026-02-17 01:51:43.651303,515
2026-02-17 01:51:43.659318,510
2026-02-17 01:51:43.667276,509
2026-02-17 01:51:43.675312,508
2026-02-17 01:51:43.683233,510
2026-02-17 01:51:43.691301,512
2026-02-17 01:51:43.699328,510
2026-02-17 01:51:43.707302,512
2026-02-17 01:51:43.715302,511
2026-02-17 01:51:43.723324,510
2026-02-17 01:51:43.731313,509
2026-02-17 01:51:43.739336,507
2026-02-17 01:51:43.747193,507
2026-02-17 01:51:43.755386,508
2026-02-17 01:51:43.763321,505
2026-02-17 01:51:43.771427,507
2026-02-17 01:51:43.779351,506
2026-02-17 01:51:43.787320,509
2026-02-17 01:51:43.795260,506
2026-02-17 01:51:43.803366,508
2026-02-17 01:51:43.811237,513
2026-02-17 01:51:43.819413,513
2026-02-17 01:51:43.827206,510
2026-02-17 01:51:43.835380,513
2026-02-17 01:51:43.843295,510
2026-02-17 01:51:43.851321,515
2026-02-17 01:51:43.859330,510
2026-02-17 01:51:43.867300,508
2026-02-17 01:51:43.875276,512
2026-02-17 01:51:43.883275,511
2026-02-17 01:51:43.891271,512
2026-02-17 01:51:43.899309,511
2026-02-17 01:51:43.907317,502
2026-02-17 01:51:43.915354,505
2026-02-17 01:51:43.923280,513
2026-02-17 01:51:43.931274,513
2026-02-17 01:51:43.939296,513
2026-02-17 01:51:43.947231,517
2026-02-17 01:51:43.955309,516
2026-02-17 01:51:43.963249,520
2026-02-17 01:51:43.971285,518
2026-02-17 01:51:43.979261,514
2026-02-17 01:51:43.987387,514
2026-02-17 01:51:43.995350,513
2026-02-17 01:51:44.003356,513
2026-02-17 01:51:44.011302,513
2026-02-17 01:51:44.019284,512
2026-02-17 01:51:44.027254,515
2026-02-17 01:51:44.035268,518
2026-02-17 01:51:44.043283,514
2026-02-17 01:51:44.051371,511
2026-02-17 01:51:44.059324,510
2026-02-17 01:51:44.067313,513
2026-02-17 01:51:44.075297,513
2026-02-17 01:51:44.083299,513
2026-02-17 01:51:44.091291,508
2026-02-17 01:51:44.099255,509
2026-02-17 01:51:44.107322,509
2026-02-17 01:51:44.115256,515
2026-02-17 01:51:44.123315,513
2026-02-17 01:51:44.131281,517
2026-02-17 01:51:44.139287,511
2026-02-17 01:51:44.147269,511
2026-02-17 01:51:44.155279,511
2026-02-17 01:51:44.163258,513
2026-02-17 01:51:44.171300,513
2026-02-17 01:51:44.179375,511
2026-02-17 01:51:44.187325,513
2026-02-17 01:51:44.195249,514
2026-02-17 01:51:44.203397,513
2026-02-17 01:51:44.211252,512
2026-02-17 01:51:44.219362,517
2026-02-17 01:51:44.227290,514
2026-02-17 01:51:44.235309,513
2026-02-17 01:51:44.243309,514
2026-02-17 01:51:44.251327,516
2026-02-17 01:51:44.259302,519
2026-02-17 01:51:44.267347,516
2026-02-17 01:51:44.275328,516
2026-02-17 01:51:44.283417,519
2026-02-17 01:51:44.291321,513
2026-02-17 01:51:44.299362,515
2026-02-17 01:51:44.307323,515
2026-02-17 01:51:44.315286,515
2026-02-17 01:51:44.323341,512
2026-02-17 01:51:44.331282,517
2026-02-17 01:51:44.339330,515
2026-02-17 01:51:44.347282,514
2026-02-17 01:51:44.355337,516
2026-02-17 01:51:44.363280,515
2026-02-17 01:51:44.371369,509
2026-02-17 01:51:44.379273,511
2026-02-17 01:51:44.387343,511
2026-02-17 01:51:44.395278,509
2026-02-17 01:51:44.403345,510
2026-02-17 01:51:44.411311,511
2026-02-17 01:51:44.419403,509
2026-02-17 01:51:44.427321,515
2026-02-17 01:51:44.435387,516
2026-02-17 01:51:44.443335,518
2026-02-17 01:51:44.451334,518
2026-02-17 01:51:44.459343,519
2026-02-17 01:51:44.467378,516
2026-02-17 01:51:44.475336,515
2026-02-17 01:51:44.483314,515
2026-02-17 01:51:44.491329,517
2026-02-17 01:51:44.499400,521
2026-02-17 01:51:44.507327,519
2026-02-17 01:51:44.515291,522
2026-02-17 01:51:44.523337,517
2026-02-17 01:51:44.531324,516
2026-02-17 01:51:44.539312,508
2026-02-17 01:51:44.547286,515
2026-02-17 01:51:44.555345,515
2026-02-17 01:51:44.563283,511
2026-02-17 01:51:44.571385,511
2026-02-17 01:51:44.579279,508
2026-02-17 01:51:44.587359,512
2026-02-17 01:51:44.595332,512
2026-02-17 01:51:44.604057,505
2026-02-17 01:51:44.611333,500
2026-02-17 01:51:44.619354,493
2026-02-17 01:51:44.627337,497
2026-02-17 01:51:44.635337,503
2026-02-17 01:51:44.643324,506
2026-02-17 01:51:44.651354,510
2026-02-17 01:51:44.659442,505
2026-02-17 01:51:44.667361,512
2026-02-17 01:51:44.678728,513
2026-02-17 01:51:44.683512,512
2026-02-17 01:51:44.692340,512
2026-02-17 01:51:44.699423,515
2026-02-17 01:51:44.707542,515
2026-02-17 01:51:44.715588,514
2026-02-17 01:51:44.723592,512
2026-02-17 01:51:44.731330,515
2026-02-17 01:51:44.739340,511
2026-02-17 01:51:44.747316,510
2026-02-17 01:51:44.755320,508
2026-02-17 01:51:44.763295,508
2026-02-17 01:51:44.771336,512
2026-02-17 01:51:44.779338,506
2026-02-17 01:51:44.787407,510
2026-02-17 01:51:44.795391,514
2026-02-17 01:51:44.803424,505
2026-02-17 01:51:44.811285,514
2026-02-17 01:51:44.819542,509
2026-02-17 01:51:44.827337,507
2026-02-17 01:51:44.835345,509
2026-02-17 01:51:44.843339,509
2026-02-17 01:51:44.851371,514
2026-02-17 01:51:44.859334,513
2026-02-17 01:51:44.867324,513
2026-02-17 01:51:44.875356,520
2026-02-17 01:51:44.883498,514
2026-02-17 01:51:44.891345,516
2026-02-17 01:51:44.899356,517
2026-02-17 01:51:44.907334,513
2026-02-17 01:51:44.915296,514
2026-02-17 01:51:44.923356,509
2026-02-17 01:51:44.931296,516
2026-02-17 01:51:44.939350,515
2026-02-17 01:51:44.947298,515
2026-02-17 01:51:44.955335,517
2026-02-17 01:51:44.963315,516
2026-02-17 01:51:44.971411,518
2026-02-17 01:51:44.979318,517
2026-02-17 01:51:44.987362,519
2026-02-17 01:51:44.995316,515
2026-02-17 01:51:45.003335,510
2026-02-17 01:51:45.011472,512
2026-02-17 01:51:45.019459,514
2026-02-17 01:51:45.027359,512
2026-02-17 01:51:45.035313,514
2026-02-17 01:51:45.043287,513
2026-02-17 01:51:45.051323,511
2026-02-17 01:51:45.059348,506
2026-02-17 01:51:45.067342,511
2026-02-17 01:51:45.075341,512
2026-02-17 01:51:45.083320,509
2026-02-17 01:51:45.091340,509
2026-02-17 01:51:45.099427,514
2026-02-17 01:51:45.107451,515
2026-02-17 01:51:45.115284,515
2026-02-17 01:51:45.123361,511
2026-02-17 01:51:45.131286,516
2026-02-17 01:51:45.139375,511
2026-02-17 01:51:45.147287,514
2026-02-17 01:51:45.155343,513
2026-02-17 01:51:45.163280,512
2026-02-17 01:51:45.171347,510
2026-02-17 01:51:45.179279,510
2026-02-17 01:51:45.187325,516
2026-02-17 01:51:45.195283,510
2026-02-17 01:51:45.203481,507
2026-02-17 01:51:45.211317,510
2026-02-17 01:51:45.219428,511
2026-02-17 01:51:45.227334,507
2026-02-17 01:51:45.235404,506
2026-02-17 01:51:45.243339,506
2026-02-17 01:51:45.251469,509
2026-02-17 01:51:45.259380,506
2026-02-17 01:51:45.267300,509
2026-02-17 01:51:45.275354,513
2026-02-17 01:51:45.283324,510
2026-02-17 01:51:45.291343,509
2026-02-17 01:51:45.299374,509
2026-02-17 01:51:45.307383,511
2026-02-17 01:51:45.315224,514
2026-02-17 01:51:45.323347,510
2026-02-17 01:51:45.331303,507
2026-02-17 01:51:45.339385,502
2026-02-17 01:51:45.347337,500
2026-02-17 01:51:45.355482,512
2026-02-17 01:51:45.363315,511
2026-02-17 01:51:45.371316,516
2026-02-17 01:51:45.379334,514
2026-02-17 01:51:45.387568,517
2026-02-17 01:51:45.395394,515
2026-02-17 01:51:45.403333,517
2026-02-17 01:51:45.411396,513
2026-02-17 01:51:45.419358,509
2026-02-17 01:51:45.427457,509
2026-02-17 01:51:45.435316,514
2026-02-17 01:51:45.443355,507
2026-02-17 01:51:45.451327,509
2026-02-17 01:51:45.459462,513
2026-02-17 01:51:45.467336,510
2026-02-17 01:51:45.475436,513
2026-02-17 01:51:45.483368,512
2026-02-17 01:51:45.491393,513
2026-02-17 01:51:45.499373,510
2026-02-17 01:51:45.507453,513
2026-02-17 01:51:45.515359,514
2026-02-17 01:51:45.523323,513
2026-02-17 01:51:45.531264,514
2026-02-17 01:51:45.539347,513
2026-02-17 01:51:45.547354,515
2026-02-17 01:51:45.555588,514
2026-02-17 01:51:45.563356,509
2026-02-17 01:51:45.571358,513
2026-02-17 01:51:45.579360,513
2026-02-17 01:51:45.587568,511
2026-02-17 01:51:45.595388,513
2026-02-17 01:51:45.603529,514
2026-02-17 01:51:45.611353,514
2026-02-17 01:51:45.619472,518
2026-02-17 01:51:45.627438,519
2026-02-17 01:51:45.635330,521
2026-02-17 01:51:45.643467,520
2026-02-17 01:51:45.651364,522
2026-02-17 01:51:45.659390,518
2026-02-17 01:51:45.667462,518
2026-02-17 01:51:45.675452,522
2026-02-17 01:51:45.684347,518
2026-02-17 01:51:45.691746,518
2026-02-17 01:51:45.699413,512
2026-02-17 01:51:45.707538,515
2026-02-17 01:51:45.715407,515
2026-02-17 01:51:45.723396,512
2026-02-17 01:51:45.731897,517
2026-02-17 01:51:45.739323,515
2026-02-17 01:51:45.747682,512
2026-02-17 01:51:45.755344,517
2026-02-17 01:51:45.763389,512
2026-02-17 01:51:45.771516,513
2026-02-17 01:51:45.779365,510
2026-02-17 01:51:45.787330,510
2026-02-17 01:51:45.795439,512
2026-02-17 01:51:45.803459,511
2026-02-17 01:51:45.811449,510
2026-02-17 01:51:45.819367,510
2026-02-17 01:51:45.827476,512
2026-02-17 01:51:45.835342,509
2026-02-17 01:51:45.843490,508
2026-02-17 01:51:45.851641,515
2026-02-17 01:51:45.859387,509
2026-02-17 01:51:45.867372,518
2026-02-17 01:51:45.875592,514
2026-02-17 01:51:45.883473,513
2026-02-17 01:51:45.891458,513
2026-02-17 01:51:45.899353,512
2026-02-17 01:51:45.907376,512
2026-02-17 01:51:45.915360,510
2026-02-17 01:51:45.923388,508
2026-02-17 01:51:45.931395,509
2026-02-17 01:51:45.939355,512
2026-02-17 01:51:45.947334,508
2026-02-17 01:51:45.955337,511
2026-02-17 01:51:45.963365,507
2026-02-17 01:51:45.971514,508
2026-02-17 01:51:45.979426,506
2026-02-17 01:51:45.987365,505
2026-02-17 01:51:45.995474,508
2026-02-17 01:51:46.003453,512
2026-02-17 01:51:46.011506,508
2026-02-17 01:51:46.019333,512
2026-02-17 01:51:46.027446,511
2026-02-17 01:51:46.035299,510
2026-02-17 01:51:46.043366,511
2026-02-17 01:51:46.051474,512
2026-02-17 01:51:46.059484,507
2026-02-17 01:51:46.067474,509
2026-02-17 01:51:46.075356,510
2026-02-17 01:51:46.083341,510
2026-02-17 01:51:46.091439,507
2026-02-17 01:51:46.099351,497
2026-02-17 01:51:46.107451,497
2026-02-17 01:51:46.115411,502
2026-02-17 01:51:46.123389,507
2026-02-17 01:51:46.131387,512
2026-02-17 01:51:46.139343,510
2026-02-17 01:51:46.147359,512
2026-02-17 01:51:46.155372,515
2026-02-17 01:51:46.163336,511
2026-02-17 01:51:46.171318,514
2026-02-17 01:51:46.179354,511
2026-02-17 01:51:46.187303,512
2026-02-17 01:51:46.195284,512
2026-02-17 01:51:46.203265,512
2026-02-17 01:51:46.211356,515
2026-02-17 01:51:46.219298,510
2026-02-17 01:51:46.227342,512
2026-02-17 01:51:46.235292,516
2026-02-17 01:51:46.243317,519
2026-02-17 01:51:46.251315,518
2026-02-17 01:51:46.259368,519
2026-02-17 01:51:46.267344,519
2026-02-17 01:51:46.275377,518
2026-02-17 01:51:46.283324,512
2026-02-17 01:51:46.291351,512
2026-02-17 01:51:46.299317,510
2026-02-17 01:51:46.307396,509
2026-02-17 01:51:46.315333,513
2026-02-17 01:51:46.323695,511
2026-02-17 01:51:46.331299,516
2026-02-17 01:51:46.339481,508
2026-02-17 01:51:46.347371,509
2026-02-17 01:51:46.355374,510
2026-02-17 01:51:46.363410,512
2026-02-17 01:51:46.371396,513
2026-02-17 01:51:46.379424,511
2026-02-17 01:51:46.387334,511
2026-02-17 01:51:46.395444,518
2026-02-17 01:51:46.403389,517
2026-02-17 01:51:46.411361,517
2026-02-17 01:51:46.419411,518
2026-02-17 01:51:46.427465,514
2026-02-17 01:51:46.435367,516
2026-02-17 01:51:46.443476,511
2026-02-17 01:51:46.451339,514
2026-02-17 01:51:46.459369,515
2026-02-17 01:51:46.467400,508
2026-02-17 01:51:46.475482,513
2026-02-17 01:51:46.483377,504
2026-02-17 01:51:46.491402,508
2026-02-17 01:51:46.499307,508
2026-02-17 01:51:46.507428,509
2026-02-17 01:51:46.515419,516
2026-02-17 01:51:46.523318,514
2026-02-17 01:51:46.531435,513
2026-02-17 01:51:46.539359,511
2026-02-17 01:51:46.547417,511
2026-02-17 01:51:46.555592,512
2026-02-17 01:51:46.563456,509
2026-02-17 01:51:46.571454,510
2026-02-17 01:51:46.579375,505
2026-02-17 01:51:46.587432,511
2026-02-17 01:51:46.595484,515
2026-02-17 01:51:46.603329,511
2026-02-17 01:51:46.611511,515
2026-02-17 01:51:46.619342,517
2026-02-17 01:51:46.627525,515
2026-02-17 01:51:46.635472,519
2026-02-17 01:51:46.643601,520
2026-02-17 01:51:46.651499,511
2026-02-17 01:51:46.659378,517
2026-02-17 01:51:46.667426,513
2026-02-17 01:51:46.675484,513
2026-02-17 01:51:46.683396,511
2026-02-17 01:51:46.691485,509
2026-02-17 01:51:46.699410,511
2026-02-17 01:51:46.707416,512
2026-02-17 01:51:46.715382,512
2026-02-17 01:51:46.723337,511
2026-02-17 01:51:46.731350,515
2026-02-17 01:51:46.739343,511
2026-02-17 01:51:46.747328,506
2026-02-17 01:51:46.755443,513
2026-02-17 01:51:46.763382,508
2026-02-17 01:51:46.771375,510
2026-02-17 01:51:46.779361,509
2026-02-17 01:51:46.787347,509
2026-02-17 01:51:46.795423,514
2026-02-17 01:51:46.803279,513
2026-02-17 01:51:46.811432,511
2026-02-17 01:51:46.819280,512
2026-02-17 01:51:46.827391,509
2026-02-17 01:51:46.835246,514
2026-02-17 01:51:46.843423,513
2026-02-17 01:51:46.851437,515
2026-02-17 01:51:46.859486,511
2026-02-17 01:51:46.867318,505
2026-02-17 01:51:46.875377,506
2026-02-17 01:51:46.883334,501
2026-02-17 01:51:46.891531,506
2026-02-17 01:51:46.899385,507
2026-02-17 01:51:46.907458,508
2026-02-17 01:51:46.915297,512
2026-02-17 01:51:46.923520,511
2026-02-17 01:51:46.931354,517
2026-02-17 01:51:46.939353,515
2026-02-17 01:51:46.947341,517
2026-02-17 01:51:46.955393,515
2026-02-17 01:51:46.963372,513
2026-02-17 01:51:46.971412,515
2026-02-17 01:51:46.979389,509
2026-02-17 01:51:46.987423,507
2026-02-17 01:51:46.995438,510
2026-02-17 01:51:47.003417,510
2026-02-17 01:51:47.011503,511
2026-02-17 01:51:47.019455,508
2026-02-17 01:51:47.027558,508
2026-02-17 01:51:47.035327,508
2026-02-17 01:51:47.043402,512
2026-02-17 01:51:47.051346,514
2026-02-17 01:51:47.059624,512
2026-02-17 01:51:47.067415,513
2026-02-17 01:51:47.075494,513
2026-02-17 01:51:47.083347,513
2026-02-17 01:51:47.091447,513
2026-02-17 01:51:47.099391,514
2026-02-17 01:51:47.107473,510
2026-02-17 01:51:47.115424,512
2026-02-17 01:51:47.123434,506
2026-02-17 01:51:47.131383,510
2026-02-17 01:51:47.139537,515
2026-02-17 01:51:47.147410,510
2026-02-17 01:51:47.155506,515
2026-02-17 01:51:47.163335,515
2026-02-17 01:51:47.171267,514
2026-02-17 01:51:47.179391,517
2026-02-17 01:51:47.187296,517
2026-02-17 01:51:47.195343,515
2026-02-17 01:51:47.203234,512
2026-02-17 01:51:47.211357,512
2026-02-17 01:51:47.219237,514
2026-02-17 01:51:47.227454,517
2026-02-17 01:51:47.235358,513
2026-02-17 01:51:47.243352,512
2026-02-17 01:51:47.251348,512
2026-02-17 01:51:47.259368,509
2026-02-17 01:51:47.267270,509
2026-02-17 01:51:47.275369,511
2026-02-17 01:51:47.283245,509
2026-02-17 01:51:47.291357,508
2026-02-17 01:51:47.299235,510
2026-02-17 01:51:47.307322,510
2026-02-17 01:51:47.315377,516
2026-02-17 01:51:47.323508,519
2026-02-17 01:51:47.331340,513
2026-02-17 01:51:47.339349,509
2026-02-17 01:51:47.347336,513
2026-02-17 01:51:47.355265,513
2026-02-17 01:51:47.363322,509
2026-02-17 01:51:47.371245,511
2026-02-17 01:51:47.379319,519
2026-02-17 01:51:47.387243,516
2026-02-17 01:51:47.395356,512
2026-02-17 01:51:47.403296,507
2026-02-17 01:51:47.411300,510
2026-02-17 01:51:47.419306,509
2026-02-17 01:51:47.427445,513
2026-02-17 01:51:47.435273,511
2026-02-17 01:51:47.443391,516
2026-02-17 01:51:47.451246,512
2026-02-17 01:51:47.459359,509
2026-02-17 01:51:47.467268,509
2026-02-17 01:51:47.475398,515
2026-02-17 01:51:47.483331,514
2026-02-17 01:51:47.491524,516
2026-02-17 01:51:47.499321,511
2026-02-17 01:51:47.507443,514
2026-02-17 01:51:47.515404,518
2026-02-17 01:51:47.523315,513
2026-02-17 01:51:47.531385,515
2026-02-17 01:51:47.539425,518
2026-02-17 01:51:47.547381,515
2026-02-17 01:51:47.555368,517
2026-02-17 01:51:47.563396,514
2026-02-17 01:51:47.571424,513
2026-02-17 01:51:47.579383,513
2026-02-17 01:51:47.587339,510
2026-02-17 01:51:47.595492,507
2026-02-17 01:51:47.603345,511
2026-02-17 01:51:47.611539,513
2026-02-17 01:51:47.619439,504
2026-02-17 01:51:47.627545,503
2026-02-17 01:51:47.635558,502
2026-02-17 01:51:47.643536,505
2026-02-17 01:51:47.651456,507
2026-02-17 01:51:47.659362,512
2026-02-17 01:51:47.667345,509
2026-02-17 01:51:47.675428,513
2026-02-17 01:51:47.683322,512
2026-02-17 01:51:47.691426,515
2026-02-17 01:51:47.699326,514
2026-02-17 01:51:47.707379,513
2026-02-17 01:51:47.715412,513
2026-02-17 01:51:47.723391,514
2026-02-17 01:51:47.731360,515
2026-02-17 01:51:47.739428,508
2026-02-17 01:51:47.747347,508
2026-02-17 01:51:47.755427,508
2026-02-17 01:51:47.763435,510
2026-02-17 01:51:47.771423,514
2026-02-17 01:51:47.779460,514
2026-02-17 01:51:47.787307,516
2026-02-17 01:51:47.795629,510
2026-02-17 01:51:47.803364,507
2026-02-17 01:51:47.811781,508
2026-02-17 01:51:47.819360,511
2026-02-17 01:51:47.827507,512
2026-02-17 01:51:47.835604,518
2026-02-17 01:51:47.843509,512
2026-02-17 01:51:47.851444,515
2026-02-17 01:51:47.859593,517
2026-02-17 01:51:47.867329,511
2026-02-17 01:51:47.875518,518
2026-02-17 01:51:47.883431,510
2026-02-17 01:51:47.891427,515
2026-02-17 01:51:47.899401,512
2026-02-17 01:51:47.907407,513
2026-02-17 01:51:47.915316,510
2026-02-17 01:51:47.923582,508
2026-02-17 01:51:47.931404,514
2026-02-17 01:51:47.939617,514
2026-02-17 01:51:47.947372,512
2026-02-17 01:51:47.955440,515
2026-02-17 01:51:47.963449,517
2026-02-17 01:51:47.971393,512
2026-02-17 01:51:47.979464,509
2026-02-17 01:51:47.987424,512
2026-02-17 01:51:47.995416,514
2026-02-17 01:51:48.003286,513
2026-02-17 01:51:48.011850,513
2026-02-17 01:51:48.019425,514
2026-02-17 01:51:48.027492,513
2026-02-17 01:51:48.035418,518
2026-02-17 01:51:48.043372,512
2026-02-17 01:51:48.051316,515
2026-02-17 01:51:48.059473,513
2026-02-17 01:51:48.067349,512
2026-02-17 01:51:48.075512,512
2026-02-17 01:51:48.083301,509
2026-02-17 01:51:48.091428,511
2026-02-17 01:51:48.099357,515
2026-02-17 01:51:48.107317,509
2026-02-17 01:51:48.115310,514
2026-02-17 01:51:48.123329,508
2026-02-17 01:51:48.131263,514
2026-02-17 01:51:48.139277,514
2026-02-17 01:51:48.147348,516
2026-02-17 01:51:48.155482,508
2026-02-17 01:51:48.163424,509
2026-02-17 01:51:48.171503,511
2026-02-17 01:51:48.179452,511
2026-02-17 01:51:48.187313,512
2026-02-17 01:51:48.195405,515
2026-02-17 01:51:48.203381,510
2026-02-17 01:51:48.211417,516
2026-02-17 01:51:48.219328,511
2026-02-17 01:51:48.227422,515
2026-02-17 01:51:48.235309,511
2026-02-17 01:51:48.243314,512
2026-02-17 01:51:48.251280,510
2026-02-17 01:51:48.259384,510
2026-02-17 01:51:48.267378,510
2026-02-17 01:51:48.275301,512
2026-02-17 01:51:48.283355,512
2026-02-17 01:51:48.291333,511
2026-02-17 01:51:48.299275,509
2026-02-17 01:51:48.307296,513
2026-02-17 01:51:48.315245,514
2026-02-17 01:51:48.323297,508
2026-02-17 01:51:48.331304,507
2026-02-17 01:51:48.339306,511
2026-02-17 01:51:48.347325,514
2026-02-17 01:51:48.355348,518
2026-02-17 01:51:48.363303,514
2026-02-17 01:51:48.371279,518
2026-02-17 01:51:48.379333,522
2026-02-17 01:51:48.387321,514
2026-02-17 01:51:48.395373,511
2026-02-17 01:51:48.403340,508
2026-02-17 01:51:48.411291,511
2026-02-17 01:51:48.419350,511
2026-02-17 01:51:48.427525,512
2026-02-17 01:51:48.435474,518
2026-02-17 01:51:48.443509,512
2026-02-17 01:51:48.451391,517
2026-02-17 01:51:48.459430,512
2026-02-17 01:51:48.467325,515
2026-02-17 01:51:48.475320,513
2026-02-17 01:51:48.483303,510
2026-02-17 01:51:48.491394,505
2026-02-17 01:51:48.499266,508
2026-02-17 01:51:48.507303,510
2026-02-17 01:51:48.515334,512
2026-02-17 01:51:48.523311,508
2026-02-17 01:51:48.531314,507
2026-02-17 01:51:48.539500,508
2026-02-17 01:51:48.547423,509
2026-02-17 01:51:48.555337,509
2026-02-17 01:51:48.563421,504
2026-02-17 01:51:48.571331,510
2026-02-17 01:51:48.579422,511
2026-02-17 01:51:48.587283,512
2026-02-17 01:51:48.595517,515
2026-02-17 01:51:48.603399,512
2026-02-17 01:51:48.611557,518
2026-02-17 01:51:48.619348,516
2026-02-17 01:51:48.627446,517
2026-02-17 01:51:48.635362,512
2026-02-17 01:51:48.643483,513
2026-02-17 01:51:48.651431,519
2026-02-17 01:51:48.659458,517
2026-02-17 01:51:48.667341,516
2026-02-17 01:51:48.675482,517
2026-02-17 01:51:48.683346,512
2026-02-17 01:51:48.691401,512
2026-02-17 01:51:48.699355,515
2026-02-17 01:51:48.707436,513
2026-02-17 01:51:48.715362,513
2026-02-17 01:51:48.723685,510
2026-02-17 01:51:48.731438,507
2026-02-17 01:51:48.739517,507
2026-02-17 01:51:48.747433,508
2026-02-17 01:51:48.755626,509
2026-02-17 01:51:48.763440,508
2026-02-17 01:51:48.771344,511
2026-02-17 01:51:48.779515,511
2026-02-17 01:51:48.787397,507
2026-02-17 01:51:48.795518,514
2026-02-17 01:51:48.803365,510
2026-02-17 01:51:48.811519,508
2026-02-17 01:51:48.819462,512
2026-02-17 01:51:48.827398,513
2026-02-17 01:51:48.835374,513
2026-02-17 01:51:48.843493,513
2026-02-17 01:51:48.851511,515
2026-02-17 01:51:48.859453,512
2026-02-17 01:51:48.867328,512
2026-02-17 01:51:48.875464,510
2026-02-17 01:51:48.883368,509
2026-02-17 01:51:48.891384,511
2026-02-17 01:51:48.899419,511
2026-02-17 01:51:48.907543,512
2026-02-17 01:51:48.915365,514
2026-02-17 01:51:48.923344,515
2026-02-17 01:51:48.931425,511
2026-02-17 01:51:48.939550,506
2026-02-17 01:51:48.947464,507
2026-02-17 01:51:48.955342,512
2026-02-17 01:51:48.963511,513
2026-02-17 01:51:48.971289,510
2026-02-17 01:51:48.979573,516
2026-02-17 01:51:48.987385,517
2026-02-17 01:51:48.995498,514
2026-02-17 01:51:49.003429,515
2026-02-17 01:51:49.011549,513
2026-02-17 01:51:49.019474,512
2026-02-17 01:51:49.027465,511
2026-02-17 01:51:49.035333,513
2026-02-17 01:51:49.043432,514
2026-02-17 01:51:49.051298,507
2026-02-17 01:51:49.059400,511
2026-02-17 01:51:49.067399,506
2026-02-17 01:51:49.075410,511
2026-02-17 01:51:49.083371,507
2026-02-17 01:51:49.091425,509
2026-02-17 01:51:49.099405,511
2026-02-17 01:51:49.107471,514
2026-02-17 01:51:49.115354,512
2026-02-17 01:51:49.123308,510
2026-02-17 01:51:49.131399,509
2026-02-17 01:51:49.139529,513
2026-02-17 01:51:49.147407,511
2026-02-17 01:51:49.155333,514
2026-02-17 01:51:49.163401,511
2026-02-17 01:51:49.171284,512
2026-02-17 01:51:49.179539,515
2026-02-17 01:51:49.187344,512
2026-02-17 01:51:49.195398,514
2026-02-17 01:51:49.203253,503
2026-02-17 01:51:49.211413,498
2026-02-17 01:51:49.219304,501
2026-02-17 01:51:49.227453,505
2026-02-17 01:51:49.235277,512
2026-02-17 01:51:49.243417,514
2026-02-17 01:51:49.251324,516
2026-02-17 01:51:49.259461,515
2026-02-17 01:51:49.267465,512
2026-02-17 01:51:49.275681,511
2026-02-17 01:51:49.283457,511
2026-02-17 01:51:49.291451,511
2026-02-17 01:51:49.299417,511
2026-02-17 01:51:49.307479,513
2026-02-17 01:51:49.315468,514
2026-02-17 01:51:49.323524,510
2026-02-17 01:51:49.331460,508
2026-02-17 01:51:49.339393,514
2026-02-17 01:51:49.347420,514
2026-02-17 01:51:49.355295,510
2026-02-17 01:51:49.363399,508
2026-02-17 01:51:49.371272,512
2026-02-17 01:51:49.379473,509
2026-02-17 01:51:49.387494,510
2026-02-17 01:51:49.395475,512
2026-02-17 01:51:49.403301,511
2026-02-17 01:51:49.411390,511
2026-02-17 01:51:49.419313,513
2026-02-17 01:51:49.427406,515
2026-02-17 01:51:49.435286,514
2026-02-17 01:51:49.443483,519
2026-02-17 01:51:49.451266,516
2026-02-17 01:51:49.459435,519
2026-02-17 01:51:49.467269,518
2026-02-17 01:51:49.475328,514
2026-02-17 01:51:49.483310,514
2026-02-17 01:51:49.491340,515
2026-02-17 01:51:49.499302,517
2026-02-17 01:51:49.507375,516
2026-02-17 01:51:49.515385,515
2026-02-17 01:51:49.523409,509
2026-02-17 01:51:49.531360,509
2026-02-17 01:51:49.539323,514
2026-02-17 01:51:49.547469,512
2026-02-17 01:51:49.555341,513
2026-02-17 01:51:49.563420,512
2026-02-17 01:51:49.571345,512
2026-02-17 01:51:49.579442,510
2026-02-17 01:51:49.587402,514
2026-02-17 01:51:49.595681,511
2026-02-17 01:51:49.603404,510
2026-02-17 01:51:49.611513,516
2026-02-17 01:51:49.619371,516
2026-02-17 01:51:49.627481,516
2026-02-17 01:51:49.635360,522
2026-02-17 01:51:49.643520,515
2026-02-17 01:51:49.651390,513
2026-02-17 01:51:49.659358,509
2026-02-17 01:51:49.667355,509
2026-02-17 01:51:49.675515,510
2026-02-17 01:51:49.683358,510
2026-02-17 01:51:49.691415,511
2026-02-17 01:51:49.699398,504
2026-02-17 01:51:49.707412,507
2026-02-17 01:51:49.715416,506
2026-02-17 01:51:49.723430,505
2026-02-17 01:51:49.731471,508
2026-02-17 01:51:49.739384,510
2026-02-17 01:51:49.747459,511
2026-02-17 01:51:49.755283,507
2026-02-17 01:51:49.763512,513
2026-02-17 01:51:49.771360,512
2026-02-17 01:51:49.779580,513
2026-02-17 01:51:49.787330,518
2026-02-17 01:51:49.795579,511
2026-02-17 01:51:49.803396,508
2026-02-17 01:51:49.811502,512
2026-02-17 01:51:49.819340,510
2026-02-17 01:51:49.827527,511
2026-02-17 01:51:49.835352,513
2026-02-17 01:51:49.843542,515
2026-02-17 01:51:49.851412,515
2026-02-17 01:51:49.859526,514
2026-02-17 01:51:49.867349,517
2026-02-17 01:51:49.875698,512
2026-02-17 01:51:49.883385,514
2026-02-17 01:51:49.891402,511
2026-02-17 01:51:49.899402,509
2026-02-17 01:51:49.907518,510
2026-02-17 01:51:49.915358,510
2026-02-17 01:51:49.923533,511
2026-02-17 01:51:49.931470,511
2026-02-17 01:51:49.939416,507
2026-02-17 01:51:49.947536,512
2026-02-17 01:51:49.955415,513
2026-02-17 01:51:49.963460,512
2026-02-17 01:51:49.971334,512
2026-02-17 01:51:49.979515,512
2026-02-17 01:51:49.987429,513
2026-02-17 01:51:49.995490,515
2026-02-17 01:51:50.003418,512
2026-02-17 01:51:50.011607,514
2026-02-17 01:51:50.019449,502
2026-02-17 01:51:50.027590,502
2026-02-17 01:51:50.035396,505
2026-02-17 01:51:50.043392,509
2026-02-17 01:51:50.051338,518
2026-02-17 01:51:50.059370,515
2026-02-17 01:51:50.067401,516
2026-02-17 01:51:50.075395,515
2026-02-17 01:51:50.083376,521
2026-02-17 01:51:50.091398,518
2026-02-17 01:51:50.099459,513
2026-02-17 01:51:50.107413,511
2026-02-17 01:51:50.115440,513
2026-02-17 01:51:50.123358,513
2026-02-17 01:51:50.131450,510
2026-02-17 01:51:50.139295,509
2026-02-17 01:51:50.147471,513
2026-02-17 01:51:50.155413,512
2026-02-17 01:51:50.163394,513
2026-02-17 01:51:50.171293,509
2026-02-17 01:51:50.179474,510
2026-02-17 01:51:50.187317,508
2026-02-17 01:51:50.195447,516
2026-02-17 01:51:50.203345,513
2026-02-17 01:51:50.211540,515
2026-02-17 01:51:50.219324,514
2026-02-17 01:51:50.227418,512
2026-02-17 01:51:50.235276,507
2026-02-17 01:51:50.243388,510
2026-02-17 01:51:50.251295,514
2026-02-17 01:51:50.259407,513
2026-02-17 01:51:50.267365,512
2026-02-17 01:51:50.275391,512
2026-02-17 01:51:50.283336,511
2026-02-17 01:51:50.291408,512
2026-02-17 01:51:50.299303,510
2026-02-17 01:51:50.307353,513
2026-02-17 01:51:50.315384,511
2026-02-17 01:51:50.323365,506
2026-02-17 01:51:50.331403,513
2026-02-17 01:51:50.339269,516
2026-02-17 01:51:50.347451,513
2026-02-17 01:51:50.355266,519
2026-02-17 01:51:50.363461,512
2026-02-17 01:51:50.371509,513
2026-02-17 01:51:50.379480,513
2026-02-17 01:51:50.387470,513
2026-02-17 01:51:50.395499,514
2026-02-17 01:51:50.403368,513
2026-02-17 01:51:50.411434,511
2026-02-17 01:51:50.419320,517
2026-02-17 01:51:50.427373,514
2026-02-17 01:51:50.435316,511
2026-02-17 01:51:50.443408,510
2026-02-17 01:51:50.451272,509
2026-02-17 01:51:50.459342,510
2026-02-17 01:51:50.467341,513
2026-02-17 01:51:50.475383,511
2026-02-17 01:51:50.483305,511
2026-02-17 01:51:50.491325,513
2026-02-17 01:51:50.499406,513
2026-02-17 01:51:50.507600,512
2026-02-17 01:51:50.515491,510
2026-02-17 01:51:50.523357,509
2026-02-17 01:51:50.531420,508
2026-02-17 01:51:50.539854,507
2026-02-17 01:51:50.547610,506
2026-02-17 01:51:50.555344,507
2026-02-17 01:51:50.563534,502
2026-02-17 01:51:50.571347,505
2026-02-17 01:51:50.579571,508
2026-02-17 01:51:50.587417,509
2026-02-17 01:51:50.595485,512
2026-02-17 01:51:50.603392,512
2026-02-17 01:51:50.611511,515
2026-02-17 01:51:50.619356,514
2026-02-17 01:51:50.627502,514
2026-02-17 01:51:50.635355,517
2026-02-17 01:51:50.643491,516
2026-02-17 01:51:50.651395,515
2026-02-17 01:51:50.659427,514
2026-02-17 01:51:50.667395,514
2026-02-17 01:51:50.675454,515
2026-02-17 01:51:50.683406,512
2026-02-17 01:51:50.691458,512
2026-02-17 01:51:50.699409,513
2026-02-17 01:51:50.707409,515
2026-02-17 01:51:50.715445,511
2026-02-17 01:51:50.723393,514
2026-02-17 01:51:50.731526,512
2026-02-17 01:51:50.739448,512
2026-02-17 01:51:50.747557,513
2026-02-17 01:51:50.755484,514
2026-02-17 01:51:50.763617,518
2026-02-17 01:51:50.771429,509
2026-02-17 01:51:50.779519,502
2026-02-17 01:51:50.787424,502
2026-02-17 01:51:50.795550,502
2026-02-17 01:51:50.803382,503
2026-02-17 01:51:50.811522,513
2026-02-17 01:51:50.819440,512
2026-02-17 01:51:50.827491,507
2026-02-17 01:51:50.835425,512
2026-02-17 01:51:50.843603,509
2026-02-17 01:51:50.851419,513
2026-02-17 01:51:50.859613,510
2026-02-17 01:51:50.867369,511
2026-02-17 01:51:50.875511,510
2026-02-17 01:51:50.883450,512
2026-02-17 01:51:50.891520,514
2026-02-17 01:51:50.899502,512
2026-02-17 01:51:50.907478,509
2026-02-17 01:51:50.915512,510
2026-02-17 01:51:50.923351,509
2026-02-17 01:51:50.931534,510
2026-02-17 01:51:50.939430,511
2026-02-17 01:51:50.947493,513
2026-02-17 01:51:50.955492,514
2026-02-17 01:51:50.963675,507
2026-02-17 01:51:50.971552,513
2026-02-17 01:51:50.979575,512
2026-02-17 01:51:50.987412,512
2026-02-17 01:51:50.995512,511
2026-02-17 01:51:51.003371,511
2026-02-17 01:51:51.011510,515
2026-02-17 01:51:51.019442,513
2026-02-17 01:51:51.027375,515
2026-02-17 01:51:51.035356,511
2026-02-17 01:51:51.043339,511
2026-02-17 01:51:51.051333,514
2026-02-17 01:51:51.059459,513
2026-02-17 01:51:51.067490,518
2026-02-17 01:51:51.075434,514
2026-02-17 01:51:51.083397,513
2026-02-17 01:51:51.091362,518
2026-02-17 01:51:51.099439,517
2026-02-17 01:51:51.107444,512
2026-02-17 01:51:51.115569,512
2026-02-17 01:51:51.123535,514
2026-02-17 01:51:51.131611,512
2026-02-17 01:51:51.139390,516
2026-02-17 01:51:51.147505,512
2026-02-17 01:51:51.155368,515
2026-02-17 01:51:51.163450,508
2026-02-17 01:51:51.171335,514
2026-02-17 01:51:51.179448,515
2026-02-17 01:51:51.187327,514
2026-02-17 01:51:51.195441,514
2026-02-17 01:51:51.203291,512
2026-02-17 01:51:51.211352,515
2026-02-17 01:51:51.219331,518
2026-02-17 01:51:51.227429,516
2026-02-17 01:51:51.235329,512
2026-02-17 01:51:51.243444,510
2026-02-17 01:51:51.251289,512
2026-02-17 01:51:51.259342,509
2026-02-17 01:51:51.267348,515
2026-02-17 01:51:51.275314,514
2026-02-17 01:51:51.283366,517
2026-02-17 01:51:51.291371,516
2026-02-17 01:51:51.299453,516
2026-02-17 01:51:51.307335,519
2026-02-17 01:51:51.315426,508
2026-02-17 01:51:51.323308,502
2026-02-17 01:51:51.331504,510
2026-02-17 01:51:51.339415,508
2026-02-17 01:51:51.347449,512
2026-02-17 01:51:51.355287,510
2026-02-17 01:51:51.363461,510
2026-02-17 01:51:51.371289,507
2026-02-17 01:51:51.379447,510
2026-02-17 01:51:51.387305,511
2026-02-17 01:51:51.395430,509
2026-02-17 01:51:51.403294,505
2026-02-17 01:51:51.411486,514
2026-02-17 01:51:51.419368,511
2026-02-17 01:51:51.427528,511
2026-02-17 01:51:51.435359,514
2026-02-17 01:51:51.443373,510
2026-02-17 01:51:51.451292,513
2026-02-17 01:51:51.459322,512
2026-02-17 01:51:51.467365,518
2026-02-17 01:51:51.475374,518
2026-02-17 01:51:51.483369,515
2026-02-17 01:51:51.491389,518
2026-02-17 01:51:51.499374,517
2026-02-17 01:51:51.507287,521
2026-02-17 01:51:51.515482,514
2026-02-17 01:51:51.523357,517
2026-02-17 01:51:51.531446,518
2026-02-17 01:51:51.539455,513
2026-02-17 01:51:51.547490,514
2026-02-17 01:51:51.555525,502
2026-02-17 01:51:51.563492,499
2026-02-17 01:51:51.571501,510
2026-02-17 01:51:51.579458,508
2026-02-17 01:51:51.587392,511
2026-02-17 01:51:51.595546,506
2026-02-17 01:51:51.603388,508
2026-02-17 01:51:51.611376,509
2026-02-17 01:51:51.619375,508
2026-02-17 01:51:51.627462,505
2026-02-17 01:51:51.635399,508
2026-02-17 01:51:51.643491,509
2026-02-17 01:51:51.651413,512
2026-02-17 01:51:51.659477,513
2026-02-17 01:51:51.667421,511
2026-02-17 01:51:51.675466,510
2026-02-17 01:51:51.683462,513
2026-02-17 01:51:51.691438,516
2026-02-17 01:51:51.699506,515
2026-02-17 01:51:51.707398,513
2026-02-17 01:51:51.715536,511
2026-02-17 01:51:51.723332,508
2026-02-17 01:51:51.731531,514
2026-02-17 01:51:51.739342,513
2026-02-17 01:51:51.747489,513
2026-02-17 01:51:51.755405,512
2026-02-17 01:51:51.763554,514
2026-02-17 01:51:51.771415,517
2026-02-17 01:51:51.779476,511
2026-02-17 01:51:51.787344,509
2026-02-17 01:51:51.795737,509
2026-02-17 01:51:51.803423,506
2026-02-17 01:51:51.811463,514
2026-02-17 01:51:51.819392,512
2026-02-17 01:51:51.827627,508
2026-02-17 01:51:51.835395,515
2026-02-17 01:51:51.843450,511
2026-02-17 01:51:51.851502,517
2026-02-17 01:51:51.859701,508
2026-02-17 01:51:51.867387,511
2026-02-17 01:51:51.875497,514
2026-02-17 01:51:51.883504,512
2026-02-17 01:51:51.891809,509
2026-02-17 01:51:51.899478,514
2026-02-17 01:51:51.907496,514
2026-02-17 01:51:51.915555,513
2026-02-17 01:51:51.923462,515
2026-02-17 01:51:51.931602,517
2026-02-17 01:51:51.939445,518
2026-02-17 01:51:51.947663,521
2026-02-17 01:51:51.955696,516
2026-02-17 01:51:51.963480,515
2026-02-17 01:51:51.971474,515
2026-02-17 01:51:51.979454,512
2026-02-17 01:51:51.987659,511
2026-02-17 01:51:51.995578,510
2026-02-17 01:51:52.003517,505
2026-02-17 01:51:52.011626,511
2026-02-17 01:51:52.019461,510
2026-02-17 01:51:52.027466,508
2026-02-17 01:51:52.035396,510
2026-02-17 01:51:52.043476,512
2026-02-17 01:51:52.051348,512
2026-02-17 01:51:52.059339,511
2026-02-17 01:51:52.067453,506
2026-02-17 01:51:52.075518,509
2026-02-17 01:51:52.083417,509
2026-02-17 01:51:52.091425,513
2026-02-17 01:51:52.099529,508
2026-02-17 01:51:52.107383,514
2026-02-17 01:51:52.115547,511
2026-02-17 01:51:52.123298,509
2026-02-17 01:51:52.131511,514
2026-02-17 01:51:52.139328,513
2026-02-17 01:51:52.147464,516
2026-02-17 01:51:52.155379,516
2026-02-17 01:51:52.163451,517
2026-02-17 01:51:52.171327,518
2026-02-17 01:51:52.179432,515
2026-02-17 01:51:52.187321,515
2026-02-17 01:51:52.195571,515
2026-02-17 01:51:52.203378,506
2026-02-17 01:51:52.211423,512
2026-02-17 01:51:52.219308,508
2026-02-17 01:51:52.227432,512
2026-02-17 01:51:52.235356,513
2026-02-17 01:51:52.243386,515
2026-02-17 01:51:52.251362,514
2026-02-17 01:51:52.259395,512
2026-02-17 01:51:52.267354,513
2026-02-17 01:51:52.275402,511
2026-02-17 01:51:52.283413,511
2026-02-17 01:51:52.291372,511
2026-02-17 01:51:52.299440,511
2026-02-17 01:51:52.307302,516
2026-02-17 01:51:52.315500,512
2026-02-17 01:51:52.323307,511
2026-02-17 01:51:52.331456,512
2026-02-17 01:51:52.339382,504
2026-02-17 01:51:52.347580,501
2026-02-17 01:51:52.355442,503
2026-02-17 01:51:52.363520,506
2026-02-17 01:51:52.371329,514
2026-02-17 01:51:52.379437,509
2026-02-17 01:51:52.387332,513
2026-02-17 01:51:52.395388,515
2026-02-17 01:51:52.403333,511
2026-02-17 01:51:52.411423,516
2026-02-17 01:51:52.419332,515
2026-02-17 01:51:52.427429,514
2026-02-17 01:51:52.435363,515
2026-02-17 01:51:52.443406,512
2026-02-17 01:51:52.451349,511
2026-02-17 01:51:52.459364,517
2026-02-17 01:51:52.467410,514
2026-02-17 01:51:52.475350,514
2026-02-17 01:51:52.483444,516
2026-02-17 01:51:52.491340,514
2026-02-17 01:51:52.499437,516
2026-02-17 01:51:52.507334,517
2026-02-17 01:51:52.515498,515
2026-02-17 01:51:52.523369,516
2026-02-17 01:51:52.532240,517
2026-02-17 01:51:52.539370,515
2026-02-17 01:51:52.547499,506
2026-02-17 01:51:52.555446,515
2026-02-17 01:51:52.563546,507
2026-02-17 01:51:52.571399,514
2026-02-17 01:51:52.579483,510
2026-02-17 01:51:52.587396,514
2026-02-17 01:51:52.595473,512
2026-02-17 01:51:52.603389,515
2026-02-17 01:51:52.611557,516
2026-02-17 01:51:52.619436,515
2026-02-17 01:51:52.627604,513
2026-02-17 01:51:52.635467,511
2026-02-17 01:51:52.643461,511
2026-02-17 01:51:52.651457,509
2026-02-17 01:51:52.659449,516
2026-02-17 01:51:52.667429,511
2026-02-17 01:51:52.675508,512
2026-02-17 01:51:52.683522,514
2026-02-17 01:51:52.691449,517
2026-02-17 01:51:52.699491,512
2026-02-17 01:51:52.707401,514
2026-02-17 01:51:52.715548,512
2026-02-17 01:51:52.723380,506
2026-02-17 01:51:52.731524,512
2026-02-17 01:51:52.739447,510
2026-02-17 01:51:52.747528,510
2026-02-17 01:51:52.755396,508
2026-02-17 01:51:52.763629,512
2026-02-17 01:51:52.771397,511
2026-02-17 01:51:52.779588,517
2026-02-17 01:51:52.787445,517
2026-02-17 01:51:52.795540,513
2026-02-17 01:51:52.803425,512
2026-02-17 01:51:52.811544,517
2026-02-17 01:51:52.819440,513
2026-02-17 01:51:52.827537,512
2026-02-17 01:51:52.835409,514
2026-02-17 01:51:52.843456,511
2026-02-17 01:51:52.851483,516
2026-02-17 01:51:52.859521,513
2026-02-17 01:51:52.867522,516
2026-02-17 01:51:52.875532,513
2026-02-17 01:51:52.883519,507
2026-02-17 01:51:52.891461,511
2026-02-17 01:51:52.899622,508
2026-02-17 01:51:52.907385,510
2026-02-17 01:51:52.915582,510
2026-02-17 01:51:52.923416,511
2026-02-17 01:51:52.931671,515
2026-02-17 01:51:52.939461,513
2026-02-17 01:51:52.947620,518
2026-02-17 01:51:52.955394,515
2026-02-17 01:51:52.963560,514
2026-02-17 01:51:52.971464,514
2026-02-17 01:51:52.979441,517
2026-02-17 01:51:52.987463,512
2026-02-17 01:51:52.995444,514
2026-02-17 01:51:53.003471,510
2026-02-17 01:51:53.011690,510
2026-02-17 01:51:53.019465,508
2026-02-17 01:51:53.027411,510
2026-02-17 01:51:53.035353,512
2026-02-17 01:51:53.043342,511
2026-02-17 01:51:53.051434,510
2026-02-17 01:51:53.059482,511
2026-02-17 01:51:53.067494,512
2026-02-17 01:51:53.075451,509
2026-02-17 01:51:53.083534,510
2026-02-17 01:51:53.091436,513
2026-02-17 01:51:53.099487,502
2026-02-17 01:51:53.107505,504
2026-02-17 01:51:53.115529,502
2026-02-17 01:51:53.123368,504
2026-02-17 01:51:53.131476,509
2026-02-17 01:51:53.139358,505
2026-02-17 01:51:53.147441,511
2026-02-17 01:51:53.155357,509
2026-02-17 01:51:53.163470,512
2026-02-17 01:51:53.171354,514
2026-02-17 01:51:53.179421,515
2026-02-17 01:51:53.187390,516
2026-02-17 01:51:53.195489,511
2026-02-17 01:51:53.203409,513
2026-02-17 01:51:53.211720,515
2026-02-17 01:51:53.219435,512
2026-02-17 01:51:53.227419,514
2026-02-17 01:51:53.235382,515
2026-02-17 01:51:53.243404,515
2026-02-17 01:51:53.251367,515
2026-02-17 01:51:53.259332,515
2026-02-17 01:51:53.267369,515
2026-02-17 01:51:53.275332,514
2026-02-17 01:51:53.283381,512
2026-02-17 01:51:53.291313,514
2026-02-17 01:51:53.299373,511
2026-02-17 01:51:53.307324,512
2026-02-17 01:51:53.315401,514
2026-02-17 01:51:53.323388,510
2026-02-17 01:51:53.331359,516
2026-02-17 01:51:53.339343,516
2026-02-17 01:51:53.347412,510
2026-02-17 01:51:53.355373,511
2026-02-17 01:51:53.363377,505
2026-02-17 01:51:53.371318,510
2026-02-17 01:51:53.379371,510
2026-02-17 01:51:53.387318,511
2026-02-17 01:51:53.395374,516
2026-02-17 01:51:53.403356,517
2026-02-17 01:51:53.411389,517
2026-02-17 01:51:53.419378,514
2026-02-17 01:51:53.427351,516
2026-02-17 01:51:53.435451,513
2026-02-17 01:51:53.443432,513
2026-02-17 01:51:53.451409,518
2026-02-17 01:51:53.459729,514
2026-02-17 01:51:53.468684,516
2026-02-17 01:51:53.475511,513
2026-02-17 01:51:53.483538,508
2026-02-17 01:51:53.491464,515
2026-02-17 01:51:53.499553,510
2026-02-17 01:51:53.507490,509
2026-02-17 01:51:53.515574,509
2026-02-17 01:51:53.523470,511
2026-02-17 01:51:53.531530,510
2026-02-17 01:51:53.539406,517
2026-02-17 01:51:53.547581,515
2026-02-17 01:51:53.555503,515
2026-02-17 01:51:53.563569,510
2026-02-17 01:51:53.571433,511
2026-02-17 01:51:53.579469,516
2026-02-17 01:51:53.587419,520
2026-02-17 01:51:53.595541,519
2026-02-17 01:51:53.603500,517
2026-02-17 01:51:53.611439,519
2026-02-17 01:51:53.619418,519
2026-02-17 01:51:53.627473,516
2026-02-17 01:51:53.635460,511
2026-02-17 01:51:53.643475,511
2026-02-17 01:51:53.651550,512
2026-02-17 01:51:53.659548,510
2026-02-17 01:51:53.667476,512
2026-02-17 01:51:53.675473,513
2026-02-17 01:51:53.683642,509
2026-02-17 01:51:53.691485,511
2026-02-17 01:51:53.699605,503
2026-02-17 01:51:53.707482,503
2026-02-17 01:51:53.715519,506
2026-02-17 01:51:53.723515,506
2026-02-17 01:51:53.731572,509
2026-02-17 01:51:53.739432,505
2026-02-17 01:51:53.747526,512
2026-02-17 01:51:53.755398,511
2026-02-17 01:51:53.763547,517
2026-02-17 01:51:53.771463,513
2026-02-17 01:51:53.779607,517
2026-02-17 01:51:53.787395,520
2026-02-17 01:51:53.795598,516
2026-02-17 01:51:53.803443,512
2026-02-17 01:51:53.811507,516
2026-02-17 01:51:53.819455,519
2026-02-17 01:51:53.827562,513
2026-02-17 01:51:53.835518,509
2026-02-17 01:51:53.843477,504
2026-02-17 01:51:53.851536,507
2026-02-17 01:51:53.859433,507
2026-02-17 01:51:53.867501,517
2026-02-17 01:51:53.875409,513
2026-02-17 01:51:53.883672,510
2026-02-17 01:51:53.891390,515
2026-02-17 01:51:53.899570,511
2026-02-17 01:51:53.907483,510
2026-02-17 01:51:53.915481,511
2026-02-17 01:51:53.923568,510
2026-02-17 01:51:53.931531,512
2026-02-17 01:51:53.939478,510
2026-02-17 01:51:53.947639,510
2026-02-17 01:51:53.955396,510
2026-02-17 01:51:53.963545,511
2026-02-17 01:51:53.971401,515
2026-02-17 01:51:53.979603,511
2026-02-17 01:51:53.987484,510
2026-02-17 01:51:53.995529,515
2026-02-17 01:51:54.003484,509
2026-02-17 01:51:54.011655,510
2026-02-17 01:51:54.019459,510
2026-02-17 01:51:54.027404,515
2026-02-17 01:51:54.035429,511
2026-02-17 01:51:54.043398,513
2026-02-17 01:51:54.051512,513
2026-02-17 01:51:54.059442,514
2026-02-17 01:51:54.067527,518
2026-02-17 01:51:54.075387,516
2026-02-17 01:51:54.083501,516
2026-02-17 01:51:54.091442,517
2026-02-17 01:51:54.099535,513
2026-02-17 01:51:54.107376,517
2026-02-17 01:51:54.115575,519
2026-02-17 01:51:54.123468,518
2026-02-17 01:51:54.131623,519
2026-02-17 01:51:54.139505,511
2026-02-17 01:51:54.147513,513
2026-02-17 01:51:54.155509,514
2026-02-17 01:51:54.163483,516
2026-02-17 01:51:54.171501,514
2026-02-17 01:51:54.179556,514
2026-02-17 01:51:54.187457,516
2026-02-17 01:51:54.195493,511
2026-02-17 01:51:54.203435,517
2026-02-17 01:51:54.211632,520
2026-02-17 01:51:54.219535,515
2026-02-17 01:51:54.227436,509
2026-02-17 01:51:54.235435,510
2026-02-17 01:51:54.243357,510
2026-02-17 01:51:54.251494,510
2026-02-17 01:51:54.259368,509
2026-02-17 01:51:54.267473,511
2026-02-17 01:51:54.275392,512
2026-02-17 01:51:54.283553,509
2026-02-17 01:51:54.291353,512
2026-02-17 01:51:54.299545,509
2026-02-17 01:51:54.307397,511
2026-02-17 01:51:54.315517,511
2026-02-17 01:51:54.323367,511
2026-02-17 01:51:54.331478,514
2026-02-17 01:51:54.339385,515
2026-02-17 01:51:54.347466,512
2026-02-17 01:51:54.355371,509
2026-02-17 01:51:54.363430,511
2026-02-17 01:51:54.371326,513
2026-02-17 01:51:54.379432,510
2026-02-17 01:51:54.387355,511
2026-02-17 01:51:54.395412,512
2026-02-17 01:51:54.403367,508
2026-02-17 01:51:54.411417,510
2026-02-17 01:51:54.419468,507
2026-02-17 01:51:54.427403,510
2026-02-17 01:51:54.435504,506
2026-02-17 01:51:54.443403,506
2026-02-17 01:51:54.451430,510
2026-02-17 01:51:54.459351,509
2026-02-17 01:51:54.467490,513
2026-02-17 01:51:54.475444,511
2026-02-17 01:51:54.483486,514
2026-02-17 01:51:54.491473,515
2026-02-17 01:51:54.499431,511
2026-02-17 01:51:54.507332,512
2026-02-17 01:51:54.515580,512
2026-02-17 01:51:54.523484,511
2026-02-17 01:51:54.531522,513
2026-02-17 01:51:54.539444,508
2026-02-17 01:51:54.547545,512
2026-02-17 01:51:54.555463,515
2026-02-17 01:51:54.563452,506
2026-02-17 01:51:54.571436,506
2026-02-17 01:51:54.579482,499
2026-02-17 01:51:54.587425,504
2026-02-17 01:51:54.595515,504
2026-02-17 01:51:54.603528,510
2026-02-17 01:51:54.611646,510
2026-02-17 01:51:54.619460,506
2026-02-17 01:51:54.627459,508
2026-02-17 01:51:54.635542,510
2026-02-17 01:51:54.643461,511
2026-02-17 01:51:54.651552,509
2026-02-17 01:51:54.659486,508
2026-02-17 01:51:54.667497,512
2026-02-17 01:51:54.675394,508
2026-02-17 01:51:54.683591,517
2026-02-17 01:51:54.691438,515
2026-02-17 01:51:54.699538,516
2026-02-17 01:51:54.707546,515
2026-02-17 01:51:54.715512,514
2026-02-17 01:51:54.723444,517
2026-02-17 01:51:54.731535,515
2026-02-17 01:51:54.739426,516
2026-02-17 01:51:54.747487,519
2026-02-17 01:51:54.755413,517
2026-02-17 01:51:54.763504,515
2026-02-17 01:51:54.771455,510
2026-02-17 01:51:54.779582,517
2026-02-17 01:51:54.787445,515
2026-02-17 01:51:54.795543,512
2026-02-17 01:51:54.803474,508
2026-02-17 01:51:54.811490,511
2026-02-17 01:51:54.819489,511
2026-02-17 01:51:54.827474,509
2026-02-17 01:51:54.835516,508
2026-02-17 01:51:54.843469,509
2026-02-17 01:51:54.851612,512
2026-02-17 01:51:54.859467,512
2026-02-17 01:51:54.867510,510
2026-02-17 01:51:54.875476,516
2026-02-17 01:51:54.883738,514
2026-02-17 01:51:54.891587,516
2026-02-17 01:51:54.899812,515
2026-02-17 01:51:54.907498,516
2026-02-17 01:51:54.915639,519
2026-02-17 01:51:54.923539,518
2026-02-17 01:51:54.931511,523
2026-02-17 01:51:54.939552,521
2026-02-17 01:51:54.947738,519
2026-02-17 01:51:54.955482,516
2026-02-17 01:51:54.963923,517
2026-02-17 01:51:54.971520,517
2026-02-17 01:51:54.979652,519
2026-02-17 01:51:54.987508,520
2026-02-17 01:51:54.995636,518
2026-02-17 01:51:55.003532,521
2026-02-17 01:51:55.012432,526
2026-02-17 01:51:55.019594,518
2026-02-17 01:51:55.027442,518
2026-02-17 01:51:55.035453,517
2026-02-17 01:51:55.043415,516
2026-02-17 01:51:55.051451,511
2026-02-17 01:51:55.059695,511
2026-02-17 01:51:55.067675,512
2026-02-17 01:51:55.075507,511
2026-02-17 01:51:55.083571,513
2026-02-17 01:51:55.091532,514
2026-02-17 01:51:55.099564,511
2026-02-17 01:51:55.107539,512
2026-02-17 01:51:55.115595,512
2026-02-17 01:51:55.123554,515
2026-02-17 01:51:55.131511,516
2026-02-17 01:51:55.139415,513
2026-02-17 01:51:55.147434,514
2026-02-17 01:51:55.155398,513
2026-02-17 01:51:55.163421,514
2026-02-17 01:51:55.171386,515
2026-02-17 01:51:55.179447,514
2026-02-17 01:51:55.187384,513
2026-02-17 01:51:55.195411,512
2026-02-17 01:51:55.203386,512
2026-02-17 01:51:55.211376,511
2026-02-17 01:51:55.219445,509
2026-02-17 01:51:55.227413,511
2026-02-17 01:51:55.235443,511
2026-02-17 01:51:55.243347,507
2026-02-17 01:51:55.251512,510
2026-02-17 01:51:55.259331,510
2026-02-17 01:51:55.267464,509
2026-02-17 01:51:55.275349,510
2026-02-17 01:51:55.283548,511
2026-02-17 01:51:55.291470,515
2026-02-17 01:51:55.299437,509
2026-02-17 01:51:55.307369,513
2026-02-17 01:51:55.315537,509
2026-02-17 01:51:55.323347,506
2026-02-17 01:51:55.331495,503
2026-02-17 01:51:55.339487,505
2026-02-17 01:51:55.347507,509
2026-02-17 01:51:55.355382,514
2026-02-17 01:51:55.363422,516
2026-02-17 01:51:55.371399,515
2026-02-17 01:51:55.379459,512
2026-02-17 01:51:55.387392,512
2026-02-17 01:51:55.395371,514
2026-02-17 01:51:55.403419,515
2026-02-17 01:51:55.411374,521
2026-02-17 01:51:55.419460,512
2026-02-17 01:51:55.427348,511
2026-02-17 01:51:55.435450,512
2026-02-17 01:51:55.443399,517
2026-02-17 01:51:55.451451,517
2026-02-17 01:51:55.459387,513
2026-02-17 01:51:55.467466,514
2026-02-17 01:51:55.475374,509
2026-02-17 01:51:55.483547,507
2026-02-17 01:51:55.491401,509
2026-02-17 01:51:55.499437,508
2026-02-17 01:51:55.507377,506
2026-02-17 01:51:55.515467,508
2026-02-17 01:51:55.523476,513
2026-02-17 01:51:55.531434,513
2026-02-17 01:51:55.539490,514
2026-02-17 01:51:55.547467,516
2026-02-17 01:51:55.555484,510
2026-02-17 01:51:55.563499,515
2026-02-17 01:51:55.571499,516
2026-02-17 01:51:55.579470,510
2026-02-17 01:51:55.587468,510
2026-02-17 01:51:55.595502,514
2026-02-17 01:51:55.603523,514
2026-02-17 01:51:55.611474,514
2026-02-17 01:51:55.619512,509
2026-02-17 01:51:55.627531,515
2026-02-17 01:51:55.635555,518
2026-02-17 01:51:55.643562,517
2026-02-17 01:51:55.651551,515
2026-02-17 01:51:55.659481,513
2026-02-17 01:51:55.667502,519
2026-02-17 01:51:55.675454,512
2026-02-17 01:51:55.683563,511
2026-02-17 01:51:55.691500,511
2026-02-17 01:51:55.699586,506
2026-02-17 01:51:55.707432,505
2026-02-17 01:51:55.715510,507
2026-02-17 01:51:55.723426,509
2026-02-17 01:51:55.731530,509
2026-02-17 01:51:55.739431,507
2026-02-17 01:51:55.747488,510
2026-02-17 01:51:55.755466,511
2026-02-17 01:51:55.763560,509
2026-02-17 01:51:55.771484,513
2026-02-17 01:51:55.779584,511
2026-02-17 01:51:55.787447,512
2026-02-17 01:51:55.795528,511
2026-02-17 01:51:55.803519,514
2026-02-17 01:51:55.811457,513
2026-02-17 01:51:55.819561,513
2026-02-17 01:51:55.827542,514
2026-02-17 01:51:55.835582,515
2026-02-17 01:51:55.843463,509
2026-02-17 01:51:55.852049,508
2026-02-17 01:51:55.859775,511
2026-02-17 01:51:55.867539,513
2026-02-17 01:51:55.875514,509
2026-02-17 01:51:55.883541,511
2026-02-17 01:51:55.891499,513
2026-02-17 01:51:55.899557,509
2026-02-17 01:51:55.907459,514
2026-02-17 01:51:55.915541,509
2026-02-17 01:51:55.923495,513
2026-02-17 01:51:55.931611,516
2026-02-17 01:51:55.939478,516
2026-02-17 01:51:55.947605,514
2026-02-17 01:51:55.955439,511
2026-02-17 01:51:55.963527,511
2026-02-17 01:51:55.971467,513
2026-02-17 01:51:55.979480,512
2026-02-17 01:51:55.987482,516
2026-02-17 01:51:55.995493,512
2026-02-17 01:51:56.003554,516
2026-02-17 01:51:56.011635,516
2026-02-17 01:51:56.019609,512
2026-02-17 01:51:56.027487,514
2026-02-17 01:51:56.035516,514
2026-02-17 01:51:56.043443,514
2026-02-17 01:51:56.052043,518
2026-02-17 01:51:56.059550,513
2026-02-17 01:51:56.067814,515
2026-02-17 01:51:56.075626,509
2026-02-17 01:51:56.083717,504
2026-02-17 01:51:56.091475,506
2026-02-17 01:51:56.099541,503
2026-02-17 01:51:56.107587,506
2026-02-17 01:51:56.115626,505
2026-02-17 01:51:56.123501,508
2026-02-17 01:51:56.131462,511
2026-02-17 01:51:56.139410,511
2026-02-17 01:51:56.147439,511
2026-02-17 01:51:56.155399,510
2026-02-17 01:51:56.163440,513
2026-02-17 01:51:56.171401,514
2026-02-17 01:51:56.179403,509
2026-02-17 01:51:56.187373,513
2026-02-17 01:51:56.195383,510
2026-02-17 01:51:56.203462,510
2026-02-17 01:51:56.211408,514
2026-02-17 01:51:56.219500,511
2026-02-17 01:51:56.227381,510
2026-02-17 01:51:56.235475,508
2026-02-17 01:51:56.243344,509
2026-02-17 01:51:56.251494,510
2026-02-17 01:51:56.259369,509
2026-02-17 01:51:56.267505,508
2026-02-17 01:51:56.275362,510
2026-02-17 01:51:56.283472,510
2026-02-17 01:51:56.291392,507
2026-02-17 01:51:56.299506,506
2026-02-17 01:51:56.307380,508
2026-02-17 01:51:56.315379,502
2026-02-17 01:51:56.323424,505
2026-02-17 01:51:56.331424,511
2026-02-17 01:51:56.339393,506
2026-02-17 01:51:56.347473,507
2026-02-17 01:51:56.355395,506
2026-02-17 01:51:56.363430,513
2026-02-17 01:51:56.371384,512
2026-02-17 01:51:56.379441,509
2026-02-17 01:51:56.387429,510
2026-02-17 01:51:56.395368,507
2026-02-17 01:51:56.403444,507
2026-02-17 01:51:56.411355,511
2026-02-17 01:51:56.419514,511
2026-02-17 01:51:56.427427,512
2026-02-17 01:51:56.435464,513
2026-02-17 01:51:56.443468,512
2026-02-17 01:51:56.451448,511
2026-02-17 01:51:56.459434,505
2026-02-17 01:51:56.467450,507
2026-02-17 01:51:56.475388,510
2026-02-17 01:51:56.483517,507
2026-02-17 01:51:56.491372,510
2026-02-17 01:51:56.499466,510
2026-02-17 01:51:56.507397,510
2026-02-17 01:51:56.515726,512
2026-02-17 01:51:56.523502,510
2026-02-17 01:51:56.531550,513
2026-02-17 01:51:56.539511,507
2026-02-17 01:51:56.547689,508
2026-02-17 01:51:56.555517,514
2026-02-17 01:51:56.563507,514
2026-02-17 01:51:56.571486,511
2026-02-17 01:51:56.579473,512
2026-02-17 01:51:56.587508,513
2026-02-17 01:51:56.595506,510
2026-02-17 01:51:56.603534,512
2026-02-17 01:51:56.611516,515
2026-02-17 01:51:56.619526,516
2026-02-17 01:51:56.627523,512
2026-02-17 01:51:56.635560,509
2026-02-17 01:51:56.643449,518
2026-02-17 01:51:56.651559,516
2026-02-17 01:51:56.659516,512
2026-02-17 01:51:56.667497,516
2026-02-17 01:51:56.675443,516
2026-02-17 01:51:56.683561,515
2026-02-17 01:51:56.691477,518
2026-02-17 01:51:56.699521,516
2026-02-17 01:51:56.707448,514
2026-02-17 01:51:56.715562,511
2026-02-17 01:51:56.723467,514
2026-02-17 01:51:56.731536,514
2026-02-17 01:51:56.739490,512
2026-02-17 01:51:56.747519,515
2026-02-17 01:51:56.755489,513
2026-02-17 01:51:56.763495,517
2026-02-17 01:51:56.771501,515
2026-02-17 01:51:56.779539,515
2026-02-17 01:51:56.787504,510
2026-02-17 01:51:56.795527,517
2026-02-17 01:51:56.803590,515
2026-02-17 01:51:56.811464,508
2026-02-17 01:51:56.819532,508
2026-02-17 01:51:56.827490,512
2026-02-17 01:51:56.835591,514
2026-02-17 01:51:56.843439,516
2026-02-17 01:51:56.851653,515
2026-02-17 01:51:56.859412,500
2026-02-17 01:51:56.867550,500
2026-02-17 01:51:56.875422,503
2026-02-17 01:51:56.883561,511
2026-02-17 01:51:56.891585,515
2026-02-17 01:51:56.899509,519
2026-02-17 01:51:56.907465,516
2026-02-17 01:51:56.915578,516
2026-02-17 01:51:56.923453,515
2026-02-17 01:51:56.931655,513
2026-02-17 01:51:56.939457,511
2026-02-17 01:51:56.947557,515
2026-02-17 01:51:56.955463,513
2026-02-17 01:51:56.963499,513
2026-02-17 01:51:56.971494,515
2026-02-17 01:51:56.979512,514
2026-02-17 01:51:56.987550,515
2026-02-17 01:51:56.995544,517
2026-02-17 01:51:57.003575,519
2026-02-17 01:51:57.011565,516
2026-02-17 01:51:57.019618,513
2026-02-17 01:51:57.027442,514
2026-02-17 01:51:57.035439,512
2026-02-17 01:51:57.043464,515
2026-02-17 01:51:57.051473,513
2026-02-17 01:51:57.059526,513
2026-02-17 01:51:57.067659,513
2026-02-17 01:51:57.075479,510
2026-02-17 01:51:57.083537,510
2026-02-17 01:51:57.091499,511
2026-02-17 01:51:57.099706,510
2026-02-17 01:51:57.107551,511
2026-02-17 01:51:57.115527,508
2026-02-17 01:51:57.123502,514
2026-02-17 01:51:57.131508,513
2026-02-17 01:51:57.139546,513
2026-02-17 01:51:57.147433,513
2026-02-17 01:51:57.155445,511
2026-02-17 01:51:57.163440,512
2026-02-17 01:51:57.171410,523
2026-02-17 01:51:57.179398,509
2026-02-17 01:51:57.187476,518
2026-02-17 01:51:57.195385,512
2026-02-17 01:51:57.203509,515
2026-02-17 01:51:57.211379,516
2026-02-17 01:51:57.219517,515
2026-02-17 01:51:57.227472,516
2026-02-17 01:51:57.235470,509
2026-02-17 01:51:57.243419,516
2026-02-17 01:51:57.251520,515
2026-02-17 01:51:57.259387,511
2026-02-17 01:51:57.267528,515
2026-02-17 01:51:57.275398,506
2026-02-17 01:51:57.283460,513
2026-02-17 01:51:57.291434,514
2026-02-17 01:51:57.299528,512
2026-02-17 01:51:57.307409,513
2026-02-17 01:51:57.315447,513
2026-02-17 01:51:57.323385,513
2026-02-17 01:51:57.331453,509
2026-02-17 01:51:57.339392,509
2026-02-17 01:51:57.347453,512
2026-02-17 01:51:57.355424,509
2026-02-17 01:51:57.363413,509
2026-02-17 01:51:57.371439,513
2026-02-17 01:51:57.379438,511
2026-02-17 01:51:57.387441,516
2026-02-17 01:51:57.395413,512
2026-02-17 01:51:57.403471,514
2026-02-17 01:51:57.411451,508
2026-02-17 01:51:57.419489,510
2026-02-17 01:51:57.427380,509
2026-02-17 01:51:57.435492,507
2026-02-17 01:51:57.443405,514
2026-02-17 01:51:57.451460,506
2026-02-17 01:51:57.459363,505
2026-02-17 01:51:57.467491,515
2026-02-17 01:51:57.475389,512
2026-02-17 01:51:57.483456,513
2026-02-17 01:51:57.491398,516
2026-02-17 01:51:57.499411,512
2026-02-17 01:51:57.507381,517
2026-02-17 01:51:57.515554,515
2026-02-17 01:51:57.523483,518
2026-02-17 01:51:57.531530,518
2026-02-17 01:51:57.539516,514
2026-02-17 01:51:57.547542,518
2026-02-17 01:51:57.555528,508
2026-02-17 01:51:57.563477,510
2026-02-17 01:51:57.571507,514
2026-02-17 01:51:57.579490,512
2026-02-17 01:51:57.587571,511
2026-02-17 01:51:57.595451,502
2026-02-17 01:51:57.603579,503
2026-02-17 01:51:57.611479,502
2026-02-17 01:51:57.619543,507
2026-02-17 01:51:57.627431,512
2026-02-17 01:51:57.635548,504
2026-02-17 01:51:57.643494,511
2026-02-17 01:51:57.651511,507
2026-02-17 01:51:57.659468,510
2026-02-17 01:51:57.667567,516
2026-02-17 01:51:57.675517,514
2026-02-17 01:51:57.683508,517
2026-02-17 01:51:57.691485,516
2026-02-17 01:51:57.699513,515
2026-02-17 01:51:57.707456,516
2026-02-17 01:51:57.715512,511
2026-02-17 01:51:57.723515,512
2026-02-17 01:51:57.731686,511
2026-02-17 01:51:57.739522,511
2026-02-17 01:51:57.747522,509
2026-02-17 01:51:57.755475,511
2026-02-17 01:51:57.763524,513
2026-02-17 01:51:57.771581,514
2026-02-17 01:51:57.779472,504
2026-02-17 01:51:57.787574,510
2026-02-17 01:51:57.795540,509
2026-02-17 01:51:57.803753,512
2026-02-17 01:51:57.811603,508
2026-02-17 01:51:57.819612,508
2026-02-17 01:51:57.827554,514
2026-02-17 01:51:57.835560,513
2026-02-17 01:51:57.843497,515
2026-02-17 01:51:57.851735,513
2026-02-17 01:51:57.859538,509
2026-02-17 01:51:57.867541,514
2026-02-17 01:51:57.875445,513
2026-02-17 01:51:57.883537,513
2026-02-17 01:51:57.891502,512
2026-02-17 01:51:57.899674,510
2026-02-17 01:51:57.907496,515
2026-02-17 01:51:57.915512,512
2026-02-17 01:51:57.923520,513
2026-02-17 01:51:57.931558,513
2026-02-17 01:51:57.939519,510
2026-02-17 01:51:57.947528,513
2026-02-17 01:51:57.955464,514
2026-02-17 01:51:57.963504,512
2026-02-17 01:51:57.971582,513
2026-02-17 01:51:57.979507,510
2026-02-17 01:51:57.987562,513
2026-02-17 01:51:57.995466,515
2026-02-17 01:51:58.003693,513
2026-02-17 01:51:58.011511,512
2026-02-17 01:51:58.019629,509
2026-02-17 01:51:58.027518,512
2026-02-17 01:51:58.035455,512
2026-02-17 01:51:58.043464,510
2026-02-17 01:51:58.051555,506
2026-02-17 01:51:58.059481,514
2026-02-17 01:51:58.067597,515
2026-02-17 01:51:58.075479,516
2026-02-17 01:51:58.083597,514
2026-02-17 01:51:58.091535,513
2026-02-17 01:51:58.099646,514
2026-02-17 01:51:58.107540,513
2026-02-17 01:51:58.115589,509
2026-02-17 01:51:58.123440,511
2026-02-17 01:51:58.131532,515
2026-02-17 01:51:58.139474,511
2026-02-17 01:51:58.147473,514
2026-02-17 01:51:58.155491,512
2026-02-17 01:51:58.163435,515
2026-02-17 01:51:58.171472,510
2026-02-17 01:51:58.179435,515
2026-02-17 01:51:58.187490,517
2026-02-17 01:51:58.195496,511
2026-02-17 01:51:58.203481,510
2026-02-17 01:51:58.211428,513
2026-02-17 01:51:58.219576,511
2026-02-17 01:51:58.227509,512
2026-02-17 01:51:58.235542,513
2026-02-17 01:51:58.243435,512
2026-02-17 01:51:58.251473,512
2026-02-17 01:51:58.259393,508
2026-02-17 01:51:58.267420,508
2026-02-17 01:51:58.275405,513
2026-02-17 01:51:58.283420,514
2026-02-17 01:51:58.291392,514
2026-02-17 01:51:58.299444,509
2026-02-17 01:51:58.307422,514
2026-02-17 01:51:58.315398,513
2026-02-17 01:51:58.323396,515
2026-02-17 01:51:58.331399,515
2026-02-17 01:51:58.339417,508
2026-02-17 01:51:58.347405,505
2026-02-17 01:51:58.355443,502
2026-02-17 01:51:58.363398,505
2026-02-17 01:51:58.371431,512
2026-02-17 01:51:58.379396,510
2026-02-17 01:51:58.387461,508
2026-02-17 01:51:58.395424,510
2026-02-17 01:51:58.403441,510
2026-02-17 01:51:58.411470,510
2026-02-17 01:51:58.419445,508
2026-02-17 01:51:58.427430,510
2026-02-17 01:51:58.435595,509
2026-02-17 01:51:58.443466,510
2026-02-17 01:51:58.451518,507
2026-02-17 01:51:58.459404,507
2026-02-17 01:51:58.467498,506
2026-02-17 01:51:58.475431,512
2026-02-17 01:51:58.483488,511
2026-02-17 01:51:58.491440,511
2026-02-17 01:51:58.499504,508
2026-02-17 01:51:58.507416,512
2026-02-17 01:51:58.515620,515
2026-02-17 01:51:58.523506,513
2026-02-17 01:51:58.531553,514
2026-02-17 01:51:58.539545,511
2026-02-17 01:51:58.547544,515
2026-02-17 01:51:58.555551,509
2026-02-17 01:51:58.563470,509
2026-02-17 01:51:58.571586,509
2026-02-17 01:51:58.579470,514
2026-02-17 01:51:58.587611,509
2026-02-17 01:51:58.595471,510
2026-02-17 01:51:58.603583,516
2026-02-17 01:51:58.611471,515
2026-02-17 01:51:58.619540,514
2026-02-17 01:51:58.627560,516
2026-02-17 01:51:58.635575,512
2026-02-17 01:51:58.643499,514
2026-02-17 01:51:58.651517,517
2026-02-17 01:51:58.659493,518
2026-02-17 01:51:58.667560,523
2026-02-17 01:51:58.675481,516
2026-02-17 01:51:58.683554,519
2026-02-17 01:51:58.691505,517
2026-02-17 01:51:58.699630,515
2026-02-17 01:51:58.707478,512
2026-02-17 01:51:58.715509,515
2026-02-17 01:51:58.723518,513
2026-02-17 01:51:58.731541,512
2026-02-17 01:51:58.739532,509
2026-02-17 01:51:58.747520,509
2026-02-17 01:51:58.755555,511
2026-02-17 01:51:58.763527,512
2026-02-17 01:51:58.771595,510
2026-02-17 01:51:58.779507,513
2026-02-17 01:51:58.787588,515
2026-02-17 01:51:58.795578,516
2026-02-17 01:51:58.803625,516
2026-02-17 01:51:58.811460,513
2026-02-17 01:51:58.819617,515
2026-02-17 01:51:58.827490,517
2026-02-17 01:51:58.835648,516
2026-02-17 01:51:58.843480,514
2026-02-17 01:51:58.851568,516
2026-02-17 01:51:58.859519,510
2026-02-17 01:51:58.867644,511
2026-02-17 01:51:58.875569,511
2026-02-17 01:51:58.883583,508
2026-02-17 01:51:58.891507,512
2026-02-17 01:51:58.899598,514
2026-02-17 01:51:58.907532,511
2026-02-17 01:51:58.915535,513
2026-02-17 01:51:58.923536,516
2026-02-17 01:51:58.931687,513
2026-02-17 01:51:58.939593,510
2026-02-17 01:51:58.947572,515
2026-02-17 01:51:58.955548,507
2026-02-17 01:51:58.963600,510
2026-02-17 01:51:58.971582,515
2026-02-17 01:51:58.979535,514
2026-02-17 01:51:58.987587,512
2026-02-17 01:51:58.995549,509
2026-02-17 01:51:59.003631,509
2026-02-17 01:51:59.011541,511
2026-02-17 01:51:59.019618,508
2026-02-17 01:51:59.027541,513
2026-02-17 01:51:59.035483,510
2026-02-17 01:51:59.043434,513
2026-02-17 01:51:59.051514,512
2026-02-17 01:51:59.059480,508
2026-02-17 01:51:59.067520,509
2026-02-17 01:51:59.075460,510
2026-02-17 01:51:59.083528,513
2026-02-17 01:51:59.091534,513
2026-02-17 01:51:59.099435,514
2026-02-17 01:51:59.107539,516
2026-02-17 01:51:59.115526,509
2026-02-17 01:51:59.123438,509
2026-02-17 01:51:59.131441,504
2026-02-17 01:51:59.139517,502
2026-02-17 01:51:59.147414,512
2026-02-17 01:51:59.155479,512
2026-02-17 01:51:59.163406,509
2026-02-17 01:51:59.171509,510
2026-02-17 01:51:59.179435,510
2026-02-17 01:51:59.187519,513
2026-02-17 01:51:59.195405,510
2026-02-17 01:51:59.203506,512
2026-02-17 01:51:59.211469,510
2026-02-17 01:51:59.219551,511
2026-02-17 01:51:59.227523,515
2026-02-17 01:51:59.235525,514
2026-02-17 01:51:59.243389,515
2026-02-17 01:51:59.251565,510
2026-02-17 01:51:59.259431,513
2026-02-17 01:51:59.267516,512
2026-02-17 01:51:59.275441,515
2026-02-17 01:51:59.283539,515
2026-02-17 01:51:59.291439,516
2026-02-17 01:51:59.299508,507
2026-02-17 01:51:59.307462,509
2026-02-17 01:51:59.315474,516
2026-02-17 01:51:59.323485,512
2026-02-17 01:51:59.331429,518
2026-02-17 01:51:59.339507,515
2026-02-17 01:51:59.347447,516
2026-02-17 01:51:59.355530,514
2026-02-17 01:51:59.363454,518
2026-02-17 01:51:59.371492,520
2026-02-17 01:51:59.379429,519
2026-02-17 01:51:59.387533,521
2026-02-17 01:51:59.395432,516
2026-02-17 01:51:59.403537,517
2026-02-17 01:51:59.411387,517
2026-02-17 01:51:59.419537,518
2026-02-17 01:51:59.427421,510
2026-02-17 01:51:59.435534,502
2026-02-17 01:51:59.443416,496
2026-02-17 01:51:59.451461,498
2026-02-17 01:51:59.459418,503
2026-02-17 01:51:59.467515,504
2026-02-17 01:51:59.475447,501
2026-02-17 01:51:59.483481,507
2026-02-17 01:51:59.491508,508
2026-02-17 01:51:59.499502,500
2026-02-17 01:51:59.507476,506
2026-02-17 01:51:59.515580,505
2026-02-17 01:51:59.523562,507
2026-02-17 01:51:59.531518,510
2026-02-17 01:51:59.539543,509
2026-02-17 01:51:59.547450,512
2026-02-17 01:51:59.555619,516
2026-02-17 01:51:59.563545,516
2026-02-17 01:51:59.571609,513
2026-02-17 01:51:59.579501,511
2026-02-17 01:51:59.587629,517
2026-02-17 01:51:59.595478,517
2026-02-17 01:51:59.603576,516
2026-02-17 01:51:59.611522,512
2026-02-17 01:51:59.619558,509
2026-02-17 01:51:59.627519,512
2026-02-17 01:51:59.635568,514
2026-02-17 01:51:59.643528,510
2026-02-17 01:51:59.651559,514
2026-02-17 01:51:59.659468,514
2026-02-17 01:51:59.667566,511
2026-02-17 01:51:59.675522,509
2026-02-17 01:51:59.683672,512
2026-02-17 01:51:59.691531,512
2026-02-17 01:51:59.699607,509
2026-02-17 01:51:59.707511,513
2026-02-17 01:51:59.715542,514
2026-02-17 01:51:59.723578,515
2026-02-17 01:51:59.731591,511
2026-02-17 01:51:59.739607,510
2026-02-17 01:51:59.747474,515
2026-02-17 01:51:59.755614,510
2026-02-17 01:51:59.763446,514
2026-02-17 01:51:59.771642,516
2026-02-17 01:51:59.779451,508
2026-02-17 01:51:59.787600,510
2026-02-17 01:51:59.795518,510
2026-02-17 01:51:59.803602,512
2026-02-17 01:51:59.811513,508
2026-02-17 01:51:59.819660,510
2026-02-17 01:51:59.827501,513
2026-02-17 01:51:59.835613,516
2026-02-17 01:51:59.843581,519
2026-02-17 01:51:59.851567,521
2026-02-17 01:51:59.859554,514
2026-02-17 01:51:59.867573,518
2026-02-17 01:51:59.875498,522
2026-02-17 01:51:59.883539,518
2026-02-17 01:51:59.891523,521
2026-02-17 01:51:59.899554,516
2026-02-17 01:51:59.907556,518
2026-02-17 01:51:59.915615,520
2026-02-17 01:51:59.923602,515
2026-02-17 01:51:59.931562,506
2026-02-17 01:51:59.939659,503
2026-02-17 01:51:59.947569,509
2026-02-17 01:51:59.955570,519
2026-02-17 01:51:59.963470,517
2026-02-17 01:51:59.971601,517
2026-02-17 01:51:59.979437,518
2026-02-17 01:51:59.987986,517
2026-02-17 01:51:59.995485,515
2026-02-17 01:52:00.004632,515
2026-02-17 01:52:00.011596,513
2026-02-17 01:52:00.019822,512
2026-02-17 01:52:00.027606,510
2026-02-17 01:52:00.035445,508
2026-02-17 01:52:00.043534,509
2026-02-17 01:52:00.051524,509
2026-02-17 01:52:00.059538,513
2026-02-17 01:52:00.067578,509
2026-02-17 01:52:00.075515,511
2026-02-17 01:52:00.083527,510
2026-02-17 01:52:00.091519,516
2026-02-17 01:52:00.099520,502
2026-02-17 01:52:00.107571,515
2026-02-17 01:52:00.115486,511
2026-02-17 01:52:00.123474,514
2026-02-17 01:52:00.131409,518
2026-02-17 01:52:00.139572,516
2026-02-17 01:52:00.147441,515
2026-02-17 01:52:00.155562,514
2026-02-17 01:52:00.163422,513
2026-02-17 01:52:00.171542,511
2026-02-17 01:52:00.179465,506
2026-02-17 01:52:00.187512,517
2026-02-17 01:52:00.195566,514
2026-02-17 01:52:00.203569,514
2026-02-17 01:52:00.211513,510
2026-02-17 01:52:00.219594,509
2026-02-17 01:52:00.227573,512
2026-02-17 01:52:00.235501,510
2026-02-17 01:52:00.243497,518
2026-02-17 01:52:00.251601,514
2026-02-17 01:52:00.259477,509
2026-02-17 01:52:00.267487,510
2026-02-17 01:52:00.275441,514
2026-02-17 01:52:00.283507,511
2026-02-17 01:52:00.291436,508
2026-02-17 01:52:00.299412,510
2026-02-17 01:52:00.307482,512
2026-02-17 01:52:00.315419,511
2026-02-17 01:52:00.323582,513
2026-02-17 01:52:00.331523,510
2026-02-17 01:52:00.339531,515
2026-02-17 01:52:00.347481,512
2026-02-17 01:52:00.355584,513
2026-02-17 01:52:00.363504,516
2026-02-17 01:52:00.371516,517
2026-02-17 01:52:00.379467,511
2026-02-17 01:52:00.387521,513
2026-02-17 01:52:00.395434,513
2026-02-17 01:52:00.403584,512
2026-02-17 01:52:00.411414,514
2026-02-17 01:52:00.419613,511
2026-02-17 01:52:00.427520,511
2026-02-17 01:52:00.435561,511
2026-02-17 01:52:00.443541,513
2026-02-17 01:52:00.451467,507
2026-02-17 01:52:00.459445,511
2026-02-17 01:52:00.467523,512
2026-02-17 01:52:00.475452,512
2026-02-17 01:52:00.483477,512
2026-02-17 01:52:00.491486,515
2026-02-17 01:52:00.499461,510
2026-02-17 01:52:00.507522,514
2026-02-17 01:52:00.515481,510
2026-02-17 01:52:00.523637,510
2026-02-17 01:52:00.531471,510
2026-02-17 01:52:00.539544,509
2026-02-17 01:52:00.547505,511
2026-02-17 01:52:00.555675,510
2026-02-17 01:52:00.563533,512
2026-02-17 01:52:00.571598,507
2026-02-17 01:52:00.579593,509
2026-02-17 01:52:00.587596,516
2026-02-17 01:52:00.595555,512
2026-02-17 01:52:00.603601,511
2026-02-17 01:52:00.611530,513
2026-02-17 01:52:00.619612,511
2026-02-17 01:52:00.627517,515
2026-02-17 01:52:00.635603,512
2026-02-17 01:52:00.643555,512
2026-02-17 01:52:00.651677,505
2026-02-17 01:52:00.659500,512
2026-02-17 01:52:00.667525,508
2026-02-17 01:52:00.675566,511
2026-02-17 01:52:00.683557,514
2026-02-17 01:52:00.691557,513
2026-02-17 01:52:00.699570,506
2026-02-17 01:52:00.707536,505
2026-02-17 01:52:00.715531,498
2026-02-17 01:52:00.723628,504
2026-02-17 01:52:00.731525,507
2026-02-17 01:52:00.739671,510
2026-02-17 01:52:00.747535,514
2026-02-17 01:52:00.755657,510
2026-02-17 01:52:00.763475,512
2026-02-17 01:52:00.771622,509
2026-02-17 01:52:00.779532,515
2026-02-17 01:52:00.787627,516
2026-02-17 01:52:00.795525,511
2026-02-17 01:52:00.803687,515
2026-02-17 01:52:00.811521,507
2026-02-17 01:52:00.819676,508
2026-02-17 01:52:00.827515,515
2026-02-17 01:52:00.835654,511
2026-02-17 01:52:00.843500,511
2026-02-17 01:52:00.851824,511
2026-02-17 01:52:00.859585,511
2026-02-17 01:52:00.867578,511
2026-02-17 01:52:00.875508,509
2026-02-17 01:52:00.883688,513
2026-02-17 01:52:00.891633,513
2026-02-17 01:52:00.899676,509
2026-02-17 01:52:00.907687,512
2026-02-17 01:52:00.915607,511
2026-02-17 01:52:00.923608,511
2026-02-17 01:52:00.931537,513
2026-02-17 01:52:00.939687,512
2026-02-17 01:52:00.947586,516
2026-02-17 01:52:00.955639,514
2026-02-17 01:52:00.963580,513
2026-02-17 01:52:00.971652,515
2026-02-17 01:52:00.979579,511
2026-02-17 01:52:00.987679,515
2026-02-17 01:52:00.995485,513
2026-02-17 01:52:01.003722,511
2026-02-17 01:52:01.011518,510
2026-02-17 01:52:01.019723,509
2026-02-17 01:52:01.027565,512
2026-02-17 01:52:01.035453,510
2026-02-17 01:52:01.043470,510
2026-02-17 01:52:01.051513,511
2026-02-17 01:52:01.059479,510
2026-02-17 01:52:01.067567,513
2026-02-17 01:52:01.075566,511
2026-02-17 01:52:01.083549,515
2026-02-17 01:52:01.091567,512
2026-02-17 01:52:01.099566,511
2026-02-17 01:52:01.107552,514
2026-02-17 01:52:01.115482,514
2026-02-17 01:52:01.123576,514
2026-02-17 01:52:01.131464,513
2026-02-17 01:52:01.139630,513
2026-02-17 01:52:01.147457,512
2026-02-17 01:52:01.155584,514
2026-02-17 01:52:01.163426,515
2026-02-17 01:52:01.171614,510
2026-02-17 01:52:01.179555,512
2026-02-17 01:52:01.187650,511
2026-02-17 01:52:01.195477,513
2026-02-17 01:52:01.203556,515
2026-02-17 01:52:01.211427,513
2026-02-17 01:52:01.219573,512
2026-02-17 01:52:01.227469,512
2026-02-17 01:52:01.235523,513
2026-02-17 01:52:01.243436,513
2026-02-17 01:52:01.251541,511
2026-02-17 01:52:01.259454,508
2026-02-17 01:52:01.267574,508
2026-02-17 01:52:01.275470,510
2026-02-17 01:52:01.283453,509
2026-02-17 01:52:01.291477,510
2026-02-17 01:52:01.299481,508
2026-02-17 01:52:01.307621,510
2026-02-17 01:52:01.315490,509
2026-02-17 01:52:01.323733,509
2026-02-17 01:52:01.331568,513
2026-02-17 01:52:01.339692,510
2026-02-17 01:52:01.347465,511
2026-02-17 01:52:01.355597,511
2026-02-17 01:52:01.363430,507
2026-02-17 01:52:01.371585,508
2026-02-17 01:52:01.379481,509
2026-02-17 01:52:01.387631,514
2026-02-17 01:52:01.395440,511
2026-02-17 01:52:01.403609,511
2026-02-17 01:52:01.411442,515
2026-02-17 01:52:01.419544,505
2026-02-17 01:52:01.427437,509
2026-02-17 01:52:01.435571,514
2026-02-17 01:52:01.443456,511
2026-02-17 01:52:01.451549,516
2026-02-17 01:52:01.459440,513
2026-02-17 01:52:01.467531,515
2026-02-17 01:52:01.475480,515
2026-02-17 01:52:01.483514,504
2026-02-17 01:52:01.491572,506
2026-02-17 01:52:01.499528,505
2026-02-17 01:52:01.507625,514
2026-02-17 01:52:01.515596,517
2026-02-17 01:52:01.523587,519
2026-02-17 01:52:01.531615,516
2026-02-17 01:52:01.539602,519
2026-02-17 01:52:01.547537,517
2026-02-17 01:52:01.555831,517
2026-02-17 01:52:01.563552,520
2026-02-17 01:52:01.571652,520
2026-02-17 01:52:01.579511,518
2026-02-17 01:52:01.587723,516
2026-02-17 01:52:01.595524,513
2026-02-17 01:52:01.603781,512
2026-02-17 01:52:01.611513,515
2026-02-17 01:52:01.619613,516
2026-02-17 01:52:01.627538,515
2026-02-17 01:52:01.635613,511
2026-02-17 01:52:01.643572,516
2026-02-17 01:52:01.651617,513
2026-02-17 01:52:01.659504,509
2026-02-17 01:52:01.667591,514
2026-02-17 01:52:01.675570,508
2026-02-17 01:52:01.683648,510
2026-02-17 01:52:01.691595,509
2026-02-17 01:52:01.699553,510
2026-02-17 01:52:01.707599,513
2026-02-17 01:52:01.715511,510
2026-02-17 01:52:01.723744,514
2026-02-17 01:52:01.731499,512
2026-02-17 01:52:01.739694,511
2026-02-17 01:52:01.747626,512
2026-02-17 01:52:01.755891,513
2026-02-17 01:52:01.763607,516
2026-02-17 01:52:01.771712,512
2026-02-17 01:52:01.779529,514
2026-02-17 01:52:01.787640,517
2026-02-17 01:52:01.795552,510
2026-02-17 01:52:01.803736,518
2026-02-17 01:52:01.811516,510
2026-02-17 01:52:01.819609,504
2026-02-17 01:52:01.827515,509
2026-02-17 01:52:01.835663,514
2026-02-17 01:52:01.843557,510
2026-02-17 01:52:01.851745,509
2026-02-17 01:52:01.859555,514
2026-02-17 01:52:01.867707,511
2026-02-17 01:52:01.875548,514
2026-02-17 01:52:01.883573,512
2026-02-17 01:52:01.891666,515
2026-02-17 01:52:01.899572,512
2026-02-17 01:52:01.907622,514
2026-02-17 01:52:01.915512,514
2026-02-17 01:52:01.923755,510
2026-02-17 01:52:01.931526,511
2026-02-17 01:52:01.939716,514
2026-02-17 01:52:01.947589,515
2026-02-17 01:52:01.955659,517
2026-02-17 01:52:01.963517,514
2026-02-17 01:52:01.971710,511
2026-02-17 01:52:01.979512,510
2026-02-17 01:52:01.987708,516
2026-02-17 01:52:01.995502,515
2026-02-17 01:52:02.003649,515
2026-02-17 01:52:02.011567,513
2026-02-17 01:52:02.019717,510
2026-02-17 01:52:02.027551,508
2026-02-17 01:52:02.035534,511
2026-02-17 01:52:02.043508,507
2026-02-17 01:52:02.051606,509
2026-02-17 01:52:02.059507,508
2026-02-17 01:52:02.067609,508
2026-02-17 01:52:02.075580,512
2026-02-17 01:52:02.083719,509
2026-02-17 01:52:02.091623,510
2026-02-17 01:52:02.099490,510
2026-02-17 01:52:02.107563,512
2026-02-17 01:52:02.115637,509
2026-02-17 01:52:02.123654,510
2026-02-17 01:52:02.131587,508
2026-02-17 01:52:02.139667,505
2026-02-17 01:52:02.147473,508
2026-02-17 01:52:02.155675,511
2026-02-17 01:52:02.163503,509
2026-02-17 01:52:02.171626,511
2026-02-17 01:52:02.179435,505
2026-02-17 01:52:02.187603,511
2026-02-17 01:52:02.195463,509
2026-02-17 01:52:02.203562,512
2026-02-17 01:52:02.211527,514
2026-02-17 01:52:02.219542,512
2026-02-17 01:52:02.227522,514
2026-02-17 01:52:02.235515,513
2026-02-17 01:52:02.243474,511
2026-02-17 01:52:02.251678,509
2026-02-17 01:52:02.259515,512
2026-02-17 01:52:02.267491,514
2026-02-17 01:52:02.275517,506
2026-02-17 01:52:02.283462,500
2026-02-17 01:52:02.291564,501
2026-02-17 01:52:02.299454,500
2026-02-17 01:52:02.307580,507
2026-02-17 01:52:02.315456,507
2026-02-17 01:52:02.323595,511
2026-02-17 01:52:02.331480,508
2026-02-17 01:52:02.339603,510
2026-02-17 01:52:02.347536,514
2026-02-17 01:52:02.355584,510
2026-02-17 01:52:02.363461,510
2026-02-17 01:52:02.371608,511
2026-02-17 01:52:02.379452,509
2026-02-17 01:52:02.387566,511
2026-02-17 01:52:02.395448,514
2026-02-17 01:52:02.403573,511
2026-02-17 01:52:02.411449,511
2026-02-17 01:52:02.419565,511
2026-02-17 01:52:02.427481,510
2026-02-17 01:52:02.435492,508
2026-02-17 01:52:02.443454,509
2026-02-17 01:52:02.451548,510
2026-02-17 01:52:02.459445,514
2026-02-17 01:52:02.467489,514
2026-02-17 01:52:02.475566,516
2026-02-17 01:52:02.483571,514
2026-02-17 01:52:02.491605,512
2026-02-17 01:52:02.499512,516
2026-02-17 01:52:02.507598,517
2026-02-17 01:52:02.515551,513
2026-02-17 01:52:02.523620,513
2026-02-17 01:52:02.531574,517
2026-02-17 01:52:02.539587,514
2026-02-17 01:52:02.547610,515
2026-02-17 01:52:02.555667,511
2026-02-17 01:52:02.563558,512
2026-02-17 01:52:02.571692,513
2026-02-17 01:52:02.579574,515
2026-02-17 01:52:02.587669,516
2026-02-17 01:52:02.595527,518
2026-02-17 01:52:02.603618,516
2026-02-17 01:52:02.611554,515
2026-02-17 01:52:02.619579,515
2026-02-17 01:52:02.627561,518
2026-02-17 01:52:02.635670,514
2026-02-17 01:52:02.643594,517
2026-02-17 01:52:02.651715,510
2026-02-17 01:52:02.659519,510
2026-02-17 01:52:02.667583,511
2026-02-17 01:52:02.675646,509
2026-02-17 01:52:02.683561,513
2026-02-17 01:52:02.691683,507
2026-02-17 01:52:02.699544,510
2026-02-17 01:52:02.707617,515
2026-02-17 01:52:02.715581,508
2026-02-17 01:52:02.723695,511
2026-02-17 01:52:02.731562,515
2026-02-17 01:52:02.739719,513
2026-02-17 01:52:02.747522,517
2026-02-17 01:52:02.755715,510
2026-02-17 01:52:02.763577,515
2026-02-17 01:52:02.771747,511
2026-02-17 01:52:02.779559,512
2026-02-17 01:52:02.787726,514
2026-02-17 01:52:02.795564,512
2026-02-17 01:52:02.803635,511
2026-02-17 01:52:02.811571,511
2026-02-17 01:52:02.819640,510
2026-02-17 01:52:02.827582,515
2026-02-17 01:52:02.835688,513
2026-02-17 01:52:02.843593,513
2026-02-17 01:52:02.851676,512
2026-02-17 01:52:02.859597,511
2026-02-17 01:52:02.867636,506
2026-02-17 01:52:02.875592,510
2026-02-17 01:52:02.883582,507
2026-02-17 01:52:02.891760,508
2026-02-17 01:52:02.899451,509
2026-02-17 01:52:02.907676,503
2026-02-17 01:52:02.915671,508
2026-02-17 01:52:02.923739,510
2026-02-17 01:52:02.931683,511
2026-02-17 01:52:02.939678,511
2026-02-17 01:52:02.947574,513
2026-02-17 01:52:02.955702,514
2026-02-17 01:52:02.963542,512
2026-02-17 01:52:02.971657,513
2026-02-17 01:52:02.979545,512
2026-02-17 01:52:02.987659,514
2026-02-17 01:52:02.995538,516
2026-02-17 01:52:03.003743,512
2026-02-17 01:52:03.011591,516
2026-02-17 01:52:03.019621,512
2026-02-17 01:52:03.027563,509
2026-02-17 01:52:03.035517,507
2026-02-17 01:52:03.043523,516
2026-02-17 01:52:03.051604,513
2026-02-17 01:52:03.059646,514
2026-02-17 01:52:03.067558,515
2026-02-17 01:52:03.075616,511
2026-02-17 01:52:03.083584,518
2026-02-17 01:52:03.091671,516
2026-02-17 01:52:03.099547,517
2026-02-17 01:52:03.107653,509
2026-02-17 01:52:03.115590,509
2026-02-17 01:52:03.123607,504
2026-02-17 01:52:03.131528,508
2026-02-17 01:52:03.139653,511
2026-02-17 01:52:03.147474,516
2026-02-17 01:52:03.155629,516
2026-02-17 01:52:03.163476,516
2026-02-17 01:52:03.171582,510
2026-02-17 01:52:03.179485,506
2026-02-17 01:52:03.187580,513
2026-02-17 01:52:03.195467,511
2026-02-17 01:52:03.203609,512
2026-02-17 01:52:03.211518,514
2026-02-17 01:52:03.219537,515
2026-02-17 01:52:03.227550,515
2026-02-17 01:52:03.235503,517
2026-02-17 01:52:03.243523,522
2026-02-17 01:52:03.251511,516
2026-02-17 01:52:03.259611,515
2026-02-17 01:52:03.267445,515
2026-02-17 01:52:03.275527,517
2026-02-17 01:52:03.283457,514
2026-02-17 01:52:03.291533,513
2026-02-17 01:52:03.299552,508
2026-02-17 01:52:03.307523,511
2026-02-17 01:52:03.315518,506
2026-02-17 01:52:03.323539,506
2026-02-17 01:52:03.331467,506
2026-02-17 01:52:03.339531,509
2026-02-17 01:52:03.347505,508
2026-02-17 01:52:03.355539,508
2026-02-17 01:52:03.363448,511
2026-02-17 01:52:03.371500,511
2026-02-17 01:52:03.379457,509
2026-02-17 01:52:03.387469,514
2026-02-17 01:52:03.395463,513
2026-02-17 01:52:03.403497,514
2026-02-17 01:52:03.411472,515
2026-02-17 01:52:03.419483,518
2026-02-17 01:52:03.427616,517
2026-02-17 01:52:03.435550,520
2026-02-17 01:52:03.443503,518
2026-02-17 01:52:03.451513,519
2026-02-17 01:52:03.459561,517
2026-02-17 01:52:03.467472,517
2026-02-17 01:52:03.475575,516
2026-02-17 01:52:03.483449,515
2026-02-17 01:52:03.491677,509
2026-02-17 01:52:03.499446,513
2026-02-17 01:52:03.507627,517
2026-02-17 01:52:03.515538,514
2026-02-17 01:52:03.523611,514
2026-02-17 01:52:03.531564,514
2026-02-17 01:52:03.539650,517
2026-02-17 01:52:03.547599,519
2026-02-17 01:52:03.555646,515
2026-02-17 01:52:03.563560,519
2026-02-17 01:52:03.571692,515
2026-02-17 01:52:03.579545,519
2026-02-17 01:52:03.587654,519
2026-02-17 01:52:03.595545,517
2026-02-17 01:52:03.603739,512
2026-02-17 01:52:03.611566,511
2026-02-17 01:52:03.619613,512
2026-02-17 01:52:03.627606,508
2026-02-17 01:52:03.635646,507
2026-02-17 01:52:03.643587,510
2026-02-17 01:52:03.651620,507
2026-02-17 01:52:03.659579,508
2026-02-17 01:52:03.667577,512
2026-02-17 01:52:03.675696,512
2026-02-17 01:52:03.683606,516
2026-02-17 01:52:03.691687,513
2026-02-17 01:52:03.699494,514
2026-02-17 01:52:03.707660,514
2026-02-17 01:52:03.715608,517
2026-02-17 01:52:03.723717,517
2026-02-17 01:52:03.731619,518
2026-02-17 01:52:03.741398,510
2026-02-17 01:52:03.747564,514
2026-02-17 01:52:03.755646,514
2026-02-17 01:52:03.763558,511
2026-02-17 01:52:03.771611,512
2026-02-17 01:52:03.779539,510
2026-02-17 01:52:03.787649,513
2026-02-17 01:52:03.795589,511
2026-02-17 01:52:03.803723,511
2026-02-17 01:52:03.811594,509
2026-02-17 01:52:03.819710,508
2026-02-17 01:52:03.827625,508
2026-02-17 01:52:03.835630,502
2026-02-17 01:52:03.843594,504
2026-02-17 01:52:03.851856,504
2026-02-17 01:52:03.859705,505
2026-02-17 01:52:03.867685,511
2026-02-17 01:52:03.875618,507
2026-02-17 01:52:03.883559,508
2026-02-17 01:52:03.891681,510
2026-02-17 01:52:03.899593,511
2026-02-17 01:52:03.907870,512
2026-02-17 01:52:03.915559,512
2026-02-17 01:52:03.923684,514
2026-02-17 01:52:03.931605,507
2026-02-17 01:52:03.939683,516
2026-02-17 01:52:03.947567,515
2026-02-17 01:52:03.955649,506
2026-02-17 01:52:03.963545,501
2026-02-17 01:52:03.971628,507
2026-02-17 01:52:03.979581,510
2026-02-17 01:52:03.987807,518
2026-02-17 01:52:03.995580,518
2026-02-17 01:52:04.003644,518
2026-02-17 01:52:04.011618,519
2026-02-17 01:52:04.019678,517
2026-02-17 01:52:04.027608,518
2026-02-17 01:52:04.035562,513
2026-02-17 01:52:04.043650,516
2026-02-17 01:52:04.051656,516
2026-02-17 01:52:04.059593,517
2026-02-17 01:52:04.067606,510
2026-02-17 01:52:04.075609,508
2026-02-17 01:52:04.083565,511
2026-02-17 01:52:04.091637,506
2026-02-17 01:52:04.099601,507
2026-02-17 01:52:04.107539,510
2026-02-17 01:52:04.115599,511
2026-02-17 01:52:04.123670,515
2026-02-17 01:52:04.131567,509
2026-02-17 01:52:04.139548,509
2026-02-17 01:52:04.147523,511
2026-02-17 01:52:04.155546,506
2026-02-17 01:52:04.163504,509
2026-02-17 01:52:04.171585,507
2026-02-17 01:52:04.179484,504
2026-02-17 01:52:04.187582,506
2026-02-17 01:52:04.195504,505
2026-02-17 01:52:04.203499,508
2026-02-17 01:52:04.211526,511
2026-02-17 01:52:04.219541,511
2026-02-17 01:52:04.227540,511
2026-02-17 01:52:04.235520,516
2026-02-17 01:52:04.243574,514
2026-02-17 01:52:04.251490,517
2026-02-17 01:52:04.259579,517
2026-02-17 01:52:04.267510,521
2026-02-17 01:52:04.275636,515
2026-02-17 01:52:04.283473,519
2026-02-17 01:52:04.291599,521
2026-02-17 01:52:04.299485,517
2026-02-17 01:52:04.307600,519
2026-02-17 01:52:04.315513,519
2026-02-17 01:52:04.323651,515
2026-02-17 01:52:04.331490,509
2026-02-17 01:52:04.339568,516
2026-02-17 01:52:04.347515,515
2026-02-17 01:52:04.355611,513
2026-02-17 01:52:04.363503,516
2026-02-17 01:52:04.371551,514
2026-02-17 01:52:04.379470,514
2026-02-17 01:52:04.387549,514
2026-02-17 01:52:04.395485,515
2026-02-17 01:52:04.403539,512
2026-02-17 01:52:04.411511,509
2026-02-17 01:52:04.419543,512
2026-02-17 01:52:04.427537,512
2026-02-17 01:52:04.435541,508
2026-02-17 01:52:04.443540,508
2026-02-17 01:52:04.451474,510
2026-02-17 01:52:04.459619,511
2026-02-17 01:52:04.467509,512
2026-02-17 01:52:04.475596,512
2026-02-17 01:52:04.483582,515
2026-02-17 01:52:04.491594,515
2026-02-17 01:52:04.499568,515
2026-02-17 01:52:04.507581,517
2026-02-17 01:52:04.515495,516
2026-02-17 01:52:04.523586,513
2026-02-17 01:52:04.531590,507
2026-02-17 01:52:04.539616,512
2026-02-17 01:52:04.547589,513
2026-02-17 01:52:04.555619,510
2026-02-17 01:52:04.563560,508
2026-02-17 01:52:04.571670,511
2026-02-17 01:52:04.579570,510
2026-02-17 01:52:04.587583,512
2026-02-17 01:52:04.595577,514
2026-02-17 01:52:04.603613,515
2026-02-17 01:52:04.611620,506
2026-02-17 01:52:04.619658,517
2026-02-17 01:52:04.627648,515
2026-02-17 01:52:04.635584,516
2026-02-17 01:52:04.643662,516
2026-02-17 01:52:04.651532,512
2026-02-17 01:52:04.659632,511
2026-02-17 01:52:04.667598,510
2026-02-17 01:52:04.675680,514
2026-02-17 01:52:04.683508,513
2026-02-17 01:52:04.691678,510
2026-02-17 01:52:04.699525,514
2026-02-17 01:52:04.707594,513
2026-02-17 01:52:04.715578,514
2026-02-17 01:52:04.723706,512
2026-02-17 01:52:04.731556,510
2026-02-17 01:52:04.739667,510
2026-02-17 01:52:04.747597,510
2026-02-17 01:52:04.755635,500
2026-02-17 01:52:04.763558,501
2026-02-17 01:52:04.771589,499
2026-02-17 01:52:04.779573,509
2026-02-17 01:52:04.787672,511
2026-02-17 01:52:04.795585,509
2026-02-17 01:52:04.803731,510
2026-02-17 01:52:04.811623,511
2026-02-17 01:52:04.819614,514
2026-02-17 01:52:04.827579,511
2026-02-17 01:52:04.835684,507
2026-02-17 01:52:04.843654,512
2026-02-17 01:52:04.851649,508
2026-02-17 01:52:04.859711,512
2026-02-17 01:52:04.867515,512
2026-02-17 01:52:04.875659,512
2026-02-17 01:52:04.883625,510
2026-02-17 01:52:04.891765,512
2026-02-17 01:52:04.899552,513
2026-02-17 01:52:04.907664,518
2026-02-17 01:52:04.915538,514
2026-02-17 01:52:04.923673,515
2026-02-17 01:52:04.931602,512
2026-02-17 01:52:04.939662,513
2026-02-17 01:52:04.947614,515
2026-02-17 01:52:04.955635,517
2026-02-17 01:52:04.963565,514
2026-02-17 01:52:04.971712,511
2026-02-17 01:52:04.979591,511
2026-02-17 01:52:04.987666,518
2026-02-17 01:52:04.995583,514
2026-02-17 01:52:05.003734,509
2026-02-17 01:52:05.011654,511
2026-02-17 01:52:05.019594,515
2026-02-17 01:52:05.027640,514
2026-02-17 01:52:05.035500,509
2026-02-17 01:52:05.043553,517
2026-02-17 01:52:05.051526,513
2026-02-17 01:52:05.059679,513
2026-02-17 01:52:05.067609,513
2026-02-17 01:52:05.075626,506
2026-02-17 01:52:05.083631,513
2026-02-17 01:52:05.091631,504
2026-02-17 01:52:05.099613,509
2026-02-17 01:52:05.107666,506
2026-02-17 01:52:05.115622,510
2026-02-17 01:52:05.123685,510
2026-02-17 01:52:05.131558,507
2026-02-17 01:52:05.139589,511
2026-02-17 01:52:05.147555,514
2026-02-17 01:52:05.155590,511
2026-02-17 01:52:05.163506,509
2026-02-17 01:52:05.171593,509
2026-02-17 01:52:05.179509,513
2026-02-17 01:52:05.187517,518
2026-02-17 01:52:05.195524,514
2026-02-17 01:52:05.203504,515
2026-02-17 01:52:05.211514,513
2026-02-17 01:52:05.219504,516
2026-02-17 01:52:05.227547,518
2026-02-17 01:52:05.235483,510
2026-02-17 01:52:05.243589,511
2026-02-17 01:52:05.251492,509
2026-02-17 01:52:05.259597,507
2026-02-17 01:52:05.267537,509
2026-02-17 01:52:05.275589,508
2026-02-17 01:52:05.283536,511
2026-02-17 01:52:05.291641,512
2026-02-17 01:52:05.299607,514
2026-02-17 01:52:05.307744,516
2026-02-17 01:52:05.315509,511
2026-02-17 01:52:05.323719,511
2026-02-17 01:52:05.331566,513
2026-02-17 01:52:05.339598,515
2026-02-17 01:52:05.347520,515
2026-02-17 01:52:05.355619,509
2026-02-17 01:52:05.363517,514
2026-02-17 01:52:05.371525,512
2026-02-17 01:52:05.379560,513
2026-02-17 01:52:05.387753,513
2026-02-17 01:52:05.395580,511
2026-02-17 01:52:05.403519,513
2026-02-17 01:52:05.411618,514
2026-02-17 01:52:05.419502,515
2026-02-17 01:52:05.427584,514
2026-02-17 01:52:05.435483,510
2026-02-17 01:52:05.443623,514
2026-02-17 01:52:05.451555,514
2026-02-17 01:52:05.459598,515
2026-02-17 01:52:05.467523,513
2026-02-17 01:52:05.475665,513
2026-02-17 01:52:05.483488,515
2026-02-17 01:52:05.491622,512
2026-02-17 01:52:05.499523,517
2026-02-17 01:52:05.507641,513
2026-02-17 01:52:05.515590,512
2026-02-17 01:52:05.523571,513
2026-02-17 01:52:05.531672,516
2026-02-17 01:52:05.539694,518
2026-02-17 01:52:05.547581,515
2026-02-17 01:52:05.555711,514
2026-02-17 01:52:05.563635,506
2026-02-17 01:52:05.571704,501
2026-02-17 01:52:05.579598,499
2026-02-17 01:52:05.587677,508
2026-02-17 01:52:05.595642,509
2026-02-17 01:52:05.603576,511
2026-02-17 01:52:05.611642,509
2026-02-17 01:52:05.619573,516
2026-02-17 01:52:05.627691,514
2026-02-17 01:52:05.635572,512
2026-02-17 01:52:05.643710,513
2026-02-17 01:52:05.651575,509
2026-02-17 01:52:05.659679,511
2026-02-17 01:52:05.667598,508
2026-02-17 01:52:05.675724,511
2026-02-17 01:52:05.683596,512
2026-02-17 01:52:05.691618,508
2026-02-17 01:52:05.699653,510
2026-02-17 01:52:05.707676,511
2026-02-17 01:52:05.715596,510
2026-02-17 01:52:05.723725,512
2026-02-17 01:52:05.731609,512
2026-02-17 01:52:05.739672,512
2026-02-17 01:52:05.747566,513
2026-02-17 01:52:05.755673,514
2026-02-17 01:52:05.763609,512
2026-02-17 01:52:05.771682,511
2026-02-17 01:52:05.779596,509
2026-02-17 01:52:05.787620,512
2026-02-17 01:52:05.795632,508
2026-02-17 01:52:05.803643,509
2026-02-17 01:52:05.811682,512
2026-02-17 01:52:05.819624,508
2026-02-17 01:52:05.827654,514
2026-02-17 01:52:05.835626,507
2026-02-17 01:52:05.843822,515
2026-02-17 01:52:05.852014,516
2026-02-17 01:52:05.859763,515
2026-02-17 01:52:05.867620,514
2026-02-17 01:52:05.875723,513
2026-02-17 01:52:05.883625,511
2026-02-17 01:52:05.891730,510
2026-02-17 01:52:05.899598,509
2026-02-17 01:52:05.907645,511
2026-02-17 01:52:05.915564,510
2026-02-17 01:52:05.923621,513
2026-02-17 01:52:05.931617,511
2026-02-17 01:52:05.939652,513
2026-02-17 01:52:05.947597,516
2026-02-17 01:52:05.955668,510
2026-02-17 01:52:05.963612,512
2026-02-17 01:52:05.971688,516
2026-02-17 01:52:05.979618,516
2026-02-17 01:52:05.987651,517
2026-02-17 01:52:05.995589,515
2026-02-17 01:52:06.003590,512
2026-02-17 01:52:06.011718,510
2026-02-17 01:52:06.019660,511
2026-02-17 01:52:06.027683,510
2026-02-17 01:52:06.035567,511
2026-02-17 01:52:06.043565,511
2026-02-17 01:52:06.051565,509
2026-02-17 01:52:06.059658,511
2026-02-17 01:52:06.067647,512
2026-02-17 01:52:06.075595,511
2026-02-17 01:52:06.083621,512
2026-02-17 01:52:06.091693,506
2026-02-17 01:52:06.099635,511
2026-02-17 01:52:06.107665,515
2026-02-17 01:52:06.115636,508
2026-02-17 01:52:06.123670,511
2026-02-17 01:52:06.131594,511
2026-02-17 01:52:06.139638,508
2026-02-17 01:52:06.147574,508
2026-02-17 01:52:06.155621,505
2026-02-17 01:52:06.163505,509
2026-02-17 01:52:06.171545,508
2026-02-17 01:52:06.179543,511
2026-02-17 01:52:06.187524,512
2026-02-17 01:52:06.195542,509
2026-02-17 01:52:06.203500,513
2026-02-17 01:52:06.211568,510
2026-02-17 01:52:06.219553,514
2026-02-17 01:52:06.227629,516
2026-02-17 01:52:06.235613,514
2026-02-17 01:52:06.243598,520
2026-02-17 01:52:06.251477,513
2026-02-17 01:52:06.259611,511
2026-02-17 01:52:06.267545,512
2026-02-17 01:52:06.275630,512
2026-02-17 01:52:06.283529,515
2026-02-17 01:52:06.291689,513
2026-02-17 01:52:06.299546,514
2026-02-17 01:52:06.307663,518
2026-02-17 01:52:06.315540,519
2026-02-17 01:52:06.323568,519
2026-02-17 01:52:06.331540,515
2026-02-17 01:52:06.339615,518
2026-02-17 01:52:06.347537,511
2026-02-17 01:52:06.355613,512
2026-02-17 01:52:06.363554,521
2026-02-17 01:52:06.371600,512
2026-02-17 01:52:06.379556,511
2026-02-17 01:52:06.387561,504
2026-02-17 01:52:06.395577,502
2026-02-17 01:52:06.403541,507
2026-02-17 01:52:06.411603,510
2026-02-17 01:52:06.419540,512
2026-02-17 01:52:06.427683,512
2026-02-17 01:52:06.435597,511
2026-02-17 01:52:06.443622,514
2026-02-17 01:52:06.451518,514
2026-02-17 01:52:06.459636,513
2026-02-17 01:52:06.467616,514
2026-02-17 01:52:06.475666,515
2026-02-17 01:52:06.483499,517
2026-02-17 01:52:06.491617,515
2026-02-17 01:52:06.499551,513
2026-02-17 01:52:06.507804,515
2026-02-17 01:52:06.515596,512
2026-02-17 01:52:06.523634,514
2026-02-17 01:52:06.531555,517
2026-02-17 01:52:06.539642,514
2026-02-17 01:52:06.547607,514
2026-02-17 01:52:06.555622,510
2026-02-17 01:52:06.563608,511
2026-02-17 01:52:06.571669,509
2026-02-17 01:52:06.579584,514
2026-02-17 01:52:06.587613,512
2026-02-17 01:52:06.595678,510
2026-02-17 01:52:06.603629,515
2026-02-17 01:52:06.611670,515
2026-02-17 01:52:06.619557,516
2026-02-17 01:52:06.627731,519
2026-02-17 01:52:06.635521,508
2026-02-17 01:52:06.643766,508
2026-02-17 01:52:06.651656,507
2026-02-17 01:52:06.659759,511
2026-02-17 01:52:06.667637,515
2026-02-17 01:52:06.675707,515
2026-02-17 01:52:06.683612,519
2026-02-17 01:52:06.691718,521
2026-02-17 01:52:06.699583,518
2026-02-17 01:52:06.707735,516
2026-02-17 01:52:06.715611,511
2026-02-17 01:52:06.723837,513
2026-02-17 01:52:06.731651,514
2026-02-17 01:52:06.739782,510
2026-02-17 01:52:06.747587,517
2026-02-17 01:52:06.755643,512
2026-02-17 01:52:06.763624,515
2026-02-17 01:52:06.771678,511
2026-02-17 01:52:06.779639,509
2026-02-17 01:52:06.787677,510
2026-02-17 01:52:06.795669,512
2026-02-17 01:52:06.803635,510
2026-02-17 01:52:06.811752,512
2026-02-17 01:52:06.819646,513
2026-02-17 01:52:06.827743,514
2026-02-17 01:52:06.835627,510
2026-02-17 01:52:06.843785,510
2026-02-17 01:52:06.851810,506
2026-02-17 01:52:06.859798,508
2026-02-17 01:52:06.867554,513
2026-02-17 01:52:06.875789,510
2026-02-17 01:52:06.883598,513
2026-02-17 01:52:06.891740,505
2026-02-17 01:52:06.899659,507
2026-02-17 01:52:06.907698,505
2026-02-17 01:52:06.915564,504
2026-02-17 01:52:06.923745,515
2026-02-17 01:52:06.931645,510
2026-02-17 01:52:06.939914,513
2026-02-17 01:52:06.947652,511
2026-02-17 01:52:06.955796,511
2026-02-17 01:52:06.963691,512
2026-02-17 01:52:06.971613,509
2026-02-17 01:52:06.979695,511
2026-02-17 01:52:06.987730,506
2026-02-17 01:52:06.995734,505
2026-02-17 01:52:07.003770,504
2026-02-17 01:52:07.011799,511
2026-02-17 01:52:07.019621,510
2026-02-17 01:52:07.027793,514
2026-02-17 01:52:07.035659,507
2026-02-17 01:52:07.043712,507
2026-02-17 01:52:07.051577,510
2026-02-17 01:52:07.059687,505
2026-02-17 01:52:07.067695,508
2026-02-17 01:52:07.075677,499
2026-02-17 01:52:07.083626,508
2026-02-17 01:52:07.091640,498
2026-02-17 01:52:07.099689,506
2026-02-17 01:52:07.107629,510
2026-02-17 01:52:07.115640,507
2026-02-17 01:52:07.123714,513
2026-02-17 01:52:07.131596,514
2026-02-17 01:52:07.139606,515
2026-02-17 01:52:07.147589,512
2026-02-17 01:52:07.155565,512
2026-02-17 01:52:07.163547,510
2026-02-17 01:52:07.171545,512
2026-02-17 01:52:07.179604,511
2026-02-17 01:52:07.187496,516
2026-02-17 01:52:07.195618,510
2026-02-17 01:52:07.203553,505
2026-02-17 01:52:07.211678,505
2026-02-17 01:52:07.219508,508
2026-02-17 01:52:07.227690,510
2026-02-17 01:52:07.235549,515
2026-02-17 01:52:07.243647,516
2026-02-17 01:52:07.251532,513
2026-02-17 01:52:07.259703,512
2026-02-17 01:52:07.267517,516
2026-02-17 01:52:07.275694,514
2026-02-17 01:52:07.283508,510
2026-02-17 01:52:07.291670,518
2026-02-17 01:52:07.299537,515
2026-02-17 01:52:07.307701,518
2026-02-17 01:52:07.315532,510
2026-02-17 01:52:07.323618,517
2026-02-17 01:52:07.331552,516
2026-02-17 01:52:07.339604,516
2026-02-17 01:52:07.347573,514
2026-02-17 01:52:07.355601,515
2026-02-17 01:52:07.363567,514
2026-02-17 01:52:07.371523,512
2026-02-17 01:52:07.379620,515
2026-02-17 01:52:07.387536,512
2026-02-17 01:52:07.395628,510
2026-02-17 01:52:07.403533,512
2026-02-17 01:52:07.411673,511
2026-02-17 01:52:07.419595,510
2026-02-17 01:52:07.427678,510
2026-02-17 01:52:07.435538,510
2026-02-17 01:52:07.443642,509
2026-02-17 01:52:07.451494,510
2026-02-17 01:52:07.459694,511
2026-02-17 01:52:07.467558,518
2026-02-17 01:52:07.475677,513
2026-02-17 01:52:07.483530,515
2026-02-17 01:52:07.491782,516
2026-02-17 01:52:07.499631,512
2026-02-17 01:52:07.507688,517
2026-02-17 01:52:07.515593,517
2026-02-17 01:52:07.523584,518
2026-02-17 01:52:07.531633,515
2026-02-17 01:52:07.539682,515
2026-02-17 01:52:07.547627,512
2026-02-17 01:52:07.555683,517
2026-02-17 01:52:07.563637,514
2026-02-17 01:52:07.571638,517
2026-02-17 01:52:07.579691,515
2026-02-17 01:52:07.587539,519
2026-02-17 01:52:07.595720,515
2026-02-17 01:52:07.603617,516
2026-02-17 01:52:07.612015,513
2026-02-17 01:52:07.619656,520
2026-02-17 01:52:07.627828,518
2026-02-17 01:52:07.635744,511
2026-02-17 01:52:07.643734,511
2026-02-17 01:52:07.651600,511
2026-02-17 01:52:07.659736,510
2026-02-17 01:52:07.667787,514
2026-02-17 01:52:07.675838,506
2026-02-17 01:52:07.683604,505
2026-02-17 01:52:07.691768,506
2026-02-17 01:52:07.699612,513
2026-02-17 01:52:07.707733,507
2026-02-17 01:52:07.715620,509
2026-02-17 01:52:07.723688,510
2026-02-17 01:52:07.731615,510
2026-02-17 01:52:07.739718,513
2026-02-17 01:52:07.747616,513
2026-02-17 01:52:07.755721,510
2026-02-17 01:52:07.763668,514
2026-02-17 01:52:07.771676,511
2026-02-17 01:52:07.779691,511
2026-02-17 01:52:07.787648,516
2026-02-17 01:52:07.795684,509
2026-02-17 01:52:07.803581,507
2026-02-17 01:52:07.811792,508
2026-02-17 01:52:07.819577,510
2026-02-17 01:52:07.827814,508
2026-02-17 01:52:07.835765,513
2026-02-17 01:52:07.843847,510
2026-02-17 01:52:07.851721,510
2026-02-17 01:52:07.859811,510
2026-02-17 01:52:07.867552,511
2026-02-17 01:52:07.875816,508
2026-02-17 01:52:07.883601,511
2026-02-17 01:52:07.891745,510
2026-02-17 01:52:07.899631,508
2026-02-17 01:52:07.907859,510
2026-02-17 01:52:07.915618,507
2026-02-17 01:52:07.925011,508
2026-02-17 01:52:07.931662,508
2026-02-17 01:52:07.939769,505
2026-02-17 01:52:07.947642,510
2026-02-17 01:52:07.955825,509
2026-02-17 01:52:07.963664,514
2026-02-17 01:52:07.971666,511
2026-02-17 01:52:07.979716,513
2026-02-17 01:52:07.987759,510
2026-02-17 01:52:07.995693,508
2026-02-17 01:52:08.003717,507
2026-02-17 01:52:08.011907,510
2026-02-17 01:52:08.019684,513
2026-02-17 01:52:08.027741,511
2026-02-17 01:52:08.035661,515
2026-02-17 01:52:08.043635,514
2026-02-17 01:52:08.051532,512
2026-02-17 01:52:08.059716,508
2026-02-17 01:52:08.067643,517
2026-02-17 01:52:08.075722,513
2026-02-17 01:52:08.083624,512
2026-02-17 01:52:08.091762,508
2026-02-17 01:52:08.099672,512
2026-02-17 01:52:08.107600,513
2026-02-17 01:52:08.115615,514
2026-02-17 01:52:08.123655,514
2026-02-17 01:52:08.131571,506
2026-02-17 01:52:08.139623,508
2026-02-17 01:52:08.147633,512
2026-02-17 01:52:08.155549,509
2026-02-17 01:52:08.163634,513
2026-02-17 01:52:08.171590,516
2026-02-17 01:52:08.179623,514
2026-02-17 01:52:08.187607,514
2026-02-17 01:52:08.195678,514
2026-02-17 01:52:08.203622,511
2026-02-17 01:52:08.211673,513
2026-02-17 01:52:08.219615,515
2026-02-17 01:52:08.227682,512
2026-02-17 01:52:08.235653,508
2026-02-17 01:52:08.243629,512
2026-02-17 01:52:08.251602,512
2026-02-17 01:52:08.259633,514
2026-02-17 01:52:08.267533,514
2026-02-17 01:52:08.275566,517
2026-02-17 01:52:08.283560,516
2026-02-17 01:52:08.291617,516
2026-02-17 01:52:08.299578,517
2026-02-17 01:52:08.307564,516
2026-02-17 01:52:08.315561,514
2026-02-17 01:52:08.323553,516
2026-02-17 01:52:08.331507,515
2026-02-17 01:52:08.339647,514
2026-02-17 01:52:08.347525,516
2026-02-17 01:52:08.355524,512
2026-02-17 01:52:08.363592,512
2026-02-17 01:52:08.371527,511
2026-02-17 01:52:08.379588,513
2026-02-17 01:52:08.387519,515
2026-02-17 01:52:08.395580,514
2026-02-17 01:52:08.403571,518
2026-02-17 01:52:08.411560,513
2026-02-17 01:52:08.419536,515
2026-02-17 01:52:08.427607,515
2026-02-17 01:52:08.435663,512
2026-02-17 01:52:08.443720,516
2026-02-17 01:52:08.451525,510
2026-02-17 01:52:08.459761,513
2026-02-17 01:52:08.467538,511
2026-02-17 01:52:08.475682,510
2026-02-17 01:52:08.483557,512
2026-02-17 01:52:08.491743,517
2026-02-17 01:52:08.499525,511
2026-02-17 01:52:08.507711,512
2026-02-17 01:52:08.515608,511
2026-02-17 01:52:08.523577,513
2026-02-17 01:52:08.531617,509
2026-02-17 01:52:08.539699,511
2026-02-17 01:52:08.547682,512
2026-02-17 01:52:08.555561,510
2026-02-17 01:52:08.563751,512
2026-02-17 01:52:08.571668,508
2026-02-17 01:52:08.579699,513
2026-02-17 01:52:08.587632,509
2026-02-17 01:52:08.595755,508
2026-02-17 01:52:08.603565,509
2026-02-17 01:52:08.611815,508
2026-02-17 01:52:08.619608,510
2026-02-17 01:52:08.627728,512
2026-02-17 01:52:08.635666,509
2026-02-17 01:52:08.643777,507
2026-02-17 01:52:08.651623,507
2026-02-17 01:52:08.659752,511
2026-02-17 01:52:08.667594,510
2026-02-17 01:52:08.675706,509
2026-02-17 01:52:08.683633,513
2026-02-17 01:52:08.691667,510
2026-02-17 01:52:08.699635,516
2026-02-17 01:52:08.707728,515
2026-02-17 01:52:08.715649,510
2026-02-17 01:52:08.723693,510
2026-02-17 01:52:08.731659,517
2026-02-17 01:52:08.739765,515
2026-02-17 01:52:08.747630,513
2026-02-17 01:52:08.755710,516
2026-02-17 01:52:08.763751,514
2026-02-17 01:52:08.771655,508
2026-02-17 01:52:08.779718,509
2026-02-17 01:52:08.787706,505
2026-02-17 01:52:08.795798,505
2026-02-17 01:52:08.803785,509
2026-02-17 01:52:08.811789,509
2026-02-17 01:52:08.819676,513
2026-02-17 01:52:08.828062,512
2026-02-17 01:52:08.835656,510
2026-02-17 01:52:08.843911,508
2026-02-17 01:52:08.852690,504
2026-02-17 01:52:08.859668,511
2026-02-17 01:52:08.867597,514
2026-02-17 01:52:08.875765,506
2026-02-17 01:52:08.883657,514
2026-02-17 01:52:08.891839,513
2026-02-17 01:52:08.899685,513
2026-02-17 01:52:08.907759,514
2026-02-17 01:52:08.915649,509
2026-02-17 01:52:08.923660,515
2026-02-17 01:52:08.931669,514
2026-02-17 01:52:08.939678,511
2026-02-17 01:52:08.947692,512
2026-02-17 01:52:08.955654,508
2026-02-17 01:52:08.963720,509
2026-02-17 01:52:08.971590,506
2026-02-17 01:52:08.979968,511
2026-02-17 01:52:08.987579,512
2026-02-17 01:52:08.995785,509
2026-02-17 01:52:09.003601,508
2026-02-17 01:52:09.012116,508
2026-02-17 01:52:09.019792,507
2026-02-17 01:52:09.027827,508
2026-02-17 01:52:09.035633,507
2026-02-17 01:52:09.043666,509
2026-02-17 01:52:09.051556,508
2026-02-17 01:52:09.059590,510
2026-02-17 01:52:09.067665,516
2026-02-17 01:52:09.075657,516
2026-02-17 01:52:09.083626,519
2026-02-17 01:52:09.091673,515
2026-02-17 01:52:09.099675,517
2026-02-17 01:52:09.107668,514
2026-02-17 01:52:09.115670,517
2026-02-17 01:52:09.123661,516
2026-02-17 01:52:09.131669,514
2026-02-17 01:52:09.139593,517
2026-02-17 01:52:09.147685,514
2026-02-17 01:52:09.155579,507
2026-02-17 01:52:09.163665,508
2026-02-17 01:52:09.171547,514
2026-02-17 01:52:09.179649,513
2026-02-17 01:52:09.187533,510
2026-02-17 01:52:09.195737,509
2026-02-17 01:52:09.203533,511
2026-02-17 01:52:09.211713,510
2026-02-17 01:52:09.219568,514
2026-02-17 01:52:09.227701,513
2026-02-17 01:52:09.235564,515
2026-02-17 01:52:09.243668,514
2026-02-17 01:52:09.251629,512
2026-02-17 01:52:09.259709,511
2026-02-17 01:52:09.267546,511
2026-02-17 01:52:09.275639,517
2026-02-17 01:52:09.283578,518
2026-02-17 01:52:09.291621,518
2026-02-17 01:52:09.299553,519
2026-02-17 01:52:09.307643,518
2026-02-17 01:52:09.315599,516
2026-02-17 01:52:09.323607,517
2026-02-17 01:52:09.331587,515
2026-02-17 01:52:09.339616,516
2026-02-17 01:52:09.347672,516
2026-02-17 01:52:09.355568,521
2026-02-17 01:52:09.363737,515
2026-02-17 01:52:09.371657,520
2026-02-17 01:52:09.379761,516
2026-02-17 01:52:09.387654,517
2026-02-17 01:52:09.395784,514
2026-02-17 01:52:09.403671,515
2026-02-17 01:52:09.411736,516
2026-02-17 01:52:09.419554,516
2026-02-17 01:52:09.427798,513
2026-02-17 01:52:09.435594,513
2026-02-17 01:52:09.443778,511
2026-02-17 01:52:09.451581,510
2026-02-17 01:52:09.459659,513
2026-02-17 01:52:09.467565,510
2026-02-17 01:52:09.475650,507
2026-02-17 01:52:09.483569,512
2026-02-17 01:52:09.491656,513
2026-02-17 01:52:09.499543,511
2026-02-17 01:52:09.507645,511
2026-02-17 01:52:09.515617,509
2026-02-17 01:52:09.523625,515
2026-02-17 01:52:09.531600,515
2026-02-17 01:52:09.539729,511
2026-02-17 01:52:09.547753,512
2026-02-17 01:52:09.555564,511
2026-02-17 01:52:09.563736,512
2026-02-17 01:52:09.571614,508
2026-02-17 01:52:09.579747,502
2026-02-17 01:52:09.587638,500
2026-02-17 01:52:09.595766,496
2026-02-17 01:52:09.603667,506
2026-02-17 01:52:09.611783,510
2026-02-17 01:52:09.619636,515
2026-02-17 01:52:09.627788,518
2026-02-17 01:52:09.635651,516
2026-02-17 01:52:09.643715,515
2026-02-17 01:52:09.651650,513
2026-02-17 01:52:09.659766,511
2026-02-17 01:52:09.667623,513
2026-02-17 01:52:09.675683,510
2026-02-17 01:52:09.683668,511
2026-02-17 01:52:09.691776,511
2026-02-17 01:52:09.699644,513
2026-02-17 01:52:09.707731,507
2026-02-17 01:52:09.715668,507
2026-02-17 01:52:09.723644,509
2026-02-17 01:52:09.731709,510
2026-02-17 01:52:09.739690,510
2026-02-17 01:52:09.747786,515
2026-02-17 01:52:09.755687,510
2026-02-17 01:52:09.763815,513
2026-02-17 01:52:09.771625,509
2026-02-17 01:52:09.779857,515
2026-02-17 01:52:09.787619,514
2026-02-17 01:52:09.795845,514
2026-02-17 01:52:09.803675,517
2026-02-17 01:52:09.811836,511
2026-02-17 01:52:09.819651,512
2026-02-17 01:52:09.827776,512
2026-02-17 01:52:09.835641,511
2026-02-17 01:52:09.843778,510
2026-02-17 01:52:09.851763,508
2026-02-17 01:52:09.859695,512
2026-02-17 01:52:09.867599,514
2026-02-17 01:52:09.875749,516
2026-02-17 01:52:09.883640,517
2026-02-17 01:52:09.891820,518
2026-02-17 01:52:09.899693,516
2026-02-17 01:52:09.907823,517
2026-02-17 01:52:09.915629,514
2026-02-17 01:52:09.923726,514
2026-02-17 01:52:09.931703,515
2026-02-17 01:52:09.939687,517
2026-02-17 01:52:09.947746,516
2026-02-17 01:52:09.955661,516
2026-02-17 01:52:09.963901,513
2026-02-17 01:52:09.971655,508
2026-02-17 01:52:09.979804,512
2026-02-17 01:52:09.987786,509
2026-02-17 01:52:09.995805,509
2026-02-17 01:52:10.003659,507
2026-02-17 01:52:10.012010,508
2026-02-17 01:52:10.019699,508
2026-02-17 01:52:10.027864,509
2026-02-17 01:52:10.035638,509
2026-02-17 01:52:10.043635,508
2026-02-17 01:52:10.051606,512
2026-02-17 01:52:10.059722,513
2026-02-17 01:52:10.067663,509
2026-02-17 01:52:10.075721,511
2026-02-17 01:52:10.083719,515
2026-02-17 01:52:10.091712,516
2026-02-17 01:52:10.099681,515
2026-02-17 01:52:10.107678,509
2026-02-17 01:52:10.115692,511
2026-02-17 01:52:10.123742,517
2026-02-17 01:52:10.131690,512
2026-02-17 01:52:10.139644,515
2026-02-17 01:52:10.147749,512
2026-02-17 01:52:10.155588,506
2026-02-17 01:52:10.163672,512
2026-02-17 01:52:10.171590,506
2026-02-17 01:52:10.179693,511
2026-02-17 01:52:10.187542,511
2026-02-17 01:52:10.195678,511
2026-02-17 01:52:10.203547,514
2026-02-17 01:52:10.211746,509
2026-02-17 01:52:10.219592,514
2026-02-17 01:52:10.227690,512
2026-02-17 01:52:10.235565,513
2026-02-17 01:52:10.243649,513
2026-02-17 01:52:10.251584,510
2026-02-17 01:52:10.259702,515
2026-02-17 01:52:10.267569,516
2026-02-17 01:52:10.275646,515
2026-02-17 01:52:10.283589,513
2026-02-17 01:52:10.291578,509
2026-02-17 01:52:10.299602,511
2026-02-17 01:52:10.307650,510
2026-02-17 01:52:10.315675,506
2026-02-17 01:52:10.323635,512
2026-02-17 01:52:10.331670,511
2026-02-17 01:52:10.339586,514
2026-02-17 01:52:10.347829,510
2026-02-17 01:52:10.355691,513
2026-02-17 01:52:10.363687,512
2026-02-17 01:52:10.371621,506
2026-02-17 01:52:10.379719,513
2026-02-17 01:52:10.387602,510
2026-02-17 01:52:10.395697,510
2026-02-17 01:52:10.403558,511
2026-02-17 01:52:10.411708,508
2026-02-17 01:52:10.419568,504
2026-02-17 01:52:10.427704,501
2026-02-17 01:52:10.435553,499
2026-02-17 01:52:10.443711,503
2026-02-17 01:52:10.451534,517
2026-02-17 01:52:10.459680,512
2026-02-17 01:52:10.467564,518
2026-02-17 01:52:10.475611,508
2026-02-17 01:52:10.483599,515
2026-02-17 01:52:10.491613,519
2026-02-17 01:52:10.499586,518
2026-02-17 01:52:10.507575,511
2026-02-17 01:52:10.515684,516
2026-02-17 01:52:10.523718,513
2026-02-17 01:52:10.531675,517
2026-02-17 01:52:10.539674,516
2026-02-17 01:52:10.547816,516
2026-02-17 01:52:10.555663,515
2026-02-17 01:52:10.563779,515
2026-02-17 01:52:10.571699,513
2026-02-17 01:52:10.579783,512
2026-02-17 01:52:10.587751,511
2026-02-17 01:52:10.595804,509
2026-02-17 01:52:10.603671,510
2026-02-17 01:52:10.611791,511
2026-02-17 01:52:10.619618,512
2026-02-17 01:52:10.627875,514
2026-02-17 01:52:10.635699,509
2026-02-17 01:52:10.643718,508
2026-02-17 01:52:10.651655,510
2026-02-17 01:52:10.659661,512
2026-02-17 01:52:10.667642,509
2026-02-17 01:52:10.675678,508
2026-02-17 01:52:10.683676,511
2026-02-17 01:52:10.691711,514
2026-02-17 01:52:10.699702,517
2026-02-17 01:52:10.707710,516
2026-02-17 01:52:10.715732,513
2026-02-17 01:52:10.723664,514
2026-02-17 01:52:10.731722,515
2026-02-17 01:52:10.739605,511
2026-02-17 01:52:10.747785,514
2026-02-17 01:52:10.755657,513
2026-02-17 01:52:10.763843,514
2026-02-17 01:52:10.771649,517
2026-02-17 01:52:10.779794,515
2026-02-17 01:52:10.787662,514
2026-02-17 01:52:10.795869,514
2026-02-17 01:52:10.803656,514
2026-02-17 01:52:10.811760,510
2026-02-17 01:52:10.819722,517
2026-02-17 01:52:10.827784,520
2026-02-17 01:52:10.835679,514
2026-02-17 01:52:10.843715,513
2026-02-17 01:52:10.851698,518
2026-02-17 01:52:10.860059,514
2026-02-17 01:52:10.867627,510
2026-02-17 01:52:10.875757,509
2026-02-17 01:52:10.883683,514
2026-02-17 01:52:10.891746,509
2026-02-17 01:52:10.899690,508
2026-02-17 01:52:10.907747,507
2026-02-17 01:52:10.915761,503
2026-02-17 01:52:10.923810,511
2026-02-17 01:52:10.931775,507
2026-02-17 01:52:10.939713,512
2026-02-17 01:52:10.947868,514
2026-02-17 01:52:10.955794,512
2026-02-17 01:52:10.963888,513
2026-02-17 01:52:10.971728,514
2026-02-17 01:52:10.979774,517
2026-02-17 01:52:10.987712,516
2026-02-17 01:52:10.995794,513
2026-02-17 01:52:11.003634,517
2026-02-17 01:52:11.011878,515
2026-02-17 01:52:11.019723,514
2026-02-17 01:52:11.027888,511
2026-02-17 01:52:11.035660,511
2026-02-17 01:52:11.043639,511
2026-02-17 01:52:11.051621,506
2026-02-17 01:52:11.059772,510
2026-02-17 01:52:11.067726,511
2026-02-17 01:52:11.075731,510
2026-02-17 01:52:11.083666,513
2026-02-17 01:52:11.091692,514
2026-02-17 01:52:11.099706,511
2026-02-17 01:52:11.107703,511
2026-02-17 01:52:11.115742,513
2026-02-17 01:52:11.123661,508
2026-02-17 01:52:11.131749,514
2026-02-17 01:52:11.139655,511
2026-02-17 01:52:11.147794,518
2026-02-17 01:52:11.155673,516
2026-02-17 01:52:11.163688,517
2026-02-17 01:52:11.171634,511
2026-02-17 01:52:11.179710,513
2026-02-17 01:52:11.187569,511
2026-02-17 01:52:11.195723,511
2026-02-17 01:52:11.203545,514
2026-02-17 01:52:11.211809,512
2026-02-17 01:52:11.219621,515
2026-02-17 01:52:11.227760,510
2026-02-17 01:52:11.235613,508
2026-02-17 01:52:11.243692,512
2026-02-17 01:52:11.251590,509
2026-02-17 01:52:11.259623,510
2026-02-17 01:52:11.267593,513
2026-02-17 01:52:11.275651,511
2026-02-17 01:52:11.283638,515
2026-02-17 01:52:11.291602,508
2026-02-17 01:52:11.299690,507
2026-02-17 01:52:11.307586,506
2026-02-17 01:52:11.315683,510
2026-02-17 01:52:11.323569,511
2026-02-17 01:52:11.331745,514
2026-02-17 01:52:11.339588,513
2026-02-17 01:52:11.347759,516
2026-02-17 01:52:11.355752,510
2026-02-17 01:52:11.363866,515
2026-02-17 01:52:11.371690,509
2026-02-17 01:52:11.379681,511
2026-02-17 01:52:11.387698,510
2026-02-17 01:52:11.395641,507
2026-02-17 01:52:11.403654,508
2026-02-17 01:52:11.411677,509
2026-02-17 01:52:11.419640,512
2026-02-17 01:52:11.427687,507
2026-02-17 01:52:11.435617,512
2026-02-17 01:52:11.443636,514
2026-02-17 01:52:11.451675,512
2026-02-17 01:52:11.459688,515
2026-02-17 01:52:11.467642,512
2026-02-17 01:52:11.475624,515
2026-02-17 01:52:11.483638,517
2026-02-17 01:52:11.491572,513
2026-02-17 01:52:11.499684,513
2026-02-17 01:52:11.507635,518
2026-02-17 01:52:11.515684,512
2026-02-17 01:52:11.523687,514
2026-02-17 01:52:11.531681,512
2026-02-17 01:52:11.539949,511
2026-02-17 01:52:11.547821,512
2026-02-17 01:52:11.555724,508
2026-02-17 01:52:11.563773,513
2026-02-17 01:52:11.571712,509
2026-02-17 01:52:11.579692,509
2026-02-17 01:52:11.587654,510
2026-02-17 01:52:11.595703,509
2026-02-17 01:52:11.603718,512
2026-02-17 01:52:11.611753,507
2026-02-17 01:52:11.619734,508
2026-02-17 01:52:11.627714,513
2026-02-17 01:52:11.635719,510
2026-02-17 01:52:11.643706,512
2026-02-17 01:52:11.651740,509
2026-02-17 01:52:11.659706,512
2026-02-17 01:52:11.667656,510
2026-02-17 01:52:11.675702,509
2026-02-17 01:52:11.683669,512
2026-02-17 01:52:11.691744,512
2026-02-17 01:52:11.699709,510
2026-02-17 01:52:11.707667,510
2026-02-17 01:52:11.715697,511
2026-02-17 01:52:11.723642,512
2026-02-17 01:52:11.731689,511
2026-02-17 01:52:11.739630,514
2026-02-17 01:52:11.747706,510
2026-02-17 01:52:11.755668,506
2026-02-17 01:52:11.763733,514
2026-02-17 01:52:11.771768,511
2026-02-17 01:52:11.779893,515
2026-02-17 01:52:11.787811,512
2026-02-17 01:52:11.795824,507
2026-02-17 01:52:11.803651,512
2026-02-17 01:52:11.811676,511
2026-02-17 01:52:11.819660,512
2026-02-17 01:52:11.827632,516
2026-02-17 01:52:11.835657,510
2026-02-17 01:52:11.843638,518
2026-02-17 01:52:11.851798,513
2026-02-17 01:52:11.859649,517
2026-02-17 01:52:11.867665,518
2026-02-17 01:52:11.875580,510
2026-02-17 01:52:11.883597,510
2026-02-17 01:52:11.891653,516
2026-02-17 01:52:11.899637,515
2026-02-17 01:52:11.907688,512
2026-02-17 01:52:11.915632,510
2026-02-17 01:52:11.923685,514
2026-02-17 01:52:11.931656,509
2026-02-17 01:52:11.939689,511
2026-02-17 01:52:11.947695,507
2026-02-17 01:52:11.955599,512
2026-02-17 01:52:11.963750,510
2026-02-17 01:52:11.971657,512
2026-02-17 01:52:11.979606,509
2026-02-17 01:52:11.987827,512
2026-02-17 01:52:11.995627,511
2026-02-17 01:52:12.003711,513
2026-02-17 01:52:12.011683,513
2026-02-17 01:52:12.019734,511
2026-02-17 01:52:12.027657,512
2026-02-17 01:52:12.035589,511
2026-02-17 01:52:12.043746,513
2026-02-17 01:52:12.051686,518
2026-02-17 01:52:12.059744,515
2026-02-17 01:52:12.067654,510
2026-02-17 01:52:12.075677,515
2026-02-17 01:52:12.083622,514
2026-02-17 01:52:12.091701,512
2026-02-17 01:52:12.099646,517
2026-02-17 01:52:12.107684,513
2026-02-17 01:52:12.115696,516
2026-02-17 01:52:12.123604,518
2026-02-17 01:52:12.131606,512
2026-02-17 01:52:12.139665,506
2026-02-17 01:52:12.147679,501
2026-02-17 01:52:12.155657,503
2026-02-17 01:52:12.163628,510
2026-02-17 01:52:12.171563,513
2026-02-17 01:52:12.179642,516
2026-02-17 01:52:12.187565,514
2026-02-17 01:52:12.195678,514
2026-02-17 01:52:12.203563,515
2026-02-17 01:52:12.211673,515
2026-02-17 01:52:12.219574,518
2026-02-17 01:52:12.227647,514
2026-02-17 01:52:12.235606,514
2026-02-17 01:52:12.243616,515
2026-02-17 01:52:12.251592,511
2026-02-17 01:52:12.259582,514
2026-02-17 01:52:12.267599,511
2026-02-17 01:52:12.275586,507
2026-02-17 01:52:12.283666,508
2026-02-17 01:52:12.291589,508
2026-02-17 01:52:12.299697,510
2026-02-17 01:52:12.307590,508
2026-02-17 01:52:12.315704,502
2026-02-17 01:52:12.323675,507
2026-02-17 01:52:12.331682,509
2026-02-17 01:52:12.339574,509
2026-02-17 01:52:12.347681,512
2026-02-17 01:52:12.355633,516
2026-02-17 01:52:12.363741,512
2026-02-17 01:52:12.371602,512
2026-02-17 01:52:12.379781,510
2026-02-17 01:52:12.387567,512
2026-02-17 01:52:12.395738,515
2026-02-17 01:52:12.403594,513
2026-02-17 01:52:12.411875,514
2026-02-17 01:52:12.419650,515
2026-02-17 01:52:12.427775,518
2026-02-17 01:52:12.435637,517
2026-02-17 01:52:12.443807,520
2026-02-17 01:52:12.451680,509
2026-02-17 01:52:12.459674,513
2026-02-17 01:52:12.467585,511
2026-02-17 01:52:12.475598,509
2026-02-17 01:52:12.483676,512
2026-02-17 01:52:12.491573,516
2026-02-17 01:52:12.499721,519
2026-02-17 01:52:12.507671,510
2026-02-17 01:52:12.515737,509
2026-02-17 01:52:12.523701,513
2026-02-17 01:52:12.532719,509
2026-02-17 01:52:12.539861,514
2026-02-17 01:52:12.547879,510
2026-02-17 01:52:12.555671,511
2026-02-17 01:52:12.563785,506
2026-02-17 01:52:12.571684,510
2026-02-17 01:52:12.579901,512
2026-02-17 01:52:12.587674,508
2026-02-17 01:52:12.595739,511
2026-02-17 01:52:12.603659,509
2026-02-17 01:52:12.611786,512
2026-02-17 01:52:12.619671,513
2026-02-17 01:52:12.627793,512
2026-02-17 01:52:12.635643,514
2026-02-17 01:52:12.643716,513
2026-02-17 01:52:12.651708,516
2026-02-17 01:52:12.659692,515
2026-02-17 01:52:12.667731,516
2026-02-17 01:52:12.675727,513
2026-02-17 01:52:12.683718,515
2026-02-17 01:52:12.691695,513
2026-02-17 01:52:12.699791,518
2026-02-17 01:52:12.707628,514
2026-02-17 01:52:12.716212,511
2026-02-17 01:52:12.723679,513
2026-02-17 01:52:12.731932,513
2026-02-17 01:52:12.739726,516
2026-02-17 01:52:12.747892,515
2026-02-17 01:52:12.755742,514
2026-02-17 01:52:12.763829,517
2026-02-17 01:52:12.771669,513
2026-02-17 01:52:12.779841,511
2026-02-17 01:52:12.787674,513
2026-02-17 01:52:12.795811,505
2026-02-17 01:52:12.803634,518
2026-02-17 01:52:12.811874,512
2026-02-17 01:52:12.819726,512
2026-02-17 01:52:12.827891,509
2026-02-17 01:52:12.835681,508
2026-02-17 01:52:12.843732,510
2026-02-17 01:52:12.851725,504
2026-02-17 01:52:12.859946,508
2026-02-17 01:52:12.867751,507
2026-02-17 01:52:12.875770,512
2026-02-17 01:52:12.883758,511
2026-02-17 01:52:12.891752,508
2026-02-17 01:52:12.899765,511
2026-02-17 01:52:12.907710,509
2026-02-17 01:52:12.915871,511
2026-02-17 01:52:12.923658,506
2026-02-17 01:52:12.931771,512
2026-02-17 01:52:12.939683,515
2026-02-17 01:52:12.947860,513
2026-02-17 01:52:12.955765,510
2026-02-17 01:52:12.963891,512
2026-02-17 01:52:12.971627,510
2026-02-17 01:52:12.979789,510
2026-02-17 01:52:12.987722,512
2026-02-17 01:52:12.995843,505
2026-02-17 01:52:13.003675,514
2026-02-17 01:52:13.011851,511
2026-02-17 01:52:13.019733,503
2026-02-17 01:52:13.027626,500
2026-02-17 01:52:13.035644,502
2026-02-17 01:52:13.043660,509
2026-02-17 01:52:13.051671,511
2026-02-17 01:52:13.059726,510
2026-02-17 01:52:13.067751,512
2026-02-17 01:52:13.075720,515
2026-02-17 01:52:13.083733,516
2026-02-17 01:52:13.091650,510
2026-02-17 01:52:13.099715,517
2026-02-17 01:52:13.107715,512
2026-02-17 01:52:13.115836,510
2026-02-17 01:52:13.123676,515
2026-02-17 01:52:13.131783,513
2026-02-17 01:52:13.139586,516
2026-02-17 01:52:13.147756,516
2026-02-17 01:52:13.155640,511
2026-02-17 01:52:13.163746,513
2026-02-17 01:52:13.171604,507
2026-02-17 01:52:13.179696,514
2026-02-17 01:52:13.187634,508
2026-02-17 01:52:13.195691,512
2026-02-17 01:52:13.203677,511
2026-02-17 01:52:13.211665,508
2026-02-17 01:52:13.219588,511
2026-02-17 01:52:13.227702,505
2026-02-17 01:52:13.235649,508
2026-02-17 01:52:13.243642,510
2026-02-17 01:52:13.251653,509
2026-02-17 01:52:13.259628,513
2026-02-17 01:52:13.267698,513
2026-02-17 01:52:13.275604,513
2026-02-17 01:52:13.283666,513
2026-02-17 01:52:13.291632,510
2026-02-17 01:52:13.299678,512
2026-02-17 01:52:13.307605,512
2026-02-17 01:52:13.315682,514
2026-02-17 01:52:13.323626,518
2026-02-17 01:52:13.331712,513
2026-02-17 01:52:13.339697,514
2026-02-17 01:52:13.347624,513
2026-02-17 01:52:13.355656,511
2026-02-17 01:52:13.363657,519
2026-02-17 01:52:13.371611,513
2026-02-17 01:52:13.379694,520
2026-02-17 01:52:13.387595,513
2026-02-17 01:52:13.395645,514
2026-02-17 01:52:13.403623,514
2026-02-17 01:52:13.411656,510
2026-02-17 01:52:13.419616,514
2026-02-17 01:52:13.427615,513
2026-02-17 01:52:13.435577,514
2026-02-17 01:52:13.443710,514
2026-02-17 01:52:13.451694,514
2026-02-17 01:52:13.459608,511
2026-02-17 01:52:13.467657,511
2026-02-17 01:52:13.475603,510
2026-02-17 01:52:13.483735,513
2026-02-17 01:52:13.491693,509
2026-02-17 01:52:13.499738,510
2026-02-17 01:52:13.507608,512
2026-02-17 01:52:13.515725,514
2026-02-17 01:52:13.523688,518
2026-02-17 01:52:13.531732,514
2026-02-17 01:52:13.539726,516
2026-02-17 01:52:13.547841,514
2026-02-17 01:52:13.555682,517
2026-02-17 01:52:13.563851,515
2026-02-17 01:52:13.571742,513
2026-02-17 01:52:13.579910,517
2026-02-17 01:52:13.587700,516
2026-02-17 01:52:13.595734,515
2026-02-17 01:52:13.603678,515
2026-02-17 01:52:13.611816,512
2026-02-17 01:52:13.619698,514
2026-02-17 01:52:13.627706,517
2026-02-17 01:52:13.635737,511
2026-02-17 01:52:13.643785,515
2026-02-17 01:52:13.651831,510
2026-02-17 01:52:13.659816,513
2026-02-17 01:52:13.667818,514
2026-02-17 01:52:13.675719,510
2026-02-17 01:52:13.683743,512
2026-02-17 01:52:13.691727,512
2026-02-17 01:52:13.699891,510
2026-02-17 01:52:13.707707,513
2026-02-17 01:52:13.715915,508
2026-02-17 01:52:13.723691,512
2026-02-17 01:52:13.731943,512
2026-02-17 01:52:13.739709,510
2026-02-17 01:52:13.747866,509
2026-02-17 01:52:13.755671,508
2026-02-17 01:52:13.763891,507
2026-02-17 01:52:13.771663,512
2026-02-17 01:52:13.779837,512
2026-02-17 01:52:13.787682,508
2026-02-17 01:52:13.796028,508
2026-02-17 01:52:13.803683,512
2026-02-17 01:52:13.811777,511
2026-02-17 01:52:13.819714,516
2026-02-17 01:52:13.827728,510
2026-02-17 01:52:13.835734,509
2026-02-17 01:52:13.843772,511
2026-02-17 01:52:13.851932,514
2026-02-17 01:52:13.859664,514
2026-02-17 01:52:13.867777,513
2026-02-17 01:52:13.875640,511
2026-02-17 01:52:13.883898,516
2026-02-17 01:52:13.891714,514
2026-02-17 01:52:13.899823,508
2026-02-17 01:52:13.907755,503
2026-02-17 01:52:13.915844,500
2026-02-17 01:52:13.923790,510
2026-02-17 01:52:13.931804,510
2026-02-17 01:52:13.939727,509
2026-02-17 01:52:13.947892,510
2026-02-17 01:52:13.955672,513
2026-02-17 01:52:13.963887,513
2026-02-17 01:52:13.971677,510
2026-02-17 01:52:13.979794,516
2026-02-17 01:52:13.987719,513
2026-02-17 01:52:13.995887,511
2026-02-17 01:52:14.003760,512
2026-02-17 01:52:14.011853,510
2026-02-17 01:52:14.019802,510
2026-02-17 01:52:14.027713,515
2026-02-17 01:52:14.035655,512
2026-02-17 01:52:14.043666,512
2026-02-17 01:52:14.051730,510
2026-02-17 01:52:14.059730,514
2026-02-17 01:52:14.067814,509
2026-02-17 01:52:14.075668,511
2026-02-17 01:52:14.083793,512
2026-02-17 01:52:14.091681,512
2026-02-17 01:52:14.099740,513
2026-02-17 01:52:14.107725,516
2026-02-17 01:52:14.115860,511
2026-02-17 01:52:14.123666,511
2026-02-17 01:52:14.131755,512
2026-02-17 01:52:14.139606,515
2026-02-17 01:52:14.147794,516
2026-02-17 01:52:14.155709,515
2026-02-17 01:52:14.163744,515
2026-02-17 01:52:14.171640,512
2026-02-17 01:52:14.179753,515
2026-02-17 01:52:14.187631,508
2026-02-17 01:52:14.195774,514
2026-02-17 01:52:14.203605,515
2026-02-17 01:52:14.211630,513
2026-02-17 01:52:14.219663,517
2026-02-17 01:52:14.227648,522
2026-02-17 01:52:14.235731,520
2026-02-17 01:52:14.243706,519
2026-02-17 01:52:14.251732,515
2026-02-17 01:52:14.259622,518
2026-02-17 01:52:14.267729,516
2026-02-17 01:52:14.275671,512
2026-02-17 01:52:14.283756,516
2026-02-17 01:52:14.291715,512
2026-02-17 01:52:14.299746,514
2026-02-17 01:52:14.307624,511
2026-02-17 01:52:14.315784,515
2026-02-17 01:52:14.323638,518
2026-02-17 01:52:14.331852,516
2026-02-17 01:52:14.339620,512
2026-02-17 01:52:14.347782,511
2026-02-17 01:52:14.355630,504
2026-02-17 01:52:14.363793,509
2026-02-17 01:52:14.371669,510
2026-02-17 01:52:14.379795,506
2026-02-17 01:52:14.387607,508
2026-02-17 01:52:14.395724,510
2026-02-17 01:52:14.403631,510
2026-02-17 01:52:14.411754,510
2026-02-17 01:52:14.419670,513
2026-02-17 01:52:14.427627,513
2026-02-17 01:52:14.435703,510
2026-02-17 01:52:14.443691,505
2026-02-17 01:52:14.451748,505
2026-02-17 01:52:14.459637,507
2026-02-17 01:52:14.467750,507
2026-02-17 01:52:14.475637,508
2026-02-17 01:52:14.483815,508
2026-02-17 01:52:14.491614,510
2026-02-17 01:52:14.499808,509
2026-02-17 01:52:14.507629,512
2026-02-17 01:52:14.515823,509
2026-02-17 01:52:14.523721,515
2026-02-17 01:52:14.531816,510
2026-02-17 01:52:14.539745,509
2026-02-17 01:52:14.547875,507
2026-02-17 01:52:14.555729,511
2026-02-17 01:52:14.563843,510
2026-02-17 01:52:14.571783,508
2026-02-17 01:52:14.579791,516
2026-02-17 01:52:14.587717,518
2026-02-17 01:52:14.595759,516
2026-02-17 01:52:14.603733,518
2026-02-17 01:52:14.611699,515
2026-02-17 01:52:14.619770,517
2026-02-17 01:52:14.627729,518
2026-02-17 01:52:14.635733,513
2026-02-17 01:52:14.643745,517
2026-02-17 01:52:14.651805,514
2026-02-17 01:52:14.659712,513
2026-02-17 01:52:14.667857,511
2026-02-17 01:52:14.675706,512
2026-02-17 01:52:14.683788,512
2026-02-17 01:52:14.691774,510
2026-02-17 01:52:14.699859,513
2026-02-17 01:52:14.707727,516
2026-02-17 01:52:14.715868,508
2026-02-17 01:52:14.723703,508
2026-02-17 01:52:14.731847,509
2026-02-17 01:52:14.739697,507
2026-02-17 01:52:14.747801,512
2026-02-17 01:52:14.755721,508
2026-02-17 01:52:14.763955,515
2026-02-17 01:52:14.771741,516
2026-02-17 01:52:14.779742,516
2026-02-17 01:52:14.787735,509
2026-02-17 01:52:14.795909,505
2026-02-17 01:52:14.803710,513
2026-02-17 01:52:14.811816,515
2026-02-17 01:52:14.819742,516
2026-02-17 01:52:14.827796,516
2026-02-17 01:52:14.835792,517
2026-02-17 01:52:14.843740,521
2026-02-17 01:52:14.851882,518
2026-02-17 01:52:14.859751,513
2026-02-17 01:52:14.867893,510
2026-02-17 01:52:14.875795,512
2026-02-17 01:52:14.883886,514
2026-02-17 01:52:14.891819,507
2026-02-17 01:52:14.899840,509
2026-02-17 01:52:14.907760,510
2026-02-17 01:52:14.915870,506
2026-02-17 01:52:14.923707,514
2026-02-17 01:52:14.931817,516
2026-02-17 01:52:14.939692,510
2026-02-17 01:52:14.947911,506
2026-02-17 01:52:14.955695,507
2026-02-17 01:52:14.964080,512
2026-02-17 01:52:14.971697,510
2026-02-17 01:52:14.979948,509
2026-02-17 01:52:14.987724,510
2026-02-17 01:52:14.995767,506
2026-02-17 01:52:15.003743,505
2026-02-17 01:52:15.011768,507
2026-02-17 01:52:15.019776,505
2026-02-17 01:52:15.027657,506
2026-02-17 01:52:15.035662,505
2026-02-17 01:52:15.043758,511
2026-02-17 01:52:15.051650,508
2026-02-17 01:52:15.059672,512
2026-02-17 01:52:15.067822,509
2026-02-17 01:52:15.075718,510
2026-02-17 01:52:15.083841,518
2026-02-17 01:52:15.091770,510
2026-02-17 01:52:15.099736,514
2026-02-17 01:52:15.107661,516
2026-02-17 01:52:15.115937,510
2026-02-17 01:52:15.123695,512
2026-02-17 01:52:15.131780,514
2026-02-17 01:52:15.139621,517
2026-02-17 01:52:15.147767,512
2026-02-17 01:52:15.155616,517
2026-02-17 01:52:15.163773,515
2026-02-17 01:52:15.171669,516
2026-02-17 01:52:15.179687,516
2026-02-17 01:52:15.187645,517
2026-02-17 01:52:15.195683,512
2026-02-17 01:52:15.203652,517
2026-02-17 01:52:15.211739,514
2026-02-17 01:52:15.219692,517
2026-02-17 01:52:15.227695,516
2026-02-17 01:52:15.235757,507
2026-02-17 01:52:15.243654,515
2026-02-17 01:52:15.251762,511
2026-02-17 01:52:15.259725,508
2026-02-17 01:52:15.267764,510
2026-02-17 01:52:15.275647,512
2026-02-17 01:52:15.283857,508
2026-02-17 01:52:15.291659,511
2026-02-17 01:52:15.299821,509
2026-02-17 01:52:15.307649,513
2026-02-17 01:52:15.315770,509
2026-02-17 01:52:15.323628,513
2026-02-17 01:52:15.331758,510
2026-02-17 01:52:15.339658,509
2026-02-17 01:52:15.347760,512
2026-02-17 01:52:15.355608,511
2026-02-17 01:52:15.363729,511
2026-02-17 01:52:15.371648,517
2026-02-17 01:52:15.379728,504
2026-02-17 01:52:15.387621,502
2026-02-17 01:52:15.395657,499
2026-02-17 01:52:15.403673,498
2026-02-17 01:52:15.411695,494
2026-02-17 01:52:15.419749,498
2026-02-17 01:52:15.427706,503
2026-02-17 01:52:15.435751,501
2026-02-17 01:52:15.443641,506
2026-02-17 01:52:15.451782,509
2026-02-17 01:52:15.459751,504
2026-02-17 01:52:15.467749,507
2026-02-17 01:52:15.475753,511
2026-02-17 01:52:15.483750,514
2026-02-17 01:52:15.491709,511
2026-02-17 01:52:15.499778,511
2026-02-17 01:52:15.507717,513
2026-02-17 01:52:15.515790,511
2026-02-17 01:52:15.523739,512
2026-02-17 01:52:15.531854,511
2026-02-17 01:52:15.539789,509
2026-02-17 01:52:15.547917,512
2026-02-17 01:52:15.555715,514
2026-02-17 01:52:15.563789,515
2026-02-17 01:52:15.571756,515
2026-02-17 01:52:15.579834,513
2026-02-17 01:52:15.587768,509
2026-02-17 01:52:15.595875,500
2026-02-17 01:52:15.603765,507
2026-02-17 01:52:15.611793,508
2026-02-17 01:52:15.619862,513
2026-02-17 01:52:15.627820,511
2026-02-17 01:52:15.635778,516
2026-02-17 01:52:15.643760,515
2026-02-17 01:52:15.651951,511
2026-02-17 01:52:15.659665,516
2026-02-17 01:52:15.668225,515
2026-02-17 01:52:15.675759,512
2026-02-17 01:52:15.683818,512
2026-02-17 01:52:15.691752,515
2026-02-17 01:52:15.699876,517
2026-02-17 01:52:15.707724,516
2026-02-17 01:52:15.715934,511
2026-02-17 01:52:15.723709,510
2026-02-17 01:52:15.732078,509
2026-02-17 01:52:15.739771,514
2026-02-17 01:52:15.747903,510
2026-02-17 01:52:15.755732,512
2026-02-17 01:52:15.763878,517
2026-02-17 01:52:15.771754,514
2026-02-17 01:52:15.780002,514
2026-02-17 01:52:15.787766,514
2026-02-17 01:52:15.795950,514
2026-02-17 01:52:15.803744,518
2026-02-17 01:52:15.811820,519
2026-02-17 01:52:15.819799,517
2026-02-17 01:52:15.827775,515
2026-02-17 01:52:15.835838,519
2026-02-17 01:52:15.843818,517
2026-02-17 01:52:15.852418,514
2026-02-17 01:52:15.859792,516
2026-02-17 01:52:15.867926,515
2026-02-17 01:52:15.875739,514
2026-02-17 01:52:15.883896,517
2026-02-17 01:52:15.891743,516
2026-02-17 01:52:15.899816,524
2026-02-17 01:52:15.907701,517
2026-02-17 01:52:15.915884,516
2026-02-17 01:52:15.923736,517
2026-02-17 01:52:15.931854,517
2026-02-17 01:52:15.939704,519
2026-02-17 01:52:15.947845,515
2026-02-17 01:52:15.955738,516
2026-02-17 01:52:15.963794,518
2026-02-17 01:52:15.971729,517
2026-02-17 01:52:15.979784,520
2026-02-17 01:52:15.987774,517
2026-02-17 01:52:15.995814,515
2026-02-17 01:52:16.003760,522
2026-02-17 01:52:16.012577,523
2026-02-17 01:52:16.019888,522
2026-02-17 01:52:16.027673,519
2026-02-17 01:52:16.035719,517
2026-02-17 01:52:16.043695,518
2026-02-17 01:52:16.051672,512
2026-02-17 01:52:16.059772,514
2026-02-17 01:52:16.067807,512
2026-02-17 01:52:16.075819,514
2026-02-17 01:52:16.083832,516
2026-02-17 01:52:16.091728,512
2026-02-17 01:52:16.099735,514
2026-02-17 01:52:16.107698,516
2026-02-17 01:52:16.116018,519
2026-02-17 01:52:16.123725,514
2026-02-17 01:52:16.131832,516
2026-02-17 01:52:16.139685,515
2026-02-17 01:52:16.147777,512
2026-02-17 01:52:16.155640,510
2026-02-17 01:52:16.163732,517
2026-02-17 01:52:16.171690,515
2026-02-17 01:52:16.179666,516
2026-02-17 01:52:16.187665,512
2026-02-17 01:52:16.195735,510
2026-02-17 01:52:16.203749,514
2026-02-17 01:52:16.211644,514
2026-02-17 01:52:16.219747,518
2026-02-17 01:52:16.227743,512
2026-02-17 01:52:16.235807,523
2026-02-17 01:52:16.243641,512
2026-02-17 01:52:16.251796,510
2026-02-17 01:52:16.259626,502
2026-02-17 01:52:16.267820,501
2026-02-17 01:52:16.275639,504
2026-02-17 01:52:16.283771,501
2026-02-17 01:52:16.291626,504
2026-02-17 01:52:16.299919,509
2026-02-17 01:52:16.307695,511
2026-02-17 01:52:16.315809,512
2026-02-17 01:52:16.323639,512
2026-02-17 01:52:16.331790,512
2026-02-17 01:52:16.339678,513
2026-02-17 01:52:16.347721,511
2026-02-17 01:52:16.355636,511
2026-02-17 01:52:16.363728,516
2026-02-17 01:52:16.371690,511
2026-02-17 01:52:16.379672,512
2026-02-17 01:52:16.387726,506
2026-02-17 01:52:16.395744,503
2026-02-17 01:52:16.403777,501
2026-02-17 01:52:16.411714,503
2026-02-17 01:52:16.419797,507
2026-02-17 01:52:16.427699,507
2026-02-17 01:52:16.435780,510
2026-02-17 01:52:16.443720,514
2026-02-17 01:52:16.451808,511
2026-02-17 01:52:16.459673,510
2026-02-17 01:52:16.467790,509
2026-02-17 01:52:16.475650,511
2026-02-17 01:52:16.483821,514
2026-02-17 01:52:16.491675,508
2026-02-17 01:52:16.499779,510
2026-02-17 01:52:16.507634,509
2026-02-17 01:52:16.515887,512
2026-02-17 01:52:16.523760,515
2026-02-17 01:52:16.531774,509
2026-02-17 01:52:16.539784,513
2026-02-17 01:52:16.547851,508
2026-02-17 01:52:16.555769,514
2026-02-17 01:52:16.563768,516
2026-02-17 01:52:16.571787,508
2026-02-17 01:52:16.579793,512
2026-02-17 01:52:16.587800,512
2026-02-17 01:52:16.595795,514
2026-02-17 01:52:16.603858,516
2026-02-17 01:52:16.611738,513
2026-02-17 01:52:16.619894,517
2026-02-17 01:52:16.627714,514
2026-02-17 01:52:16.635821,510
2026-02-17 01:52:16.643737,513
2026-02-17 01:52:16.651872,511
2026-02-17 01:52:16.659781,517
2026-02-17 01:52:16.667827,510
2026-02-17 01:52:16.675720,513
2026-02-17 01:52:16.683863,514
2026-02-17 01:52:16.691736,515
2026-02-17 01:52:16.699916,517
2026-02-17 01:52:16.707789,512
2026-02-17 01:52:16.715846,513
2026-02-17 01:52:16.723764,520
2026-02-17 01:52:16.731793,513
2026-02-17 01:52:16.739738,518
2026-02-17 01:52:16.747768,514
2026-02-17 01:52:16.755769,514
2026-02-17 01:52:16.763780,514
2026-02-17 01:52:16.771777,509
2026-02-17 01:52:16.779768,512
2026-02-17 01:52:16.787794,510
2026-02-17 01:52:16.795780,510
2026-02-17 01:52:16.803804,511
2026-02-17 01:52:16.811697,512
2026-02-17 01:52:16.819850,513
2026-02-17 01:52:16.827698,513
2026-02-17 01:52:16.835883,512
2026-02-17 01:52:16.843718,517
2026-02-17 01:52:16.851958,513
2026-02-17 01:52:16.859789,513
2026-02-17 01:52:16.867926,509
2026-02-17 01:52:16.875760,508
2026-02-17 01:52:16.884118,512
2026-02-17 01:52:16.891752,508
2026-02-17 01:52:16.899939,513
2026-02-17 01:52:16.907712,513
2026-02-17 01:52:16.915940,511
2026-02-17 01:52:16.923855,512
2026-02-17 01:52:16.931902,512
2026-02-17 01:52:16.939736,510
2026-02-17 01:52:16.947809,511
2026-02-17 01:52:16.955760,513
2026-02-17 01:52:16.963835,516
2026-02-17 01:52:16.971783,516
2026-02-17 01:52:16.979925,516
2026-02-17 01:52:16.987805,515
2026-02-17 01:52:16.995811,515
2026-02-17 01:52:17.003812,514
2026-02-17 01:52:17.011848,512
2026-02-17 01:52:17.019840,510
2026-02-17 01:52:17.027758,513
2026-02-17 01:52:17.035734,516
2026-02-17 01:52:17.043691,508
2026-02-17 01:52:17.051700,516
2026-02-17 01:52:17.059761,516
2026-02-17 01:52:17.067892,520
2026-02-17 01:52:17.075778,517
2026-02-17 01:52:17.083857,516
2026-02-17 01:52:17.091698,513
2026-02-17 01:52:17.099732,511
2026-02-17 01:52:17.107728,510
2026-02-17 01:52:17.115800,510
2026-02-17 01:52:17.123699,509
2026-02-17 01:52:17.131857,504
2026-02-17 01:52:17.139755,513
2026-02-17 01:52:17.147706,509
2026-02-17 01:52:17.155697,513
2026-02-17 01:52:17.163654,515
2026-02-17 01:52:17.171738,512
2026-02-17 01:52:17.179719,519
2026-02-17 01:52:17.187738,507
2026-02-17 01:52:17.195678,504
2026-02-17 01:52:17.203787,503
2026-02-17 01:52:17.211636,505
2026-02-17 01:52:17.219833,511
2026-02-17 01:52:17.227720,515
2026-02-17 01:52:17.235816,515
2026-02-17 01:52:17.243725,518
2026-02-17 01:52:17.251795,514
2026-02-17 01:52:17.259740,514
2026-02-17 01:52:17.267784,508
2026-02-17 01:52:17.275660,513
2026-02-17 01:52:17.283891,519
2026-02-17 01:52:17.291690,514
2026-02-17 01:52:17.299852,520
2026-02-17 01:52:17.307704,518
2026-02-17 01:52:17.315880,522
2026-02-17 01:52:17.323679,511
2026-02-17 01:52:17.331753,516
2026-02-17 01:52:17.339679,513
2026-02-17 01:52:17.347774,509
2026-02-17 01:52:17.355684,510
2026-02-17 01:52:17.363698,511
2026-02-17 01:52:17.371728,511
2026-02-17 01:52:17.379672,512
2026-02-17 01:52:17.387820,508
2026-02-17 01:52:17.395626,507
2026-02-17 01:52:17.403786,510
2026-02-17 01:52:17.411735,509
2026-02-17 01:52:17.419805,510
2026-02-17 01:52:17.427677,506
2026-02-17 01:52:17.435815,508
2026-02-17 01:52:17.443648,510
2026-02-17 01:52:17.451868,516
2026-02-17 01:52:17.459696,515
2026-02-17 01:52:17.467780,511
2026-02-17 01:52:17.475719,518
2026-02-17 01:52:17.483825,519
2026-02-17 01:52:17.491667,522
2026-02-17 01:52:17.499821,518
2026-02-17 01:52:17.507674,517
2026-02-17 01:52:17.515801,516
2026-02-17 01:52:17.523794,515
2026-02-17 01:52:17.531734,512
2026-02-17 01:52:17.539802,513
2026-02-17 01:52:17.547856,516
2026-02-17 01:52:17.555803,517
2026-02-17 01:52:17.563958,517
2026-02-17 01:52:17.571822,514
2026-02-17 01:52:17.579739,514
2026-02-17 01:52:17.587806,509
2026-02-17 01:52:17.595760,510
2026-02-17 01:52:17.603894,512
2026-02-17 01:52:17.611722,512
2026-02-17 01:52:17.619908,513
2026-02-17 01:52:17.627788,512
2026-02-17 01:52:17.636005,514
2026-02-17 01:52:17.643831,516
2026-02-17 01:52:17.651875,517
2026-02-17 01:52:17.659784,514
2026-02-17 01:52:17.667928,513
2026-02-17 01:52:17.675733,516
2026-02-17 01:52:17.683844,513
2026-02-17 01:52:17.691734,503
2026-02-17 01:52:17.699824,511
2026-02-17 01:52:17.707768,515
2026-02-17 01:52:17.715969,512
2026-02-17 01:52:17.723766,512
2026-02-17 01:52:17.731825,511
2026-02-17 01:52:17.739779,505
2026-02-17 01:52:17.747820,506
2026-02-17 01:52:17.755781,503
2026-02-17 01:52:17.763748,507
2026-02-17 01:52:17.771830,504
2026-02-17 01:52:17.779809,506
2026-02-17 01:52:17.787959,503
2026-02-17 01:52:17.795803,506
2026-02-17 01:52:17.803903,509
2026-02-17 01:52:17.811822,503
2026-02-17 01:52:17.819870,510
2026-02-17 01:52:17.827877,512
2026-02-17 01:52:17.836063,514
2026-02-17 01:52:17.843821,514
2026-02-17 01:52:17.852029,510
2026-02-17 01:52:17.859764,512
2026-02-17 01:52:17.867994,511
2026-02-17 01:52:17.875854,517
2026-02-17 01:52:17.884005,517
2026-02-17 01:52:17.891779,514
2026-02-17 01:52:17.899842,518
2026-02-17 01:52:17.907752,513
2026-02-17 01:52:17.915943,511
2026-02-17 01:52:17.923763,514
2026-02-17 01:52:17.931837,514
2026-02-17 01:52:17.939759,516
2026-02-17 01:52:17.947868,513
2026-02-17 01:52:17.955781,511
2026-02-17 01:52:17.963872,516
2026-02-17 01:52:17.971907,512
2026-02-17 01:52:17.979752,510
2026-02-17 01:52:17.987872,508
2026-02-17 01:52:17.995790,512
2026-02-17 01:52:18.003995,514
2026-02-17 01:52:18.011713,502
2026-02-17 01:52:18.019911,502
2026-02-17 01:52:18.027777,498
2026-02-17 01:52:18.035790,501
2026-02-17 01:52:18.043669,514
2026-02-17 01:52:18.051818,513
2026-02-17 01:52:18.059714,521
2026-02-17 01:52:18.067767,513
2026-02-17 01:52:18.075791,516
2026-02-17 01:52:18.083838,517
2026-02-17 01:52:18.091957,515
2026-02-17 01:52:18.099769,517
2026-02-17 01:52:18.107722,514
2026-02-17 01:52:18.115809,514
2026-02-17 01:52:18.123724,520
2026-02-17 01:52:18.131690,514
2026-02-17 01:52:18.139768,516
2026-02-17 01:52:18.147822,514
2026-02-17 01:52:18.155738,513
2026-02-17 01:52:18.163733,515
2026-02-17 01:52:18.171753,514
2026-02-17 01:52:18.179702,513
2026-02-17 01:52:18.187804,515
2026-02-17 01:52:18.195688,512
2026-02-17 01:52:18.203827,512
2026-02-17 01:52:18.211691,511
2026-02-17 01:52:18.219839,511
2026-02-17 01:52:18.227765,515
2026-02-17 01:52:18.235835,515
2026-02-17 01:52:18.243838,510
2026-02-17 01:52:18.251738,511
2026-02-17 01:52:18.259655,513
2026-02-17 01:52:18.267739,513
2026-02-17 01:52:18.275674,512
2026-02-17 01:52:18.283711,512
2026-02-17 01:52:18.291707,512
2026-02-17 01:52:18.299723,513
2026-02-17 01:52:18.307707,515
2026-02-17 01:52:18.315645,512
2026-02-17 01:52:18.323690,512
2026-02-17 01:52:18.331715,508
2026-02-17 01:52:18.339677,514
2026-02-17 01:52:18.347667,508
2026-02-17 01:52:18.355726,513
2026-02-17 01:52:18.363662,512
2026-02-17 01:52:18.371750,504
2026-02-17 01:52:18.379719,511
2026-02-17 01:52:18.387715,509
2026-02-17 01:52:18.395731,510
2026-02-17 01:52:18.403737,518
2026-02-17 01:52:18.411856,511
2026-02-17 01:52:18.419749,513
2026-02-17 01:52:18.427723,511
2026-02-17 01:52:18.435712,515
2026-02-17 01:52:18.443761,518
2026-02-17 01:52:18.451870,509
2026-02-17 01:52:18.459672,517
2026-02-17 01:52:18.467872,509
2026-02-17 01:52:18.475790,515
2026-02-17 01:52:18.483804,506
2026-02-17 01:52:18.491696,503
2026-02-17 01:52:18.499776,509
2026-02-17 01:52:18.507711,507
2026-02-17 01:52:18.515952,508
2026-02-17 01:52:18.523796,514
2026-02-17 01:52:18.531732,512
2026-02-17 01:52:18.539818,514
2026-02-17 01:52:18.547824,512
2026-02-17 01:52:18.555839,517
2026-02-17 01:52:18.563764,514
2026-02-17 01:52:18.571861,520
2026-02-17 01:52:18.579865,516
2026-02-17 01:52:18.587899,517
2026-02-17 01:52:18.595740,509
2026-02-17 01:52:18.603951,510
2026-02-17 01:52:18.611745,513
2026-02-17 01:52:18.619871,509
2026-02-17 01:52:18.627764,505
2026-02-17 01:52:18.635847,509
2026-02-17 01:52:18.643857,511
2026-02-17 01:52:18.651896,508
2026-02-17 01:52:18.659765,510
2026-02-17 01:52:18.667841,513
2026-02-17 01:52:18.675773,510
2026-02-17 01:52:18.683868,508
2026-02-17 01:52:18.691807,510
2026-02-17 01:52:18.699872,509
2026-02-17 01:52:18.707819,510
2026-02-17 01:52:18.715861,512
2026-02-17 01:52:18.723795,513
2026-02-17 01:52:18.732035,512
2026-02-17 01:52:18.739817,510
2026-02-17 01:52:18.747773,514
2026-02-17 01:52:18.755856,510
2026-02-17 01:52:18.763848,511
2026-02-17 01:52:18.771964,516
2026-02-17 01:52:18.779800,510
2026-02-17 01:52:18.787931,512
2026-02-17 01:52:18.795828,513
2026-02-17 01:52:18.803868,511
2026-02-17 01:52:18.811881,511
2026-02-17 01:52:18.819943,512
2026-02-17 01:52:18.827773,504
2026-02-17 01:52:18.835852,504
2026-02-17 01:52:18.843757,509
2026-02-17 01:52:18.852721,512
2026-02-17 01:52:18.859828,514
2026-02-17 01:52:18.867810,514
2026-02-17 01:52:18.875801,516
2026-02-17 01:52:18.883958,518
2026-02-17 01:52:18.891778,516
2026-02-17 01:52:18.899877,515
2026-02-17 01:52:18.907738,517
2026-02-17 01:52:18.915851,518
2026-02-17 01:52:18.923810,516
2026-02-17 01:52:18.931843,514
2026-02-17 01:52:18.939794,517
2026-02-17 01:52:18.947831,515
2026-02-17 01:52:18.955852,517
2026-02-17 01:52:18.963713,515
2026-02-17 01:52:18.971840,514
2026-02-17 01:52:18.979761,512
2026-02-17 01:52:18.987951,511
2026-02-17 01:52:18.995839,508
2026-02-17 01:52:19.003880,514
2026-02-17 01:52:19.011832,510
2026-02-17 01:52:19.019888,513
2026-02-17 01:52:19.027797,509
2026-02-17 01:52:19.035759,512
2026-02-17 01:52:19.043675,520
2026-02-17 01:52:19.051851,514
2026-02-17 01:52:19.059757,510
2026-02-17 01:52:19.067810,509
2026-02-17 01:52:19.075828,510
2026-02-17 01:52:19.083872,512
2026-02-17 01:52:19.091805,515
2026-02-17 01:52:19.099793,520
2026-02-17 01:52:19.107782,516
2026-02-17 01:52:19.115780,518
2026-02-17 01:52:19.123733,519
2026-02-17 01:52:19.131728,512
2026-02-17 01:52:19.139872,514
2026-02-17 01:52:19.147781,512
2026-02-17 01:52:19.155818,517
2026-02-17 01:52:19.163730,518
2026-02-17 01:52:19.171997,512
2026-02-17 01:52:19.179709,515
2026-02-17 01:52:19.187849,520
2026-02-17 01:52:19.195713,516
2026-02-17 01:52:19.203902,520
2026-02-17 01:52:19.211701,512
2026-02-17 01:52:19.219825,512
2026-02-17 01:52:19.227783,512
2026-02-17 01:52:19.235810,509
2026-02-17 01:52:19.243721,514
2026-02-17 01:52:19.251832,515
2026-02-17 01:52:19.259655,515
2026-02-17 01:52:19.267802,513
2026-02-17 01:52:19.275707,516
2026-02-17 01:52:19.283829,512
2026-02-17 01:52:19.291714,510
2026-02-17 01:52:19.299843,517
2026-02-17 01:52:19.307760,511
2026-02-17 01:52:19.315795,512
2026-02-17 01:52:19.323706,512
2026-02-17 01:52:19.331786,505
2026-02-17 01:52:19.339801,508
2026-02-17 01:52:19.347734,504
2026-02-17 01:52:19.355828,507
2026-02-17 01:52:19.363735,508
2026-02-17 01:52:19.371822,507
2026-02-17 01:52:19.379789,514
2026-02-17 01:52:19.387813,509
2026-02-17 01:52:19.395766,510
2026-02-17 01:52:19.403868,518
2026-02-17 01:52:19.411706,514
2026-02-17 01:52:19.419888,516
2026-02-17 01:52:19.427675,517
2026-02-17 01:52:19.435913,519
2026-02-17 01:52:19.443695,518
2026-02-17 01:52:19.451830,515
2026-02-17 01:52:19.459691,516
2026-02-17 01:52:19.467817,511
2026-02-17 01:52:19.475787,515
2026-02-17 01:52:19.483775,512
2026-02-17 01:52:19.491703,511
2026-02-17 01:52:19.499757,510
2026-02-17 01:52:19.507719,511
2026-02-17 01:52:19.515796,509
2026-02-17 01:52:19.523810,509
2026-02-17 01:52:19.531796,506
2026-02-17 01:52:19.539878,510
2026-02-17 01:52:19.547722,507
2026-02-17 01:52:19.555877,511
2026-02-17 01:52:19.563803,511
2026-02-17 01:52:19.572057,511
2026-02-17 01:52:19.579818,514
2026-02-17 01:52:19.587949,512
2026-02-17 01:52:19.595844,515
2026-02-17 01:52:19.604144,511
2026-02-17 01:52:19.611860,507
2026-02-17 01:52:19.619928,511
2026-02-17 01:52:19.627830,514
2026-02-17 01:52:19.635824,514
2026-02-17 01:52:19.643879,519
2026-02-17 01:52:19.651907,508
2026-02-17 01:52:19.659793,507
2026-02-17 01:52:19.668036,505
2026-02-17 01:52:19.675759,503
2026-02-17 01:52:19.683905,511
2026-02-17 01:52:19.691803,513
2026-02-17 01:52:19.699955,519
2026-02-17 01:52:19.707791,516
2026-02-17 01:52:19.715888,520
2026-02-17 01:52:19.723799,516
2026-02-17 01:52:19.731782,515
2026-02-17 01:52:19.739880,515
2026-02-17 01:52:19.747808,515
2026-02-17 01:52:19.755943,511
2026-02-17 01:52:19.763719,510
2026-02-17 01:52:19.771937,507
2026-02-17 01:52:19.779807,507
2026-02-17 01:52:19.787961,506
2026-02-17 01:52:19.795756,507
2026-02-17 01:52:19.803935,512
2026-02-17 01:52:19.811885,510
2026-02-17 01:52:19.819871,517
2026-02-17 01:52:19.827769,515
2026-02-17 01:52:19.835795,511
2026-02-17 01:52:19.843748,511
2026-02-17 01:52:19.851974,511
2026-02-17 01:52:19.859819,514
2026-02-17 01:52:19.867880,512
2026-02-17 01:52:19.875776,512
2026-02-17 01:52:19.883966,507
2026-02-17 01:52:19.891799,505
2026-02-17 01:52:19.900028,503
2026-02-17 01:52:19.907792,499
2026-02-17 01:52:19.915821,506
2026-02-17 01:52:19.923865,508
2026-02-17 01:52:19.931818,509
2026-02-17 01:52:19.939865,513
2026-02-17 01:52:19.947834,508
2026-02-17 01:52:19.955976,511
2026-02-17 01:52:19.963850,514
2026-02-17 01:52:19.971937,509
2026-02-17 01:52:19.979947,512
2026-02-17 01:52:19.988302,508
2026-02-17 01:52:19.995802,512
2026-02-17 01:52:20.003943,514
2026-02-17 01:52:20.011867,509
2026-02-17 01:52:20.020037,515
2026-02-17 01:52:20.027805,516
2026-02-17 01:52:20.035758,514
2026-02-17 01:52:20.043734,511
2026-02-17 01:52:20.051737,511
2026-02-17 01:52:20.059731,507
2026-02-17 01:52:20.067870,511
2026-02-17 01:52:20.075829,513
2026-02-17 01:52:20.083914,515
2026-02-17 01:52:20.091813,514
2026-02-17 01:52:20.099725,517
2026-02-17 01:52:20.107830,516
2026-02-17 01:52:20.115856,515
2026-02-17 01:52:20.123804,514
2026-02-17 01:52:20.131693,510
2026-02-17 01:52:20.139878,503
2026-02-17 01:52:20.147724,506
2026-02-17 01:52:20.155831,509
2026-02-17 01:52:20.163794,513
2026-02-17 01:52:20.171879,508
2026-02-17 01:52:20.179776,518
2026-02-17 01:52:20.187920,513
2026-02-17 01:52:20.195750,513
2026-02-17 01:52:20.203993,512
2026-02-17 01:52:20.211779,511
2026-02-17 01:52:20.219813,508
2026-02-17 01:52:20.227878,508
2026-02-17 01:52:20.235929,509
2026-02-17 01:52:20.243763,511
2026-02-17 01:52:20.251922,511
2026-02-17 01:52:20.259688,518
2026-02-17 01:52:20.267829,514
2026-02-17 01:52:20.275717,508
2026-02-17 01:52:20.283797,508
2026-02-17 01:52:20.291739,511
2026-02-17 01:52:20.299727,515
2026-02-17 01:52:20.307691,513
2026-02-17 01:52:20.315713,516
2026-02-17 01:52:20.323810,515
2026-02-17 01:52:20.331711,515
2026-02-17 01:52:20.339851,517
2026-02-17 01:52:20.347666,517
2026-02-17 01:52:20.355914,509
2026-02-17 01:52:20.363778,515
2026-02-17 01:52:20.371853,515
2026-02-17 01:52:20.379706,515
2026-02-17 01:52:20.387907,517
2026-02-17 01:52:20.395738,515
2026-02-17 01:52:20.403808,515
2026-02-17 01:52:20.411722,511
2026-02-17 01:52:20.419800,512
2026-02-17 01:52:20.427701,513
2026-02-17 01:52:20.435852,518
2026-02-17 01:52:20.443712,515
2026-02-17 01:52:20.451899,513
2026-02-17 01:52:20.459728,514
2026-02-17 01:52:20.467866,512
2026-02-17 01:52:20.475690,512
2026-02-17 01:52:20.483808,513
2026-02-17 01:52:20.491847,511
2026-02-17 01:52:20.499780,514
2026-02-17 01:52:20.507727,515
2026-02-17 01:52:20.515817,518
2026-02-17 01:52:20.523924,510
2026-02-17 01:52:20.531745,506
2026-02-17 01:52:20.539958,504
2026-02-17 01:52:20.547835,501
2026-02-17 01:52:20.555885,509
2026-02-17 01:52:20.563917,507
2026-02-17 01:52:20.571911,509
2026-02-17 01:52:20.579830,513
2026-02-17 01:52:20.587954,509
2026-02-17 01:52:20.595782,514
2026-02-17 01:52:20.603871,513
2026-02-17 01:52:20.611799,504
2026-02-17 01:52:20.619887,505
2026-02-17 01:52:20.627767,502
2026-02-17 01:52:20.635897,509
2026-02-17 01:52:20.643777,513
2026-02-17 01:52:20.651843,508
2026-02-17 01:52:20.659786,511
2026-02-17 01:52:20.667864,517
2026-02-17 01:52:20.675801,519
2026-02-17 01:52:20.683869,515
2026-02-17 01:52:20.691833,517
2026-02-17 01:52:20.699814,515
2026-02-17 01:52:20.707806,512
2026-02-17 01:52:20.715803,514
2026-02-17 01:52:20.723872,518
2026-02-17 01:52:20.731797,514
2026-02-17 01:52:20.739895,515
2026-02-17 01:52:20.747796,512
2026-02-17 01:52:20.755899,518
2026-02-17 01:52:20.763787,511
2026-02-17 01:52:20.771952,509
2026-02-17 01:52:20.779803,515
2026-02-17 01:52:20.788058,514
2026-02-17 01:52:20.795799,517
2026-02-17 01:52:20.803974,518
2026-02-17 01:52:20.811786,516
2026-02-17 01:52:20.820143,516
2026-02-17 01:52:20.827860,517
2026-02-17 01:52:20.835929,511
2026-02-17 01:52:20.843770,512
2026-02-17 01:52:20.851971,510
2026-02-17 01:52:20.859803,510
2026-02-17 01:52:20.867891,513
2026-02-17 01:52:20.875823,509
2026-02-17 01:52:20.883922,509
2026-02-17 01:52:20.891818,513
2026-02-17 01:52:20.899824,515
2026-02-17 01:52:20.907842,512
2026-02-17 01:52:20.915831,505
2026-02-17 01:52:20.923895,513
2026-02-17 01:52:20.931751,507
2026-02-17 01:52:20.939894,512
2026-02-17 01:52:20.947764,511
2026-02-17 01:52:20.956002,509
2026-02-17 01:52:20.963777,513
2026-02-17 01:52:20.971916,513
2026-02-17 01:52:20.979905,513
2026-02-17 01:52:20.987988,510
2026-02-17 01:52:20.995816,512
2026-02-17 01:52:21.003983,511
2026-02-17 01:52:21.011872,509
2026-02-17 01:52:21.020039,512
2026-02-17 01:52:21.027841,507
2026-02-17 01:52:21.035832,507
2026-02-17 01:52:21.043769,507
2026-02-17 01:52:21.051758,506
2026-02-17 01:52:21.059857,510
2026-02-17 01:52:21.067841,509
2026-02-17 01:52:21.075853,512
2026-02-17 01:52:21.083819,507
2026-02-17 01:52:21.091800,511
2026-02-17 01:52:21.099882,509
2026-02-17 01:52:21.108517,511
2026-02-17 01:52:21.115881,513
2026-02-17 01:52:21.123918,510
2026-02-17 01:52:21.132184,510
2026-02-17 01:52:21.139970,517
2026-02-17 01:52:21.147817,512
2026-02-17 01:52:21.155734,517
2026-02-17 01:52:21.163778,516
2026-02-17 01:52:21.171770,515
2026-02-17 01:52:21.179702,517
2026-02-17 01:52:21.187756,509
2026-02-17 01:52:21.195723,510
2026-02-17 01:52:21.203837,513
2026-02-17 01:52:21.211790,509
2026-02-17 01:52:21.219918,518
2026-02-17 01:52:21.227774,510
2026-02-17 01:52:21.235819,512
2026-02-17 01:52:21.243780,507
2026-02-17 01:52:21.251838,507
2026-02-17 01:52:21.259753,508
2026-02-17 01:52:21.267830,514
2026-02-17 01:52:21.275783,517
2026-02-17 01:52:21.283841,516
2026-02-17 01:52:21.291795,514
2026-02-17 01:52:21.299912,516
2026-02-17 01:52:21.307799,514
2026-02-17 01:52:21.315790,510
2026-02-17 01:52:21.323814,515
2026-02-17 01:52:21.331819,515
2026-02-17 01:52:21.339811,517
2026-02-17 01:52:21.347695,515
2026-02-17 01:52:21.355825,515
2026-02-17 01:52:21.363751,513
2026-02-17 01:52:21.371691,515
2026-02-17 01:52:21.379764,516
2026-02-17 01:52:21.387826,507
2026-02-17 01:52:21.395788,510
2026-02-17 01:52:21.403848,513
2026-02-17 01:52:21.411754,513
2026-02-17 01:52:21.419860,516
2026-02-17 01:52:21.427785,515
2026-02-17 01:52:21.435774,510
2026-02-17 01:52:21.443799,506
2026-02-17 01:52:21.451879,501
2026-02-17 01:52:21.459803,509
2026-02-17 01:52:21.467867,511
2026-02-17 01:52:21.475767,512
2026-02-17 01:52:21.483868,509
2026-02-17 01:52:21.491799,510
2026-02-17 01:52:21.499907,510
2026-02-17 01:52:21.507776,504
2026-02-17 01:52:21.515811,509
2026-02-17 01:52:21.523816,509
2026-02-17 01:52:21.531783,505
2026-02-17 01:52:21.539878,507
2026-02-17 01:52:21.547796,506
2026-02-17 01:52:21.555809,503
2026-02-17 01:52:21.563729,510
2026-02-17 01:52:21.571871,512
2026-02-17 01:52:21.579839,512
2026-02-17 01:52:21.587906,510
2026-02-17 01:52:21.595804,517
2026-02-17 01:52:21.603833,512
2026-02-17 01:52:21.611800,509
2026-02-17 01:52:21.619831,515
2026-02-17 01:52:21.627813,513
2026-02-17 01:52:21.635813,517
2026-02-17 01:52:21.643836,517
2026-02-17 01:52:21.651831,513
2026-02-17 01:52:21.659787,513
2026-02-17 01:52:21.667830,515
2026-02-17 01:52:21.675800,515
2026-02-17 01:52:21.683860,514
2026-02-17 01:52:21.691819,516
2026-02-17 01:52:21.699817,516
2026-02-17 01:52:21.707826,517
2026-02-17 01:52:21.715805,522
2026-02-17 01:52:21.723858,517
2026-02-17 01:52:21.731798,512
2026-02-17 01:52:21.739853,514
2026-02-17 01:52:21.747756,516
2026-02-17 01:52:21.755858,513
2026-02-17 01:52:21.763810,513
2026-02-17 01:52:21.771868,508
2026-02-17 01:52:21.779833,512
2026-02-17 01:52:21.787847,509
2026-02-17 01:52:21.795830,511
2026-02-17 01:52:21.803823,508
2026-02-17 01:52:21.811851,508
2026-02-17 01:52:21.819795,509
2026-02-17 01:52:21.827851,507
2026-02-17 01:52:21.835817,509
2026-02-17 01:52:21.843879,510
2026-02-17 01:52:21.852015,513
2026-02-17 01:52:21.859814,513
2026-02-17 01:52:21.867869,517
2026-02-17 01:52:21.875798,514
2026-02-17 01:52:21.883891,516
2026-02-17 01:52:21.891817,516
2026-02-17 01:52:21.899799,514
2026-02-17 01:52:21.907817,515
2026-02-17 01:52:21.915776,515
2026-02-17 01:52:21.923896,512
2026-02-17 01:52:21.931789,512
2026-02-17 01:52:21.939855,514
2026-02-17 01:52:21.947853,514
2026-02-17 01:52:21.955873,509
2026-02-17 01:52:21.963849,511
2026-02-17 01:52:21.971930,509
2026-02-17 01:52:21.979782,509
2026-02-17 01:52:21.987951,505
2026-02-17 01:52:21.995834,510
2026-02-17 01:52:22.003896,512
2026-02-17 01:52:22.011782,507
2026-02-17 01:52:22.019889,509
2026-02-17 01:52:22.027837,508
2026-02-17 01:52:22.035771,514
2026-02-17 01:52:22.043780,511
2026-02-17 01:52:22.051887,511
2026-02-17 01:52:22.059762,511
2026-02-17 01:52:22.067805,508
2026-02-17 01:52:22.075864,516
2026-02-17 01:52:22.083852,514
2026-02-17 01:52:22.091838,512
2026-02-17 01:52:22.099760,516
2026-02-17 01:52:22.107820,512
2026-02-17 01:52:22.115830,513
2026-02-17 01:52:22.123926,513
2026-02-17 01:52:22.131744,512
2026-02-17 01:52:22.139987,514
2026-02-17 01:52:22.147780,513
2026-02-17 01:52:22.155903,512
2026-02-17 01:52:22.163715,514
2026-02-17 01:52:22.171900,510
2026-02-17 01:52:22.179743,508
2026-02-17 01:52:22.187876,512
2026-02-17 01:52:22.195810,513
2026-02-17 01:52:22.203871,513
2026-02-17 01:52:22.211808,512
2026-02-17 01:52:22.219834,509
2026-02-17 01:52:22.227702,509
2026-02-17 01:52:22.235808,512
2026-02-17 01:52:22.243755,512
2026-02-17 01:52:22.251778,514
2026-02-17 01:52:22.259756,513
2026-02-17 01:52:22.267754,513
2026-02-17 01:52:22.275798,512
2026-02-17 01:52:22.283743,515
2026-02-17 01:52:22.291824,510
2026-02-17 01:52:22.299739,512
2026-02-17 01:52:22.307855,505
2026-02-17 01:52:22.315773,508
2026-02-17 01:52:22.323883,507
2026-02-17 01:52:22.331858,511
2026-02-17 01:52:22.339983,515
2026-02-17 01:52:22.347757,516
2026-02-17 01:52:22.355924,513
2026-02-17 01:52:22.363827,514
2026-02-17 01:52:22.371887,510
2026-02-17 01:52:22.379710,510
2026-02-17 01:52:22.387880,511
2026-02-17 01:52:22.395708,516
2026-02-17 01:52:22.403858,515
2026-02-17 01:52:22.411745,511
2026-02-17 01:52:22.419854,513
2026-02-17 01:52:22.427727,514
2026-02-17 01:52:22.435759,514
2026-02-17 01:52:22.443812,510
2026-02-17 01:52:22.451832,508
2026-02-17 01:52:22.459784,514
2026-02-17 01:52:22.467808,507
2026-02-17 01:52:22.475823,512
2026-02-17 01:52:22.483813,511
2026-02-17 01:52:22.491829,508
2026-02-17 01:52:22.499704,510
2026-02-17 01:52:22.507933,507
2026-02-17 01:52:22.515803,509
2026-02-17 01:52:22.523826,514
2026-02-17 01:52:22.531842,514
2026-02-17 01:52:22.539999,509
2026-02-17 01:52:22.547867,512
2026-02-17 01:52:22.555934,515
2026-02-17 01:52:22.563799,517
2026-02-17 01:52:22.571923,515
2026-02-17 01:52:22.579826,517
2026-02-17 01:52:22.587929,515
2026-02-17 01:52:22.595847,520
2026-02-17 01:52:22.603917,515
2026-02-17 01:52:22.611870,511
2026-02-17 01:52:22.619990,515
2026-02-17 01:52:22.627861,517
2026-02-17 01:52:22.635901,518
2026-02-17 01:52:22.643802,516
2026-02-17 01:52:22.651879,516
2026-02-17 01:52:22.659824,517
2026-02-17 01:52:22.667844,511
2026-02-17 01:52:22.675896,517
2026-02-17 01:52:22.683868,513
2026-02-17 01:52:22.691863,509
2026-02-17 01:52:22.699855,513
2026-02-17 01:52:22.707939,513
2026-02-17 01:52:22.715744,511
2026-02-17 01:52:22.724105,512
2026-02-17 01:52:22.731809,509
2026-02-17 01:52:22.740096,510
2026-02-17 01:52:22.747831,513
2026-02-17 01:52:22.756050,516
2026-02-17 01:52:22.763844,513
2026-02-17 01:52:22.771910,514
2026-02-17 01:52:22.779799,505
2026-02-17 01:52:22.788049,508
2026-02-17 01:52:22.795859,508
2026-02-17 01:52:22.803954,508
2026-02-17 01:52:22.811767,509
2026-02-17 01:52:22.819903,511
2026-02-17 01:52:22.827821,511
2026-02-17 01:52:22.835918,514
2026-02-17 01:52:22.843831,509
2026-02-17 01:52:22.851904,512
2026-02-17 01:52:22.859781,517
2026-02-17 01:52:22.867855,517
2026-02-17 01:52:22.875860,517
2026-02-17 01:52:22.883880,516
2026-02-17 01:52:22.891958,513
2026-02-17 01:52:22.899926,514
2026-02-17 01:52:22.908020,515
2026-02-17 01:52:22.915853,514
2026-02-17 01:52:22.924140,513
2026-02-17 01:52:22.931833,512
2026-02-17 01:52:22.939990,512
2026-02-17 01:52:22.947865,509
2026-02-17 01:52:22.956011,512
2026-02-17 01:52:22.963830,511
2026-02-17 01:52:22.971992,513
2026-02-17 01:52:22.979778,516
2026-02-17 01:52:22.987962,511
2026-02-17 01:52:22.995907,513
2026-02-17 01:52:23.003917,515
2026-02-17 01:52:23.011868,509
2026-02-17 01:52:23.019901,512
2026-02-17 01:52:23.027828,508
2026-02-17 01:52:23.035910,513
2026-02-17 01:52:23.043800,510
2026-02-17 01:52:23.051775,509
2026-02-17 01:52:23.059720,510
2026-02-17 01:52:23.067939,505
2026-02-17 01:52:23.075909,506
2026-02-17 01:52:23.083852,505
2026-02-17 01:52:23.091901,506
2026-02-17 01:52:23.099804,512
2026-02-17 01:52:23.107875,513
2026-02-17 01:52:23.115957,514
2026-02-17 01:52:23.123997,514
2026-02-17 01:52:23.131809,512
2026-02-17 01:52:23.139923,511
2026-02-17 01:52:23.147728,502
2026-02-17 01:52:23.155998,502
2026-02-17 01:52:23.163759,501
2026-02-17 01:52:23.171882,506
2026-02-17 01:52:23.179736,506
2026-02-17 01:52:23.187850,510
2026-02-17 01:52:23.195735,516
2026-02-17 01:52:23.203826,515
2026-02-17 01:52:23.211751,515
2026-02-17 01:52:23.220569,517
2026-02-17 01:52:23.227777,516
2026-02-17 01:52:23.235961,518
2026-02-17 01:52:23.243911,522
2026-02-17 01:52:23.251846,515
2026-02-17 01:52:23.259810,513
2026-02-17 01:52:23.267751,515
2026-02-17 01:52:23.275791,513
2026-02-17 01:52:23.283738,509
2026-02-17 01:52:23.291794,510
2026-02-17 01:52:23.299792,513
2026-02-17 01:52:23.307835,508
2026-02-17 01:52:23.315732,511
2026-02-17 01:52:23.323785,509
2026-02-17 01:52:23.331723,509
2026-02-17 01:52:23.339784,510
2026-02-17 01:52:23.347710,513
2026-02-17 01:52:23.355767,510
2026-02-17 01:52:23.363740,512
2026-02-17 01:52:23.371815,510
2026-02-17 01:52:23.379722,507
2026-02-17 01:52:23.387782,514
2026-02-17 01:52:23.395726,510
2026-02-17 01:52:23.403769,513
2026-02-17 01:52:23.411717,512
2026-02-17 01:52:23.419753,510
2026-02-17 01:52:23.427752,513
2026-02-17 01:52:23.435736,514
2026-02-17 01:52:23.443726,515
2026-02-17 01:52:23.451803,513
2026-02-17 01:52:23.459862,517
2026-02-17 01:52:23.467775,517
2026-02-17 01:52:23.475841,520
2026-02-17 01:52:23.483818,512
2026-02-17 01:52:23.491904,513
2026-02-17 01:52:23.499791,512
2026-02-17 01:52:23.507963,511
2026-02-17 01:52:23.515906,510
2026-02-17 01:52:23.523808,510
2026-02-17 01:52:23.531878,515
2026-02-17 01:52:23.539968,511
2026-02-17 01:52:23.547826,512
2026-02-17 01:52:23.556045,510
2026-02-17 01:52:23.563796,509
2026-02-17 01:52:23.572081,506
2026-02-17 01:52:23.579833,510
2026-02-17 01:52:23.587887,504
2026-02-17 01:52:23.595860,509
2026-02-17 01:52:23.603972,509
2026-02-17 01:52:23.611820,506
2026-02-17 01:52:23.619882,511
2026-02-17 01:52:23.627889,514
2026-02-17 01:52:23.635923,514
2026-02-17 01:52:23.643807,511
2026-02-17 01:52:23.651853,508
2026-02-17 01:52:23.659909,512
2026-02-17 01:52:23.667830,511
2026-02-17 01:52:23.675962,507
2026-02-17 01:52:23.683869,512
2026-02-17 01:52:23.691915,506
2026-02-17 01:52:23.699869,512
2026-02-17 01:52:23.707956,510
2026-02-17 01:52:23.715944,511
2026-02-17 01:52:23.723911,508
2026-02-17 01:52:23.731872,509
2026-02-17 01:52:23.739989,509
2026-02-17 01:52:23.747835,511
2026-02-17 01:52:23.755957,511
2026-02-17 01:52:23.763818,511
2026-02-17 01:52:23.771921,510
2026-02-17 01:52:23.779815,512
2026-02-17 01:52:23.787921,512
2026-02-17 01:52:23.795915,514
2026-02-17 01:52:23.803936,513
2026-02-17 01:52:23.811798,509
2026-02-17 01:52:23.819956,515
2026-02-17 01:52:23.827882,513
2026-02-17 01:52:23.835882,521
2026-02-17 01:52:23.843843,516
2026-02-17 01:52:23.851882,511
2026-02-17 01:52:23.859961,511
2026-02-17 01:52:23.867800,510
2026-02-17 01:52:23.875959,512
2026-02-17 01:52:23.883807,511
2026-02-17 01:52:23.892015,515
2026-02-17 01:52:23.899780,515
2026-02-17 01:52:23.908022,513
2026-02-17 01:52:23.915837,510
2026-02-17 01:52:23.923994,513
2026-02-17 01:52:23.931864,510
2026-02-17 01:52:23.940010,516
2026-02-17 01:52:23.947898,511
2026-02-17 01:52:23.955887,516
2026-02-17 01:52:23.963895,516
2026-02-17 01:52:23.971818,512
2026-02-17 01:52:23.979801,506
2026-02-17 01:52:23.987830,501
2026-02-17 01:52:23.995887,502
2026-02-17 01:52:24.003969,506
2026-02-17 01:52:24.011838,504
2026-02-17 01:52:24.019830,509
2026-02-17 01:52:24.027780,516
2026-02-17 01:52:24.035820,517
2026-02-17 01:52:24.043798,514
2026-02-17 01:52:24.051886,512
2026-02-17 01:52:24.059868,511
2026-02-17 01:52:24.067848,512
2026-02-17 01:52:24.075865,514
2026-02-17 01:52:24.083816,512
2026-02-17 01:52:24.091874,510
2026-02-17 01:52:24.099834,515
2026-02-17 01:52:24.107818,510
2026-02-17 01:52:24.115822,511
2026-02-17 01:52:24.123882,511
2026-02-17 01:52:24.131796,510
2026-02-17 01:52:24.139769,512
2026-02-17 01:52:24.147818,509
2026-02-17 01:52:24.155811,513
2026-02-17 01:52:24.163833,508
2026-02-17 01:52:24.171846,507
2026-02-17 01:52:24.179794,507
2026-02-17 01:52:24.187948,509
2026-02-17 01:52:24.195814,509
2026-02-17 01:52:24.203819,508
2026-02-17 01:52:24.211815,510
2026-02-17 01:52:24.219863,519
2026-02-17 01:52:24.227825,512
2026-02-17 01:52:24.235839,514
2026-02-17 01:52:24.243829,510
2026-02-17 01:52:24.251810,518
2026-02-17 01:52:24.259819,517
2026-02-17 01:52:24.267823,516
2026-02-17 01:52:24.275866,515
2026-02-17 01:52:24.283813,515
2026-02-17 01:52:24.291870,513
2026-02-17 01:52:24.299808,515
2026-02-17 01:52:24.307857,511
2026-02-17 01:52:24.315801,514
2026-02-17 01:52:24.323889,512
2026-02-17 01:52:24.331807,510
2026-02-17 01:52:24.339899,516
2026-02-17 01:52:24.347794,510
2026-02-17 01:52:24.355881,514
2026-02-17 01:52:24.363813,514
2026-02-17 01:52:24.371916,507
2026-02-17 01:52:24.379806,515
2026-02-17 01:52:24.387868,516
2026-02-17 01:52:24.395817,515
2026-02-17 01:52:24.403872,514
2026-02-17 01:52:24.411820,510
2026-02-17 01:52:24.420006,509
2026-02-17 01:52:24.427834,512
2026-02-17 01:52:24.435842,514
2026-02-17 01:52:24.443817,508
2026-02-17 01:52:24.451846,512
2026-02-17 01:52:24.459840,514
2026-02-17 01:52:24.467836,511
2026-02-17 01:52:24.475894,514
2026-02-17 01:52:24.483857,515
2026-02-17 01:52:24.491902,510
2026-02-17 01:52:24.499945,514
2026-02-17 01:52:24.507869,509
2026-02-17 01:52:24.515859,513
2026-02-17 01:52:24.523908,515
2026-02-17 01:52:24.531828,512
2026-02-17 01:52:24.539893,514
2026-02-17 01:52:24.547847,512
2026-02-17 01:52:24.555905,509
2026-02-17 01:52:24.563847,506
2026-02-17 01:52:24.571892,505
2026-02-17 01:52:24.579829,510
2026-02-17 01:52:24.587929,504
2026-02-17 01:52:24.595854,509
2026-02-17 01:52:24.603877,512
2026-02-17 01:52:24.611852,509
2026-02-17 01:52:24.619848,513
2026-02-17 01:52:24.627852,515
2026-02-17 01:52:24.635808,514
2026-02-17 01:52:24.643919,514
2026-02-17 01:52:24.651830,513
2026-02-17 01:52:24.659858,516
2026-02-17 01:52:24.667809,515
2026-02-17 01:52:24.675896,509
2026-02-17 01:52:24.683789,508
2026-02-17 01:52:24.691863,508
2026-02-17 01:52:24.699805,508
2026-02-17 01:52:24.707836,511
2026-02-17 01:52:24.715927,514
2026-02-17 01:52:24.723825,515
2026-02-17 01:52:24.731838,514
2026-02-17 01:52:24.739867,512
2026-02-17 01:52:24.747810,512
2026-02-17 01:52:24.755850,514
2026-02-17 01:52:24.763802,510
2026-02-17 01:52:24.771883,510
2026-02-17 01:52:24.779889,516
2026-02-17 01:52:24.787838,513
2026-02-17 01:52:24.795876,513
2026-02-17 01:52:24.803899,518
2026-02-17 01:52:24.811821,511
2026-02-17 01:52:24.819908,507
2026-02-17 01:52:24.827827,501
2026-02-17 01:52:24.835907,504
2026-02-17 01:52:24.843926,501
2026-02-17 01:52:24.851910,505
2026-02-17 01:52:24.859948,512
2026-02-17 01:52:24.867854,511
2026-02-17 01:52:24.876048,513
2026-02-17 01:52:24.883970,513
2026-02-17 01:52:24.892117,510
2026-02-17 01:52:24.899978,514
2026-02-17 01:52:24.907951,513
2026-02-17 01:52:24.915914,517
2026-02-17 01:52:24.924140,513
2026-02-17 01:52:24.931921,511
2026-02-17 01:52:24.940022,517
2026-02-17 01:52:24.947914,514
2026-02-17 01:52:24.956029,514
2026-02-17 01:52:24.963925,509
2026-02-17 01:52:24.971971,515
2026-02-17 01:52:24.979944,509
2026-02-17 01:52:24.987925,507
2026-02-17 01:52:24.995873,505
2026-02-17 01:52:25.004097,507
2026-02-17 01:52:25.012148,507
2026-02-17 01:52:25.019929,505
2026-02-17 01:52:25.028003,508
2026-02-17 01:52:25.035830,509
2026-02-17 01:52:25.043883,510
2026-02-17 01:52:25.052135,509
2026-02-17 01:52:25.060168,509
2026-02-17 01:52:25.067924,509
2026-02-17 01:52:25.076038,512
2026-02-17 01:52:25.083972,514
2026-02-17 01:52:25.092063,512
2026-02-17 01:52:25.099972,519
2026-02-17 01:52:25.107909,514
2026-02-17 01:52:25.115848,520
2026-02-17 01:52:25.123871,521
2026-02-17 01:52:25.131860,515
2026-02-17 01:52:25.139845,514
2026-02-17 01:52:25.147800,512
2026-02-17 01:52:25.155917,510
2026-02-17 01:52:25.163748,516
2026-02-17 01:52:25.171843,510
2026-02-17 01:52:25.179780,513
2026-02-17 01:52:25.187814,512
2026-02-17 01:52:25.195808,513
2026-02-17 01:52:25.203827,515
2026-02-17 01:52:25.211816,512
2026-02-17 01:52:25.219770,514
2026-02-17 01:52:25.227865,508
2026-02-17 01:52:25.235837,516
2026-02-17 01:52:25.243897,515
2026-02-17 01:52:25.251734,512
2026-02-17 01:52:25.259938,517
2026-02-17 01:52:25.267759,514
2026-02-17 01:52:25.275935,516
2026-02-17 01:52:25.283760,512
2026-02-17 01:52:25.291939,513
2026-02-17 01:52:25.299794,513
2026-02-17 01:52:25.307937,513
2026-02-17 01:52:25.315867,514
2026-02-17 01:52:25.323985,509
2026-02-17 01:52:25.331811,510
2026-02-17 01:52:25.339957,511
2026-02-17 01:52:25.347813,513
2026-02-17 01:52:25.355928,512
2026-02-17 01:52:25.363776,512
2026-02-17 01:52:25.371838,510
2026-02-17 01:52:25.379761,509
2026-02-17 01:52:25.387860,511
2026-02-17 01:52:25.395797,515
2026-02-17 01:52:25.403819,516
2026-02-17 01:52:25.411790,514
2026-02-17 01:52:25.419781,510
2026-02-17 01:52:25.427883,516
2026-02-17 01:52:25.435779,515
2026-02-17 01:52:25.443960,512
2026-02-17 01:52:25.451829,510
2026-02-17 01:52:25.459912,509
2026-02-17 01:52:25.467805,510
2026-02-17 01:52:25.475976,509
2026-02-17 01:52:25.483777,506
2026-02-17 01:52:25.491931,509
2026-02-17 01:52:25.499800,511
2026-02-17 01:52:25.507954,506
2026-02-17 01:52:25.515800,512
2026-02-17 01:52:25.523869,510
2026-02-17 01:52:25.531830,511
2026-02-17 01:52:25.539890,514
2026-02-17 01:52:25.547854,515
2026-02-17 01:52:25.556046,514
2026-02-17 01:52:25.563863,515
2026-02-17 01:52:25.572002,514
2026-02-17 01:52:25.579848,512
2026-02-17 01:52:25.587993,507
2026-02-17 01:52:25.595878,514
2026-02-17 01:52:25.603947,512
2026-02-17 01:52:25.611963,512
2026-02-17 01:52:25.619858,508
2026-02-17 01:52:25.628006,506
2026-02-17 01:52:25.635884,505
2026-02-17 01:52:25.644001,506
2026-02-17 01:52:25.651878,510
2026-02-17 01:52:25.659921,513
2026-02-17 01:52:25.667934,514
2026-02-17 01:52:25.676005,513
2026-02-17 01:52:25.683867,516
2026-02-17 01:52:25.692057,515
2026-02-17 01:52:25.699851,517
2026-02-17 01:52:25.708052,517
2026-02-17 01:52:25.715853,512
2026-02-17 01:52:25.723994,514
2026-02-17 01:52:25.731846,516
2026-02-17 01:52:25.739947,517
2026-02-17 01:52:25.747847,515
2026-02-17 01:52:25.755893,518
2026-02-17 01:52:25.763871,516
2026-02-17 01:52:25.772011,514
2026-02-17 01:52:25.779932,516
2026-02-17 01:52:25.787907,507
2026-02-17 01:52:25.795875,517
2026-02-17 01:52:25.803909,521
2026-02-17 01:52:25.811925,523
2026-02-17 01:52:25.819867,524
2026-02-17 01:52:25.827957,522
2026-02-17 01:52:25.835880,520
2026-02-17 01:52:25.844019,520
2026-02-17 01:52:25.851850,516
2026-02-17 01:52:25.860056,516
2026-02-17 01:52:25.867878,516
2026-02-17 01:52:25.876015,517
2026-02-17 01:52:25.883978,520
2026-02-17 01:52:25.892058,521
2026-02-17 01:52:25.899888,522
2026-02-17 01:52:25.907953,521
2026-02-17 01:52:25.915908,518
2026-02-17 01:52:25.923999,525
2026-02-17 01:52:25.931882,515
2026-02-17 01:52:25.939997,515
2026-02-17 01:52:25.947885,516
2026-02-17 01:52:25.955959,521
2026-02-17 01:52:25.963867,519
2026-02-17 01:52:25.971997,517
2026-02-17 01:52:25.979895,520
2026-02-17 01:52:25.987954,516
2026-02-17 01:52:25.995854,518
2026-02-17 01:52:26.003965,514
2026-02-17 01:52:26.011970,515
2026-02-17 01:52:26.019909,513
2026-02-17 01:52:26.027996,517
2026-02-17 01:52:26.035855,518
2026-02-17 01:52:26.043819,513
2026-02-17 01:52:26.051835,516
2026-02-17 01:52:26.059933,520
2026-02-17 01:52:26.067878,508
2026-02-17 01:52:26.075917,511
2026-02-17 01:52:26.083921,506
2026-02-17 01:52:26.091993,511
2026-02-17 01:52:26.099884,513
2026-02-17 01:52:26.107937,507
2026-02-17 01:52:26.115798,510
2026-02-17 01:52:26.124011,506
2026-02-17 01:52:26.131908,508
2026-02-17 01:52:26.139959,514
2026-02-17 01:52:26.147885,511
2026-02-17 01:52:26.155856,508
2026-02-17 01:52:26.163770,507
2026-02-17 01:52:26.171897,509
2026-02-17 01:52:26.179841,512
2026-02-17 01:52:26.187856,510
2026-02-17 01:52:26.195819,509
2026-02-17 01:52:26.203806,508
2026-02-17 01:52:26.211927,508
2026-02-17 01:52:26.219744,506
2026-02-17 01:52:26.227977,503
2026-02-17 01:52:26.235842,506
2026-02-17 01:52:26.243931,504
2026-02-17 01:52:26.251821,509
2026-02-17 01:52:26.259939,507
2026-02-17 01:52:26.267851,508
2026-02-17 01:52:26.276047,512
2026-02-17 01:52:26.283817,507
2026-02-17 01:52:26.291921,503
2026-02-17 01:52:26.299788,512
2026-02-17 01:52:26.307969,509
2026-02-17 01:52:26.315808,510
2026-02-17 01:52:26.323911,510
2026-02-17 01:52:26.331800,508
2026-02-17 01:52:26.339846,514
2026-02-17 01:52:26.347807,510
2026-02-17 01:52:26.355919,513
2026-02-17 01:52:26.363771,516
2026-02-17 01:52:26.371796,510
2026-02-17 01:52:26.379775,513
2026-02-17 01:52:26.387848,509
2026-02-17 01:52:26.395799,514
2026-02-17 01:52:26.403786,513
2026-02-17 01:52:26.411949,513
2026-02-17 01:52:26.419815,514
2026-02-17 01:52:26.427908,513
2026-02-17 01:52:26.435768,511
2026-02-17 01:52:26.443922,503
2026-02-17 01:52:26.451774,502
2026-02-17 01:52:26.459937,504
2026-02-17 01:52:26.467868,511
2026-02-17 01:52:26.475956,511
2026-02-17 01:52:26.483778,517
2026-02-17 01:52:26.491896,514
2026-02-17 01:52:26.499787,517
2026-02-17 01:52:26.507958,514
2026-02-17 01:52:26.515874,515
2026-02-17 01:52:26.523838,509
2026-02-17 01:52:26.531892,510
2026-02-17 01:52:26.539960,514
2026-02-17 01:52:26.547889,515
2026-02-17 01:52:26.555940,512
2026-02-17 01:52:26.563897,513
2026-02-17 01:52:26.571880,513
2026-02-17 01:52:26.579887,513
2026-02-17 01:52:26.587896,512
2026-02-17 01:52:26.595991,514
2026-02-17 01:52:26.603905,512
2026-02-17 01:52:26.612050,513
2026-02-17 01:52:26.619896,515
2026-02-17 01:52:26.628053,515
2026-02-17 01:52:26.635905,516
2026-02-17 01:52:26.644002,513
2026-02-17 01:52:26.651918,514
2026-02-17 01:52:26.659950,512
2026-02-17 01:52:26.667930,511
2026-02-17 01:52:26.675966,516
2026-02-17 01:52:26.683858,511
2026-02-17 01:52:26.692062,509
2026-02-17 01:52:26.699856,516
2026-02-17 01:52:26.707985,509
2026-02-17 01:52:26.715871,513
2026-02-17 01:52:26.723920,511
2026-02-17 01:52:26.731871,514
2026-02-17 01:52:26.739938,517
2026-02-17 01:52:26.747894,515
2026-02-17 01:52:26.755990,512
2026-02-17 01:52:26.763886,508
2026-02-17 01:52:26.771997,513
2026-02-17 01:52:26.779918,515
2026-02-17 01:52:26.787848,508
2026-02-17 01:52:26.795969,514
2026-02-17 01:52:26.803883,510
2026-02-17 01:52:26.812016,509
2026-02-17 01:52:26.819911,514
2026-02-17 01:52:26.828023,511
2026-02-17 01:52:26.835954,510
2026-02-17 01:52:26.844050,505
2026-02-17 01:52:26.851968,506
2026-02-17 01:52:26.860279,509
2026-02-17 01:52:26.867897,511
2026-02-17 01:52:26.876039,507
2026-02-17 01:52:26.883875,508
2026-02-17 01:52:26.892097,510
2026-02-17 01:52:26.899863,516
2026-02-17 01:52:26.907989,517
2026-02-17 01:52:26.915847,514
2026-02-17 01:52:26.923955,516
2026-02-17 01:52:26.931886,515
2026-02-17 01:52:26.940005,516
2026-02-17 01:52:26.947911,512
2026-02-17 01:52:26.956083,519
2026-02-17 01:52:26.963904,518
2026-02-17 01:52:26.971955,514
2026-02-17 01:52:26.979901,517
2026-02-17 01:52:26.987906,513
2026-02-17 01:52:26.995900,517
2026-02-17 01:52:27.003874,512
2026-02-17 01:52:27.012064,515
2026-02-17 01:52:27.019892,514
2026-02-17 01:52:27.028033,513
2026-02-17 01:52:27.035851,510
2026-02-17 01:52:27.043841,513
2026-02-17 01:52:27.051815,513
2026-02-17 01:52:27.060087,520
2026-02-17 01:52:27.067897,511
2026-02-17 01:52:27.075994,513
2026-02-17 01:52:27.083932,508
2026-02-17 01:52:27.092180,511
2026-02-17 01:52:27.099856,514
2026-02-17 01:52:27.107886,511
2026-02-17 01:52:27.115896,504
2026-02-17 01:52:27.123935,508
2026-02-17 01:52:27.131889,505
2026-02-17 01:52:27.139881,508
2026-02-17 01:52:27.147830,510
2026-02-17 01:52:27.155839,509
2026-02-17 01:52:27.163792,510
2026-02-17 01:52:27.171803,514
2026-02-17 01:52:27.179815,511
2026-02-17 01:52:27.187788,517
2026-02-17 01:52:27.195975,513
2026-02-17 01:52:27.203855,516
2026-02-17 01:52:27.211972,511
2026-02-17 01:52:27.219962,509
2026-02-17 01:52:27.228014,509
2026-02-17 01:52:27.235812,510
2026-02-17 01:52:27.243959,509
2026-02-17 01:52:27.251823,512
2026-02-17 01:52:27.259938,515
2026-02-17 01:52:27.267781,515
2026-02-17 01:52:27.276022,514
2026-02-17 01:52:27.283839,507
2026-02-17 01:52:27.291911,506
2026-02-17 01:52:27.299820,507
2026-02-17 01:52:27.307910,507
2026-02-17 01:52:27.315781,510
2026-02-17 01:52:27.323947,512
2026-02-17 01:52:27.331833,511
2026-02-17 01:52:27.339813,519
2026-02-17 01:52:27.347828,515
2026-02-17 01:52:27.355883,520
2026-02-17 01:52:27.363846,512
2026-02-17 01:52:27.371785,514
2026-02-17 01:52:27.379832,512
2026-02-17 01:52:27.387847,512
2026-02-17 01:52:27.395900,510
2026-02-17 01:52:27.403814,509
2026-02-17 01:52:27.412007,514
2026-02-17 01:52:27.419893,514
2026-02-17 01:52:27.427921,509
2026-02-17 01:52:27.435844,511
2026-02-17 01:52:27.443958,508
2026-02-17 01:52:27.451847,509
2026-02-17 01:52:27.459963,513
2026-02-17 01:52:27.467794,511
2026-02-17 01:52:27.475938,511
2026-02-17 01:52:27.483804,512
2026-02-17 01:52:27.491974,508
2026-02-17 01:52:27.499825,512
2026-02-17 01:52:27.507907,511
2026-02-17 01:52:27.515839,514
2026-02-17 01:52:27.523850,506
2026-02-17 01:52:27.531844,506
2026-02-17 01:52:27.540006,511
2026-02-17 01:52:27.547908,510
2026-02-17 01:52:27.555898,509
2026-02-17 01:52:27.563918,513
2026-02-17 01:52:27.571887,511
2026-02-17 01:52:27.579935,510
2026-02-17 01:52:27.587862,513
2026-02-17 01:52:27.595974,511
2026-02-17 01:52:27.603810,511
2026-02-17 01:52:27.612095,512
2026-02-17 01:52:27.619868,514
2026-02-17 01:52:27.628019,514
2026-02-17 01:52:27.635945,513
2026-02-17 01:52:27.644023,518
2026-02-17 01:52:27.651925,512
2026-02-17 01:52:27.659961,521
2026-02-17 01:52:27.667921,515
2026-02-17 01:52:27.676026,515
2026-02-17 01:52:27.683916,513
2026-02-17 01:52:27.691965,512
2026-02-17 01:52:27.699916,516
2026-02-17 01:52:27.707968,514
2026-02-17 01:52:27.715885,514
2026-02-17 01:52:27.723929,511
2026-02-17 01:52:27.731893,512
2026-02-17 01:52:27.739890,516
2026-02-17 01:52:27.747930,513
2026-02-17 01:52:27.755959,514
2026-02-17 01:52:27.763921,512
2026-02-17 01:52:27.771956,511
2026-02-17 01:52:27.779981,510
2026-02-17 01:52:27.787883,512
2026-02-17 01:52:27.796068,512
2026-02-17 01:52:27.803919,509
2026-02-17 01:52:27.812103,507
2026-02-17 01:52:27.819902,510
2026-02-17 01:52:27.828133,510
2026-02-17 01:52:27.835896,512
2026-02-17 01:52:27.844047,512
2026-02-17 01:52:27.852433,507
2026-02-17 01:52:27.860115,509
2026-02-17 01:52:27.867908,508
2026-02-17 01:52:27.876041,508
2026-02-17 01:52:27.883878,509
2026-02-17 01:52:27.891895,510
2026-02-17 01:52:27.899961,511
2026-02-17 01:52:27.907943,510
2026-02-17 01:52:27.915967,511
2026-02-17 01:52:27.924138,510
2026-02-17 01:52:27.931914,510
2026-02-17 01:52:27.940011,512
2026-02-17 01:52:27.947908,514
2026-02-17 01:52:27.955991,515
2026-02-17 01:52:27.963936,508
2026-02-17 01:52:27.971912,510
2026-02-17 01:52:27.979956,515
2026-02-17 01:52:27.987916,512
2026-02-17 01:52:27.995986,513
2026-02-17 01:52:28.003885,521
2026-02-17 01:52:28.012553,518
2026-02-17 01:52:28.020068,517
2026-02-17 01:52:28.028004,520
2026-02-17 01:52:28.035925,516
2026-02-17 01:52:28.043952,517
2026-02-17 01:52:28.051848,516
2026-02-17 01:52:28.059985,515
2026-02-17 01:52:28.067935,516
2026-02-17 01:52:28.076003,516
2026-02-17 01:52:28.083933,511
2026-02-17 01:52:28.091943,510
2026-02-17 01:52:28.099932,510
2026-02-17 01:52:28.107886,512
2026-02-17 01:52:28.115936,516
2026-02-17 01:52:28.123952,513
2026-02-17 01:52:28.131876,511
2026-02-17 01:52:28.139910,514
2026-02-17 01:52:28.147912,507
2026-02-17 01:52:28.155820,504
2026-02-17 01:52:28.163852,498
2026-02-17 01:52:28.171894,505
2026-02-17 01:52:28.179925,507
2026-02-17 01:52:28.187818,511
2026-02-17 01:52:28.195964,511
2026-02-17 01:52:28.203831,504
2026-02-17 01:52:28.211967,506
2026-02-17 01:52:28.219879,512
2026-02-17 01:52:28.228041,512
2026-02-17 01:52:28.235839,518
2026-02-17 01:52:28.243971,512
2026-02-17 01:52:28.251953,516
2026-02-17 01:52:28.259848,517
2026-02-17 01:52:28.267844,516
2026-02-17 01:52:28.275847,512
2026-02-17 01:52:28.283878,511
2026-02-17 01:52:28.291843,513
2026-02-17 01:52:28.299829,513
2026-02-17 01:52:28.307825,515
2026-02-17 01:52:28.315821,514
2026-02-17 01:52:28.323833,516
2026-02-17 01:52:28.331838,513
2026-02-17 01:52:28.339805,513
2026-02-17 01:52:28.347814,514
2026-02-17 01:52:28.355805,512
2026-02-17 01:52:28.363795,511
2026-02-17 01:52:28.371846,513
2026-02-17 01:52:28.379850,515
2026-02-17 01:52:28.387800,514
2026-02-17 01:52:28.395880,517
2026-02-17 01:52:28.403786,510
2026-02-17 01:52:28.411828,514
2026-02-17 01:52:28.419800,514
2026-02-17 01:52:28.427866,507
2026-02-17 01:52:28.435829,511
2026-02-17 01:52:28.443889,511
2026-02-17 01:52:28.451930,514
2026-02-17 01:52:28.460010,510
2026-02-17 01:52:28.467797,510
2026-02-17 01:52:28.475908,511
2026-02-17 01:52:28.483804,515
2026-02-17 01:52:28.491895,513
2026-02-17 01:52:28.499821,516
2026-02-17 01:52:28.507875,513
2026-02-17 01:52:28.515881,519
2026-02-17 01:52:28.523979,515
2026-02-17 01:52:28.531940,513
2026-02-17 01:52:28.540021,517
2026-02-17 01:52:28.547933,516
2026-02-17 01:52:28.557737,514
2026-02-17 01:52:28.564028,516
2026-02-17 01:52:28.571896,511
2026-02-17 01:52:28.579945,515
2026-02-17 01:52:28.587882,514
2026-02-17 01:52:28.595998,513
2026-02-17 01:52:28.603940,512
2026-02-17 01:52:28.612117,509
2026-02-17 01:52:28.619955,511
2026-02-17 01:52:28.628023,511
2026-02-17 01:52:28.636099,513
2026-02-17 01:52:28.644067,507
2026-02-17 01:52:28.651918,506
2026-02-17 01:52:28.659999,513
2026-02-17 01:52:28.667893,509
2026-02-17 01:52:28.676007,508
2026-02-17 01:52:28.683869,509
2026-02-17 01:52:28.691907,508
2026-02-17 01:52:28.699954,509
2026-02-17 01:52:28.707870,511
2026-02-17 01:52:28.715892,508
2026-02-17 01:52:28.723958,509
2026-02-17 01:52:28.731912,510
2026-02-17 01:52:28.740036,515
2026-02-17 01:52:28.747982,515
2026-02-17 01:52:28.755923,512
2026-02-17 01:52:28.763979,512
2026-02-17 01:52:28.771872,512
2026-02-17 01:52:28.780055,513
2026-02-17 01:52:28.787906,511
2026-02-17 01:52:28.795998,516
2026-02-17 01:52:28.803956,516
2026-02-17 01:52:28.812076,519
2026-02-17 01:52:28.819958,514
2026-02-17 01:52:28.827966,513
2026-02-17 01:52:28.835913,514
2026-02-17 01:52:28.844031,510
2026-02-17 01:52:28.851928,514
2026-02-17 01:52:28.860029,512
2026-02-17 01:52:28.867930,509
2026-02-17 01:52:28.876092,513
2026-02-17 01:52:28.883903,507
2026-02-17 01:52:28.892076,505
2026-02-17 01:52:28.899918,513
2026-02-17 01:52:28.907989,509
2026-02-17 01:52:28.915905,512
2026-02-17 01:52:28.924105,508
2026-02-17 01:52:28.931972,509
2026-02-17 01:52:28.940072,508
2026-02-17 01:52:28.947951,511
2026-02-17 01:52:28.955933,507
2026-02-17 01:52:28.963996,509
2026-02-17 01:52:28.971917,511
2026-02-17 01:52:28.980002,513
2026-02-17 01:52:28.987823,511
2026-02-17 01:52:28.996016,512
2026-02-17 01:52:29.003820,511
2026-02-17 01:52:29.012126,514
2026-02-17 01:52:29.020063,513
2026-02-17 01:52:29.028019,510
2026-02-17 01:52:29.035910,506
2026-02-17 01:52:29.043905,503
2026-02-17 01:52:29.051848,506
2026-02-17 01:52:29.059977,513
2026-02-17 01:52:29.067969,512
2026-02-17 01:52:29.075912,513
2026-02-17 01:52:29.083918,511
2026-02-17 01:52:29.092073,513
2026-02-17 01:52:29.099966,516
2026-02-17 01:52:29.107900,512
2026-02-17 01:52:29.115989,517
2026-02-17 01:52:29.123933,513
2026-02-17 01:52:29.131900,515
2026-02-17 01:52:29.139919,515
2026-02-17 01:52:29.147959,515
2026-02-17 01:52:29.155834,519
2026-02-17 01:52:29.163919,509
2026-02-17 01:52:29.171825,516
2026-02-17 01:52:29.179963,514
2026-02-17 01:52:29.187881,510
2026-02-17 01:52:29.195943,515
2026-02-17 01:52:29.203955,511
2026-02-17 01:52:29.212010,512
2026-02-17 01:52:29.219860,516
2026-02-17 01:52:29.227975,507
2026-02-17 01:52:29.235923,512
2026-02-17 01:52:29.244047,510
2026-02-17 01:52:29.251838,510
2026-02-17 01:52:29.260073,511
2026-02-17 01:52:29.267851,510
2026-02-17 01:52:29.275919,512
2026-02-17 01:52:29.283881,510
2026-02-17 01:52:29.291936,512
2026-02-17 01:52:29.299826,510
2026-02-17 01:52:29.307916,506
2026-02-17 01:52:29.315860,511
2026-02-17 01:52:29.323877,507
2026-02-17 01:52:29.331863,513
2026-02-17 01:52:29.339787,516
2026-02-17 01:52:29.347912,516
2026-02-17 01:52:29.355835,515
2026-02-17 01:52:29.363955,514
2026-02-17 01:52:29.371819,516
2026-02-17 01:52:29.379987,520
2026-02-17 01:52:29.387851,516
2026-02-17 01:52:29.395969,519
2026-02-17 01:52:29.403918,512
2026-02-17 01:52:29.411932,515
2026-02-17 01:52:29.419882,515
2026-02-17 01:52:29.428006,510
2026-02-17 01:52:29.435842,514
2026-02-17 01:52:29.443976,517
2026-02-17 01:52:29.451877,512
2026-02-17 01:52:29.459974,516
2026-02-17 01:52:29.467875,518
2026-02-17 01:52:29.475951,517
2026-02-17 01:52:29.483842,514
2026-02-17 01:52:29.491929,513
2026-02-17 01:52:29.499844,514
2026-02-17 01:52:29.507905,512
2026-02-17 01:52:29.515910,511
2026-02-17 01:52:29.524060,510
2026-02-17 01:52:29.531933,510
2026-02-17 01:52:29.540084,512
2026-02-17 01:52:29.547965,510
2026-02-17 01:52:29.555919,512
2026-02-17 01:52:29.563994,512
2026-02-17 01:52:29.571868,509
2026-02-17 01:52:29.580045,513
2026-02-17 01:52:29.587909,514
2026-02-17 01:52:29.596071,512
2026-02-17 01:52:29.603981,515
2026-02-17 01:52:29.612009,513
2026-02-17 01:52:29.619968,514
2026-02-17 01:52:29.628054,510
2026-02-17 01:52:29.635922,513
2026-02-17 01:52:29.643970,514
2026-02-17 01:52:29.651938,513
2026-02-17 01:52:29.659970,515
2026-02-17 01:52:29.667909,510
2026-02-17 01:52:29.675953,510
2026-02-17 01:52:29.683932,512
2026-02-17 01:52:29.692160,509
2026-02-17 01:52:29.699955,512
2026-02-17 01:52:29.708015,510
2026-02-17 01:52:29.715944,511
2026-02-17 01:52:29.723927,511
2026-02-17 01:52:29.731965,510
2026-02-17 01:52:29.739948,515
2026-02-17 01:52:29.748017,510
2026-02-17 01:52:29.755878,512
2026-02-17 01:52:29.764049,508
2026-02-17 01:52:29.771904,508
2026-02-17 01:52:29.779996,511
2026-02-17 01:52:29.787957,511
2026-02-17 01:52:29.796083,515
2026-02-17 01:52:29.803988,511
2026-02-17 01:52:29.812101,511
2026-02-17 01:52:29.819970,514
2026-02-17 01:52:29.828072,514
2026-02-17 01:52:29.836085,513
2026-02-17 01:52:29.844095,516
2026-02-17 01:52:29.852048,520
2026-02-17 01:52:29.859977,512
2026-02-17 01:52:29.867937,504
2026-02-17 01:52:29.875934,506
2026-02-17 01:52:29.883894,504
2026-02-17 01:52:29.891963,508
2026-02-17 01:52:29.899949,511
2026-02-17 01:52:29.908037,512
2026-02-17 01:52:29.915956,515
2026-02-17 01:52:29.924016,518
2026-02-17 01:52:29.931983,519
2026-02-17 01:52:29.939988,518
2026-02-17 01:52:29.947970,514
2026-02-17 01:52:29.955957,515
2026-02-17 01:52:29.964073,513
2026-02-17 01:52:29.971916,516
2026-02-17 01:52:29.980043,514
2026-02-17 01:52:29.987862,511
2026-02-17 01:52:29.996002,512
2026-02-17 01:52:30.003963,508
2026-02-17 01:52:30.012095,513
2026-02-17 01:52:30.019936,515
2026-02-17 01:52:30.027961,511
2026-02-17 01:52:30.035912,514
2026-02-17 01:52:30.043899,515
2026-02-17 01:52:30.051851,516
2026-02-17 01:52:30.059901,514
2026-02-17 01:52:30.067915,513
2026-02-17 01:52:30.075912,516
2026-02-17 01:52:30.083943,518
2026-02-17 01:52:30.091826,516
2026-02-17 01:52:30.099951,514
2026-02-17 01:52:30.108049,512
2026-02-17 01:52:30.115932,512
2026-02-17 01:52:30.123943,510
2026-02-17 01:52:30.131976,514
2026-02-17 01:52:30.139818,511
2026-02-17 01:52:30.147931,512
2026-02-17 01:52:30.155811,509
2026-02-17 01:52:30.163926,513
2026-02-17 01:52:30.171854,513
2026-02-17 01:52:30.179983,513
2026-02-17 01:52:30.187921,516
2026-02-17 01:52:30.196020,512
2026-02-17 01:52:30.203899,515
2026-02-17 01:52:30.212030,511
2026-02-17 01:52:30.219863,510
2026-02-17 01:52:30.228060,507
2026-02-17 01:52:30.235826,511
2026-02-17 01:52:30.243981,511
2026-02-17 01:52:30.251823,514
2026-02-17 01:52:30.259933,513
2026-02-17 01:52:30.267833,512
2026-02-17 01:52:30.275904,512
2026-02-17 01:52:30.283914,512
2026-02-17 01:52:30.291922,511
2026-02-17 01:52:30.299876,511
2026-02-17 01:52:30.307895,508
2026-02-17 01:52:30.315885,512
2026-02-17 01:52:30.323848,511
2026-02-17 01:52:30.331959,513
2026-02-17 01:52:30.339896,516
2026-02-17 01:52:30.348017,512
2026-02-17 01:52:30.355901,514
2026-02-17 01:52:30.363954,515
2026-02-17 01:52:30.371891,514
2026-02-17 01:52:30.379970,514
2026-02-17 01:52:30.387848,515
2026-02-17 01:52:30.396007,517
2026-02-17 01:52:30.403878,517
2026-02-17 01:52:30.411998,515
2026-02-17 01:52:30.419859,516
2026-02-17 01:52:30.428055,510
2026-02-17 01:52:30.435876,514
2026-02-17 01:52:30.443983,515
2026-02-17 01:52:30.451890,514
2026-02-17 01:52:30.459886,514
2026-02-17 01:52:30.467824,510
2026-02-17 01:52:30.475922,513
2026-02-17 01:52:30.483859,509
2026-02-17 01:52:30.491878,509
2026-02-17 01:52:30.499854,509
2026-02-17 01:52:30.507852,511
2026-02-17 01:52:30.515975,512
2026-02-17 01:52:30.523932,510
2026-02-17 01:52:30.531989,508
2026-02-17 01:52:30.540035,515
2026-02-17 01:52:30.548046,510
2026-02-17 01:52:30.555924,513
2026-02-17 01:52:30.564034,510
2026-02-17 01:52:30.571952,514
2026-02-17 01:52:30.580006,511
2026-02-17 01:52:30.588014,510
2026-02-17 01:52:30.596038,515
2026-02-17 01:52:30.603965,515
2026-02-17 01:52:30.612035,512
2026-02-17 01:52:30.619945,517
2026-02-17 01:52:30.628170,510
2026-02-17 01:52:30.635942,512
2026-02-17 01:52:30.643978,512
2026-02-17 01:52:30.651899,516
2026-02-17 01:52:30.659984,517
2026-02-17 01:52:30.667912,517
2026-02-17 01:52:30.675944,514
2026-02-17 01:52:30.683930,510
2026-02-17 01:52:30.691949,506
2026-02-17 01:52:30.699959,501
2026-02-17 01:52:30.708040,499
2026-02-17 01:52:30.715973,506
2026-02-17 01:52:30.723913,509
2026-02-17 01:52:30.732047,509
2026-02-17 01:52:30.739939,511
2026-02-17 01:52:30.748076,511
2026-02-17 01:52:30.755945,513
2026-02-17 01:52:30.764076,509
2026-02-17 01:52:30.772016,512
2026-02-17 01:52:30.780039,512
2026-02-17 01:52:30.787972,511
2026-02-17 01:52:30.796037,517
2026-02-17 01:52:30.803954,514
2026-02-17 01:52:30.812126,515
2026-02-17 01:52:30.819915,511
2026-02-17 01:52:30.828101,510
2026-02-17 01:52:30.835916,512
2026-02-17 01:52:30.844183,511
2026-02-17 01:52:30.852057,516
2026-02-17 01:52:30.860245,509
2026-02-17 01:52:30.867951,508
2026-02-17 01:52:30.876030,510
2026-02-17 01:52:30.883964,511
2026-02-17 01:52:30.892076,509
2026-02-17 01:52:30.899962,515
2026-02-17 01:52:30.907998,509
2026-02-17 01:52:30.916055,515
2026-02-17 01:52:30.923987,510
2026-02-17 01:52:30.932010,510
2026-02-17 01:52:30.939866,511
2026-02-17 01:52:30.948004,510
2026-02-17 01:52:30.955951,517
2026-02-17 01:52:30.964111,513
2026-02-17 01:52:30.971920,516
2026-02-17 01:52:30.980207,521
2026-02-17 01:52:30.987998,515
2026-02-17 01:52:30.996054,517
2026-02-17 01:52:31.003918,514
2026-02-17 01:52:31.012064,518
2026-02-17 01:52:31.019974,518
2026-02-17 01:52:31.027900,514
2026-02-17 01:52:31.035951,518
2026-02-17 01:52:31.043853,511
2026-02-17 01:52:31.051955,512
2026-02-17 01:52:31.059924,514
2026-02-17 01:52:31.067980,510
2026-02-17 01:52:31.075965,512
2026-02-17 01:52:31.083947,512
2026-02-17 01:52:31.091977,514
2026-02-17 01:52:31.099972,515
2026-02-17 01:52:31.108005,513
2026-02-17 01:52:31.115964,512
2026-02-17 01:52:31.123911,510
2026-02-17 01:52:31.132010,514
2026-02-17 01:52:31.139874,515
2026-02-17 01:52:31.148018,514
2026-02-17 01:52:31.155915,514
2026-02-17 01:52:31.163960,511
2026-02-17 01:52:31.171827,515
2026-02-17 01:52:31.179998,512
2026-02-17 01:52:31.187853,511
2026-02-17 01:52:31.196013,509
2026-02-17 01:52:31.203895,508
2026-02-17 01:52:31.211987,510
2026-02-17 01:52:31.219839,509
2026-02-17 01:52:31.228011,508
2026-02-17 01:52:31.235843,511
2026-02-17 01:52:31.243990,509
2026-02-17 01:52:31.251898,508
2026-02-17 01:52:31.259962,510
2026-02-17 01:52:31.267857,513
2026-02-17 01:52:31.275923,517
2026-02-17 01:52:31.283943,516
2026-02-17 01:52:31.291957,516
2026-02-17 01:52:31.299951,514
2026-02-17 01:52:31.307912,513
2026-02-17 01:52:31.315932,516
2026-02-17 01:52:31.323816,512
2026-02-17 01:52:31.331996,516
2026-02-17 01:52:31.339945,508
2026-02-17 01:52:31.348131,507
2026-02-17 01:52:31.355930,513
2026-02-17 01:52:31.363981,507
2026-02-17 01:52:31.371924,511
2026-02-17 01:52:31.379998,509
2026-02-17 01:52:31.387867,511
2026-02-17 01:52:31.395981,513
2026-02-17 01:52:31.403856,513
2026-02-17 01:52:31.411968,513
2026-02-17 01:52:31.419840,515
2026-02-17 01:52:31.427966,514
2026-02-17 01:52:31.435897,514
2026-02-17 01:52:31.443929,510
2026-02-17 01:52:31.451902,510
2026-02-17 01:52:31.459967,517
2026-02-17 01:52:31.467883,516
2026-02-17 01:52:31.475916,511
2026-02-17 01:52:31.483879,514
2026-02-17 01:52:31.492008,518
2026-02-17 01:52:31.499944,515
2026-02-17 01:52:31.507940,511
2026-02-17 01:52:31.516006,510
2026-02-17 01:52:31.523912,505
2026-02-17 01:52:31.531981,507
2026-02-17 01:52:31.539960,512
2026-02-17 01:52:31.548055,512
2026-02-17 01:52:31.555907,511
2026-02-17 01:52:31.564028,510
2026-02-17 01:52:31.571950,505
2026-02-17 01:52:31.580004,507
2026-02-17 01:52:31.587936,507
2026-02-17 01:52:31.596105,506
2026-02-17 01:52:31.604006,511
2026-02-17 01:52:31.612085,512
2026-02-17 01:52:31.619984,516
2026-02-17 01:52:31.627972,516
2026-02-17 01:52:31.635938,516
2026-02-17 01:52:31.644000,517
2026-02-17 01:52:31.651957,517
2026-02-17 01:52:31.660002,516
2026-02-17 01:52:31.667953,514
2026-02-17 01:52:31.676080,514
2026-02-17 01:52:31.683954,514
2026-02-17 01:52:31.691998,512
2026-02-17 01:52:31.699980,513
2026-02-17 01:52:31.708028,506
2026-02-17 01:52:31.716012,507
2026-02-17 01:52:31.723963,502
2026-02-17 01:52:31.732060,508
2026-02-17 01:52:31.739951,510
2026-02-17 01:52:31.748101,504
2026-02-17 01:52:31.755917,503
2026-02-17 01:52:31.764168,506
2026-02-17 01:52:31.772043,506
2026-02-17 01:52:31.780036,510
2026-02-17 01:52:31.787978,509
2026-02-17 01:52:31.796120,512
2026-02-17 01:52:31.803908,506
2026-02-17 01:52:31.812095,510
2026-02-17 01:52:31.819919,511
2026-02-17 01:52:31.828052,507
2026-02-17 01:52:31.835926,507
2026-02-17 01:52:31.844066,508
2026-02-17 01:52:31.851997,513
2026-02-17 01:52:31.860010,511
2026-02-17 01:52:31.867962,516
2026-02-17 01:52:31.875933,514
2026-02-17 01:52:31.883963,508
2026-02-17 01:52:31.892004,509
2026-02-17 01:52:31.899976,510
2026-02-17 01:52:31.907909,506
2026-02-17 01:52:31.916120,507
2026-02-17 01:52:31.923988,508
2026-02-17 01:52:31.932067,517
2026-02-17 01:52:31.940088,516
2026-02-17 01:52:31.948188,515
2026-02-17 01:52:31.955979,509
2026-02-17 01:52:31.964101,514
2026-02-17 01:52:31.971955,512
2026-02-17 01:52:31.980084,513
2026-02-17 01:52:31.987941,514
2026-02-17 01:52:31.996098,510
2026-02-17 01:52:32.003917,511
2026-02-17 01:52:32.012147,514
2026-02-17 01:52:32.019981,518
2026-02-17 01:52:32.027881,515
2026-02-17 01:52:32.035895,516
2026-02-17 01:52:32.043958,510
2026-02-17 01:52:32.051877,508
2026-02-17 01:52:32.060014,513
2026-02-17 01:52:32.068027,508
2026-02-17 01:52:32.075990,508
2026-02-17 01:52:32.083980,511
2026-02-17 01:52:32.091933,515
2026-02-17 01:52:32.099907,517
2026-02-17 01:52:32.107959,515
2026-02-17 01:52:32.116306,513
2026-02-17 01:52:32.123961,509
2026-02-17 01:52:32.132014,513
2026-02-17 01:52:32.139837,512
2026-02-17 01:52:32.148012,515
2026-02-17 01:52:32.155848,516
2026-02-17 01:52:32.164026,514
2026-02-17 01:52:32.171894,515
2026-02-17 01:52:32.180053,513
2026-02-17 01:52:32.187848,510
2026-02-17 01:52:32.196031,510
2026-02-17 01:52:32.203915,511
2026-02-17 01:52:32.211927,510
2026-02-17 01:52:32.219838,517
2026-02-17 01:52:32.228816,518
2026-02-17 01:52:32.235944,520
2026-02-17 01:52:32.243952,521
2026-02-17 01:52:32.251887,519
2026-02-17 01:52:32.259931,517
2026-02-17 01:52:32.267881,514
2026-02-17 01:52:32.275911,516
2026-02-17 01:52:32.283949,514
2026-02-17 01:52:32.291944,513
2026-02-17 01:52:32.299976,508
2026-02-17 01:52:32.307952,503
2026-02-17 01:52:32.316036,501
2026-02-17 01:52:32.323944,502
2026-02-17 01:52:32.332093,513
2026-02-17 01:52:32.339823,514
2026-02-17 01:52:32.347991,513
2026-02-17 01:52:32.355920,515
2026-02-17 01:52:32.363975,508
2026-02-17 01:52:32.371938,510
2026-02-17 01:52:32.380052,506
2026-02-17 01:52:32.387855,503
2026-02-17 01:52:32.395942,509
2026-02-17 01:52:32.403882,510
2026-02-17 01:52:32.411971,513
2026-02-17 01:52:32.419932,511
2026-02-17 01:52:32.427966,512
2026-02-17 01:52:32.435895,512
2026-02-17 01:52:32.443885,509
2026-02-17 01:52:32.451933,513
2026-02-17 01:52:32.459935,516
2026-02-17 01:52:32.467882,508
2026-02-17 01:52:32.475873,517
2026-02-17 01:52:32.483988,513
2026-02-17 01:52:32.491905,513
2026-02-17 01:52:32.500028,517
2026-02-17 01:52:32.507873,508
2026-02-17 01:52:32.516036,512
2026-02-17 01:52:32.523934,512
2026-02-17 01:52:32.531944,519
2026-02-17 01:52:32.540026,514
2026-02-17 01:52:32.548091,512
2026-02-17 01:52:32.556045,513
2026-02-17 01:52:32.564109,512
2026-02-17 01:52:32.571916,512
2026-02-17 01:52:32.580023,511
2026-02-17 01:52:32.588025,511
2026-02-17 01:52:32.596195,512
2026-02-17 01:52:32.603949,511
2026-02-17 01:52:32.611990,513
2026-02-17 01:52:32.619978,517
2026-02-17 01:52:32.627989,508
2026-02-17 01:52:32.635983,508
2026-02-17 01:52:32.644075,509
2026-02-17 01:52:32.651984,510
2026-02-17 01:52:32.659966,515
2026-02-17 01:52:32.667961,505
2026-02-17 01:52:32.675979,510
2026-02-17 01:52:32.684033,510
2026-02-17 01:52:32.691936,515
2026-02-17 01:52:32.700020,511
2026-02-17 01:52:32.707974,516
2026-02-17 01:52:32.716093,515
2026-02-17 01:52:32.723950,514
2026-02-17 01:52:32.732097,516
2026-02-17 01:52:32.739919,512
2026-02-17 01:52:32.748099,513
2026-02-17 01:52:32.755995,513
2026-02-17 01:52:32.764083,510
2026-02-17 01:52:32.771950,515
2026-02-17 01:52:32.780085,511
2026-02-17 01:52:32.787983,512
2026-02-17 01:52:32.796042,513
2026-02-17 01:52:32.803943,513
2026-02-17 01:52:32.812054,510
2026-02-17 01:52:32.819946,513
2026-02-17 01:52:32.828048,513
2026-02-17 01:52:32.835987,515
2026-02-17 01:52:32.844032,509
2026-02-17 01:52:32.852005,510
2026-02-17 01:52:32.860074,517
2026-02-17 01:52:32.867980,511
2026-02-17 01:52:32.876045,515
2026-02-17 01:52:32.884067,509
2026-02-17 01:52:32.891935,513
2026-02-17 01:52:32.900052,511
2026-02-17 01:52:32.907962,511
2026-02-17 01:52:32.916149,506
2026-02-17 01:52:32.924023,507
2026-02-17 01:52:32.932155,510
2026-02-17 01:52:32.940015,509
2026-02-17 01:52:32.948059,505
2026-02-17 01:52:32.956036,506
2026-02-17 01:52:32.964129,507
2026-02-17 01:52:32.971957,515
2026-02-17 01:52:32.980115,511
2026-02-17 01:52:32.987930,516
2026-02-17 01:52:32.996047,514
2026-02-17 01:52:33.003955,518
2026-02-17 01:52:33.012192,511
2026-02-17 01:52:33.020005,515
2026-02-17 01:52:33.027950,515
2026-02-17 01:52:33.035927,521
2026-02-17 01:52:33.044015,519
2026-02-17 01:52:33.051989,516
2026-02-17 01:52:33.060016,514
2026-02-17 01:52:33.068065,513
2026-02-17 01:52:33.075948,514
2026-02-17 01:52:33.084055,512
2026-02-17 01:52:33.091955,519
2026-02-17 01:52:33.100061,512
2026-02-17 01:52:33.107912,510
2026-02-17 01:52:33.116025,511
2026-02-17 01:52:33.123953,509
2026-02-17 01:52:33.132179,513
2026-02-17 01:52:33.140010,511
2026-02-17 01:52:33.148015,508
2026-02-17 01:52:33.155848,516
2026-02-17 01:52:33.164036,512
2026-02-17 01:52:33.171866,511
2026-02-17 01:52:33.180048,514
2026-02-17 01:52:33.187891,513
2026-02-17 01:52:33.195977,512
2026-02-17 01:52:33.203924,510
2026-02-17 01:52:33.211981,512
2026-02-17 01:52:33.219905,512
2026-02-17 01:52:33.227981,509
2026-02-17 01:52:33.235968,508
2026-02-17 01:52:33.244059,510
2026-02-17 01:52:33.251972,513
2026-02-17 01:52:33.259909,512
2026-02-17 01:52:33.267961,509
2026-02-17 01:52:33.275882,510
2026-02-17 01:52:33.283923,509
2026-02-17 01:52:33.291882,510
2026-02-17 01:52:33.299937,507
2026-02-17 01:52:33.307887,507
2026-02-17 01:52:33.315962,510
2026-02-17 01:52:33.323910,510
2026-02-17 01:52:33.331909,509
2026-02-17 01:52:33.339915,507
2026-02-17 01:52:33.347948,508
2026-02-17 01:52:33.355876,511
2026-02-17 01:52:33.363914,508
2026-02-17 01:52:33.371861,514
2026-02-17 01:52:33.379904,515
2026-02-17 01:52:33.387880,510
2026-02-17 01:52:33.395915,511
2026-02-17 01:52:33.403891,512
2026-02-17 01:52:33.411889,512
2026-02-17 01:52:33.419863,512
2026-02-17 01:52:33.427905,507
2026-02-17 01:52:33.435923,513
2026-02-17 01:52:33.443953,513
2026-02-17 01:52:33.451896,514
2026-02-17 01:52:33.460046,514
2026-02-17 01:52:33.468007,515
2026-02-17 01:52:33.475911,517
2026-02-17 01:52:33.484039,519
2026-02-17 01:52:33.491929,515
2026-02-17 01:52:33.500040,514
2026-02-17 01:52:33.507957,517
2026-02-17 01:52:33.516078,520
2026-02-17 01:52:33.524070,522
2026-02-17 01:52:33.531908,516
2026-02-17 01:52:33.540033,511
2026-02-17 01:52:33.548054,509
2026-02-17 01:52:33.555992,513
2026-02-17 01:52:33.564125,510
2026-02-17 01:52:33.571912,511
2026-02-17 01:52:33.580069,513
2026-02-17 01:52:33.587948,505
2026-02-17 01:52:33.596052,510
2026-02-17 01:52:33.603980,513
2026-02-17 01:52:33.612001,511
2026-02-17 01:52:33.619980,511
2026-02-17 01:52:33.627967,518
2026-02-17 01:52:33.636010,518
2026-02-17 01:52:33.644060,516
2026-02-17 01:52:33.652009,517
2026-02-17 01:52:33.659986,516
2026-02-17 01:52:33.668058,515
2026-02-17 01:52:33.675911,517
2026-02-17 01:52:33.684102,510
2026-02-17 01:52:33.691906,515
2026-02-17 01:52:33.700097,513
2026-02-17 01:52:33.707972,510
2026-02-17 01:52:33.716109,514
2026-02-17 01:52:33.724073,513
2026-02-17 01:52:33.732089,513
2026-02-17 01:52:33.739955,511
2026-02-17 01:52:33.748132,511
2026-02-17 01:52:33.755957,515
2026-02-17 01:52:33.764179,519
2026-02-17 01:52:33.771981,519
2026-02-17 01:52:33.780055,520
2026-02-17 01:52:33.787971,517
2026-02-17 01:52:33.796044,518
2026-02-17 01:52:33.803949,523
2026-02-17 01:52:33.811982,518
2026-02-17 01:52:33.819983,513
2026-02-17 01:52:33.828005,512
2026-02-17 01:52:33.836005,516
2026-02-17 01:52:33.844063,508
2026-02-17 01:52:33.852319,511
2026-02-17 01:52:33.859988,509
2026-02-17 01:52:33.868037,507
2026-02-17 01:52:33.875947,509
2026-02-17 01:52:33.884155,505
2026-02-17 01:52:33.891961,510
2026-02-17 01:52:33.900100,511
2026-02-17 01:52:33.907907,508
2026-02-17 01:52:33.916067,515
2026-02-17 01:52:33.924035,510
2026-02-17 01:52:33.932123,505
2026-02-17 01:52:33.939960,502
2026-02-17 01:52:33.948158,503
2026-02-17 01:52:33.956024,510
2026-02-17 01:52:33.964169,503
2026-02-17 01:52:33.971935,509
2026-02-17 01:52:33.980015,510
2026-02-17 01:52:33.987978,510
2026-02-17 01:52:33.996078,514
2026-02-17 01:52:34.004003,509
2026-02-17 01:52:34.012096,510
2026-02-17 01:52:34.020108,503
2026-02-17 01:52:34.028004,504
2026-02-17 01:52:34.035931,509
2026-02-17 01:52:34.043939,504
2026-02-17 01:52:34.052027,511
2026-02-17 01:52:34.059960,519
2026-02-17 01:52:34.068045,514
2026-02-17 01:52:34.075979,520
2026-02-17 01:52:34.084126,509
2026-02-17 01:52:34.091961,514
2026-02-17 01:52:34.100074,514
2026-02-17 01:52:34.107932,512
2026-02-17 01:52:34.116035,516
2026-02-17 01:52:34.124022,512
2026-02-17 01:52:34.132049,512
2026-02-17 01:52:34.139936,511
2026-02-17 01:52:34.148014,516
2026-02-17 01:52:34.155870,510
2026-02-17 01:52:34.163977,515
2026-02-17 01:52:34.171913,517
2026-02-17 01:52:34.180169,510
2026-02-17 01:52:34.188025,512
2026-02-17 01:52:34.196040,513
2026-02-17 01:52:34.203941,510
2026-02-17 01:52:34.211935,512
2026-02-17 01:52:34.219973,512
2026-02-17 01:52:34.227943,508
2026-02-17 01:52:34.235979,510
2026-02-17 01:52:34.243900,514
2026-02-17 01:52:34.251989,510
2026-02-17 01:52:34.259895,510
2026-02-17 01:52:34.267998,513
2026-02-17 01:52:34.275905,514
2026-02-17 01:52:34.284023,514
2026-02-17 01:52:34.292009,515
2026-02-17 01:52:34.300077,508
2026-02-17 01:52:34.307989,510
2026-02-17 01:52:34.316139,512
2026-02-17 01:52:34.323896,513
2026-02-17 01:52:34.332024,511
2026-02-17 01:52:34.339944,512
2026-02-17 01:52:34.347993,517
2026-02-17 01:52:34.355874,519
2026-02-17 01:52:34.364014,516
2026-02-17 01:52:34.371946,519
2026-02-17 01:52:34.379977,515
2026-02-17 01:52:34.387961,520
2026-02-17 01:52:34.395947,518
2026-02-17 01:52:34.403910,512
2026-02-17 01:52:34.411976,513
2026-02-17 01:52:34.419930,515
2026-02-17 01:52:34.427953,516
2026-02-17 01:52:34.435889,511
2026-02-17 01:52:34.443951,514
2026-02-17 01:52:34.452016,515
2026-02-17 01:52:34.459904,513
2026-02-17 01:52:34.468051,517
2026-02-17 01:52:34.475864,514
2026-02-17 01:52:34.484036,512
2026-02-17 01:52:34.491865,514
2026-02-17 01:52:34.500039,518
2026-02-17 01:52:34.507866,513
2026-02-17 01:52:34.516104,515
2026-02-17 01:52:34.524066,514
2026-02-17 01:52:34.532009,517
2026-02-17 01:52:34.540106,514
2026-02-17 01:52:34.548159,512
2026-02-17 01:52:34.555998,513
2026-02-17 01:52:34.564080,511
2026-02-17 01:52:34.571948,512
2026-02-17 01:52:34.580049,509
2026-02-17 01:52:34.587960,515
2026-02-17 01:52:34.596021,514
2026-02-17 01:52:34.604018,517
2026-02-17 01:52:34.612123,517
2026-02-17 01:52:34.620001,512
2026-02-17 01:52:34.628061,509
2026-02-17 01:52:34.636044,513
2026-02-17 01:52:34.644024,517
2026-02-17 01:52:34.652101,517
2026-02-17 01:52:34.659976,514
2026-02-17 01:52:34.668083,508
2026-02-17 01:52:34.675937,514
2026-02-17 01:52:34.684068,508
2026-02-17 01:52:34.691899,510
2026-02-17 01:52:34.700075,507
2026-02-17 01:52:34.708155,504
2026-02-17 01:52:34.716090,510
2026-02-17 01:52:34.723981,514
2026-02-17 01:52:34.732204,514
2026-02-17 01:52:34.739957,512
2026-02-17 01:52:34.748139,510
2026-02-17 01:52:34.756006,508
2026-02-17 01:52:34.764070,512
2026-02-17 01:52:34.771996,516
2026-02-17 01:52:34.780009,512
2026-02-17 01:52:34.787997,509
2026-02-17 01:52:34.796001,510
2026-02-17 01:52:34.803979,511
2026-02-17 01:52:34.812079,515
2026-02-17 01:52:34.820012,502
2026-02-17 01:52:34.828081,496
2026-02-17 01:52:34.836030,501
2026-02-17 01:52:34.844020,495
2026-02-17 01:52:34.852084,507
2026-02-17 01:52:34.859997,506
2026-02-17 01:52:34.868020,514
2026-02-17 01:52:34.875968,519
2026-02-17 01:52:34.884105,524
2026-02-17 01:52:34.892068,521
2026-02-17 01:52:34.900100,523
2026-02-17 01:52:34.907990,527
2026-02-17 01:52:34.916134,535
2026-02-17 01:52:34.924013,531
2026-02-17 01:52:34.932191,541
2026-02-17 01:52:34.940039,545
2026-02-17 01:52:34.948153,545
2026-02-17 01:52:34.956040,548
2026-02-17 01:52:34.964169,545
2026-02-17 01:52:34.971964,548
2026-02-17 01:52:34.980062,539
2026-02-17 01:52:34.988017,538
2026-02-17 01:52:34.996060,535
2026-02-17 01:52:35.004010,528
2026-02-17 01:52:35.012159,527
2026-02-17 01:52:35.020067,527
2026-02-17 01:52:35.028086,527
2026-02-17 01:52:35.035936,529
2026-02-17 01:52:35.043966,526
2026-02-17 01:52:35.051960,531
2026-02-17 01:52:35.059928,527
2026-02-17 01:52:35.068110,524
2026-02-17 01:52:35.075986,524
2026-02-17 01:52:35.084197,521
2026-02-17 01:52:35.092091,520
2026-02-17 01:52:35.099968,520
2026-02-17 01:52:35.107996,527
2026-02-17 01:52:35.116060,532
2026-02-17 01:52:35.124029,533
2026-02-17 01:52:35.132070,526
2026-02-17 01:52:35.139947,527
2026-02-17 01:52:35.148011,524
2026-02-17 01:52:35.155882,532
2026-02-17 01:52:35.164003,523
2026-02-17 01:52:35.171926,524
2026-02-17 01:52:35.180037,523
2026-02-17 01:52:35.187988,518
2026-02-17 01:52:35.195987,523
2026-02-17 01:52:35.203983,523
2026-02-17 01:52:35.212039,526
2026-02-17 01:52:35.219963,522
2026-02-17 01:52:35.227983,518
2026-02-17 01:52:35.236038,522
2026-02-17 01:52:35.243959,520
2026-02-17 01:52:35.252087,517
2026-02-17 01:52:35.259989,517
2026-02-17 01:52:35.268039,517
2026-02-17 01:52:35.275879,520
2026-02-17 01:52:35.284039,515
2026-02-17 01:52:35.292033,517
2026-02-17 01:52:35.300051,516
2026-02-17 01:52:35.307929,514
2026-02-17 01:52:35.316049,520
2026-02-17 01:52:35.323888,515
2026-02-17 01:52:35.332049,512
2026-02-17 01:52:35.339945,508
2026-02-17 01:52:35.348029,510
2026-02-17 01:52:35.355927,516
2026-02-17 01:52:35.363985,514
2026-02-17 01:52:35.371971,517
2026-02-17 01:52:35.379914,513
2026-02-17 01:52:35.387898,511
2026-02-17 01:52:35.395971,514
2026-02-17 01:52:35.403974,516
2026-02-17 01:52:35.412091,517
2026-02-17 01:52:35.419967,510
2026-02-17 01:52:35.427905,509
2026-02-17 01:52:35.435982,518
2026-02-17 01:52:35.443932,514
2026-02-17 01:52:35.452028,515
2026-02-17 01:52:35.459906,517
2026-02-17 01:52:35.468047,516
2026-02-17 01:52:35.475983,520
2026-02-17 01:52:35.484060,514
2026-02-17 01:52:35.491915,523
2026-02-17 01:52:35.500079,518
2026-02-17 01:52:35.507889,516
2026-02-17 01:52:35.516131,539
2026-02-17 01:52:35.524030,507
2026-02-17 01:52:35.532043,507
2026-02-17 01:52:35.540070,487
2026-02-17 01:52:35.548165,476
2026-02-17 01:52:35.555989,475
2026-02-17 01:52:35.564013,458
2026-02-17 01:52:35.571933,451
2026-02-17 01:52:35.580038,452
2026-02-17 01:52:35.588000,450
2026-02-17 01:52:35.596153,451
2026-02-17 01:52:35.604042,451
2026-02-17 01:52:35.612061,471
2026-02-17 01:52:35.620061,473
2026-02-17 01:52:35.628063,473
2026-02-17 01:52:35.636056,483
2026-02-17 01:52:35.643986,486
2026-02-17 01:52:35.652140,494
2026-02-17 01:52:35.659930,502
2026-02-17 01:52:35.668174,503
2026-02-17 01:52:35.675999,508
2026-02-17 01:52:35.684134,510
2026-02-17 01:52:35.692082,515
2026-02-17 01:52:35.700076,514
2026-02-17 01:52:35.708132,509
2026-02-17 01:52:35.716161,515
2026-02-17 01:52:35.724009,511
2026-02-17 01:52:35.732130,521
2026-02-17 01:52:35.739967,522
2026-02-17 01:52:35.748048,507
2026-02-17 01:52:35.755972,503
2026-02-17 01:52:35.764037,499
2026-02-17 01:52:35.772034,502
2026-02-17 01:52:35.780137,489
2026-02-17 01:52:35.788043,490
2026-02-17 01:52:35.796244,492
2026-02-17 01:52:35.804054,494
2026-02-17 01:52:35.812056,497
2026-02-17 01:52:35.820150,501
2026-02-17 01:52:35.828047,501
2026-02-17 01:52:35.836126,506
2026-02-17 01:52:35.844071,512
2026-02-17 01:52:35.852235,509
2026-02-17 01:52:35.859990,504
2026-02-17 01:52:35.868075,514
2026-02-17 01:52:35.876120,521
2026-02-17 01:52:35.884067,514
2026-02-17 01:52:35.892063,519
2026-02-17 01:52:35.900069,518
2026-02-17 01:52:35.907975,520
2026-02-17 01:52:35.916133,519
2026-02-17 01:52:35.923971,520
2026-02-17 01:52:35.932086,518
2026-02-17 01:52:35.939986,519
2026-02-17 01:52:35.948052,518
2026-02-17 01:52:35.956017,522
2026-02-17 01:52:35.963982,514
2026-02-17 01:52:35.972012,518
2026-02-17 01:52:35.980108,518
2026-02-17 01:52:35.988022,518
2026-02-17 01:52:35.996019,518
2026-02-17 01:52:36.004018,518
2026-02-17 01:52:36.012050,515
2026-02-17 01:52:36.020146,513
2026-02-17 01:52:36.027961,516
2026-02-17 01:52:36.035956,520
2026-02-17 01:52:36.043983,511
2026-02-17 01:52:36.052005,513
2026-02-17 01:52:36.060094,506
2026-02-17 01:52:36.068111,509
2026-02-17 01:52:36.076041,510
2026-02-17 01:52:36.084122,508
2026-02-17 01:52:36.092148,512
2026-02-17 01:52:36.100017,508
2026-02-17 01:52:36.107991,510
2026-02-17 01:52:36.116094,516
2026-02-17 01:52:36.124075,515
2026-02-17 01:52:36.132101,515
2026-02-17 01:52:36.140002,513
2026-02-17 01:52:36.148028,516
2026-02-17 01:52:36.155919,517
2026-02-17 01:52:36.164048,516
2026-02-17 01:52:36.171937,524
2026-02-17 01:52:36.179944,505
2026-02-17 01:52:36.187939,507
2026-02-17 01:52:36.195969,501
2026-02-17 01:52:36.203993,497
2026-02-17 01:52:36.211916,501
2026-02-17 01:52:36.220022,501
2026-02-17 01:52:36.228045,500
2026-02-17 01:52:36.236051,505
2026-02-17 01:52:36.243890,509
2026-02-17 01:52:36.252143,507
2026-02-17 01:52:36.259902,505
2026-02-17 01:52:36.268059,506
2026-02-17 01:52:36.275926,509
2026-02-17 01:52:36.284047,514
2026-02-17 01:52:36.291996,516
2026-02-17 01:52:36.300075,513
2026-02-17 01:52:36.307963,510
2026-02-17 01:52:36.316003,510
2026-02-17 01:52:36.323931,510
2026-02-17 01:52:36.332045,513
2026-02-17 01:52:36.339929,510
2026-02-17 01:52:36.348028,510
2026-02-17 01:52:36.355912,510
2026-02-17 01:52:36.363941,513
2026-02-17 01:52:36.372018,516
2026-02-17 01:52:36.379929,513
2026-02-17 01:52:36.387962,516
2026-02-17 01:52:36.395947,515
2026-02-17 01:52:36.404013,514
2026-02-17 01:52:36.411905,513
2026-02-17 01:52:36.420163,512
2026-02-17 01:52:36.428007,514
2026-02-17 01:52:36.436039,510
2026-02-17 01:52:36.443921,501
2026-02-17 01:52:36.452146,502
2026-02-17 01:52:36.460068,500
2026-02-17 01:52:36.468076,505
2026-02-17 01:52:36.475982,509
2026-02-17 01:52:36.484070,510
2026-02-17 01:52:36.491921,514
2026-02-17 01:52:36.500033,513
2026-02-17 01:52:36.507913,516
2026-02-17 01:52:36.516082,513
2026-02-17 01:52:36.524052,516
2026-02-17 01:52:36.532025,516
2026-02-17 01:52:36.540091,515
2026-02-17 01:52:36.548012,508
2026-02-17 01:52:36.556022,515
2026-02-17 01:52:36.564067,510
2026-02-17 01:52:36.571985,515
2026-02-17 01:52:36.580050,509
2026-02-17 01:52:36.588056,511
2026-02-17 01:52:36.596073,509
2026-02-17 01:52:36.604067,508
2026-02-17 01:52:36.612052,503
2026-02-17 01:52:36.620085,508
2026-02-17 01:52:36.627993,504
2026-02-17 01:52:36.636105,510
2026-02-17 01:52:36.644089,511
2026-02-17 01:52:36.652193,513
2026-02-17 01:52:36.660029,506
2026-02-17 01:52:36.668118,510
2026-02-17 01:52:36.676151,507
2026-02-17 01:52:36.684240,509
2026-02-17 01:52:36.692004,510
2026-02-17 01:52:36.700195,508
2026-02-17 01:52:36.708113,509
2026-02-17 01:52:36.716149,513
2026-02-17 01:52:36.724048,513
2026-02-17 01:52:36.732098,513
2026-02-17 01:52:36.740020,516
2026-02-17 01:52:36.748024,513
2026-02-17 01:52:36.756047,514
2026-02-17 01:52:36.764113,516
2026-02-17 01:52:36.772038,516
2026-02-17 01:52:36.780098,507
2026-02-17 01:52:36.788039,505
2026-02-17 01:52:36.796075,513
2026-02-17 01:52:36.804078,511
2026-02-17 01:52:36.811972,510
2026-02-17 01:52:36.820129,511
2026-02-17 01:52:36.828003,516
2026-02-17 01:52:36.836267,515
2026-02-17 01:52:36.844062,510
2026-02-17 01:52:36.852560,513
2026-02-17 01:52:36.860222,508
2026-02-17 01:52:36.868181,509
2026-02-17 01:52:36.876101,516
2026-02-17 01:52:36.884178,507
2026-02-17 01:52:36.891992,514
2026-02-17 01:52:36.900119,520
2026-02-17 01:52:36.908036,512
2026-02-17 01:52:36.916115,512
2026-02-17 01:52:36.923978,510
2026-02-17 01:52:36.932054,517
2026-02-17 01:52:36.940007,511
2026-02-17 01:52:36.948115,513
2026-02-17 01:52:36.956031,516
2026-02-17 01:52:36.964134,513
2026-02-17 01:52:36.972063,515
2026-02-17 01:52:36.980054,513
2026-02-17 01:52:36.988050,512
2026-02-17 01:52:36.996049,509
2026-02-17 01:52:37.004113,516
2026-02-17 01:52:37.012134,516
2026-02-17 01:52:37.020171,514
2026-02-17 01:52:37.027961,512
2026-02-17 01:52:37.035954,512
2026-02-17 01:52:37.044018,513
2026-02-17 01:52:37.052039,517
2026-02-17 01:52:37.060035,514
2026-02-17 01:52:37.068109,515
2026-02-17 01:52:37.076039,517
2026-02-17 01:52:37.084177,512
2026-02-17 01:52:37.091967,513
2026-02-17 01:52:37.099954,512
2026-02-17 01:52:37.108032,509
2026-02-17 01:52:37.116088,512
2026-02-17 01:52:37.123974,513
2026-02-17 01:52:37.132015,513
2026-02-17 01:52:37.139981,509
2026-02-17 01:52:37.147966,508
2026-02-17 01:52:37.155948,517
2026-02-17 01:52:37.163954,511
2026-02-17 01:52:37.171957,516
2026-02-17 01:52:37.179997,512
2026-02-17 01:52:37.188083,510
2026-02-17 01:52:37.195957,513
2026-02-17 01:52:37.204034,510
2026-02-17 01:52:37.212000,517
2026-02-17 01:52:37.220103,511
2026-02-17 01:52:37.228013,515
2026-02-17 01:52:37.236049,515
2026-02-17 01:52:37.243945,507
2026-02-17 01:52:37.252161,507
2026-02-17 01:52:37.259953,504
2026-02-17 01:52:37.268041,508
2026-02-17 01:52:37.275961,515
2026-02-17 01:52:37.284095,513
2026-02-17 01:52:37.291961,512
2026-02-17 01:52:37.300085,509
2026-02-17 01:52:37.307937,512
2026-02-17 01:52:37.315997,519
2026-02-17 01:52:37.323913,516
2026-02-17 01:52:37.332114,518
2026-02-17 01:52:37.340012,513
2026-02-17 01:52:37.348021,510
2026-02-17 01:52:37.355995,512
2026-02-17 01:52:37.363980,510
2026-02-17 01:52:37.371939,511
2026-02-17 01:52:37.380068,513
2026-02-17 01:52:37.388085,512
2026-02-17 01:52:37.395913,518
2026-02-17 01:52:37.404049,515
2026-02-17 01:52:37.412013,516
2026-02-17 01:52:37.420063,514
2026-02-17 01:52:37.428007,509
2026-02-17 01:52:37.436044,515
2026-02-17 01:52:37.443976,511
2026-02-17 01:52:37.452146,514
2026-02-17 01:52:37.460038,513
2026-02-17 01:52:37.468061,518
2026-02-17 01:52:37.475941,514
2026-02-17 01:52:37.484031,511
2026-02-17 01:52:37.491924,513
2026-02-17 01:52:37.500028,515
2026-02-17 01:52:37.507949,512
2026-02-17 01:52:37.516045,508
2026-02-17 01:52:37.524038,510
2026-02-17 01:52:37.531973,515
2026-02-17 01:52:37.540090,516
2026-02-17 01:52:37.548079,515
2026-02-17 01:52:37.556059,518
2026-02-17 01:52:37.564032,511
2026-02-17 01:52:37.571994,514
2026-02-17 01:52:37.580044,514
2026-02-17 01:52:37.588126,514
2026-02-17 01:52:37.596038,511
2026-02-17 01:52:37.604156,508
2026-02-17 01:52:37.611956,512
2026-02-17 01:52:37.620115,510
2026-02-17 01:52:37.627976,509
2026-02-17 01:52:37.636146,510
2026-02-17 01:52:37.644073,507
2026-02-17 01:52:37.652174,511
2026-02-17 01:52:37.660026,508
2026-02-17 01:52:37.668153,515
2026-02-17 01:52:37.676025,512
2026-02-17 01:52:37.684144,518
2026-02-17 01:52:37.692007,518
2026-02-17 01:52:37.700129,515
2026-02-17 01:52:37.708045,514
2026-02-17 01:52:37.716092,517
2026-02-17 01:52:37.724002,518
2026-02-17 01:52:37.732064,515
2026-02-17 01:52:37.740015,516
2026-02-17 01:52:37.748122,517
2026-02-17 01:52:37.756038,519
2026-02-17 01:52:37.764090,520
2026-02-17 01:52:37.772057,514
2026-02-17 01:52:37.780034,509
2026-02-17 01:52:37.788130,508
2026-02-17 01:52:37.796115,513
2026-02-17 01:52:37.804193,513
2026-02-17 01:52:37.812075,507
2026-02-17 01:52:37.820130,510
2026-02-17 01:52:37.827985,505
2026-02-17 01:52:37.836125,510
2026-02-17 01:52:37.844012,511
2026-02-17 01:52:37.853044,510
2026-02-17 01:52:37.860051,505
2026-02-17 01:52:37.868185,505
2026-02-17 01:52:37.876096,511
2026-02-17 01:52:37.884185,510
2026-02-17 01:52:37.892061,512
2026-02-17 01:52:37.900135,508
2026-02-17 01:52:37.908017,516
2026-02-17 01:52:37.916105,514
2026-02-17 01:52:37.924045,514
2026-02-17 01:52:37.932221,509
2026-02-17 01:52:37.940093,509
2026-02-17 01:52:37.948247,502
2026-02-17 01:52:37.956050,513
2026-02-17 01:52:37.964547,510
2026-02-17 01:52:37.972084,508
2026-02-17 01:52:37.980041,506
2026-02-17 01:52:37.988170,511
2026-02-17 01:52:37.996118,511
2026-02-17 01:52:38.004121,507
2026-02-17 01:52:38.012074,516
2026-02-17 01:52:38.020135,511
2026-02-17 01:52:38.028246,516
2026-02-17 01:52:38.036031,514
2026-02-17 01:52:38.043979,514
2026-02-17 01:52:38.052017,517
2026-02-17 01:52:38.060069,512
2026-02-17 01:52:38.068186,509
2026-02-17 01:52:38.076042,506
2026-02-17 01:52:38.084080,502
2026-02-17 01:52:38.092423,508
2026-02-17 01:52:38.100148,510
2026-02-17 01:52:38.108063,512
2026-02-17 01:52:38.116081,516
2026-02-17 01:52:38.123995,519
2026-02-17 01:52:38.131976,514
2026-02-17 01:52:38.140001,515
2026-02-17 01:52:38.147947,518
2026-02-17 01:52:38.156009,519
2026-02-17 01:52:38.164063,516
2026-02-17 01:52:38.172111,514
2026-02-17 01:52:38.180019,509
2026-02-17 01:52:38.188096,510
2026-02-17 01:52:38.195919,511
2026-02-17 01:52:38.204085,511
2026-02-17 01:52:38.211932,510
2026-02-17 01:52:38.220132,506
2026-02-17 01:52:38.227972,510
2026-02-17 01:52:38.236114,510
2026-02-17 01:52:38.243972,514
2026-02-17 01:52:38.252124,516
2026-02-17 01:52:38.260082,509
2026-02-17 01:52:38.268071,510
2026-02-17 01:52:38.275954,514
2026-02-17 01:52:38.284013,506
2026-02-17 01:52:38.291964,512
2026-02-17 01:52:38.299979,502
2026-02-17 01:52:38.307961,502
2026-02-17 01:52:38.316006,502
2026-02-17 01:52:38.323990,505
2026-02-17 01:52:38.331940,506
2026-02-17 01:52:38.339941,505
2026-02-17 01:52:38.347995,504
2026-02-17 01:52:38.355949,509
2026-02-17 01:52:38.363922,513
2026-02-17 01:52:38.371960,514
2026-02-17 01:52:38.379931,511
2026-02-17 01:52:38.387982,514
2026-02-17 01:52:38.395923,514
2026-02-17 01:52:38.404002,513
2026-02-17 01:52:38.411968,520
2026-02-17 01:52:38.419984,519
2026-02-17 01:52:38.427979,516
2026-02-17 01:52:38.436008,515
2026-02-17 01:52:38.443994,512
2026-02-17 01:52:38.451976,515
2026-02-17 01:52:38.460062,515
2026-02-17 01:52:38.468073,517
2026-02-17 01:52:38.475965,513
2026-02-17 01:52:38.484092,515
2026-02-17 01:52:38.491930,522
2026-02-17 01:52:38.500048,509
2026-02-17 01:52:38.507938,515
2026-02-17 01:52:38.516152,512
2026-02-17 01:52:38.524071,512
2026-02-17 01:52:38.532013,516
2026-02-17 01:52:38.540087,514
2026-02-17 01:52:38.548146,513
2026-02-17 01:52:38.556071,514
2026-02-17 01:52:38.564021,516
2026-02-17 01:52:38.572065,514
2026-02-17 01:52:38.580026,510
2026-02-17 01:52:38.588137,513
2026-02-17 01:52:38.596027,516
2026-02-17 01:52:38.604181,510
2026-02-17 01:52:38.612125,511
2026-02-17 01:52:38.620208,512
2026-02-17 01:52:38.628735,508
2026-02-17 01:52:38.636180,512
2026-02-17 01:52:38.644107,512
2026-02-17 01:52:38.652161,514
2026-02-17 01:52:38.660042,516
2026-02-17 01:52:38.668234,516
2026-02-17 01:52:38.676018,513
2026-02-17 01:52:38.684096,514
2026-02-17 01:52:38.692049,509
2026-02-17 01:52:38.700106,509
2026-02-17 01:52:38.708030,516
2026-02-17 01:52:38.716142,518
2026-02-17 01:52:38.724079,517
2026-02-17 01:52:38.732261,519
2026-02-17 01:52:38.740062,516
2026-02-17 01:52:38.748083,511
2026-02-17 01:52:38.756087,521
2026-02-17 01:52:38.764048,520
2026-02-17 01:52:38.772149,517
2026-02-17 01:52:38.780037,519
2026-02-17 01:52:38.788124,519
2026-02-17 01:52:38.796049,522
2026-02-17 01:52:38.804184,520
2026-02-17 01:52:38.812108,520
2026-02-17 01:52:38.820201,519
2026-02-17 01:52:38.828211,519
2026-02-17 01:52:38.836194,518
2026-02-17 01:52:38.844109,516
2026-02-17 01:52:38.852371,514
2026-02-17 01:52:38.860079,507
2026-02-17 01:52:38.868151,513
2026-02-17 01:52:38.876247,513
2026-02-17 01:52:38.884154,516
2026-02-17 01:52:38.892068,516
2026-02-17 01:52:38.900202,516
2026-02-17 01:52:38.908028,514
2026-02-17 01:52:38.916099,513
2026-02-17 01:52:38.924082,518
2026-02-17 01:52:38.931999,524
2026-02-17 01:52:38.940079,518
2026-02-17 01:52:38.948090,516
2026-02-17 01:52:38.956066,517
2026-02-17 01:52:38.964113,515
2026-02-17 01:52:38.972130,513
2026-02-17 01:52:38.979987,515
2026-02-17 01:52:38.988150,517
2026-02-17 01:52:38.995954,516
2026-02-17 01:52:39.004158,514
2026-02-17 01:52:39.012122,519
2026-02-17 01:52:39.020184,513
2026-02-17 01:52:39.028085,514
2026-02-17 01:52:39.036000,520
2026-02-17 01:52:39.043953,509
2026-02-17 01:52:39.052082,517
2026-02-17 01:52:39.060113,509
2026-02-17 01:52:39.068199,510
2026-02-17 01:52:39.076032,512
2026-02-17 01:52:39.084101,513
2026-02-17 01:52:39.092083,515
2026-02-17 01:52:39.100107,513
2026-02-17 01:52:39.108078,514
2026-02-17 01:52:39.116142,513
2026-02-17 01:52:39.124102,508
2026-02-17 01:52:39.132861,513
2026-02-17 01:52:39.140109,512
2026-02-17 01:52:39.148064,508
2026-02-17 01:52:39.156141,511
2026-02-17 01:52:39.164029,513
2026-02-17 01:52:39.172079,515
2026-02-17 01:52:39.180004,507
2026-02-17 01:52:39.188081,515
2026-02-17 01:52:39.196075,514
2026-02-17 01:52:39.204082,511
2026-02-17 01:52:39.211931,515
2026-02-17 01:52:39.220110,513
2026-02-17 01:52:39.227959,509
2026-02-17 01:52:39.236137,513
2026-02-17 01:52:39.243968,510
2026-02-17 01:52:39.252146,511
2026-02-17 01:52:39.260006,510
2026-02-17 01:52:39.268075,514
2026-02-17 01:52:39.275992,520
2026-02-17 01:52:39.284016,512
2026-02-17 01:52:39.291988,523
2026-02-17 01:52:39.300075,527
2026-02-17 01:52:39.307999,535
2026-02-17 01:52:39.315998,542
2026-02-17 01:52:39.323991,552
2026-02-17 01:52:39.332037,552
2026-02-17 01:52:39.339999,550
2026-02-17 01:52:39.347953,556
2026-02-17 01:52:39.356025,561
2026-02-17 01:52:39.363921,555
2026-02-17 01:52:39.372117,562
2026-02-17 01:52:39.379978,553
2026-02-17 01:52:39.388081,554
2026-02-17 01:52:39.396000,547
2026-02-17 01:52:39.404106,547
2026-02-17 01:52:39.412018,541
2026-02-17 01:52:39.420115,531
2026-02-17 01:52:39.428001,532
2026-02-17 01:52:39.436155,534
2026-02-17 01:52:39.443996,529
2026-02-17 01:52:39.452141,532
2026-02-17 01:52:39.460017,529
2026-02-17 01:52:39.468031,528
2026-02-17 01:52:39.475952,530
2026-02-17 01:52:39.484011,528
2026-02-17 01:52:39.491952,527
2026-02-17 01:52:39.500007,525
2026-02-17 01:52:39.507936,524
2026-02-17 01:52:39.516190,529
2026-02-17 01:52:39.524124,525
2026-02-17 01:52:39.532040,529
2026-02-17 01:52:39.540474,522
2026-02-17 01:52:39.548082,526
2026-02-17 01:52:39.556164,521
2026-02-17 01:52:39.563988,516
2026-02-17 01:52:39.572068,518
2026-02-17 01:52:39.579981,518
2026-02-17 01:52:39.588174,517
2026-02-17 01:52:39.595949,516
2026-02-17 01:52:39.604332,507
2026-02-17 01:52:39.612039,506
2026-02-17 01:52:39.620116,513
2026-02-17 01:52:39.628052,518
2026-02-17 01:52:39.636183,520
2026-02-17 01:52:39.644121,521
2026-02-17 01:52:39.652216,510
2026-02-17 01:52:39.660071,513
2026-02-17 01:52:39.668309,513
2026-02-17 01:52:39.676062,529
2026-02-17 01:52:39.684099,504
2026-02-17 01:52:39.692056,495
2026-02-17 01:52:39.700089,493
2026-02-17 01:52:39.708040,480
2026-02-17 01:52:39.716073,472
2026-02-17 01:52:39.724097,457
2026-02-17 01:52:39.732104,444
2026-02-17 01:52:39.740106,437
2026-02-17 01:52:39.748124,427
2026-02-17 01:52:39.756115,421
2026-02-17 01:52:39.764068,414
2026-02-17 01:52:39.772316,420
2026-02-17 01:52:39.780088,417
2026-02-17 01:52:39.788132,430
2026-02-17 01:52:39.795998,447
2026-02-17 01:52:39.804300,462
2026-02-17 01:52:39.812126,471
2026-02-17 01:52:39.820203,477
2026-02-17 01:52:39.828027,480
2026-02-17 01:52:39.836198,492
2026-02-17 01:52:39.844062,496
2026-02-17 01:52:39.852189,504
2026-02-17 01:52:39.860157,508
2026-02-17 01:52:39.868156,509
2026-02-17 01:52:39.876089,516
2026-02-17 01:52:39.884230,517
2026-02-17 01:52:39.892102,519
2026-02-17 01:52:39.900093,520
2026-02-17 01:52:39.908055,521
2026-02-17 01:52:39.916320,518
2026-02-17 01:52:39.924132,519
2026-02-17 01:52:39.932087,518
2026-02-17 01:52:39.940159,517
2026-02-17 01:52:39.948072,517
2026-02-17 01:52:39.956059,524
2026-02-17 01:52:39.964097,512
2026-02-17 01:52:39.972045,509
2026-02-17 01:52:39.980100,503
2026-02-17 01:52:39.988135,512
2026-02-17 01:52:39.996057,520
2026-02-17 01:52:40.004171,519
2026-02-17 01:52:40.012065,520
2026-02-17 01:52:40.020134,517
2026-02-17 01:52:40.027998,516
2026-02-17 01:52:40.036018,515
2026-02-17 01:52:40.043999,522
2026-02-17 01:52:40.052108,517
2026-02-17 01:52:40.060030,516
2026-02-17 01:52:40.068024,518
2026-02-17 01:52:40.075977,518
2026-02-17 01:52:40.084109,520
2026-02-17 01:52:40.091994,518
2026-02-17 01:52:40.100053,514
2026-02-17 01:52:40.107950,513
2026-02-17 01:52:40.116091,514
2026-02-17 01:52:40.123939,516
2026-02-17 01:52:40.132006,513
2026-02-17 01:52:40.140094,512
2026-02-17 01:52:40.147999,516
2026-02-17 01:52:40.156078,515
2026-02-17 01:52:40.164021,511
2026-02-17 01:52:40.172071,523
2026-02-17 01:52:40.179969,506
2026-02-17 01:52:40.188032,504
2026-02-17 01:52:40.195973,506
2026-02-17 01:52:40.204106,501
2026-02-17 01:52:40.212063,506
2026-02-17 01:52:40.220115,501
2026-02-17 01:52:40.228003,509
2026-02-17 01:52:40.236102,503
2026-02-17 01:52:40.244066,506
2026-02-17 01:52:40.252096,507
2026-02-17 01:52:40.260009,509
2026-02-17 01:52:40.268139,508
2026-02-17 01:52:40.276023,514
2026-02-17 01:52:40.283972,513
2026-02-17 01:52:40.291984,510
2026-02-17 01:52:40.300081,510
2026-02-17 01:52:40.307935,509
2026-02-17 01:52:40.316017,515
2026-02-17 01:52:40.323972,511
2026-02-17 01:52:40.332009,518
2026-02-17 01:52:40.340043,516
2026-02-17 01:52:40.348058,513
2026-02-17 01:52:40.356100,508
2026-02-17 01:52:40.364032,501
2026-02-17 01:52:40.372050,500
2026-02-17 01:52:40.380088,510
2026-02-17 01:52:40.387995,509
2026-02-17 01:52:40.395957,517
2026-02-17 01:52:40.404076,508
2026-02-17 01:52:40.412060,509
2026-02-17 01:52:40.420090,511
2026-02-17 01:52:40.428062,516
2026-02-17 01:52:40.436049,512
2026-02-17 01:52:40.443941,514
2026-02-17 01:52:40.452079,518
2026-02-17 01:52:40.459939,518
2026-02-17 01:52:40.468126,521
2026-02-17 01:52:40.475939,517
2026-02-17 01:52:40.484073,515
2026-02-17 01:52:40.492004,517
2026-02-17 01:52:40.500030,519
2026-02-17 01:52:40.508083,515
2026-02-17 01:52:40.515996,516
2026-02-17 01:52:40.524077,515
2026-02-17 01:52:40.532055,513
2026-02-17 01:52:40.540021,512
2026-02-17 01:52:40.548110,512
2026-02-17 01:52:40.556090,512
2026-02-17 01:52:40.564092,509
2026-02-17 01:52:40.572095,514
2026-02-17 01:52:40.580112,515
2026-02-17 01:52:40.588023,512
2026-02-17 01:52:40.595984,514
2026-02-17 01:52:40.604123,514
2026-02-17 01:52:40.612141,514
2026-02-17 01:52:40.620104,510
2026-02-17 01:52:40.628072,511
2026-02-17 01:52:40.636121,512
2026-02-17 01:52:40.643989,510
2026-02-17 01:52:40.652094,511
2026-02-17 01:52:40.660112,509
2026-02-17 01:52:40.668120,513
2026-02-17 01:52:40.675998,513
2026-02-17 01:52:40.684132,510
2026-02-17 01:52:40.691979,510
2026-02-17 01:52:40.700101,507
2026-02-17 01:52:40.708024,512
2026-02-17 01:52:40.716277,509
2026-02-17 01:52:40.724024,508
2026-02-17 01:52:40.732051,507
2026-02-17 01:52:40.740044,508
2026-02-17 01:52:40.748067,511
2026-02-17 01:52:40.756123,509
2026-02-17 01:52:40.764059,504
2026-02-17 01:52:40.772134,509
2026-02-17 01:52:40.780082,505
2026-02-17 01:52:40.788040,508
2026-02-17 01:52:40.796087,510
2026-02-17 01:52:40.804113,506
2026-02-17 01:52:40.812042,510
2026-02-17 01:52:40.820173,508
2026-02-17 01:52:40.828055,511
2026-02-17 01:52:40.836165,509
2026-02-17 01:52:40.843967,513
2026-02-17 01:52:40.852317,512
2026-02-17 01:52:40.860073,507
2026-02-17 01:52:40.868182,510
2026-02-17 01:52:40.876063,509
2026-02-17 01:52:40.884202,506
2026-02-17 01:52:40.892074,508
2026-02-17 01:52:40.900175,506
2026-02-17 01:52:40.908043,514
2026-02-17 01:52:40.916109,514
2026-02-17 01:52:40.924679,512
2026-02-17 01:52:40.932209,510
2026-02-17 01:52:40.940192,514
2026-02-17 01:52:40.948149,510
2026-02-17 01:52:40.956178,512
2026-02-17 01:52:40.964045,508
2026-02-17 01:52:40.972237,511
2026-02-17 01:52:40.980106,510
2026-02-17 01:52:40.988262,512
2026-02-17 01:52:40.996051,514
2026-02-17 01:52:41.004172,514
2026-02-17 01:52:41.013249,513
2026-02-17 01:52:41.020175,510
2026-02-17 01:52:41.028120,512
2026-02-17 01:52:41.036006,514
2026-02-17 01:52:41.043979,511
2026-02-17 01:52:41.052066,513
2026-02-17 01:52:41.060036,511
2026-02-17 01:52:41.068141,517
2026-02-17 01:52:41.076074,517
2026-02-17 01:52:41.084124,516
2026-02-17 01:52:41.092087,511
2026-02-17 01:52:41.100069,506
2026-02-17 01:52:41.108076,504
2026-02-17 01:52:41.116059,503
2026-02-17 01:52:41.124151,513
2026-02-17 01:52:41.132024,510
2026-02-17 01:52:41.140143,513
2026-02-17 01:52:41.148008,514
2026-02-17 01:52:41.156091,510
2026-02-17 01:52:41.164004,513
2026-02-17 01:52:41.172130,515
2026-02-17 01:52:41.180001,514
2026-02-17 01:52:41.188190,515
2026-02-17 01:52:41.196021,515
2026-02-17 01:52:41.204094,512
2026-02-17 01:52:41.211988,517
2026-02-17 01:52:41.220155,514
2026-02-17 01:52:41.228002,516
2026-02-17 01:52:41.236022,513
2026-02-17 01:52:41.244007,513
2026-02-17 01:52:41.252170,510
2026-02-17 01:52:41.260005,509
2026-02-17 01:52:41.268147,508
2026-02-17 01:52:41.276009,511
2026-02-17 01:52:41.284096,518
2026-02-17 01:52:41.292049,515
2026-02-17 01:52:41.300123,517
2026-02-17 01:52:41.308112,518
2026-02-17 01:52:41.316054,515
2026-02-17 01:52:41.324076,512
2026-02-17 01:52:41.331990,511
2026-02-17 01:52:41.340140,511
2026-02-17 01:52:41.347991,510
2026-02-17 01:52:41.356237,509
2026-02-17 01:52:41.364038,513
2026-02-17 01:52:41.372105,514
2026-02-17 01:52:41.380071,514
2026-02-17 01:52:41.388098,514
2026-02-17 01:52:41.396052,510
2026-02-17 01:52:41.404148,517
2026-02-17 01:52:41.411968,515
2026-02-17 01:52:41.420079,513
2026-02-17 01:52:41.427985,510
2026-02-17 01:52:41.436164,511
2026-02-17 01:52:41.444046,515
2026-02-17 01:52:41.452088,513
2026-02-17 01:52:41.459972,512
2026-02-17 01:52:41.468038,513
2026-02-17 01:52:41.476050,512
2026-02-17 01:52:41.484071,510
2026-02-17 01:52:41.491984,506
2026-02-17 01:52:41.500057,512
2026-02-17 01:52:41.508057,515
2026-02-17 01:52:41.516042,514
2026-02-17 01:52:41.524190,513
2026-02-17 01:52:41.532081,510
2026-02-17 01:52:41.540199,511
2026-02-17 01:52:41.548066,517
2026-02-17 01:52:41.556328,510
2026-02-17 01:52:41.564056,511
2026-02-17 01:52:41.572110,512
2026-02-17 01:52:41.580117,512
2026-02-17 01:52:41.588185,519
2026-02-17 01:52:41.596116,516
2026-02-17 01:52:41.606584,514
2026-02-17 01:52:41.612097,512
2026-02-17 01:52:41.620212,510
2026-02-17 01:52:41.628102,508
2026-02-17 01:52:41.636141,509
2026-02-17 01:52:41.644065,508
2026-02-17 01:52:41.652119,513
2026-02-17 01:52:41.660046,520
2026-02-17 01:52:41.668165,512
2026-02-17 01:52:41.676114,511
2026-02-17 01:52:41.684109,514
2026-02-17 01:52:41.692257,515
2026-02-17 01:52:41.699994,513
2026-02-17 01:52:41.708180,511
2026-02-17 01:52:41.716046,515
2026-02-17 01:52:41.724212,521
2026-02-17 01:52:41.732086,516
2026-02-17 01:52:41.740123,516
2026-02-17 01:52:41.748087,515
2026-02-17 01:52:41.756121,518
2026-02-17 01:52:41.764082,514
2026-02-17 01:52:41.772243,518
2026-02-17 01:52:41.780072,512
2026-02-17 01:52:41.788053,513
2026-02-17 01:52:41.796142,514
2026-02-17 01:52:41.804038,509
2026-02-17 01:52:41.812011,512
2026-02-17 01:52:41.820033,510
2026-02-17 01:52:41.828083,513
2026-02-17 01:52:41.836048,510
2026-02-17 01:52:41.844073,502
2026-02-17 01:52:41.852140,498
2026-02-17 01:52:41.860054,500
2026-02-17 01:52:41.868104,507
2026-02-17 01:52:41.876016,513
2026-02-17 01:52:41.884119,512
2026-02-17 01:52:41.892032,516
2026-02-17 01:52:41.900026,517
2026-02-17 01:52:41.908044,515
2026-02-17 01:52:41.916018,515
2026-02-17 01:52:41.924053,514
2026-02-17 01:52:41.932152,508
2026-02-17 01:52:41.940155,510
2026-02-17 01:52:41.948007,514
2026-02-17 01:52:41.956126,510
2026-02-17 01:52:41.964082,512
2026-02-17 01:52:41.972322,514
2026-02-17 01:52:41.980102,512
2026-02-17 01:52:41.988112,514
2026-02-17 01:52:41.996021,509
2026-02-17 01:52:42.004169,508
2026-02-17 01:52:42.012092,512
2026-02-17 01:52:42.020136,512
2026-02-17 01:52:42.028051,514
2026-02-17 01:52:42.036029,513
2026-02-17 01:52:42.044034,514
2026-02-17 01:52:42.052120,514
2026-02-17 01:52:42.060049,515
2026-02-17 01:52:42.068141,514
2026-02-17 01:52:42.076044,513
2026-02-17 01:52:42.084122,514
2026-02-17 01:52:42.092050,511
2026-02-17 01:52:42.100092,511
2026-02-17 01:52:42.108097,514
2026-02-17 01:52:42.116180,513
2026-02-17 01:52:42.124100,512
2026-02-17 01:52:42.132017,512
2026-02-17 01:52:42.140144,515
2026-02-17 01:52:42.147974,514
2026-02-17 01:52:42.156105,512
2026-02-17 01:52:42.164021,513
2026-02-17 01:52:42.172108,516
2026-02-17 01:52:42.179997,513
2026-02-17 01:52:42.188154,513
2026-02-17 01:52:42.196046,516
2026-02-17 01:52:42.204117,517
2026-02-17 01:52:42.211979,513
2026-02-17 01:52:42.220081,514
2026-02-17 01:52:42.227981,506
2026-02-17 01:52:42.236048,507
2026-02-17 01:52:42.243991,509
2026-02-17 01:52:42.252041,510
2026-02-17 01:52:42.260024,508
2026-02-17 01:52:42.268011,507
2026-02-17 01:52:42.276118,510
2026-02-17 01:52:42.284042,504
2026-02-17 01:52:42.292114,512
2026-02-17 01:52:42.299995,513
2026-02-17 01:52:42.308103,512
2026-02-17 01:52:42.316024,510
2026-02-17 01:52:42.324095,507
2026-02-17 01:52:42.332088,506
2026-02-17 01:52:42.340115,506
2026-02-17 01:52:42.348096,508
2026-02-17 01:52:42.356151,510
2026-02-17 01:52:42.364028,512
2026-02-17 01:52:42.372118,511
2026-02-17 01:52:42.379992,507
2026-02-17 01:52:42.388159,511
2026-02-17 01:52:42.395972,508
2026-02-17 01:52:42.404099,509
2026-02-17 01:52:42.411993,515
2026-02-17 01:52:42.420127,518
2026-02-17 01:52:42.428028,515
2026-02-17 01:52:42.436097,508
2026-02-17 01:52:42.444080,510
2026-02-17 01:52:42.452057,505
2026-02-17 01:52:42.460004,504
2026-02-17 01:52:42.468035,509
2026-02-17 01:52:42.476072,512
2026-02-17 01:52:42.484148,516
2026-02-17 01:52:42.492184,516
2026-02-17 01:52:42.500085,515
2026-02-17 01:52:42.508111,515
2026-02-17 01:52:42.516034,510
2026-02-17 01:52:42.524170,508
2026-02-17 01:52:42.532116,509
2026-02-17 01:52:42.540197,510
2026-02-17 01:52:42.548114,512
2026-02-17 01:52:42.556148,517
2026-02-17 01:52:42.564100,517
2026-02-17 01:52:42.572134,510
2026-02-17 01:52:42.580029,510
2026-02-17 01:52:42.588163,509
2026-02-17 01:52:42.596087,506
2026-02-17 01:52:42.604196,514
2026-02-17 01:52:42.612148,511
2026-02-17 01:52:42.620155,514
2026-02-17 01:52:42.628074,514
2026-02-17 01:52:42.636118,518
2026-02-17 01:52:42.644110,516
2026-02-17 01:52:42.652172,517
2026-02-17 01:52:42.660099,518
2026-02-17 01:52:42.668127,516
2026-02-17 01:52:42.676151,509
2026-02-17 01:52:42.684175,508
2026-02-17 01:52:42.692205,510
2026-02-17 01:52:42.700082,510
2026-02-17 01:52:42.708194,510
2026-02-17 01:52:42.716020,515
2026-02-17 01:52:42.724207,514
2026-02-17 01:52:42.732155,512
2026-02-17 01:52:42.740159,511
2026-02-17 01:52:42.748032,515
2026-02-17 01:52:42.756166,505
2026-02-17 01:52:42.764164,509
2026-02-17 01:52:42.772252,510
2026-02-17 01:52:42.780142,515
2026-02-17 01:52:42.788256,515
2026-02-17 01:52:42.796120,512
2026-02-17 01:52:42.804107,511
2026-02-17 01:52:42.812054,510
2026-02-17 01:52:42.820117,517
2026-02-17 01:52:42.828060,511
2026-02-17 01:52:42.836220,514
2026-02-17 01:52:42.844118,512
2026-02-17 01:52:42.852408,516
2026-02-17 01:52:42.860186,518
2026-02-17 01:52:42.868115,520
2026-02-17 01:52:42.876226,515
2026-02-17 01:52:42.884289,511
2026-02-17 01:52:42.892205,516
2026-02-17 01:52:42.900210,510
2026-02-17 01:52:42.908138,516
2026-02-17 01:52:42.916135,516
2026-02-17 01:52:42.924281,513
2026-02-17 01:52:42.932183,511
2026-02-17 01:52:42.940302,513
2026-02-17 01:52:42.948200,509
2026-02-17 01:52:42.956261,512
2026-02-17 01:52:42.964111,515
2026-02-17 01:52:42.972256,505
2026-02-17 01:52:42.980111,510
2026-02-17 01:52:42.988252,513
2026-02-17 01:52:42.996062,511
2026-02-17 01:52:43.004158,513
2026-02-17 01:52:43.012157,509
2026-02-17 01:52:43.020338,507
2026-02-17 01:52:43.028177,511
2026-02-17 01:52:43.036117,511
2026-02-17 01:52:43.044052,513
2026-02-17 01:52:43.052199,516
2026-02-17 01:52:43.060095,511
2026-02-17 01:52:43.068188,510
2026-02-17 01:52:43.076133,510
2026-02-17 01:52:43.084074,509
2026-02-17 01:52:43.092215,510
2026-02-17 01:52:43.100060,508
2026-02-17 01:52:43.108182,510
2026-02-17 01:52:43.116097,514
2026-02-17 01:52:43.124196,515
2026-02-17 01:52:43.132094,512
2026-02-17 01:52:43.140198,509
2026-02-17 01:52:43.148047,511
2026-02-17 01:52:43.156100,513
2026-02-17 01:52:43.164024,514
2026-02-17 01:52:43.172097,512
2026-02-17 01:52:43.180145,515
2026-02-17 01:52:43.188144,513
2026-02-17 01:52:43.196095,511
2026-02-17 01:52:43.204101,510
2026-02-17 01:52:43.212040,514
2026-02-17 01:52:43.220105,512
2026-02-17 01:52:43.228027,512
2026-02-17 01:52:43.236085,516
2026-02-17 01:52:43.243998,513
2026-02-17 01:52:43.252084,514
2026-02-17 01:52:43.260112,516
2026-02-17 01:52:43.268026,517
2026-02-17 01:52:43.276129,512
2026-02-17 01:52:43.284013,513
2026-02-17 01:52:43.292104,510
2026-02-17 01:52:43.300014,512
2026-02-17 01:52:43.308058,516
2026-02-17 01:52:43.316039,511
2026-02-17 01:52:43.324060,504
2026-02-17 01:52:43.331997,502
2026-02-17 01:52:43.340072,505
2026-02-17 01:52:43.347999,508
2026-02-17 01:52:43.356053,514
2026-02-17 01:52:43.364025,513
2026-02-17 01:52:43.372045,515
2026-02-17 01:52:43.380031,517
2026-02-17 01:52:43.388054,514
2026-02-17 01:52:43.396000,518
2026-02-17 01:52:43.404093,512
2026-02-17 01:52:43.411991,517
2026-02-17 01:52:43.420050,516
2026-02-17 01:52:43.428019,509
2026-02-17 01:52:43.435987,510
2026-02-17 01:52:43.444043,511
2026-02-17 01:52:43.451997,510
2026-02-17 01:52:43.460046,508
2026-02-17 01:52:43.468111,514
2026-02-17 01:52:43.476234,512
2026-02-17 01:52:43.484103,514
2026-02-17 01:52:43.492117,513
2026-02-17 01:52:43.500130,510
2026-02-17 01:52:43.508102,507
2026-02-17 01:52:43.516079,510
2026-02-17 01:52:43.524175,506
2026-02-17 01:52:43.532234,507
2026-02-17 01:52:43.540204,511
2026-02-17 01:52:43.548159,511
2026-02-17 01:52:43.556272,512
2026-02-17 01:52:43.564146,509
2026-02-17 01:52:43.572172,512
2026-02-17 01:52:43.580050,512
2026-02-17 01:52:43.588166,512
2026-02-17 01:52:43.596093,513
2026-02-17 01:52:43.604154,514
2026-02-17 01:52:43.612145,516
2026-02-17 01:52:43.620094,514
2026-02-17 01:52:43.628102,519
2026-02-17 01:52:43.636165,514
2026-02-17 01:52:43.644117,514
2026-02-17 01:52:43.652199,508
2026-02-17 01:52:43.660107,514
2026-02-17 01:52:43.668189,513
2026-02-17 01:52:43.676203,513
2026-02-17 01:52:43.684127,515
2026-02-17 01:52:43.692222,519
2026-02-17 01:52:43.700095,512
2026-02-17 01:52:43.708265,516
2026-02-17 01:52:43.716177,519
2026-02-17 01:52:43.724240,513
2026-02-17 01:52:43.732346,513
2026-02-17 01:52:43.740157,513
2026-02-17 01:52:43.748090,515
2026-02-17 01:52:43.756192,509
2026-02-17 01:52:43.764108,516
2026-02-17 01:52:43.772235,517
2026-02-17 01:52:43.780177,511
2026-02-17 01:52:43.788243,512
2026-02-17 01:52:43.796160,510
2026-02-17 01:52:43.804249,512
2026-02-17 01:52:43.812110,511
2026-02-17 01:52:43.820093,513
2026-02-17 01:52:43.828083,515
2026-02-17 01:52:43.836180,511
2026-02-17 01:52:43.844126,515
2026-02-17 01:52:43.852390,517
2026-02-17 01:52:43.860244,513
2026-02-17 01:52:43.868104,516
2026-02-17 01:52:43.876199,517
2026-02-17 01:52:43.884087,514
2026-02-17 01:52:43.892277,516
2026-02-17 01:52:43.900062,514
2026-02-17 01:52:43.908225,516
2026-02-17 01:52:43.916038,513
2026-02-17 01:52:43.924272,510
2026-02-17 01:52:43.932340,513
2026-02-17 01:52:43.940260,511
2026-02-17 01:52:43.948107,510
2026-02-17 01:52:43.956287,505
2026-02-17 01:52:43.964106,512
2026-02-17 01:52:43.972178,512
2026-02-17 01:52:43.980091,508
2026-02-17 01:52:43.988356,508
2026-02-17 01:52:43.996105,508
2026-02-17 01:52:44.004229,507
2026-02-17 01:52:44.012163,505
2026-02-17 01:52:44.020102,503
2026-02-17 01:52:44.028160,504
2026-02-17 01:52:44.036036,506
2026-02-17 01:52:44.044068,507
2026-02-17 01:52:44.052056,510
2026-02-17 01:52:44.060122,514
2026-02-17 01:52:44.068156,509
2026-02-17 01:52:44.076127,509
2026-02-17 01:52:44.084110,507
2026-02-17 01:52:44.092175,504
2026-02-17 01:52:44.100073,502
2026-02-17 01:52:44.108236,498
2026-02-17 01:52:44.116183,504
2026-02-17 01:52:44.124252,511
2026-02-17 01:52:44.132075,512
2026-02-17 01:52:44.140156,511
2026-02-17 01:52:44.148015,513
2026-02-17 01:52:44.156134,510
2026-02-17 01:52:44.164051,509
2026-02-17 01:52:44.172145,506
2026-02-17 01:52:44.180031,509
2026-02-17 01:52:44.188122,512
2026-02-17 01:52:44.196106,506
2026-02-17 01:52:44.204080,509
2026-02-17 01:52:44.212019,513
2026-02-17 01:52:44.220104,512
2026-02-17 01:52:44.228067,513
2026-02-17 01:52:44.236092,515
2026-02-17 01:52:44.244073,511
2026-02-17 01:52:44.252085,512
2026-02-17 01:52:44.260170,515
2026-02-17 01:52:44.268020,515
2026-02-17 01:52:44.276134,513
2026-02-17 01:52:44.284110,515
2026-02-17 01:52:44.292221,514
2026-02-17 01:52:44.300173,513
2026-02-17 01:52:44.308192,515
2026-02-17 01:52:44.316046,515
2026-02-17 01:52:44.324158,517
2026-02-17 01:52:44.332080,513
2026-02-17 01:52:44.340149,507
2026-02-17 01:52:44.348040,512
2026-02-17 01:52:44.356150,513
2026-02-17 01:52:44.364054,517
2026-02-17 01:52:44.372165,515
2026-02-17 01:52:44.380029,516
2026-02-17 01:52:44.388149,521
2026-02-17 01:52:44.396049,519
2026-02-17 01:52:44.404078,514
2026-02-17 01:52:44.412018,512
2026-02-17 01:52:44.420040,510
2026-02-17 01:52:44.428075,515
2026-02-17 01:52:44.436093,516
2026-02-17 01:52:44.444177,514
2026-02-17 01:52:44.452066,516
2026-02-17 01:52:44.460132,518
2026-02-17 01:52:44.468015,520
2026-02-17 01:52:44.476122,523
2026-02-17 01:52:44.484044,521
2026-02-17 01:52:44.492159,523
2026-02-17 01:52:44.500143,522
2026-02-17 01:52:44.508132,520
2026-02-17 01:52:44.516146,521
2026-02-17 01:52:44.524197,514
2026-02-17 01:52:44.532132,513
2026-02-17 01:52:44.540246,519
2026-02-17 01:52:44.548153,516
2026-02-17 01:52:44.556282,519
2026-02-17 01:52:44.564086,518
2026-02-17 01:52:44.572172,515
2026-02-17 01:52:44.580084,509
2026-02-17 01:52:44.588273,513
2026-02-17 01:52:44.596145,509
2026-02-17 01:52:44.604141,508
2026-02-17 01:52:44.612196,507
2026-02-17 01:52:44.620153,512
2026-02-17 01:52:44.628133,510
2026-02-17 01:52:44.636190,510
2026-02-17 01:52:44.644196,510
2026-02-17 01:52:44.652120,511
2026-02-17 01:52:44.660158,509
2026-02-17 01:52:44.668035,513
2026-02-17 01:52:44.676195,510
2026-02-17 01:52:44.684076,515
2026-02-17 01:52:44.692262,512
2026-02-17 01:52:44.700129,513
2026-02-17 01:52:44.708298,515
2026-02-17 01:52:44.716253,511
2026-02-17 01:52:44.724218,515
2026-02-17 01:52:44.732223,519
2026-02-17 01:52:44.740214,512
2026-02-17 01:52:44.748097,514
2026-02-17 01:52:44.756238,514
2026-02-17 01:52:44.764080,510
2026-02-17 01:52:44.772162,511
2026-02-17 01:52:44.780210,506
2026-02-17 01:52:44.788240,512
2026-02-17 01:52:44.796134,507
2026-02-17 01:52:44.804215,511
2026-02-17 01:52:44.812144,514
2026-02-17 01:52:44.820169,510
2026-02-17 01:52:44.828114,515
2026-02-17 01:52:44.836146,509
2026-02-17 01:52:44.844161,506
2026-02-17 01:52:44.852120,514
2026-02-17 01:52:44.860354,513
2026-02-17 01:52:44.868129,518
2026-02-17 01:52:44.876239,514
2026-02-17 01:52:44.884114,512
2026-02-17 01:52:44.892382,505
2026-02-17 01:52:44.900129,501
2026-02-17 01:52:44.908258,503
2026-02-17 01:52:44.916145,506
2026-02-17 01:52:44.924346,510
2026-02-17 01:52:44.932134,517
2026-02-17 01:52:44.940242,511
2026-02-17 01:52:44.948132,511
2026-02-17 01:52:44.956341,515
2026-02-17 01:52:44.964114,515
2026-02-17 01:52:44.972301,515
2026-02-17 01:52:44.980122,518
2026-02-17 01:52:44.988184,515
2026-02-17 01:52:44.996120,516
2026-02-17 01:52:45.004266,508
2026-02-17 01:52:45.012179,510
2026-02-17 01:52:45.020194,509
2026-02-17 01:52:45.028387,513
2026-02-17 01:52:45.036113,510
2026-02-17 01:52:45.044109,509
2026-02-17 01:52:45.052069,516
2026-02-17 01:52:45.060216,507
2026-02-17 01:52:45.068134,507
2026-02-17 01:52:45.076185,506
2026-02-17 01:52:45.084147,506
2026-02-17 01:52:45.092233,511
2026-02-17 01:52:45.100226,510
2026-02-17 01:52:45.108212,510
2026-02-17 01:52:45.116158,511
2026-02-17 01:52:45.124288,509
2026-02-17 01:52:45.132085,510
2026-02-17 01:52:45.140147,510
2026-02-17 01:52:45.148071,511
2026-02-17 01:52:45.156153,506
2026-02-17 01:52:45.164120,506
2026-02-17 01:52:45.172104,506
2026-02-17 01:52:45.180022,512
2026-02-17 01:52:45.188127,510
2026-02-17 01:52:45.196151,507
2026-02-17 01:52:45.204051,510
2026-02-17 01:52:45.212072,508
2026-02-17 01:52:45.220116,506
2026-02-17 01:52:45.228113,507
2026-02-17 01:52:45.236033,510
2026-02-17 01:52:45.244146,507
2026-02-17 01:52:45.252015,508
2026-02-17 01:52:45.260205,513
2026-02-17 01:52:45.268014,511
2026-02-17 01:52:45.276165,512
2026-02-17 01:52:45.284129,510
2026-02-17 01:52:45.292199,511
2026-02-17 01:52:45.300179,516
2026-02-17 01:52:45.308219,517
2026-02-17 01:52:45.316077,515
2026-02-17 01:52:45.324226,519
2026-02-17 01:52:45.332065,513
2026-02-17 01:52:45.340129,515
2026-02-17 01:52:45.348049,517
2026-02-17 01:52:45.356088,519
2026-02-17 01:52:45.364072,520
2026-02-17 01:52:45.372241,517
2026-02-17 01:52:45.380078,518
2026-02-17 01:52:45.388152,519
2026-02-17 01:52:45.396034,514
2026-02-17 01:52:45.404115,511
2026-02-17 01:52:45.412065,510
2026-02-17 01:52:45.420112,509
2026-02-17 01:52:45.428121,507
2026-02-17 01:52:45.436077,506
2026-02-17 01:52:45.444178,505
2026-02-17 01:52:45.452067,509
2026-02-17 01:52:45.460153,511
2026-02-17 01:52:45.468034,515
2026-02-17 01:52:45.476195,515
2026-02-17 01:52:45.484027,508
2026-02-17 01:52:45.492196,517
2026-02-17 01:52:45.500079,518
2026-02-17 01:52:45.508171,513
2026-02-17 01:52:45.516196,513
2026-02-17 01:52:45.524157,512
2026-02-17 01:52:45.532032,513
2026-02-17 01:52:45.540309,512
2026-02-17 01:52:45.548157,506
2026-02-17 01:52:45.556144,506
2026-02-17 01:52:45.564103,514
2026-02-17 01:52:45.572270,509
2026-02-17 01:52:45.580136,508
2026-02-17 01:52:45.588134,508
2026-02-17 01:52:45.596156,508
2026-02-17 01:52:45.604245,510
2026-02-17 01:52:45.612150,512
2026-02-17 01:52:45.620151,515
2026-02-17 01:52:45.628192,512
2026-02-17 01:52:45.636160,513
2026-02-17 01:52:45.644252,519
2026-02-17 01:52:45.652146,515
2026-02-17 01:52:45.660218,515
2026-02-17 01:52:45.668056,520
2026-02-17 01:52:45.676229,519
2026-02-17 01:52:45.684078,516
2026-02-17 01:52:45.692264,513
2026-02-17 01:52:45.700124,506
2026-02-17 01:52:45.708218,510
2026-02-17 01:52:45.716091,509
2026-02-17 01:52:45.724269,512
2026-02-17 01:52:45.732134,517
2026-02-17 01:52:45.740199,513
2026-02-17 01:52:45.748135,514
2026-02-17 01:52:45.756174,510
2026-02-17 01:52:45.764127,511
2026-02-17 01:52:45.772192,512
2026-02-17 01:52:45.780145,513
2026-02-17 01:52:45.788153,519
2026-02-17 01:52:45.796194,512
2026-02-17 01:52:45.804209,515
2026-02-17 01:52:45.812186,518
2026-02-17 01:52:45.820101,511
2026-02-17 01:52:45.828262,513
2026-02-17 01:52:45.836180,512
2026-02-17 01:52:45.844193,511
2026-02-17 01:52:45.852205,511
2026-02-17 01:52:45.860347,510
2026-02-17 01:52:45.868202,511
2026-02-17 01:52:45.876306,509
2026-02-17 01:52:45.884228,512
2026-02-17 01:52:45.892364,509
2026-02-17 01:52:45.900187,513
2026-02-17 01:52:45.908309,513
2026-02-17 01:52:45.916192,514
2026-02-17 01:52:45.924202,509
2026-02-17 01:52:45.932160,509
2026-02-17 01:52:45.940222,514
2026-02-17 01:52:45.948102,510
2026-02-17 01:52:45.956293,505
2026-02-17 01:52:45.964120,509
2026-02-17 01:52:45.972212,513
2026-02-17 01:52:45.980151,511
2026-02-17 01:52:45.988243,510
2026-02-17 01:52:45.996132,511
2026-02-17 01:52:46.004240,513
2026-02-17 01:52:46.012196,511
2026-02-17 01:52:46.020227,512
2026-02-17 01:52:46.028209,515
2026-02-17 01:52:46.036092,512
2026-02-17 01:52:46.044112,511
2026-02-17 01:52:46.052178,513
2026-02-17 01:52:46.060228,509
2026-02-17 01:52:46.068180,514
2026-02-17 01:52:46.076151,510
2026-02-17 01:52:46.084280,514
2026-02-17 01:52:46.092349,514
2026-02-17 01:52:46.100216,513
2026-02-17 01:52:46.108099,512
2026-02-17 01:52:46.116137,512
2026-02-17 01:52:46.124287,513
2026-02-17 01:52:46.132091,511
2026-02-17 01:52:46.140144,516
2026-02-17 01:52:46.148074,513
2026-02-17 01:52:46.156154,509
2026-02-17 01:52:46.164050,511
2026-02-17 01:52:46.172078,515
2026-02-17 01:52:46.180068,513
2026-02-17 01:52:46.188114,512
2026-02-17 01:52:46.196105,509
2026-02-17 01:52:46.204102,510
2026-02-17 01:52:46.212144,516
2026-02-17 01:52:46.220036,513
2026-02-17 01:52:46.228200,515
2026-02-17 01:52:46.236062,509
2026-02-17 01:52:46.244179,514
2026-02-17 01:52:46.252060,510
2026-02-17 01:52:46.260224,511
2026-02-17 01:52:46.268030,513
2026-02-17 01:52:46.276207,511
2026-02-17 01:52:46.284054,510
2026-02-17 01:52:46.292268,515
2026-02-17 01:52:46.300141,513
2026-02-17 01:52:46.308193,513
2026-02-17 01:52:46.316044,509
2026-02-17 01:52:46.324195,508
2026-02-17 01:52:46.332069,515
2026-02-17 01:52:46.340118,510
2026-02-17 01:52:46.348083,509
2026-02-17 01:52:46.356137,515
2026-02-17 01:52:46.364035,513
2026-02-17 01:52:46.372076,508
2026-02-17 01:52:46.380082,514
2026-02-17 01:52:46.388183,515
2026-02-17 01:52:46.396124,515
2026-02-17 01:52:46.404112,517
2026-02-17 01:52:46.412120,518
2026-02-17 01:52:46.420023,515
2026-02-17 01:52:46.428169,517
2026-02-17 01:52:46.436024,515
2026-02-17 01:52:46.444162,513
2026-02-17 01:52:46.452022,497
2026-02-17 01:52:46.460163,495
2026-02-17 01:52:46.468059,498
2026-02-17 01:52:46.476242,499
2026-02-17 01:52:46.484122,505
2026-02-17 01:52:46.492226,507
2026-02-17 01:52:46.500090,506
2026-02-17 01:52:46.508198,512
2026-02-17 01:52:46.516080,511
2026-02-17 01:52:46.524195,507
2026-02-17 01:52:46.532068,510
2026-02-17 01:52:46.540255,506
2026-02-17 01:52:46.548134,510
2026-02-17 01:52:46.556222,510
2026-02-17 01:52:46.564130,514
2026-02-17 01:52:46.572218,511
2026-02-17 01:52:46.580117,513
2026-02-17 01:52:46.588173,513
2026-02-17 01:52:46.596219,517
2026-02-17 01:52:46.604157,514
2026-02-17 01:52:46.612243,520
2026-02-17 01:52:46.620134,514
2026-02-17 01:52:46.628259,516
2026-02-17 01:52:46.636075,516
2026-02-17 01:52:46.644283,520
2026-02-17 01:52:46.652093,518
2026-02-17 01:52:46.660267,520
2026-02-17 01:52:46.668163,520
2026-02-17 01:52:46.676235,517
2026-02-17 01:52:46.684189,518
2026-02-17 01:52:46.692333,521
2026-02-17 01:52:46.700158,522
2026-02-17 01:52:46.708218,525
2026-02-17 01:52:46.716153,525
2026-02-17 01:52:46.724241,518
2026-02-17 01:52:46.732134,519
2026-02-17 01:52:46.740293,519
2026-02-17 01:52:46.748219,522
2026-02-17 01:52:46.756282,525
2026-02-17 01:52:46.764183,527
2026-02-17 01:52:46.772256,527
2026-02-17 01:52:46.780184,527
2026-02-17 01:52:46.788185,527
2026-02-17 01:52:46.796217,524
2026-02-17 01:52:46.804192,520
2026-02-17 01:52:46.812225,526
2026-02-17 01:52:46.820103,526
2026-02-17 01:52:46.828134,522
2026-02-17 01:52:46.836211,519
2026-02-17 01:52:46.844244,516
2026-02-17 01:52:46.852180,517
2026-02-17 01:52:46.860501,520
2026-02-17 01:52:46.868144,520
2026-02-17 01:52:46.876184,516
2026-02-17 01:52:46.884145,513
2026-02-17 01:52:46.892313,516
2026-02-17 01:52:46.900245,515
2026-02-17 01:52:46.908183,518
2026-02-17 01:52:46.916330,515
2026-02-17 01:52:46.924232,515
2026-02-17 01:52:46.932310,518
2026-02-17 01:52:46.940102,521
2026-02-17 01:52:46.948159,521
2026-02-17 01:52:46.956126,519
2026-02-17 01:52:46.964183,521
2026-02-17 01:52:46.972154,515
2026-02-17 01:52:46.980178,518
2026-02-17 01:52:46.988264,518
2026-02-17 01:52:46.996178,512
2026-02-17 01:52:47.004107,510
2026-02-17 01:52:47.014430,513
2026-02-17 01:52:47.020123,513
2026-02-17 01:52:47.028169,516
2026-02-17 01:52:47.036157,514
2026-02-17 01:52:47.044154,511
2026-02-17 01:52:47.052220,509
2026-02-17 01:52:47.060065,507
2026-02-17 01:52:47.068123,508
2026-02-17 01:52:47.076116,505
2026-02-17 01:52:47.084090,507
2026-02-17 01:52:47.092112,509
2026-02-17 01:52:47.100134,506
2026-02-17 01:52:47.108090,507
2026-02-17 01:52:47.116115,511
2026-02-17 01:52:47.124083,513
2026-02-17 01:52:47.132043,515
2026-02-17 01:52:47.140034,520
2026-02-17 01:52:47.148220,517
2026-02-17 01:52:47.156139,517
2026-02-17 01:52:47.164119,521
2026-02-17 01:52:47.172086,531
2026-02-17 01:52:47.180146,527
2026-02-17 01:52:47.188158,522
2026-02-17 01:52:47.196194,517
2026-02-17 01:52:47.204161,511
2026-02-17 01:52:47.212199,513
2026-02-17 01:52:47.220138,516
2026-02-17 01:52:47.228175,520
2026-02-17 01:52:47.236129,520
2026-02-17 01:52:47.244082,521
2026-02-17 01:52:47.252164,516
2026-02-17 01:52:47.260202,522
2026-02-17 01:52:47.268134,524
2026-02-17 01:52:47.276263,520
2026-02-17 01:52:47.284207,520
2026-02-17 01:52:47.292393,520
2026-02-17 01:52:47.300124,509
2026-02-17 01:52:47.308099,500
2026-02-17 01:52:47.316266,497
2026-02-17 01:52:47.324238,491
2026-02-17 01:52:47.332575,480
2026-02-17 01:52:47.340217,475
2026-02-17 01:52:47.348156,476
2026-02-17 01:52:47.356171,479
2026-02-17 01:52:47.364204,480
2026-02-17 01:52:47.372144,484
2026-02-17 01:52:47.380129,493
2026-02-17 01:52:47.388110,500
2026-02-17 01:52:47.396083,513
2026-02-17 01:52:47.404179,525
2026-02-17 01:52:47.412121,538
2026-02-17 01:52:47.420118,548
2026-02-17 01:52:47.428082,560
2026-02-17 01:52:47.436121,566
2026-02-17 01:52:47.444035,574
2026-02-17 01:52:47.452076,578
2026-02-17 01:52:47.460077,580
2026-02-17 01:52:47.468179,581
2026-02-17 01:52:47.476133,582
2026-02-17 01:52:47.484059,574
2026-02-17 01:52:47.492087,573
2026-02-17 01:52:47.500096,563
2026-02-17 01:52:47.508073,560
2026-02-17 01:52:47.516070,560
2026-02-17 01:52:47.524078,559
2026-02-17 01:52:47.532047,556
2026-02-17 01:52:47.540117,551
2026-02-17 01:52:47.548111,545
2026-02-17 01:52:47.556079,544
2026-02-17 01:52:47.564072,546
2026-02-17 01:52:47.572111,536
2026-02-17 01:52:47.580166,536
2026-02-17 01:52:47.588110,536
2026-02-17 01:52:47.596116,535
2026-02-17 01:52:47.604074,535
2026-02-17 01:52:47.612078,533
2026-02-17 01:52:47.620132,532
2026-02-17 01:52:47.628076,526
2026-02-17 01:52:47.636174,525
2026-02-17 01:52:47.644133,520
2026-02-17 01:52:47.652099,520
2026-02-17 01:52:47.660142,522
2026-02-17 01:52:47.668073,524
2026-02-17 01:52:47.676115,518
2026-02-17 01:52:47.684110,518
2026-02-17 01:52:47.692091,516
2026-02-17 01:52:47.700144,513
2026-02-17 01:52:47.708170,518
2026-02-17 01:52:47.716109,515
2026-02-17 01:52:47.724088,517
2026-02-17 01:52:47.732084,516
2026-02-17 01:52:47.740034,514
2026-02-17 01:52:47.748070,513
2026-02-17 01:52:47.756053,513
2026-02-17 01:52:47.764050,512
2026-02-17 01:52:47.772069,517
2026-02-17 01:52:47.780046,512
2026-02-17 01:52:47.788061,517
2026-02-17 01:52:47.796078,515
2026-02-17 01:52:47.804053,515
2026-02-17 01:52:47.812143,514
2026-02-17 01:52:47.820056,515
2026-02-17 01:52:47.828094,510
2026-02-17 01:52:47.836048,511
2026-02-17 01:52:47.844105,510
2026-02-17 01:52:47.852071,518
2026-02-17 01:52:47.860123,510
2026-02-17 01:52:47.868095,511
2026-02-17 01:52:47.876110,510
2026-02-17 01:52:47.884061,513
2026-02-17 01:52:47.892112,516
2026-02-17 01:52:47.900072,519
2026-02-17 01:52:47.908163,512
2026-02-17 01:52:47.916151,507
2026-02-17 01:52:47.924100,508
2026-02-17 01:52:47.932081,512
2026-02-17 01:52:47.940187,506
2026-02-17 01:52:47.948183,503
2026-02-17 01:52:47.956063,497
2026-02-17 01:52:47.964158,500
2026-02-17 01:52:47.972088,511
2026-02-17 01:52:47.980177,510
2026-02-17 01:52:47.988225,505
2026-02-17 01:52:47.996184,505
2026-02-17 01:52:48.004096,508
2026-02-17 01:52:48.012242,518
2026-02-17 01:52:48.020147,511
2026-02-17 01:52:48.028137,514
2026-02-17 01:52:48.036122,512
2026-02-17 01:52:48.044279,513
2026-02-17 01:52:48.052125,518
2026-02-17 01:52:48.060243,517
2026-02-17 01:52:48.068122,515
2026-02-17 01:52:48.076172,512
2026-02-17 01:52:48.084090,519
2026-02-17 01:52:48.092302,514
2026-02-17 01:52:48.100168,515
2026-02-17 01:52:48.108121,516
2026-02-17 01:52:48.116094,511
2026-02-17 01:52:48.124274,512
2026-02-17 01:52:48.132123,513
2026-02-17 01:52:48.140144,513
2026-02-17 01:52:48.148099,515
2026-02-17 01:52:48.156093,515
2026-02-17 01:52:48.164150,515
2026-02-17 01:52:48.172144,515
2026-02-17 01:52:48.180191,518
2026-02-17 01:52:48.188084,523
2026-02-17 01:52:48.196191,518
2026-02-17 01:52:48.204170,513
2026-02-17 01:52:48.212185,514
2026-02-17 01:52:48.220199,514
2026-02-17 01:52:48.228242,508
2026-02-17 01:52:48.236115,515
2026-02-17 01:52:48.244187,517
2026-02-17 01:52:48.252125,517
2026-02-17 01:52:48.260289,514
2026-02-17 01:52:48.268195,514
2026-02-17 01:52:48.276126,514
2026-02-17 01:52:48.284106,513
2026-02-17 01:52:48.292100,515
2026-02-17 01:52:48.300166,510
2026-02-17 01:52:48.308088,512
2026-02-17 01:52:48.316094,511
2026-02-17 01:52:48.324108,514
2026-02-17 01:52:48.332088,514
2026-02-17 01:52:48.340063,514
2026-02-17 01:52:48.348087,513
2026-02-17 01:52:48.356059,513
2026-02-17 01:52:48.364062,515
2026-02-17 01:52:48.372060,518
2026-02-17 01:52:48.380124,510
2026-02-17 01:52:48.388052,508
2026-02-17 01:52:48.396120,509
2026-02-17 01:52:48.404072,512
2026-02-17 01:52:48.412148,509
2026-02-17 01:52:48.420047,512
2026-02-17 01:52:48.428140,509
2026-02-17 01:52:48.436120,515
2026-02-17 01:52:48.444118,516
2026-02-17 01:52:48.452075,519
2026-02-17 01:52:48.460129,535
2026-02-17 01:52:48.468108,511
2026-02-17 01:52:48.476294,491
2026-02-17 01:52:48.484134,472
2026-02-17 01:52:48.492268,463
2026-02-17 01:52:48.500137,451
2026-02-17 01:52:48.508225,450
2026-02-17 01:52:48.516120,445
2026-02-17 01:52:48.524175,438
2026-02-17 01:52:48.532103,440
2026-02-17 01:52:48.540250,438
