timestamp,value
2026-02-17 02:27:48.922254,515
2026-02-17 02:27:48.922486,524
2026-02-17 02:27:48.922603,518
2026-02-17 02:27:48.922700,518
2026-02-17 02:27:48.922813,519
2026-02-17 02:27:48.922904,513
2026-02-17 02:27:48.922997,519
2026-02-17 02:27:48.923086,510
2026-02-17 02:27:48.923173,504
2026-02-17 02:27:48.923260,516
2026-02-17 02:27:48.923356,517
2026-02-17 02:27:48.923445,507
2026-02-17 02:27:48.923541,513
2026-02-17 02:27:48.923626,520
2026-02-17 02:27:48.923712,521
2026-02-17 02:27:48.923797,514
2026-02-17 02:27:48.923898,522
2026-02-17 02:27:48.923986,512
2026-02-17 02:27:48.924072,504
2026-02-17 02:27:48.924157,513
2026-02-17 02:27:48.924243,514
2026-02-17 02:27:48.924329,519
2026-02-17 02:27:48.924414,512
2026-02-17 02:27:48.924499,515
2026-02-17 02:27:48.924586,516
2026-02-17 02:27:48.924672,516
2026-02-17 02:27:48.924757,518
2026-02-17 02:27:48.924842,517
2026-02-17 02:27:48.924926,508
2026-02-17 02:27:48.925012,521
2026-02-17 02:27:48.925103,514
2026-02-17 02:27:48.925151,518
2026-02-17 02:27:48.925184,518
2026-02-17 02:27:48.925217,514
2026-02-17 02:27:48.925249,516
2026-02-17 02:27:48.925282,511
2026-02-17 02:27:48.925315,505
2026-02-17 02:27:48.925348,516
2026-02-17 02:27:48.925380,520
2026-02-17 02:27:48.925413,519
2026-02-17 02:27:48.925446,509
2026-02-17 02:27:48.925479,512
2026-02-17 02:27:48.925511,513
2026-02-17 02:27:48.925544,511
2026-02-17 02:27:48.925576,516
2026-02-17 02:27:48.925609,504
2026-02-17 02:27:48.925641,515
2026-02-17 02:27:48.931073,517
2026-02-17 02:27:48.939099,514
2026-02-17 02:27:48.947127,512
2026-02-17 02:27:48.955094,505
2026-02-17 02:27:48.963074,510
2026-02-17 02:27:48.971062,514
2026-02-17 02:27:48.979067,511
2026-02-17 02:27:48.987077,513
2026-02-17 02:27:48.995251,515
2026-02-17 02:27:49.003117,514
2026-02-17 02:27:49.011147,520
2026-02-17 02:27:49.019092,524
2026-02-17 02:27:49.027078,509
2026-02-17 02:27:49.035089,512
2026-02-17 02:27:49.043131,512
2026-02-17 02:27:49.051092,504
2026-02-17 02:27:49.059117,508
2026-02-17 02:27:49.067148,521
2026-02-17 02:27:49.075147,512
2026-02-17 02:27:49.083199,513
2026-02-17 02:27:49.091125,510
2026-02-17 02:27:49.099132,512
2026-02-17 02:27:49.107149,523
2026-02-17 02:27:49.115167,514
2026-02-17 02:27:49.123145,513
2026-02-17 02:27:49.131154,509
2026-02-17 02:27:49.139140,501
2026-02-17 02:27:49.147150,504
2026-02-17 02:27:49.155206,505
2026-02-17 02:27:49.163184,516
2026-02-17 02:27:49.171210,506
2026-02-17 02:27:49.179214,508
2026-02-17 02:27:49.187182,514
2026-02-17 02:27:49.195159,506
2026-02-17 02:27:49.203163,517
2026-02-17 02:27:49.211174,517
2026-02-17 02:27:49.219171,514
2026-02-17 02:27:49.227214,518
2026-02-17 02:27:49.235126,508
2026-02-17 02:27:49.243134,521
2026-02-17 02:27:49.251097,521
2026-02-17 02:27:49.259061,517
2026-02-17 02:27:49.267094,515
2026-02-17 02:27:49.275119,502
2026-02-17 02:27:49.283072,505
2026-02-17 02:27:49.291091,500
2026-02-17 02:27:49.299075,503
2026-02-17 02:27:49.307065,505
2026-02-17 02:27:49.315061,505
2026-02-17 02:27:49.323081,517
2026-02-17 02:27:49.331095,519
2026-02-17 02:27:49.339044,512
2026-02-17 02:27:49.347182,517
2026-02-17 02:27:49.355153,519
2026-02-17 02:27:49.363149,519
2026-02-17 02:27:49.371001,521
2026-02-17 02:27:49.379066,514
2026-02-17 02:27:49.387056,513
2026-02-17 02:27:49.395095,505
2026-02-17 02:27:49.403071,516
2026-02-17 02:27:49.411056,516
2026-02-17 02:27:49.419057,521
2026-02-17 02:27:49.427010,527
2026-02-17 02:27:49.435023,519
2026-02-17 02:27:49.443083,519
2026-02-17 02:27:49.451093,516
2026-02-17 02:27:49.459050,512
2026-02-17 02:27:49.467060,524
2026-02-17 02:27:49.475151,512
2026-02-17 02:27:49.483100,516
2026-02-17 02:27:49.491048,515
2026-02-17 02:27:49.499069,505
2026-02-17 02:27:49.507051,508
2026-02-17 02:27:49.515067,505
2026-02-17 02:27:49.523066,510
2026-02-17 02:27:49.531113,508
2026-02-17 02:27:49.539051,506
2026-02-17 02:27:49.547057,510
2026-02-17 02:27:49.555130,517
2026-02-17 02:27:49.563060,520
2026-02-17 02:27:49.571097,516
2026-02-17 02:27:49.579051,520
2026-02-17 02:27:49.587065,518
2026-02-17 02:27:49.595087,513
2026-02-17 02:27:49.603071,511
2026-02-17 02:27:49.611068,504
2026-02-17 02:27:49.619086,515
2026-02-17 02:27:49.627055,522
2026-02-17 02:27:49.635063,514
2026-02-17 02:27:49.643057,514
2026-02-17 02:27:49.651078,509
2026-02-17 02:27:49.659117,510
2026-02-17 02:27:49.667141,500
2026-02-17 02:27:49.675064,504
2026-02-17 02:27:49.683101,504
2026-02-17 02:27:49.691061,510
2026-02-17 02:27:49.699102,508
2026-02-17 02:27:49.707111,510
2026-02-17 02:27:49.715048,509
2026-02-17 02:27:49.723089,515
2026-02-17 02:27:49.731102,511
2026-02-17 02:27:49.739056,507
2026-02-17 02:27:49.747055,512
2026-02-17 02:27:49.755091,515
2026-02-17 02:27:49.763110,510
2026-02-17 02:27:49.771103,503
2026-02-17 02:27:49.779058,511
2026-02-17 02:27:49.787043,519
2026-02-17 02:27:49.795064,515
2026-02-17 02:27:49.803058,513
2026-02-17 02:27:49.811056,505
2026-02-17 02:27:49.819052,508
2026-02-17 02:27:49.827051,509
2026-02-17 02:27:49.835052,504
2026-02-17 02:27:49.843059,512
2026-02-17 02:27:49.851116,516
2026-02-17 02:27:49.859104,511
2026-02-17 02:27:49.867047,515
2026-02-17 02:27:49.875048,507
2026-02-17 02:27:49.883059,514
2026-02-17 02:27:49.890998,513
2026-02-17 02:27:49.899075,502
2026-02-17 02:27:49.907117,515
2026-02-17 02:27:49.915055,512
2026-02-17 02:27:49.923050,514
2026-02-17 02:27:49.931061,515
2026-02-17 02:27:49.939105,515
2026-02-17 02:27:49.947210,513
2026-02-17 02:27:49.955136,514
2026-02-17 02:27:49.963131,522
2026-02-17 02:27:49.971119,510
2026-02-17 02:27:49.979552,509
2026-02-17 02:27:49.987105,521
2026-02-17 02:27:49.995078,517
2026-02-17 02:27:50.003075,518
2026-02-17 02:27:50.011099,514
2026-02-17 02:27:50.019248,516
2026-02-17 02:27:50.027035,512
2026-02-17 02:27:50.035037,504
2026-02-17 02:27:50.043052,496
2026-02-17 02:27:50.051040,506
2026-02-17 02:27:50.059069,506
2026-02-17 02:27:50.067001,514
2026-02-17 02:27:50.075127,503
2026-02-17 02:27:50.083061,509
2026-02-17 02:27:50.091124,506
2026-02-17 02:27:50.099055,510
2026-02-17 02:27:50.107093,513
2026-02-17 02:27:50.115085,508
2026-02-17 02:27:50.123111,511
2026-02-17 02:27:50.131105,519
2026-02-17 02:27:50.139104,514
2026-02-17 02:27:50.147040,517
2026-02-17 02:27:50.155048,512
2026-02-17 02:27:50.163063,513
2026-02-17 02:27:50.171103,519
2026-02-17 02:27:50.179063,502
2026-02-17 02:27:50.187056,514
2026-02-17 02:27:50.195011,509
2026-02-17 02:27:50.203127,518
2026-02-17 02:27:50.210997,514
2026-02-17 02:27:50.219056,509
2026-02-17 02:27:50.227010,516
2026-02-17 02:27:50.235050,506
2026-02-17 02:27:50.243062,499
2026-02-17 02:27:50.251100,512
2026-02-17 02:27:50.259280,507
2026-02-17 02:27:50.267194,519
2026-02-17 02:27:50.275133,511
2026-02-17 02:27:50.283151,515
2026-02-17 02:27:50.291167,513
2026-02-17 02:27:50.299220,512
2026-02-17 02:27:50.307147,515
2026-02-17 02:27:50.315243,499
2026-02-17 02:27:50.323142,514
2026-02-17 02:27:50.331103,515
2026-02-17 02:27:50.339165,511
2026-02-17 02:27:50.347036,512
2026-02-17 02:27:50.355190,512
2026-02-17 02:27:50.363196,510
2026-02-17 02:27:50.371064,518
2026-02-17 02:27:50.379150,508
2026-02-17 02:27:50.387115,510
2026-02-17 02:27:50.395158,511
2026-02-17 02:27:50.403031,516
2026-02-17 02:27:50.411134,515
2026-02-17 02:27:50.419047,521
2026-02-17 02:27:50.427023,521
2026-02-17 02:27:50.435084,513
2026-02-17 02:27:50.443079,519
2026-02-17 02:27:50.451122,517
2026-02-17 02:27:50.459111,517
2026-02-17 02:27:50.467113,518
2026-02-17 02:27:50.475059,512
2026-02-17 02:27:50.483068,514
2026-02-17 02:27:50.491061,508
2026-02-17 02:27:50.499060,506
2026-02-17 02:27:50.507098,513
2026-02-17 02:27:50.515066,514
2026-02-17 02:27:50.523072,520
2026-02-17 02:27:50.531056,522
2026-02-17 02:27:50.539105,523
2026-02-17 02:27:50.547068,509
2026-02-17 02:27:50.555069,493
2026-02-17 02:27:50.563089,509
2026-02-17 02:27:50.571075,517
2026-02-17 02:27:50.579120,509
2026-02-17 02:27:50.587021,507
2026-02-17 02:27:50.595116,502
2026-02-17 02:27:50.603062,497
2026-02-17 02:27:50.611082,480
2026-02-17 02:27:50.619055,482
2026-02-17 02:27:50.627115,481
2026-02-17 02:27:50.635175,476
2026-02-17 02:27:50.643087,480
2026-02-17 02:27:50.651103,479
2026-02-17 02:27:50.659134,482
2026-02-17 02:27:50.667037,466
2026-02-17 02:27:50.675063,461
2026-02-17 02:27:50.683153,474
2026-02-17 02:27:50.691108,487
2026-02-17 02:27:50.699066,484
2026-02-17 02:27:50.707099,504
2026-02-17 02:27:50.715068,507
2026-02-17 02:27:50.723064,520
2026-02-17 02:27:50.731073,525
2026-02-17 02:27:50.739059,537
2026-02-17 02:27:50.747058,545
2026-02-17 02:27:50.755064,552
2026-02-17 02:27:50.763072,569
2026-02-17 02:27:50.771061,568
2026-02-17 02:27:50.779072,555
2026-02-17 02:27:50.787063,559
2026-02-17 02:27:50.795060,556
2026-02-17 02:27:50.803104,551
2026-02-17 02:27:50.811053,549
2026-02-17 02:27:50.819056,543
2026-02-17 02:27:50.827056,551
2026-02-17 02:27:50.835060,550
2026-02-17 02:27:50.843070,554
2026-02-17 02:27:50.851239,546
2026-02-17 02:27:50.859152,541
2026-02-17 02:27:50.867122,554
2026-02-17 02:27:50.875056,549
2026-02-17 02:27:50.883080,546
2026-02-17 02:27:50.891064,533
2026-02-17 02:27:50.899019,539
2026-02-17 02:27:50.907124,555
2026-02-17 02:27:50.915106,545
2026-02-17 02:27:50.923064,552
2026-02-17 02:27:50.931058,549
2026-02-17 02:27:50.939092,537
2026-02-17 02:27:50.947191,520
2026-02-17 02:27:50.955133,530
2026-02-17 02:27:50.963094,540
2026-02-17 02:27:50.971115,538
2026-02-17 02:27:50.979125,536
2026-02-17 02:27:50.987089,529
2026-02-17 02:27:50.995055,519
2026-02-17 02:27:51.003068,525
2026-02-17 02:27:51.011179,531
2026-02-17 02:27:51.019313,523
2026-02-17 02:27:51.027088,519
2026-02-17 02:27:51.035037,513
2026-02-17 02:27:51.043108,526
2026-02-17 02:27:51.051076,525
2026-02-17 02:27:51.059112,521
2026-02-17 02:27:51.067040,526
2026-02-17 02:27:51.075055,514
2026-02-17 02:27:51.083138,516
2026-02-17 02:27:51.091018,518
2026-02-17 02:27:51.099053,525
2026-02-17 02:27:51.107084,529
2026-02-17 02:27:51.115092,518
2026-02-17 02:27:51.123068,527
2026-02-17 02:27:51.131120,527
2026-02-17 02:27:51.139057,497
2026-02-17 02:27:51.147070,495
2026-02-17 02:27:51.155173,490
2026-02-17 02:27:51.163080,479
2026-02-17 02:27:51.171078,471
2026-02-17 02:27:51.179237,485
2026-02-17 02:27:51.187156,495
2026-02-17 02:27:51.195123,496
2026-02-17 02:27:51.203057,502
2026-02-17 02:27:51.211065,495
2026-02-17 02:27:51.219064,507
2026-02-17 02:27:51.227067,513
2026-02-17 02:27:51.235059,506
2026-02-17 02:27:51.243058,520
2026-02-17 02:27:51.251073,508
2026-02-17 02:27:51.259058,503
2026-02-17 02:27:51.267104,517
2026-02-17 02:27:51.275050,500
2026-02-17 02:27:51.283075,513
2026-02-17 02:27:51.291075,510
2026-02-17 02:27:51.299068,512
2026-02-17 02:27:51.307066,507
2026-02-17 02:27:51.315064,496
2026-02-17 02:27:51.323056,514
2026-02-17 02:27:51.331151,509
2026-02-17 02:27:51.339156,508
2026-02-17 02:27:51.347206,509
2026-02-17 02:27:51.355076,516
2026-02-17 02:27:51.363148,514
2026-02-17 02:27:51.371146,498
2026-02-17 02:27:51.379075,476
2026-02-17 02:27:51.387237,472
2026-02-17 02:27:51.395177,456
2026-02-17 02:27:51.403132,457
2026-02-17 02:27:51.411049,453
2026-02-17 02:27:51.419079,456
2026-02-17 02:27:51.427087,478
2026-02-17 02:27:51.435028,487
2026-02-17 02:27:51.443028,498
2026-02-17 02:27:51.451165,501
2026-02-17 02:27:51.459189,495
2026-02-17 02:27:51.467150,503
2026-02-17 02:27:51.475123,510
2026-02-17 02:27:51.483115,497
2026-02-17 02:27:51.491062,505
2026-02-17 02:27:51.499065,515
2026-02-17 02:27:51.507066,501
2026-02-17 02:27:51.515070,513
2026-02-17 02:27:51.523060,516
2026-02-17 02:27:51.531060,504
2026-02-17 02:27:51.539053,505
2026-02-17 02:27:51.547065,518
2026-02-17 02:27:51.555094,506
2026-02-17 02:27:51.563174,513
2026-02-17 02:27:51.571214,514
2026-02-17 02:27:51.579105,505
2026-02-17 02:27:51.587086,498
2026-02-17 02:27:51.595117,491
2026-02-17 02:27:51.603095,498
2026-02-17 02:27:51.611078,511
2026-02-17 02:27:51.619057,507
2026-02-17 02:27:51.627070,515
2026-02-17 02:27:51.635055,503
2026-02-17 02:27:51.643109,507
2026-02-17 02:27:51.651103,499
2026-02-17 02:27:51.659093,511
2026-02-17 02:27:51.667087,518
2026-02-17 02:27:51.675068,510
2026-02-17 02:27:51.683140,508
2026-02-17 02:27:51.691074,504
2026-02-17 02:27:51.699148,495
2026-02-17 02:27:51.707110,505
2026-02-17 02:27:51.715076,513
2026-02-17 02:27:51.723119,521
2026-02-17 02:27:51.731075,521
2026-02-17 02:27:51.739067,519
2026-02-17 02:27:51.747126,518
2026-02-17 02:27:51.755093,503
2026-02-17 02:27:51.763141,518
2026-02-17 02:27:51.771132,518
2026-02-17 02:27:51.779201,517
2026-02-17 02:27:51.787104,514
2026-02-17 02:27:51.795074,501
2026-02-17 02:27:51.803095,516
2026-02-17 02:27:51.811070,510
2026-02-17 02:27:51.819110,513
2026-02-17 02:27:51.827127,519
2026-02-17 02:27:51.835066,520
2026-02-17 02:27:51.843069,523
2026-02-17 02:27:51.851172,512
2026-02-17 02:27:51.859035,514
2026-02-17 02:27:51.867086,515
2026-02-17 02:27:51.875159,517
2026-02-17 02:27:51.883196,521
2026-02-17 02:27:51.891120,523
2026-02-17 02:27:51.899094,521
2026-02-17 02:27:51.907086,505
2026-02-17 02:27:51.915064,514
2026-02-17 02:27:51.923089,516
2026-02-17 02:27:51.931071,510
2026-02-17 02:27:51.939099,515
2026-02-17 02:27:51.947081,520
2026-02-17 02:27:51.955074,502
2026-02-17 02:27:51.963067,513
2026-02-17 02:27:51.971088,516
2026-02-17 02:27:51.979074,512
2026-02-17 02:27:51.987077,521
2026-02-17 02:27:51.995074,510
2026-02-17 02:27:52.003079,510
2026-02-17 02:27:52.011164,510
2026-02-17 02:27:52.019165,518
2026-02-17 02:27:52.027130,520
2026-02-17 02:27:52.035091,510
2026-02-17 02:27:52.043141,517
2026-02-17 02:27:52.051137,499
2026-02-17 02:27:52.059125,505
2026-02-17 02:27:52.067041,517
2026-02-17 02:27:52.075109,512
2026-02-17 02:27:52.083113,522
2026-02-17 02:27:52.091165,507
2026-02-17 02:27:52.099037,514
2026-02-17 02:27:52.107078,515
2026-02-17 02:27:52.115095,507
2026-02-17 02:27:52.123067,514
2026-02-17 02:27:52.131089,504
2026-02-17 02:27:52.139070,510
2026-02-17 02:27:52.147083,504
2026-02-17 02:27:52.155180,504
2026-02-17 02:27:52.163051,519
2026-02-17 02:27:52.171091,516
2026-02-17 02:27:52.179171,515
2026-02-17 02:27:52.187126,521
2026-02-17 02:27:52.195111,504
2026-02-17 02:27:52.203062,510
2026-02-17 02:27:52.211099,514
2026-02-17 02:27:52.219072,517
2026-02-17 02:27:52.227111,513
2026-02-17 02:27:52.235076,505
2026-02-17 02:27:52.243061,512
2026-02-17 02:27:52.251052,510
2026-02-17 02:27:52.259079,516
2026-02-17 02:27:52.267102,522
2026-02-17 02:27:52.275165,508
2026-02-17 02:27:52.283090,510
2026-02-17 02:27:52.291085,509
2026-02-17 02:27:52.299089,518
2026-02-17 02:27:52.307070,521
2026-02-17 02:27:52.315072,516
2026-02-17 02:27:52.323084,507
2026-02-17 02:27:52.331073,511
2026-02-17 02:27:52.339116,512
2026-02-17 02:27:52.347165,518
2026-02-17 02:27:52.355144,501
2026-02-17 02:27:52.363094,509
2026-02-17 02:27:52.371088,511
2026-02-17 02:27:52.379122,491
2026-02-17 02:27:52.387200,509
2026-02-17 02:27:52.395213,511
2026-02-17 02:27:52.403144,520
2026-02-17 02:27:52.411153,515
2026-02-17 02:27:52.419108,510
2026-02-17 02:27:52.427076,515
2026-02-17 02:27:52.435106,509
2026-02-17 02:27:52.443017,522
2026-02-17 02:27:52.451034,515
2026-02-17 02:27:52.459087,509
2026-02-17 02:27:52.467082,518
2026-02-17 02:27:52.475073,516
2026-02-17 02:27:52.483084,513
2026-02-17 02:27:52.491072,500
2026-02-17 02:27:52.499079,514
2026-02-17 02:27:52.507068,525
2026-02-17 02:27:52.515080,521
2026-02-17 02:27:52.523080,525
2026-02-17 02:27:52.531059,513
2026-02-17 02:27:52.539059,509
2026-02-17 02:27:52.547074,523
2026-02-17 02:27:52.555093,506
2026-02-17 02:27:52.563075,519
2026-02-17 02:27:52.571093,517
2026-02-17 02:27:52.579069,514
2026-02-17 02:27:52.587038,512
2026-02-17 02:27:52.595105,517
2026-02-17 02:27:52.603076,518
2026-02-17 02:27:52.611090,519
2026-02-17 02:27:52.619069,514
2026-02-17 02:27:52.627078,503
2026-02-17 02:27:52.635116,503
2026-02-17 02:27:52.643086,520
2026-02-17 02:27:52.651174,517
2026-02-17 02:27:52.659156,514
2026-02-17 02:27:52.667144,526
2026-02-17 02:27:52.675147,513
2026-02-17 02:27:52.683127,521
2026-02-17 02:27:52.691065,521
2026-02-17 02:27:52.699156,509
2026-02-17 02:27:52.707157,509
2026-02-17 02:27:52.715140,521
2026-02-17 02:27:52.723090,512
2026-02-17 02:27:52.731022,513
2026-02-17 02:27:52.739030,519
2026-02-17 02:27:52.747042,515
2026-02-17 02:27:52.755069,518
2026-02-17 02:27:52.763036,513
2026-02-17 02:27:52.771118,509
2026-02-17 02:27:52.779050,511
2026-02-17 02:27:52.787038,517
2026-02-17 02:27:52.795075,506
2026-02-17 02:27:52.803067,513
2026-02-17 02:27:52.811107,505
2026-02-17 02:27:52.819074,512
2026-02-17 02:27:52.827052,517
2026-02-17 02:27:52.835057,499
2026-02-17 02:27:52.843063,513
2026-02-17 02:27:52.851070,519
2026-02-17 02:27:52.859064,519
2026-02-17 02:27:52.867082,522
2026-02-17 02:27:52.875067,512
2026-02-17 02:27:52.883069,513
2026-02-17 02:27:52.891037,514
2026-02-17 02:27:52.899112,509
2026-02-17 02:27:52.907074,506
2026-02-17 02:27:52.915177,502
2026-02-17 02:27:52.923084,519
2026-02-17 02:27:52.931035,516
2026-02-17 02:27:52.939073,508
2026-02-17 02:27:52.947126,519
2026-02-17 02:27:52.955081,510
2026-02-17 02:27:52.963148,517
2026-02-17 02:27:52.971194,511
2026-02-17 02:27:52.979101,514
2026-02-17 02:27:52.987100,516
2026-02-17 02:27:52.995066,517
2026-02-17 02:27:53.003192,512
2026-02-17 02:27:53.011164,513
2026-02-17 02:27:53.019211,510
2026-02-17 02:27:53.027087,514
2026-02-17 02:27:53.035046,499
2026-02-17 02:27:53.043665,506
2026-02-17 02:27:53.051223,509
2026-02-17 02:27:53.059297,510
2026-02-17 02:27:53.067206,515
2026-02-17 02:27:53.075202,510
2026-02-17 02:27:53.083302,514
2026-02-17 02:27:53.091533,502
2026-02-17 02:27:53.099278,506
2026-02-17 02:27:53.107271,500
2026-02-17 02:27:53.115230,504
2026-02-17 02:27:53.123235,513
2026-02-17 02:27:53.131339,514
2026-02-17 02:27:53.139293,509
2026-02-17 02:27:53.147293,519
2026-02-17 02:27:53.155301,506
2026-02-17 02:27:53.163231,497
2026-02-17 02:27:53.171310,499
2026-02-17 02:27:53.179302,492
2026-02-17 02:27:53.187298,511
2026-02-17 02:27:53.195300,504
2026-02-17 02:27:53.203221,512
2026-02-17 02:27:53.211258,517
2026-02-17 02:27:53.219285,519
2026-02-17 02:27:53.227280,526
2026-02-17 02:27:53.235265,520
2026-02-17 02:27:53.243218,512
2026-02-17 02:27:53.251224,517
2026-02-17 02:27:53.259236,511
2026-02-17 02:27:53.267249,513
2026-02-17 02:27:53.275276,514
2026-02-17 02:27:53.283210,519
2026-02-17 02:27:53.291255,514
2026-02-17 02:27:53.299225,517
2026-02-17 02:27:53.307240,516
2026-02-17 02:27:53.315255,515
2026-02-17 02:27:53.323215,519
2026-02-17 02:27:53.331226,516
2026-02-17 02:27:53.339237,525
2026-02-17 02:27:53.347246,517
2026-02-17 02:27:53.355218,513
2026-02-17 02:27:53.363291,505
2026-02-17 02:27:53.371230,513
2026-02-17 02:27:53.379265,514
2026-02-17 02:27:53.387289,522
2026-02-17 02:27:53.395288,503
2026-02-17 02:27:53.403190,511
2026-02-17 02:27:53.411207,512
2026-02-17 02:27:53.419271,510
2026-02-17 02:27:53.427266,513
2026-02-17 02:27:53.435226,513
2026-02-17 02:27:53.443181,515
2026-02-17 02:27:53.451127,518
2026-02-17 02:27:53.459249,506
2026-02-17 02:27:53.467206,520
2026-02-17 02:27:53.475206,516
2026-02-17 02:27:53.483225,519
2026-02-17 02:27:53.491175,527
2026-02-17 02:27:53.499200,510
2026-02-17 02:27:53.507228,515
2026-02-17 02:27:53.515197,507
2026-02-17 02:27:53.523217,513
2026-02-17 02:27:53.531181,516
2026-02-17 02:27:53.539168,511
2026-02-17 02:27:53.547415,520
2026-02-17 02:27:53.555270,507
2026-02-17 02:27:53.563205,519
2026-02-17 02:27:53.571252,515
2026-02-17 02:27:53.579189,510
2026-02-17 02:27:53.587180,522
2026-02-17 02:27:53.595257,511
2026-02-17 02:27:53.603232,513
2026-02-17 02:27:53.611217,502
2026-02-17 02:27:53.619172,503
2026-02-17 02:27:53.627240,510
2026-02-17 02:27:53.635216,510
2026-02-17 02:27:53.643234,513
2026-02-17 02:27:53.651245,515
2026-02-17 02:27:53.659150,505
2026-02-17 02:27:53.667280,516
2026-02-17 02:27:53.675233,510
2026-02-17 02:27:53.683226,502
2026-02-17 02:27:53.691187,514
2026-02-17 02:27:53.699240,519
2026-02-17 02:27:53.707265,511
2026-02-17 02:27:53.715186,506
2026-02-17 02:27:53.723185,511
2026-02-17 02:27:53.731208,511
2026-02-17 02:27:53.739178,516
2026-02-17 02:27:53.747190,519
2026-02-17 02:27:53.755222,520
2026-02-17 02:27:53.763219,514
2026-02-17 02:27:53.771156,511
2026-02-17 02:27:53.779211,506
2026-02-17 02:27:53.787160,518
2026-02-17 02:27:53.795247,508
2026-02-17 02:27:53.803247,508
2026-02-17 02:27:53.811265,506
2026-02-17 02:27:53.819225,510
2026-02-17 02:27:53.827200,517
2026-02-17 02:27:53.835215,505
2026-02-17 02:27:53.843255,503
2026-02-17 02:27:53.851202,523
2026-02-17 02:27:53.859307,516
2026-02-17 02:27:53.867230,519
2026-02-17 02:27:53.875275,520
2026-02-17 02:27:53.883228,511
2026-02-17 02:27:53.891276,516
2026-02-17 02:27:53.899262,513
2026-02-17 02:27:53.907209,511
2026-02-17 02:27:53.915206,511
2026-02-17 02:27:53.923196,526
2026-02-17 02:27:53.931202,515
2026-02-17 02:27:53.939247,505
2026-02-17 02:27:53.947284,505
2026-02-17 02:27:53.955117,506
2026-02-17 02:27:53.963243,499
2026-02-17 02:27:53.971194,502
2026-02-17 02:27:53.979268,509
2026-02-17 02:27:53.987158,520
2026-02-17 02:27:53.995160,506
2026-02-17 02:27:54.003222,517
2026-02-17 02:27:54.011284,516
2026-02-17 02:27:54.019186,518
2026-02-17 02:27:54.027275,517
2026-02-17 02:27:54.035114,509
2026-02-17 02:27:54.043182,505
2026-02-17 02:27:54.051097,512
2026-02-17 02:27:54.059099,521
2026-02-17 02:27:54.067117,519
2026-02-17 02:27:54.075125,507
2026-02-17 02:27:54.083083,512
2026-02-17 02:27:54.091103,513
2026-02-17 02:27:54.099095,513
2026-02-17 02:27:54.107087,517
2026-02-17 02:27:54.115083,511
2026-02-17 02:27:54.123145,524
2026-02-17 02:27:54.131130,514
2026-02-17 02:27:54.139143,511
2026-02-17 02:27:54.147103,518
2026-02-17 02:27:54.155111,506
2026-02-17 02:27:54.163109,509
2026-02-17 02:27:54.171133,514
2026-02-17 02:27:54.179146,508
2026-02-17 02:27:54.187124,513
2026-02-17 02:27:54.195129,515
2026-02-17 02:27:54.203148,519
2026-02-17 02:27:54.211123,499
2026-02-17 02:27:54.219197,505
2026-02-17 02:27:54.227184,515
2026-02-17 02:27:54.235155,519
2026-02-17 02:27:54.243179,511
2026-02-17 02:27:54.251190,515
2026-02-17 02:27:54.259219,500
2026-02-17 02:27:54.267210,509
2026-02-17 02:27:54.275288,511
2026-02-17 02:27:54.283199,516
2026-02-17 02:27:54.291227,510
2026-02-17 02:27:54.299248,515
2026-02-17 02:27:54.307165,514
2026-02-17 02:27:54.315208,506
2026-02-17 02:27:54.323167,511
2026-02-17 02:27:54.331170,517
2026-02-17 02:27:54.339153,509
2026-02-17 02:27:54.347144,513
2026-02-17 02:27:54.355202,511
2026-02-17 02:27:54.363201,515
2026-02-17 02:27:54.371166,509
2026-02-17 02:27:54.379240,510
2026-02-17 02:27:54.387209,523
2026-02-17 02:27:54.395180,498
2026-02-17 02:27:54.403232,508
2026-02-17 02:27:54.411198,508
2026-02-17 02:27:54.419184,520
2026-02-17 02:27:54.427139,512
2026-02-17 02:27:54.435143,514
2026-02-17 02:27:54.443124,517
2026-02-17 02:27:54.451078,518
2026-02-17 02:27:54.459149,510
2026-02-17 02:27:54.467096,515
2026-02-17 02:27:54.475061,505
2026-02-17 02:27:54.483082,514
2026-02-17 02:27:54.491144,510
2026-02-17 02:27:54.499085,512
2026-02-17 02:27:54.507109,515
2026-02-17 02:27:54.515100,511
2026-02-17 02:27:54.523085,521
2026-02-17 02:27:54.531085,514
2026-02-17 02:27:54.539113,515
2026-02-17 02:27:54.547083,524
2026-02-17 02:27:54.555130,507
2026-02-17 02:27:54.563093,516
2026-02-17 02:27:54.571122,516
2026-02-17 02:27:54.579099,497
2026-02-17 02:27:54.587059,516
2026-02-17 02:27:54.595107,519
2026-02-17 02:27:54.603097,521
2026-02-17 02:27:54.611125,518
2026-02-17 02:27:54.619126,519
2026-02-17 02:27:54.627068,516
2026-02-17 02:27:54.635087,514
2026-02-17 02:27:54.643084,511
2026-02-17 02:27:54.651090,515
2026-02-17 02:27:54.659108,511
2026-02-17 02:27:54.667127,508
2026-02-17 02:27:54.675087,514
2026-02-17 02:27:54.683166,518
2026-02-17 02:27:54.691139,517
2026-02-17 02:27:54.699088,517
2026-02-17 02:27:54.707129,516
2026-02-17 02:27:54.715105,498
2026-02-17 02:27:54.723090,498
2026-02-17 02:27:54.731093,496
2026-02-17 02:27:54.739089,513
2026-02-17 02:27:54.747172,512
2026-02-17 02:27:54.755125,508
2026-02-17 02:27:54.763117,512
2026-02-17 02:27:54.771127,513
2026-02-17 02:27:54.779122,510
2026-02-17 02:27:54.787086,509
2026-02-17 02:27:54.795103,513
2026-02-17 02:27:54.803102,508
2026-02-17 02:27:54.811098,512
2026-02-17 02:27:54.819107,516
2026-02-17 02:27:54.827092,516
2026-02-17 02:27:54.835087,509
2026-02-17 02:27:54.843084,506
2026-02-17 02:27:54.851210,498
2026-02-17 02:27:54.859208,516
2026-02-17 02:27:54.867184,515
2026-02-17 02:27:54.875227,506
2026-02-17 02:27:54.883183,511
2026-02-17 02:27:54.891258,504
2026-02-17 02:27:54.899191,507
2026-02-17 02:27:54.907163,507
2026-02-17 02:27:54.915197,510
2026-02-17 02:27:54.923164,515
2026-02-17 02:27:54.931187,503
2026-02-17 02:27:54.939205,500
2026-02-17 02:27:54.947202,513
2026-02-17 02:27:54.955193,508
2026-02-17 02:27:54.963243,514
2026-02-17 02:27:54.971196,515
2026-02-17 02:27:54.979211,507
2026-02-17 02:27:54.987279,507
2026-02-17 02:27:54.995203,506
2026-02-17 02:27:55.003210,509
2026-02-17 02:27:55.011459,506
2026-02-17 02:27:55.019231,507
2026-02-17 02:27:55.027188,514
2026-02-17 02:27:55.035107,508
2026-02-17 02:27:55.043285,517
2026-02-17 02:27:55.051244,519
2026-02-17 02:27:55.059240,515
2026-02-17 02:27:55.067309,519
2026-02-17 02:27:55.075196,500
2026-02-17 02:27:55.083298,506
2026-02-17 02:27:55.091236,510
2026-02-17 02:27:55.099224,515
2026-02-17 02:27:55.107227,517
2026-02-17 02:27:55.115169,513
2026-02-17 02:27:55.123264,525
2026-02-17 02:27:55.131284,517
2026-02-17 02:27:55.139170,507
2026-02-17 02:27:55.147156,516
2026-02-17 02:27:55.155257,509
2026-02-17 02:27:55.163161,519
2026-02-17 02:27:55.171167,515
2026-02-17 02:27:55.179144,518
2026-02-17 02:27:55.187234,505
2026-02-17 02:27:55.195154,503
2026-02-17 02:27:55.203132,514
2026-02-17 02:27:55.211123,517
2026-02-17 02:27:55.219094,518
2026-02-17 02:27:55.227090,511
2026-02-17 02:27:55.235104,506
2026-02-17 02:27:55.243125,510
2026-02-17 02:27:55.251112,514
2026-02-17 02:27:55.259082,513
2026-02-17 02:27:55.267107,515
2026-02-17 02:27:55.275102,504
2026-02-17 02:27:55.283091,507
2026-02-17 02:27:55.291150,510
2026-02-17 02:27:55.299108,511
2026-02-17 02:27:55.307092,519
2026-02-17 02:27:55.315086,511
2026-02-17 02:27:55.323085,524
2026-02-17 02:27:55.331098,511
2026-02-17 02:27:55.339098,497
2026-02-17 02:27:55.347151,514
2026-02-17 02:27:55.355106,513
2026-02-17 02:27:55.363116,519
2026-02-17 02:27:55.371120,511
2026-02-17 02:27:55.379110,507
2026-02-17 02:27:55.387162,518
2026-02-17 02:27:55.395108,508
2026-02-17 02:27:55.403078,516
2026-02-17 02:27:55.411217,515
2026-02-17 02:27:55.419099,518
2026-02-17 02:27:55.427118,517
2026-02-17 02:27:55.435089,509
2026-02-17 02:27:55.443088,504
2026-02-17 02:27:55.451102,519
2026-02-17 02:27:55.459029,512
2026-02-17 02:27:55.467040,514
2026-02-17 02:27:55.475090,502
2026-02-17 02:27:55.483116,504
2026-02-17 02:27:55.491080,504
2026-02-17 02:27:55.499086,504
2026-02-17 02:27:55.507096,522
2026-02-17 02:27:55.515084,515
2026-02-17 02:27:55.523095,514
2026-02-17 02:27:55.531092,517
2026-02-17 02:27:55.539104,519
2026-02-17 02:27:55.547082,517
2026-02-17 02:27:55.555100,506
2026-02-17 02:27:55.563091,519
2026-02-17 02:27:55.571100,515
2026-02-17 02:27:55.579095,522
2026-02-17 02:27:55.587115,522
2026-02-17 02:27:55.595152,510
2026-02-17 02:27:55.603117,519
2026-02-17 02:27:55.611096,520
2026-02-17 02:27:55.619104,512
2026-02-17 02:27:55.627116,516
2026-02-17 02:27:55.635085,516
2026-02-17 02:27:55.643209,505
2026-02-17 02:27:55.651129,512
2026-02-17 02:27:55.659111,508
2026-02-17 02:27:55.667112,515
2026-02-17 02:27:55.675136,512
2026-02-17 02:27:55.683254,516
2026-02-17 02:27:55.691155,511
2026-02-17 02:27:55.699098,499
2026-02-17 02:27:55.707085,511
2026-02-17 02:27:55.715098,507
2026-02-17 02:27:55.723130,511
2026-02-17 02:27:55.731145,504
2026-02-17 02:27:55.739116,509
2026-02-17 02:27:55.747105,511
2026-02-17 02:27:55.755106,507
2026-02-17 02:27:55.763104,516
2026-02-17 02:27:55.771134,511
2026-02-17 02:27:55.779106,514
2026-02-17 02:27:55.787112,508
2026-02-17 02:27:55.795104,508
2026-02-17 02:27:55.803101,510
2026-02-17 02:27:55.811099,507
2026-02-17 02:27:55.819094,514
2026-02-17 02:27:55.827096,515
2026-02-17 02:27:55.835094,514
2026-02-17 02:27:55.843085,517
2026-02-17 02:27:55.851201,518
2026-02-17 02:27:55.859176,504
2026-02-17 02:27:55.867089,510
2026-02-17 02:27:55.875100,507
2026-02-17 02:27:55.883096,509
2026-02-17 02:27:55.891105,512
2026-02-17 02:27:55.899105,514
2026-02-17 02:27:55.907100,511
2026-02-17 02:27:55.915085,505
2026-02-17 02:27:55.923103,518
2026-02-17 02:27:55.931120,514
2026-02-17 02:27:55.939123,515
2026-02-17 02:27:55.947193,516
2026-02-17 02:27:55.955157,514
2026-02-17 02:27:55.963234,513
2026-02-17 02:27:55.971168,510
2026-02-17 02:27:55.979172,510
2026-02-17 02:27:55.987149,517
2026-02-17 02:27:55.995057,503
2026-02-17 02:27:56.003120,501
2026-02-17 02:27:56.011153,504
2026-02-17 02:27:56.019255,513
2026-02-17 02:27:56.027140,510
2026-02-17 02:27:56.035041,509
2026-02-17 02:27:56.043085,512
2026-02-17 02:27:56.051178,501
2026-02-17 02:27:56.059150,500
2026-02-17 02:27:56.067094,513
2026-02-17 02:27:56.075198,512
2026-02-17 02:27:56.083200,521
2026-02-17 02:27:56.091161,507
2026-02-17 02:27:56.099118,506
2026-02-17 02:27:56.107130,513
2026-02-17 02:27:56.115112,511
2026-02-17 02:27:56.123092,519
2026-02-17 02:27:56.131085,522
2026-02-17 02:27:56.139094,519
2026-02-17 02:27:56.147104,504
2026-02-17 02:27:56.155193,502
2026-02-17 02:27:56.163274,520
2026-02-17 02:27:56.171120,519
2026-02-17 02:27:56.179156,517
2026-02-17 02:27:56.187226,514
2026-02-17 02:27:56.195168,508
2026-02-17 02:27:56.203110,514
2026-02-17 02:27:56.211094,515
2026-02-17 02:27:56.219095,513
2026-02-17 02:27:56.227124,509
2026-02-17 02:27:56.235094,501
2026-02-17 02:27:56.243126,510
2026-02-17 02:27:56.251046,511
2026-02-17 02:27:56.259215,508
2026-02-17 02:27:56.267170,518
2026-02-17 02:27:56.275138,510
2026-02-17 02:27:56.283130,518
2026-02-17 02:27:56.291162,513
2026-02-17 02:27:56.299076,510
2026-02-17 02:27:56.307043,516
2026-02-17 02:27:56.315105,509
2026-02-17 02:27:56.323087,517
2026-02-17 02:27:56.331082,514
2026-02-17 02:27:56.339102,509
2026-02-17 02:27:56.347095,510
2026-02-17 02:27:56.355117,512
2026-02-17 02:27:56.363081,514
2026-02-17 02:27:56.371038,516
2026-02-17 02:27:56.379090,516
2026-02-17 02:27:56.387120,519
2026-02-17 02:27:56.395110,504
2026-02-17 02:27:56.403047,510
2026-02-17 02:27:56.411091,509
2026-02-17 02:27:56.419045,515
2026-02-17 02:27:56.427088,520
2026-02-17 02:27:56.435037,503
2026-02-17 02:27:56.443093,507
2026-02-17 02:27:56.451037,508
2026-02-17 02:27:56.459034,505
2026-02-17 02:27:56.467057,514
2026-02-17 02:27:56.475093,501
2026-02-17 02:27:56.483086,512
2026-02-17 02:27:56.491143,501
2026-02-17 02:27:56.499099,506
2026-02-17 02:27:56.507103,522
2026-02-17 02:27:56.515095,517
2026-02-17 02:27:56.523088,510
2026-02-17 02:27:56.531087,518
2026-02-17 02:27:56.539084,512
2026-02-17 02:27:56.547090,508
2026-02-17 02:27:56.555032,519
2026-02-17 02:27:56.563130,519
2026-02-17 02:27:56.571114,521
2026-02-17 02:27:56.579157,517
2026-02-17 02:27:56.587163,513
2026-02-17 02:27:56.595103,510
2026-02-17 02:27:56.603106,518
2026-02-17 02:27:56.611086,516
2026-02-17 02:27:56.619106,512
2026-02-17 02:27:56.627086,526
2026-02-17 02:27:56.635090,509
2026-02-17 02:27:56.643088,518
2026-02-17 02:27:56.651162,514
2026-02-17 02:27:56.659201,515
2026-02-17 02:27:56.667179,507
2026-02-17 02:27:56.675097,505
2026-02-17 02:27:56.683158,509
2026-02-17 02:27:56.691090,510
2026-02-17 02:27:56.699105,515
2026-02-17 02:27:56.707086,520
2026-02-17 02:27:56.715116,512
2026-02-17 02:27:56.723116,515
2026-02-17 02:27:56.731101,506
2026-02-17 02:27:56.739099,509
2026-02-17 02:27:56.747102,507
2026-02-17 02:27:56.755033,511
2026-02-17 02:27:56.763061,508
2026-02-17 02:27:56.771048,510
2026-02-17 02:27:56.779044,515
2026-02-17 02:27:56.787126,514
2026-02-17 02:27:56.795091,508
2026-02-17 02:27:56.803102,518
2026-02-17 02:27:56.811110,515
2026-02-17 02:27:56.819093,514
2026-02-17 02:27:56.827116,520
2026-02-17 02:27:56.835097,507
2026-02-17 02:27:56.843119,509
2026-02-17 02:27:56.851124,514
2026-02-17 02:27:56.859120,509
2026-02-17 02:27:56.867113,511
2026-02-17 02:27:56.875101,500
2026-02-17 02:27:56.883107,516
2026-02-17 02:27:56.891096,510
2026-02-17 02:27:56.899095,514
2026-02-17 02:27:56.907107,519
2026-02-17 02:27:56.915099,513
2026-02-17 02:27:56.923101,513
2026-02-17 02:27:56.931084,502
2026-02-17 02:27:56.939097,505
2026-02-17 02:27:56.947036,506
2026-02-17 02:27:56.955090,515
2026-02-17 02:27:56.963110,516
2026-02-17 02:27:56.971103,515
2026-02-17 02:27:56.979090,517
2026-02-17 02:27:56.987149,519
2026-02-17 02:27:56.995107,502
2026-02-17 02:27:57.003095,501
2026-02-17 02:27:57.011112,512
2026-02-17 02:27:57.019077,510
2026-02-17 02:27:57.027163,512
2026-02-17 02:27:57.035101,499
2026-02-17 02:27:57.043159,514
2026-02-17 02:27:57.051122,517
2026-02-17 02:27:57.059060,514
2026-02-17 02:27:57.067182,523
2026-02-17 02:27:57.075124,508
2026-02-17 02:27:57.083149,517
2026-02-17 02:27:57.091120,498
2026-02-17 02:27:57.099162,481
2026-02-17 02:27:57.107112,493
2026-02-17 02:27:57.115105,488
2026-02-17 02:27:57.123109,493
2026-02-17 02:27:57.131176,481
2026-02-17 02:27:57.139102,479
2026-02-17 02:27:57.147122,488
2026-02-17 02:27:57.155191,490
2026-02-17 02:27:57.163162,500
2026-02-17 02:27:57.171169,496
2026-02-17 02:27:57.179155,504
2026-02-17 02:27:57.187176,520
2026-02-17 02:27:57.195136,506
2026-02-17 02:27:57.203150,504
2026-02-17 02:27:57.211116,510
2026-02-17 02:27:57.219112,517
2026-02-17 02:27:57.227134,516
2026-02-17 02:27:57.235099,516
2026-02-17 02:27:57.243089,518
2026-02-17 02:27:57.251056,519
2026-02-17 02:27:57.259049,520
2026-02-17 02:27:57.267121,522
2026-02-17 02:27:57.275083,520
2026-02-17 02:27:57.283189,510
2026-02-17 02:27:57.291102,504
2026-02-17 02:27:57.299239,518
2026-02-17 02:27:57.307231,518
2026-02-17 02:27:57.315175,517
2026-02-17 02:27:57.323161,516
2026-02-17 02:27:57.331109,520
2026-02-17 02:27:57.339121,517
2026-02-17 02:27:57.347103,512
2026-02-17 02:27:57.355117,504
2026-02-17 02:27:57.363099,514
2026-02-17 02:27:57.371103,512
2026-02-17 02:27:57.379099,519
2026-02-17 02:27:57.387102,516
2026-02-17 02:27:57.395124,508
2026-02-17 02:27:57.403089,516
2026-02-17 02:27:57.411148,515
2026-02-17 02:27:57.419165,505
2026-02-17 02:27:57.427130,511
2026-02-17 02:27:57.435145,515
2026-02-17 02:27:57.443103,516
2026-02-17 02:27:57.451170,516
2026-02-17 02:27:57.459163,515
2026-02-17 02:27:57.467080,509
2026-02-17 02:27:57.475156,499
2026-02-17 02:27:57.483123,517
2026-02-17 02:27:57.491103,524
2026-02-17 02:27:57.499203,515
2026-02-17 02:27:57.507120,508
2026-02-17 02:27:57.515157,508
2026-02-17 02:27:57.523107,508
2026-02-17 02:27:57.531100,504
2026-02-17 02:27:57.539166,507
2026-02-17 02:27:57.547107,507
2026-02-17 02:27:57.555107,507
2026-02-17 02:27:57.563100,514
2026-02-17 02:27:57.571101,514
2026-02-17 02:27:57.579143,505
2026-02-17 02:27:57.587085,523
2026-02-17 02:27:57.595189,515
2026-02-17 02:27:57.603160,512
2026-02-17 02:27:57.611117,515
2026-02-17 02:27:57.619150,522
2026-02-17 02:27:57.627102,516
2026-02-17 02:27:57.635101,517
2026-02-17 02:27:57.643106,519
2026-02-17 02:27:57.651100,523
2026-02-17 02:27:57.659129,523
2026-02-17 02:27:57.667130,517
2026-02-17 02:27:57.675111,506
2026-02-17 02:27:57.683131,518
2026-02-17 02:27:57.691159,511
2026-02-17 02:27:57.699102,513
2026-02-17 02:27:57.707165,515
2026-02-17 02:27:57.715097,513
2026-02-17 02:27:57.723070,521
2026-02-17 02:27:57.731121,510
2026-02-17 02:27:57.739080,515
2026-02-17 02:27:57.747081,518
2026-02-17 02:27:57.755069,498
2026-02-17 02:27:57.763104,518
2026-02-17 02:27:57.771103,511
2026-02-17 02:27:57.779096,515
2026-02-17 02:27:57.787074,509
2026-02-17 02:27:57.795097,503
2026-02-17 02:27:57.803135,506
2026-02-17 02:27:57.811097,502
2026-02-17 02:27:57.819132,502
2026-02-17 02:27:57.827094,515
2026-02-17 02:27:57.835091,517
2026-02-17 02:27:57.843103,513
2026-02-17 02:27:57.851123,516
2026-02-17 02:27:57.859167,513
2026-02-17 02:27:57.867127,516
2026-02-17 02:27:57.875104,506
2026-02-17 02:27:57.883085,511
2026-02-17 02:27:57.891196,522
2026-02-17 02:27:57.899066,524
2026-02-17 02:27:57.907126,521
2026-02-17 02:27:57.915149,518
2026-02-17 02:27:57.923161,519
2026-02-17 02:27:57.931102,517
2026-02-17 02:27:57.939112,514
2026-02-17 02:27:57.947113,519
2026-02-17 02:27:57.955104,509
2026-02-17 02:27:57.963112,522
2026-02-17 02:27:57.971111,524
2026-02-17 02:27:57.979110,519
2026-02-17 02:27:57.987111,519
2026-02-17 02:27:57.995125,517
2026-02-17 02:27:58.003098,519
2026-02-17 02:27:58.011183,515
2026-02-17 02:27:58.019226,503
2026-02-17 02:27:58.027143,511
2026-02-17 02:27:58.035064,513
2026-02-17 02:27:58.043197,511
2026-02-17 02:27:58.051139,517
2026-02-17 02:27:58.059133,509
2026-02-17 02:27:58.067215,515
2026-02-17 02:27:58.075190,515
2026-02-17 02:27:58.083166,517
2026-02-17 02:27:58.091106,523
2026-02-17 02:27:58.099122,523
2026-02-17 02:27:58.107048,520
2026-02-17 02:27:58.115116,508
2026-02-17 02:27:58.123046,511
2026-02-17 02:27:58.131135,510
2026-02-17 02:27:58.139115,507
2026-02-17 02:27:58.147125,519
2026-02-17 02:27:58.155193,514
2026-02-17 02:27:58.163111,510
2026-02-17 02:27:58.171113,514
2026-02-17 02:27:58.179124,513
2026-02-17 02:27:58.187195,512
2026-02-17 02:27:58.195245,500
2026-02-17 02:27:58.203159,512
2026-02-17 02:27:58.211101,511
2026-02-17 02:27:58.219121,515
2026-02-17 02:27:58.227111,514
2026-02-17 02:27:58.235127,512
2026-02-17 02:27:58.243118,514
2026-02-17 02:27:58.251168,516
2026-02-17 02:27:58.259108,513
2026-02-17 02:27:58.267123,517
2026-02-17 02:27:58.275045,513
2026-02-17 02:27:58.283100,507
2026-02-17 02:27:58.291114,508
2026-02-17 02:27:58.299123,511
2026-02-17 02:27:58.307104,515
2026-02-17 02:27:58.315101,510
2026-02-17 02:27:58.323095,522
2026-02-17 02:27:58.331114,520
2026-02-17 02:27:58.339107,517
2026-02-17 02:27:58.347115,526
2026-02-17 02:27:58.355125,522
2026-02-17 02:27:58.363103,509
2026-02-17 02:27:58.371104,511
2026-02-17 02:27:58.379116,507
2026-02-17 02:27:58.387092,514
2026-02-17 02:27:58.395153,517
2026-02-17 02:27:58.403068,521
2026-02-17 02:27:58.411111,512
2026-02-17 02:27:58.419178,505
2026-02-17 02:27:58.427117,516
2026-02-17 02:27:58.435106,509
2026-02-17 02:27:58.443107,520
2026-02-17 02:27:58.451154,510
2026-02-17 02:27:58.459107,516
2026-02-17 02:27:58.467102,524
2026-02-17 02:27:58.475065,515
2026-02-17 02:27:58.483122,514
2026-02-17 02:27:58.491099,513
2026-02-17 02:27:58.499128,511
2026-02-17 02:27:58.507116,521
2026-02-17 02:27:58.515153,511
2026-02-17 02:27:58.523133,504
2026-02-17 02:27:58.531189,488
2026-02-17 02:27:58.539170,480
2026-02-17 02:27:58.547055,494
2026-02-17 02:27:58.555071,502
2026-02-17 02:27:58.563182,506
2026-02-17 02:27:58.571153,503
2026-02-17 02:27:58.579101,494
2026-02-17 02:27:58.587070,490
2026-02-17 02:27:58.595118,489
2026-02-17 02:27:58.603109,500
2026-02-17 02:27:58.611133,516
2026-02-17 02:27:58.619113,516
2026-02-17 02:27:58.627110,515
2026-02-17 02:27:58.635113,508
2026-02-17 02:27:58.643118,516
2026-02-17 02:27:58.651115,521
2026-02-17 02:27:58.659252,521
2026-02-17 02:27:58.667210,518
2026-02-17 02:27:58.675232,508
2026-02-17 02:27:58.683214,511
2026-02-17 02:27:58.691189,505
2026-02-17 02:27:58.699167,504
2026-02-17 02:27:58.707164,496
2026-02-17 02:27:58.715126,502
2026-02-17 02:27:58.723177,513
2026-02-17 02:27:58.731114,501
2026-02-17 02:27:58.739154,508
2026-02-17 02:27:58.747106,511
2026-02-17 02:27:58.755115,500
2026-02-17 02:27:58.763145,511
2026-02-17 02:27:58.771090,500
2026-02-17 02:27:58.779102,508
2026-02-17 02:27:58.787109,514
2026-02-17 02:27:58.795161,512
2026-02-17 02:27:58.803123,512
2026-02-17 02:27:58.811127,507
2026-02-17 02:27:58.819159,514
2026-02-17 02:27:58.827113,521
2026-02-17 02:27:58.835107,509
2026-02-17 02:27:58.843127,519
2026-02-17 02:27:58.851155,522
2026-02-17 02:27:58.859193,518
2026-02-17 02:27:58.867186,522
2026-02-17 02:27:58.875089,515
2026-02-17 02:27:58.883196,519
2026-02-17 02:27:58.891266,513
2026-02-17 02:27:58.899140,516
2026-02-17 02:27:58.907186,519
2026-02-17 02:27:58.915176,515
2026-02-17 02:27:58.923249,513
2026-02-17 02:27:58.931201,511
2026-02-17 02:27:58.939254,497
2026-02-17 02:27:58.947196,511
2026-02-17 02:27:58.955164,510
2026-02-17 02:27:58.963228,512
2026-02-17 02:27:58.971241,510
2026-02-17 02:27:58.979217,516
2026-02-17 02:27:58.987240,518
2026-02-17 02:27:58.995154,507
2026-02-17 02:27:59.003270,516
2026-02-17 02:27:59.011255,515
2026-02-17 02:27:59.019241,520
2026-02-17 02:27:59.027243,517
2026-02-17 02:27:59.035148,513
2026-02-17 02:27:59.043160,511
2026-02-17 02:27:59.051152,500
2026-02-17 02:27:59.059127,513
2026-02-17 02:27:59.067152,519
2026-02-17 02:27:59.075120,512
2026-02-17 02:27:59.083255,509
2026-02-17 02:27:59.091187,513
2026-02-17 02:27:59.099249,505
2026-02-17 02:27:59.107251,517
2026-02-17 02:27:59.115159,511
2026-02-17 02:27:59.123318,516
2026-02-17 02:27:59.131238,496
2026-02-17 02:27:59.139367,506
2026-02-17 02:27:59.147300,505
2026-02-17 02:27:59.155296,503
2026-02-17 02:27:59.163258,518
2026-02-17 02:27:59.171350,520
2026-02-17 02:27:59.179231,516
2026-02-17 02:27:59.187247,521
2026-02-17 02:27:59.195234,514
2026-02-17 02:27:59.203488,515
2026-02-17 02:27:59.211277,516
2026-02-17 02:27:59.219677,521
2026-02-17 02:27:59.227209,524
2026-02-17 02:27:59.235410,519
2026-02-17 02:27:59.243282,525
2026-02-17 02:27:59.251232,520
2026-02-17 02:27:59.259218,523
2026-02-17 02:27:59.267260,523
2026-02-17 02:27:59.275267,515
2026-02-17 02:27:59.283173,515
2026-02-17 02:27:59.291290,514
2026-02-17 02:27:59.299213,517
2026-02-17 02:27:59.307247,517
2026-02-17 02:27:59.315250,511
2026-02-17 02:27:59.323210,513
2026-02-17 02:27:59.331168,517
2026-02-17 02:27:59.339286,518
2026-02-17 02:27:59.347255,513
2026-02-17 02:27:59.355259,512
2026-02-17 02:27:59.363257,511
2026-02-17 02:27:59.371286,516
2026-02-17 02:27:59.379191,514
2026-02-17 02:27:59.387249,525
2026-02-17 02:27:59.395179,518
2026-02-17 02:27:59.403222,520
2026-02-17 02:27:59.411113,509
2026-02-17 02:27:59.419263,508
2026-02-17 02:27:59.427199,511
2026-02-17 02:27:59.435140,505
2026-02-17 02:27:59.443122,509
2026-02-17 02:27:59.451115,514
2026-02-17 02:27:59.459108,512
2026-02-17 02:27:59.467140,511
2026-02-17 02:27:59.475083,513
2026-02-17 02:27:59.483174,517
2026-02-17 02:27:59.491120,519
2026-02-17 02:27:59.499136,513
2026-02-17 02:27:59.507111,519
2026-02-17 02:27:59.515121,508
2026-02-17 02:27:59.523151,506
2026-02-17 02:27:59.531114,511
2026-02-17 02:27:59.539154,513
2026-02-17 02:27:59.547222,512
2026-02-17 02:27:59.555170,516
2026-02-17 02:27:59.563216,513
2026-02-17 02:27:59.571181,506
2026-02-17 02:27:59.579168,504
2026-02-17 02:27:59.587100,504
2026-02-17 02:27:59.595127,509
2026-02-17 02:27:59.603188,521
2026-02-17 02:27:59.611170,521
2026-02-17 02:27:59.619112,520
2026-02-17 02:27:59.627148,514
2026-02-17 02:27:59.635126,508
2026-02-17 02:27:59.643111,518
2026-02-17 02:27:59.651132,502
2026-02-17 02:27:59.659206,505
2026-02-17 02:27:59.667214,520
2026-02-17 02:27:59.675137,506
2026-02-17 02:27:59.683205,513
2026-02-17 02:27:59.691217,509
2026-02-17 02:27:59.699162,509
2026-02-17 02:27:59.707121,518
2026-02-17 02:27:59.715126,510
2026-02-17 02:27:59.723119,509
2026-02-17 02:27:59.731109,509
2026-02-17 02:27:59.739141,519
2026-02-17 02:27:59.747135,515
2026-02-17 02:27:59.755138,513
2026-02-17 02:27:59.763112,509
2026-02-17 02:27:59.771117,518
2026-02-17 02:27:59.779124,515
2026-02-17 02:27:59.787114,524
2026-02-17 02:27:59.795112,523
2026-02-17 02:27:59.803195,527
2026-02-17 02:27:59.811123,518
2026-02-17 02:27:59.819129,516
2026-02-17 02:27:59.827120,508
2026-02-17 02:27:59.835115,501
2026-02-17 02:27:59.843110,512
2026-02-17 02:27:59.851234,517
2026-02-17 02:27:59.859163,513
2026-02-17 02:27:59.867214,513
2026-02-17 02:27:59.875239,507
2026-02-17 02:27:59.883134,515
2026-02-17 02:27:59.891127,512
2026-02-17 02:27:59.899145,500
2026-02-17 02:27:59.907120,514
2026-02-17 02:27:59.915162,513
2026-02-17 02:27:59.923181,519
2026-02-17 02:27:59.931166,514
2026-02-17 02:27:59.939162,513
2026-02-17 02:27:59.947125,512
2026-02-17 02:27:59.955168,512
2026-02-17 02:27:59.963160,522
2026-02-17 02:27:59.971111,519
2026-02-17 02:27:59.979117,510
2026-02-17 02:27:59.987123,513
2026-02-17 02:27:59.995110,516
2026-02-17 02:28:00.003292,510
2026-02-17 02:28:00.011290,505
2026-02-17 02:28:00.019196,506
2026-02-17 02:28:00.027256,512
2026-02-17 02:28:00.035240,512
2026-02-17 02:28:00.043266,508
2026-02-17 02:28:00.051260,502
2026-02-17 02:28:00.059175,497
2026-02-17 02:28:00.067209,507
2026-02-17 02:28:00.075077,514
2026-02-17 02:28:00.083092,517
2026-02-17 02:28:00.091213,515
2026-02-17 02:28:00.099137,518
2026-02-17 02:28:00.107143,518
2026-02-17 02:28:00.115167,514
2026-02-17 02:28:00.123164,519
2026-02-17 02:28:00.131083,512
2026-02-17 02:28:00.139382,511
2026-02-17 02:28:00.147229,521
2026-02-17 02:28:00.155505,510
2026-02-17 02:28:00.163156,516
2026-02-17 02:28:00.171190,508
2026-02-17 02:28:00.179217,513
2026-02-17 02:28:00.187184,508
2026-02-17 02:28:00.195144,506
2026-02-17 02:28:00.203165,511
2026-02-17 02:28:00.211183,508
2026-02-17 02:28:00.219165,505
2026-02-17 02:28:00.227129,508
2026-02-17 02:28:00.235126,504
2026-02-17 02:28:00.243139,510
2026-02-17 02:28:00.251132,504
2026-02-17 02:28:00.259231,503
2026-02-17 02:28:00.267129,494
2026-02-17 02:28:00.275141,500
2026-02-17 02:28:00.283180,516
2026-02-17 02:28:00.291127,521
2026-02-17 02:28:00.299131,516
2026-02-17 02:28:00.307119,514
2026-02-17 02:28:00.315124,516
2026-02-17 02:28:00.323124,514
2026-02-17 02:28:00.331120,506
2026-02-17 02:28:00.339129,508
2026-02-17 02:28:00.347124,516
2026-02-17 02:28:00.355164,513
2026-02-17 02:28:00.363105,526
2026-02-17 02:28:00.371155,518
2026-02-17 02:28:00.379164,516
2026-02-17 02:28:00.387123,522
2026-02-17 02:28:00.395131,511
2026-02-17 02:28:00.403205,512
2026-02-17 02:28:00.411083,513
2026-02-17 02:28:00.419089,515
2026-02-17 02:28:00.427125,509
2026-02-17 02:28:00.435127,508
2026-02-17 02:28:00.443133,520
2026-02-17 02:28:00.451126,523
2026-02-17 02:28:00.459118,520
2026-02-17 02:28:00.467127,514
2026-02-17 02:28:00.475112,517
2026-02-17 02:28:00.483071,506
2026-02-17 02:28:00.491119,505
2026-02-17 02:28:00.499146,508
2026-02-17 02:28:00.507184,518
2026-02-17 02:28:00.515124,505
2026-02-17 02:28:00.523123,512
2026-02-17 02:28:00.531111,514
2026-02-17 02:28:00.539128,518
2026-02-17 02:28:00.547169,515
2026-02-17 02:28:00.555093,500
2026-02-17 02:28:00.563077,523
2026-02-17 02:28:00.571199,522
2026-02-17 02:28:00.579107,513
2026-02-17 02:28:00.587102,515
2026-02-17 02:28:00.595145,515
2026-02-17 02:28:00.603120,513
2026-02-17 02:28:00.611133,507
2026-02-17 02:28:00.619127,509
2026-02-17 02:28:00.627147,520
2026-02-17 02:28:00.635137,508
2026-02-17 02:28:00.643145,508
2026-02-17 02:28:00.651156,516
2026-02-17 02:28:00.659204,508
2026-02-17 02:28:00.667138,517
2026-02-17 02:28:00.675130,510
2026-02-17 02:28:00.683138,511
2026-02-17 02:28:00.691220,518
2026-02-17 02:28:00.699131,527
2026-02-17 02:28:00.707133,510
2026-02-17 02:28:00.715134,506
2026-02-17 02:28:00.723118,513
2026-02-17 02:28:00.731119,511
2026-02-17 02:28:00.739122,510
2026-02-17 02:28:00.747124,504
2026-02-17 02:28:00.755162,515
2026-02-17 02:28:00.763117,518
2026-02-17 02:28:00.771119,515
2026-02-17 02:28:00.779141,516
2026-02-17 02:28:00.787115,516
2026-02-17 02:28:00.795132,510
2026-02-17 02:28:00.803134,522
2026-02-17 02:28:00.811176,511
2026-02-17 02:28:00.819166,502
2026-02-17 02:28:00.827122,511
2026-02-17 02:28:00.835140,508
2026-02-17 02:28:00.843134,514
2026-02-17 02:28:00.851254,510
2026-02-17 02:28:00.859181,519
2026-02-17 02:28:00.867146,511
2026-02-17 02:28:00.875179,513
2026-02-17 02:28:00.883161,509
2026-02-17 02:28:00.891136,504
2026-02-17 02:28:00.899125,513
2026-02-17 02:28:00.907122,515
2026-02-17 02:28:00.915128,505
2026-02-17 02:28:00.923129,513
2026-02-17 02:28:00.931123,513
2026-02-17 02:28:00.939118,516
2026-02-17 02:28:00.947130,516
2026-02-17 02:28:00.955131,512
2026-02-17 02:28:00.963186,516
2026-02-17 02:28:00.971121,522
2026-02-17 02:28:00.979168,518
2026-02-17 02:28:00.987128,522
2026-02-17 02:28:00.995119,507
2026-02-17 02:28:01.003170,504
2026-02-17 02:28:01.011347,513
2026-02-17 02:28:01.019325,517
2026-02-17 02:28:01.027235,513
2026-02-17 02:28:01.035122,511
2026-02-17 02:28:01.043093,512
2026-02-17 02:28:01.051173,510
2026-02-17 02:28:01.059127,511
2026-02-17 02:28:01.067174,511
2026-02-17 02:28:01.075101,499
2026-02-17 02:28:01.083220,510
2026-02-17 02:28:01.091191,514
2026-02-17 02:28:01.099099,512
2026-02-17 02:28:01.107113,507
2026-02-17 02:28:01.115085,498
2026-02-17 02:28:01.123134,504
2026-02-17 02:28:01.131191,509
2026-02-17 02:28:01.139207,509
2026-02-17 02:28:01.147185,511
2026-02-17 02:28:01.155256,512
2026-02-17 02:28:01.163134,523
2026-02-17 02:28:01.171194,514
2026-02-17 02:28:01.179130,519
2026-02-17 02:28:01.187279,516
2026-02-17 02:28:01.195192,508
2026-02-17 02:28:01.203141,520
2026-02-17 02:28:01.211184,507
2026-02-17 02:28:01.219136,507
2026-02-17 02:28:01.227134,512
2026-02-17 02:28:01.235147,511
2026-02-17 02:28:01.243121,523
2026-02-17 02:28:01.251132,516
2026-02-17 02:28:01.259130,512
2026-02-17 02:28:01.267132,508
2026-02-17 02:28:01.275126,507
2026-02-17 02:28:01.283127,508
2026-02-17 02:28:01.291134,503
2026-02-17 02:28:01.299106,511
2026-02-17 02:28:01.307133,520
2026-02-17 02:28:01.315120,521
2026-02-17 02:28:01.323122,513
2026-02-17 02:28:01.331114,513
2026-02-17 02:28:01.339129,518
2026-02-17 02:28:01.347119,516
2026-02-17 02:28:01.355161,511
2026-02-17 02:28:01.363131,503
2026-02-17 02:28:01.371133,507
2026-02-17 02:28:01.379143,507
2026-02-17 02:28:01.387137,517
2026-02-17 02:28:01.395228,519
2026-02-17 02:28:01.403209,518
2026-02-17 02:28:01.411196,509
2026-02-17 02:28:01.419213,509
2026-02-17 02:28:01.427160,511
2026-02-17 02:28:01.435130,509
2026-02-17 02:28:01.443124,506
2026-02-17 02:28:01.451131,521
2026-02-17 02:28:01.459128,516
2026-02-17 02:28:01.467134,517
2026-02-17 02:28:01.475131,507
2026-02-17 02:28:01.483078,510
2026-02-17 02:28:01.491144,519
2026-02-17 02:28:01.499158,517
2026-02-17 02:28:01.507138,508
2026-02-17 02:28:01.515148,502
2026-02-17 02:28:01.523182,508
2026-02-17 02:28:01.531167,519
2026-02-17 02:28:01.539110,507
2026-02-17 02:28:01.547143,518
2026-02-17 02:28:01.555128,517
2026-02-17 02:28:01.563130,518
2026-02-17 02:28:01.571135,504
2026-02-17 02:28:01.579073,511
2026-02-17 02:28:01.587161,512
2026-02-17 02:28:01.595189,500
2026-02-17 02:28:01.603102,507
2026-02-17 02:28:01.611168,512
2026-02-17 02:28:01.619154,518
2026-02-17 02:28:01.627134,518
2026-02-17 02:28:01.635144,507
2026-02-17 02:28:01.643154,520
2026-02-17 02:28:01.651141,499
2026-02-17 02:28:01.659229,516
2026-02-17 02:28:01.667205,517
2026-02-17 02:28:01.675169,515
2026-02-17 02:28:01.683175,513
2026-02-17 02:28:01.691272,515
2026-02-17 02:28:01.699190,506
2026-02-17 02:28:01.707169,505
2026-02-17 02:28:01.715138,516
2026-02-17 02:28:01.723137,525
2026-02-17 02:28:01.731148,517
2026-02-17 02:28:01.739147,515
2026-02-17 02:28:01.747145,512
2026-02-17 02:28:01.755120,505
2026-02-17 02:28:01.763144,513
2026-02-17 02:28:01.771135,504
2026-02-17 02:28:01.779184,507
2026-02-17 02:28:01.787187,516
2026-02-17 02:28:01.795134,506
2026-02-17 02:28:01.803123,518
2026-02-17 02:28:01.811150,510
2026-02-17 02:28:01.819138,513
2026-02-17 02:28:01.827136,507
2026-02-17 02:28:01.835132,505
2026-02-17 02:28:01.843135,508
2026-02-17 02:28:01.851229,511
2026-02-17 02:28:01.859149,499
2026-02-17 02:28:01.867140,509
2026-02-17 02:28:01.875134,516
2026-02-17 02:28:01.883185,524
2026-02-17 02:28:01.891136,517
2026-02-17 02:28:01.899124,513
2026-02-17 02:28:01.907153,500
2026-02-17 02:28:01.915144,495
2026-02-17 02:28:01.923135,502
2026-02-17 02:28:01.931210,510
2026-02-17 02:28:01.939160,509
2026-02-17 02:28:01.947189,513
2026-02-17 02:28:01.955173,513
2026-02-17 02:28:01.963135,518
2026-02-17 02:28:01.971136,518
2026-02-17 02:28:01.979152,510
2026-02-17 02:28:01.987130,508
2026-02-17 02:28:01.995178,501
2026-02-17 02:28:02.003216,500
2026-02-17 02:28:02.011255,501
2026-02-17 02:28:02.019336,510
2026-02-17 02:28:02.027180,522
2026-02-17 02:28:02.035165,513
2026-02-17 02:28:02.043171,514
2026-02-17 02:28:02.051209,511
2026-02-17 02:28:02.059224,514
2026-02-17 02:28:02.067238,510
2026-02-17 02:28:02.075154,500
2026-02-17 02:28:02.083115,509
2026-02-17 02:28:02.091228,505
2026-02-17 02:28:02.099111,520
2026-02-17 02:28:02.107188,524
2026-02-17 02:28:02.115092,507
2026-02-17 02:28:02.123131,520
2026-02-17 02:28:02.131142,515
2026-02-17 02:28:02.139170,511
2026-02-17 02:28:02.147180,516
2026-02-17 02:28:02.155215,505
2026-02-17 02:28:02.163146,508
2026-02-17 02:28:02.171202,505
2026-02-17 02:28:02.179183,518
2026-02-17 02:28:02.187241,528
2026-02-17 02:28:02.195175,516
2026-02-17 02:28:02.203137,517
2026-02-17 02:28:02.211172,518
2026-02-17 02:28:02.219146,514
2026-02-17 02:28:02.227147,512
2026-02-17 02:28:02.235129,508
2026-02-17 02:28:02.243182,524
2026-02-17 02:28:02.251131,510
2026-02-17 02:28:02.259135,511
2026-02-17 02:28:02.267239,515
2026-02-17 02:28:02.275266,508
2026-02-17 02:28:02.283216,519
2026-02-17 02:28:02.291184,508
2026-02-17 02:28:02.299203,514
2026-02-17 02:28:02.307137,526
2026-02-17 02:28:02.315157,509
2026-02-17 02:28:02.323139,520
2026-02-17 02:28:02.331145,506
2026-02-17 02:28:02.339141,506
2026-02-17 02:28:02.347136,513
2026-02-17 02:28:02.355174,512
2026-02-17 02:28:02.363134,510
2026-02-17 02:28:02.371137,511
2026-02-17 02:28:02.379138,510
2026-02-17 02:28:02.387129,516
2026-02-17 02:28:02.395138,503
2026-02-17 02:28:02.403142,512
2026-02-17 02:28:02.411101,512
2026-02-17 02:28:02.419185,513
2026-02-17 02:28:02.427097,509
2026-02-17 02:28:02.435145,503
2026-02-17 02:28:02.443151,503
2026-02-17 02:28:02.451131,514
2026-02-17 02:28:02.459134,512
2026-02-17 02:28:02.467132,513
2026-02-17 02:28:02.475135,509
2026-02-17 02:28:02.483083,512
2026-02-17 02:28:02.491137,512
2026-02-17 02:28:02.499155,509
2026-02-17 02:28:02.507139,510
2026-02-17 02:28:02.515142,506
2026-02-17 02:28:02.523139,522
2026-02-17 02:28:02.531134,514
2026-02-17 02:28:02.539143,510
2026-02-17 02:28:02.547131,519
2026-02-17 02:28:02.555132,498
2026-02-17 02:28:02.563133,516
2026-02-17 02:28:02.571136,521
2026-02-17 02:28:02.579134,505
2026-02-17 02:28:02.587104,513
2026-02-17 02:28:02.595084,508
2026-02-17 02:28:02.603167,507
2026-02-17 02:28:02.611207,517
2026-02-17 02:28:02.619143,519
2026-02-17 02:28:02.627108,508
2026-02-17 02:28:02.635122,510
2026-02-17 02:28:02.643119,509
2026-02-17 02:28:02.651180,515
2026-02-17 02:28:02.659272,521
2026-02-17 02:28:02.667146,520
2026-02-17 02:28:02.675224,514
2026-02-17 02:28:02.683150,508
2026-02-17 02:28:02.691193,509
2026-02-17 02:28:02.699152,508
2026-02-17 02:28:02.707283,499
2026-02-17 02:28:02.715156,502
2026-02-17 02:28:02.723167,518
2026-02-17 02:28:02.731157,513
2026-02-17 02:28:02.739095,505
2026-02-17 02:28:02.747090,517
2026-02-17 02:28:02.755116,502
2026-02-17 02:28:02.763132,513
2026-02-17 02:28:02.771105,513
2026-02-17 02:28:02.779130,514
2026-02-17 02:28:02.787112,512
2026-02-17 02:28:02.795131,507
2026-02-17 02:28:02.803118,511
2026-02-17 02:28:02.811141,506
2026-02-17 02:28:02.819182,512
2026-02-17 02:28:02.827128,517
2026-02-17 02:28:02.835114,507
2026-02-17 02:28:02.843121,515
2026-02-17 02:28:02.851180,508
2026-02-17 02:28:02.859160,512
2026-02-17 02:28:02.867198,517
2026-02-17 02:28:02.875199,512
2026-02-17 02:28:02.883144,519
2026-02-17 02:28:02.891160,508
2026-02-17 02:28:02.899127,510
2026-02-17 02:28:02.907159,507
2026-02-17 02:28:02.915187,503
2026-02-17 02:28:02.923334,517
2026-02-17 02:28:02.931252,519
2026-02-17 02:28:02.939205,507
2026-02-17 02:28:02.947196,514
2026-02-17 02:28:02.955156,510
2026-02-17 02:28:02.963140,517
2026-02-17 02:28:02.971172,511
2026-02-17 02:28:02.979142,517
2026-02-17 02:28:02.987127,512
2026-02-17 02:28:02.995165,514
2026-02-17 02:28:03.003272,521
2026-02-17 02:28:03.011238,516
2026-02-17 02:28:03.019214,511
2026-02-17 02:28:03.027249,519
2026-02-17 02:28:03.035201,502
2026-02-17 02:28:03.043196,511
2026-02-17 02:28:03.051151,513
2026-02-17 02:28:03.059228,509
2026-02-17 02:28:03.067175,503
2026-02-17 02:28:03.075174,505
2026-02-17 02:28:03.083215,518
2026-02-17 02:28:03.091158,518
2026-02-17 02:28:03.099103,517
2026-02-17 02:28:03.107118,511
2026-02-17 02:28:03.115107,511
2026-02-17 02:28:03.123147,507
2026-02-17 02:28:03.131162,509
2026-02-17 02:28:03.139166,514
2026-02-17 02:28:03.147150,518
2026-02-17 02:28:03.155252,514
2026-02-17 02:28:03.163216,512
2026-02-17 02:28:03.171203,511
2026-02-17 02:28:03.179138,513
2026-02-17 02:28:03.187190,509
2026-02-17 02:28:03.195218,506
2026-02-17 02:28:03.203189,508
2026-02-17 02:28:03.211213,515
2026-02-17 02:28:03.219169,517
2026-02-17 02:28:03.227195,514
2026-02-17 02:28:03.235165,504
2026-02-17 02:28:03.243150,515
2026-02-17 02:28:03.251166,512
2026-02-17 02:28:03.259145,499
2026-02-17 02:28:03.267138,513
2026-02-17 02:28:03.275148,510
2026-02-17 02:28:03.283185,512
2026-02-17 02:28:03.291143,500
2026-02-17 02:28:03.299139,503
2026-02-17 02:28:03.307148,514
2026-02-17 02:28:03.315142,513
2026-02-17 02:28:03.323147,511
2026-02-17 02:28:03.331147,512
2026-02-17 02:28:03.339141,505
2026-02-17 02:28:03.347142,505
2026-02-17 02:28:03.355142,512
2026-02-17 02:28:03.363143,518
2026-02-17 02:28:03.371145,507
2026-02-17 02:28:03.379145,509
2026-02-17 02:28:03.387138,516
2026-02-17 02:28:03.395147,509
2026-02-17 02:28:03.403149,500
2026-02-17 02:28:03.411224,516
2026-02-17 02:28:03.419176,524
2026-02-17 02:28:03.427146,514
2026-02-17 02:28:03.435115,505
2026-02-17 02:28:03.443164,522
2026-02-17 02:28:03.451148,505
2026-02-17 02:28:03.459181,506
2026-02-17 02:28:03.467141,504
2026-02-17 02:28:03.475155,504
2026-02-17 02:28:03.483109,512
2026-02-17 02:28:03.491108,499
2026-02-17 02:28:03.499140,507
2026-02-17 02:28:03.507151,510
2026-02-17 02:28:03.515138,513
2026-02-17 02:28:03.523139,507
2026-02-17 02:28:03.531154,504
2026-02-17 02:28:03.539160,506
2026-02-17 02:28:03.547187,511
2026-02-17 02:28:03.555141,504
2026-02-17 02:28:03.563156,516
2026-02-17 02:28:03.571150,505
2026-02-17 02:28:03.579144,520
2026-02-17 02:28:03.587112,506
2026-02-17 02:28:03.595162,509
2026-02-17 02:28:03.603142,517
2026-02-17 02:28:03.611136,512
2026-02-17 02:28:03.619185,514
2026-02-17 02:28:03.627120,515
2026-02-17 02:28:03.635151,513
2026-02-17 02:28:03.643190,514
2026-02-17 02:28:03.651205,518
2026-02-17 02:28:03.659210,519
2026-02-17 02:28:03.667199,506
2026-02-17 02:28:03.675191,508
2026-02-17 02:28:03.683210,517
2026-02-17 02:28:03.691206,515
2026-02-17 02:28:03.699195,516
2026-02-17 02:28:03.707169,517
2026-02-17 02:28:03.715146,511
2026-02-17 02:28:03.723153,522
2026-02-17 02:28:03.731185,502
2026-02-17 02:28:03.739147,514
2026-02-17 02:28:03.747167,519
2026-02-17 02:28:03.755144,510
2026-02-17 02:28:03.763151,520
2026-02-17 02:28:03.771141,519
2026-02-17 02:28:03.779147,514
2026-02-17 02:28:03.787137,510
2026-02-17 02:28:03.795149,515
2026-02-17 02:28:03.803138,517
2026-02-17 02:28:03.811148,514
2026-02-17 02:28:03.819178,515
2026-02-17 02:28:03.827173,509
2026-02-17 02:28:03.835145,511
2026-02-17 02:28:03.843162,524
2026-02-17 02:28:03.851216,507
2026-02-17 02:28:03.859217,509
2026-02-17 02:28:03.867217,511
2026-02-17 02:28:03.875148,513
2026-02-17 02:28:03.883206,514
2026-02-17 02:28:03.891147,505
2026-02-17 02:28:03.899140,508
2026-02-17 02:28:03.907144,513
2026-02-17 02:28:03.915173,518
2026-02-17 02:28:03.923165,513
2026-02-17 02:28:03.931192,514
2026-02-17 02:28:03.939139,515
2026-02-17 02:28:03.947145,510
2026-02-17 02:28:03.955151,510
2026-02-17 02:28:03.963183,508
2026-02-17 02:28:03.971147,508
2026-02-17 02:28:03.979147,515
2026-02-17 02:28:03.987143,504
2026-02-17 02:28:03.995155,504
2026-02-17 02:28:04.003151,519
2026-02-17 02:28:04.011162,513
2026-02-17 02:28:04.019269,512
2026-02-17 02:28:04.027170,509
2026-02-17 02:28:04.035218,507
2026-02-17 02:28:04.043208,515
2026-02-17 02:28:04.051277,511
2026-02-17 02:28:04.059186,516
2026-02-17 02:28:04.067173,510
2026-02-17 02:28:04.075176,500
2026-02-17 02:28:04.083167,519
2026-02-17 02:28:04.091171,518
2026-02-17 02:28:04.099151,517
2026-02-17 02:28:04.107194,514
2026-02-17 02:28:04.115199,507
2026-02-17 02:28:04.123113,518
2026-02-17 02:28:04.131135,512
2026-02-17 02:28:04.139209,518
2026-02-17 02:28:04.147144,509
2026-02-17 02:28:04.155242,505
2026-02-17 02:28:04.163231,516
2026-02-17 02:28:04.171189,514
2026-02-17 02:28:04.179271,509
2026-02-17 02:28:04.187181,510
2026-02-17 02:28:04.195201,509
2026-02-17 02:28:04.203149,515
2026-02-17 02:28:04.211194,515
2026-02-17 02:28:04.219186,512
2026-02-17 02:28:04.227220,518
2026-02-17 02:28:04.235170,513
2026-02-17 02:28:04.243151,510
2026-02-17 02:28:04.251152,501
2026-02-17 02:28:04.259153,511
2026-02-17 02:28:04.267146,516
2026-02-17 02:28:04.275153,507
2026-02-17 02:28:04.283152,516
2026-02-17 02:28:04.291158,516
2026-02-17 02:28:04.299152,513
2026-02-17 02:28:04.307159,513
2026-02-17 02:28:04.315145,501
2026-02-17 02:28:04.323156,514
2026-02-17 02:28:04.331151,512
2026-02-17 02:28:04.339156,512
2026-02-17 02:28:04.347144,514
2026-02-17 02:28:04.355159,512
2026-02-17 02:28:04.363141,511
2026-02-17 02:28:04.371139,504
2026-02-17 02:28:04.379144,503
2026-02-17 02:28:04.387149,515
2026-02-17 02:28:04.395658,519
2026-02-17 02:28:04.403201,512
2026-02-17 02:28:04.411185,502
2026-02-17 02:28:04.419149,515
2026-02-17 02:28:04.427212,520
2026-02-17 02:28:04.435184,516
2026-02-17 02:28:04.443163,515
2026-02-17 02:28:04.451142,519
2026-02-17 02:28:04.459160,510
2026-02-17 02:28:04.467147,513
2026-02-17 02:28:04.475147,511
2026-02-17 02:28:04.483159,511
2026-02-17 02:28:04.491097,508
2026-02-17 02:28:04.499183,509
2026-02-17 02:28:04.507163,524
2026-02-17 02:28:04.515156,513
2026-02-17 02:28:04.523155,516
2026-02-17 02:28:04.531187,513
2026-02-17 02:28:04.539167,514
2026-02-17 02:28:04.547150,516
2026-02-17 02:28:04.555151,514
2026-02-17 02:28:04.563138,512
2026-02-17 02:28:04.571140,517
2026-02-17 02:28:04.579152,515
2026-02-17 02:28:04.587123,520
2026-02-17 02:28:04.595177,508
2026-02-17 02:28:04.603206,522
2026-02-17 02:28:04.611143,513
2026-02-17 02:28:04.619167,514
2026-02-17 02:28:04.627213,514
2026-02-17 02:28:04.635169,519
2026-02-17 02:28:04.643115,506
2026-02-17 02:28:04.651100,515
2026-02-17 02:28:04.659353,518
2026-02-17 02:28:04.667234,515
2026-02-17 02:28:04.675184,517
2026-02-17 02:28:04.683161,517
2026-02-17 02:28:04.691235,512
2026-02-17 02:28:04.699194,513
2026-02-17 02:28:04.707282,511
2026-02-17 02:28:04.715199,511
2026-02-17 02:28:04.723147,517
2026-02-17 02:28:04.731165,511
2026-02-17 02:28:04.739153,517
2026-02-17 02:28:04.747150,517
2026-02-17 02:28:04.755156,513
2026-02-17 02:28:04.763160,509
2026-02-17 02:28:04.771168,511
2026-02-17 02:28:04.779153,513
2026-02-17 02:28:04.787154,511
2026-02-17 02:28:04.795171,514
2026-02-17 02:28:04.803173,517
2026-02-17 02:28:04.811150,514
2026-02-17 02:28:04.819147,505
2026-02-17 02:28:04.827163,515
2026-02-17 02:28:04.835171,517
2026-02-17 02:28:04.843155,524
2026-02-17 02:28:04.851192,506
2026-02-17 02:28:04.859160,511
2026-02-17 02:28:04.867157,511
2026-02-17 02:28:04.875147,509
2026-02-17 02:28:04.883139,519
2026-02-17 02:28:04.891151,513
2026-02-17 02:28:04.899149,516
2026-02-17 02:28:04.907189,520
2026-02-17 02:28:04.915146,509
2026-02-17 02:28:04.923153,510
2026-02-17 02:28:04.931153,517
2026-02-17 02:28:04.939153,507
2026-02-17 02:28:04.947139,511
2026-02-17 02:28:04.955169,507
2026-02-17 02:28:04.963149,519
2026-02-17 02:28:04.971149,516
2026-02-17 02:28:04.979170,507
2026-02-17 02:28:04.987169,496
2026-02-17 02:28:04.995228,494
2026-02-17 02:28:05.003230,507
2026-02-17 02:28:05.011296,510
2026-02-17 02:28:05.019224,511
2026-02-17 02:28:05.027235,513
2026-02-17 02:28:05.035191,513
2026-02-17 02:28:05.043151,516
2026-02-17 02:28:05.051200,527
2026-02-17 02:28:05.059156,523
2026-02-17 02:28:05.067137,518
2026-02-17 02:28:05.075198,508
2026-02-17 02:28:05.083191,515
2026-02-17 02:28:05.091130,512
2026-02-17 02:28:05.099160,518
2026-02-17 02:28:05.107178,525
2026-02-17 02:28:05.115143,509
2026-02-17 02:28:05.123165,514
2026-02-17 02:28:05.131159,512
2026-02-17 02:28:05.139162,504
2026-02-17 02:28:05.147123,512
2026-02-17 02:28:05.155280,516
2026-02-17 02:28:05.163181,518
2026-02-17 02:28:05.171288,512
2026-02-17 02:28:05.179202,515
2026-02-17 02:28:05.187222,522
2026-02-17 02:28:05.195185,515
2026-02-17 02:28:05.203193,509
2026-02-17 02:28:05.211167,510
2026-02-17 02:28:05.219177,508
2026-02-17 02:28:05.227182,519
2026-02-17 02:28:05.235165,500
2026-02-17 02:28:05.243176,515
2026-02-17 02:28:05.251185,504
2026-02-17 02:28:05.259158,516
2026-02-17 02:28:05.267141,524
2026-02-17 02:28:05.275160,519
2026-02-17 02:28:05.283158,519
2026-02-17 02:28:05.291161,500
2026-02-17 02:28:05.299157,519
2026-02-17 02:28:05.307164,512
2026-02-17 02:28:05.315206,510
2026-02-17 02:28:05.323145,516
2026-02-17 02:28:05.331142,513
2026-02-17 02:28:05.339160,498
2026-02-17 02:28:05.347155,511
2026-02-17 02:28:05.355161,514
2026-02-17 02:28:05.363161,516
2026-02-17 02:28:05.371159,508
2026-02-17 02:28:05.379157,495
2026-02-17 02:28:05.387151,513
2026-02-17 02:28:05.395208,516
2026-02-17 02:28:05.403176,512
2026-02-17 02:28:05.411097,516
2026-02-17 02:28:05.419108,509
2026-02-17 02:28:05.427196,515
2026-02-17 02:28:05.435205,501
2026-02-17 02:28:05.443178,510
2026-02-17 02:28:05.451167,511
2026-02-17 02:28:05.459171,518
2026-02-17 02:28:05.467157,517
2026-02-17 02:28:05.475166,514
2026-02-17 02:28:05.483154,517
2026-02-17 02:28:05.491150,512
2026-02-17 02:28:05.499112,507
2026-02-17 02:28:05.507195,505
2026-02-17 02:28:05.515165,511
2026-02-17 02:28:05.523163,516
2026-02-17 02:28:05.531149,507
2026-02-17 02:28:05.539162,514
2026-02-17 02:28:05.547165,514
2026-02-17 02:28:05.555165,502
2026-02-17 02:28:05.563156,524
2026-02-17 02:28:05.571172,519
2026-02-17 02:28:05.579161,514
2026-02-17 02:28:05.587110,514
2026-02-17 02:28:05.595164,510
2026-02-17 02:28:05.603174,509
2026-02-17 02:28:05.611144,499
2026-02-17 02:28:05.619250,511
2026-02-17 02:28:05.627231,519
2026-02-17 02:28:05.635236,515
2026-02-17 02:28:05.643171,515
2026-02-17 02:28:05.651171,517
2026-02-17 02:28:05.659245,513
2026-02-17 02:28:05.667233,508
2026-02-17 02:28:05.675130,505
2026-02-17 02:28:05.683215,501
2026-02-17 02:28:05.691256,514
2026-02-17 02:28:05.699230,511
2026-02-17 02:28:05.707155,515
2026-02-17 02:28:05.715167,513
2026-02-17 02:28:05.723195,523
2026-02-17 02:28:05.731164,522
2026-02-17 02:28:05.739152,497
2026-02-17 02:28:05.747170,500
2026-02-17 02:28:05.755204,503
2026-02-17 02:28:05.763166,509
2026-02-17 02:28:05.771163,514
2026-02-17 02:28:05.779160,513
2026-02-17 02:28:05.787163,514
2026-02-17 02:28:05.795157,512
2026-02-17 02:28:05.803155,503
2026-02-17 02:28:05.811165,505
2026-02-17 02:28:05.819167,516
2026-02-17 02:28:05.827176,515
2026-02-17 02:28:05.835166,505
2026-02-17 02:28:05.843206,512
2026-02-17 02:28:05.851268,517
2026-02-17 02:28:05.859211,503
2026-02-17 02:28:05.867229,508
2026-02-17 02:28:05.875206,514
2026-02-17 02:28:05.883165,518
2026-02-17 02:28:05.891177,516
2026-02-17 02:28:05.899223,509
2026-02-17 02:28:05.907181,507
2026-02-17 02:28:05.915361,501
2026-02-17 02:28:05.923214,506
2026-02-17 02:28:05.931191,520
2026-02-17 02:28:05.939207,513
2026-02-17 02:28:05.947165,517
2026-02-17 02:28:05.955182,513
2026-02-17 02:28:05.963203,517
2026-02-17 02:28:05.971143,512
2026-02-17 02:28:05.979160,515
2026-02-17 02:28:05.987168,510
2026-02-17 02:28:05.995157,498
2026-02-17 02:28:06.003188,503
2026-02-17 02:28:06.011180,513
2026-02-17 02:28:06.019224,514
2026-02-17 02:28:06.027193,524
2026-02-17 02:28:06.035214,523
2026-02-17 02:28:06.043181,522
2026-02-17 02:28:06.051227,521
2026-02-17 02:28:06.059144,511
2026-02-17 02:28:06.067153,517
2026-02-17 02:28:06.075153,513
2026-02-17 02:28:06.083287,518
2026-02-17 02:28:06.091193,513
2026-02-17 02:28:06.099244,513
2026-02-17 02:28:06.107241,515
2026-02-17 02:28:06.115169,503
2026-02-17 02:28:06.123222,519
2026-02-17 02:28:06.131196,519
2026-02-17 02:28:06.139248,512
2026-02-17 02:28:06.147168,520
2026-02-17 02:28:06.155215,516
2026-02-17 02:28:06.163266,514
2026-02-17 02:28:06.171159,518
2026-02-17 02:28:06.179252,514
2026-02-17 02:28:06.187227,510
2026-02-17 02:28:06.195200,519
2026-02-17 02:28:06.203276,517
2026-02-17 02:28:06.211210,500
2026-02-17 02:28:06.219187,516
2026-02-17 02:28:06.227172,516
2026-02-17 02:28:06.235254,515
2026-02-17 02:28:06.243260,511
2026-02-17 02:28:06.251233,510
2026-02-17 02:28:06.259193,510
2026-02-17 02:28:06.267231,512
2026-02-17 02:28:06.275193,506
2026-02-17 02:28:06.283182,516
2026-02-17 02:28:06.291148,510
2026-02-17 02:28:06.299147,501
2026-02-17 02:28:06.307171,504
2026-02-17 02:28:06.315167,503
2026-02-17 02:28:06.323112,509
2026-02-17 02:28:06.331167,516
2026-02-17 02:28:06.339238,515
2026-02-17 02:28:06.347150,506
2026-02-17 02:28:06.355161,515
2026-02-17 02:28:06.363173,510
2026-02-17 02:28:06.371162,507
2026-02-17 02:28:06.379169,503
2026-02-17 02:28:06.387165,506
2026-02-17 02:28:06.395160,505
2026-02-17 02:28:06.403167,513
2026-02-17 02:28:06.411111,511
2026-02-17 02:28:06.419200,512
2026-02-17 02:28:06.427160,520
2026-02-17 02:28:06.435215,508
2026-02-17 02:28:06.443170,524
2026-02-17 02:28:06.451171,512
2026-02-17 02:28:06.459157,513
2026-02-17 02:28:06.467187,518
2026-02-17 02:28:06.475205,510
2026-02-17 02:28:06.483165,521
2026-02-17 02:28:06.491168,513
2026-02-17 02:28:06.499128,500
2026-02-17 02:28:06.507213,508
2026-02-17 02:28:06.515208,510
2026-02-17 02:28:06.523230,503
2026-02-17 02:28:06.531199,510
2026-02-17 02:28:06.539174,510
2026-02-17 02:28:06.547185,518
2026-02-17 02:28:06.555166,509
2026-02-17 02:28:06.563167,515
2026-02-17 02:28:06.571180,520
2026-02-17 02:28:06.579168,514
2026-02-17 02:28:06.587125,523
2026-02-17 02:28:06.595169,506
2026-02-17 02:28:06.603202,510
2026-02-17 02:28:06.611164,514
2026-02-17 02:28:06.619189,517
2026-02-17 02:28:06.627175,520
2026-02-17 02:28:06.635192,503
2026-02-17 02:28:06.643172,522
2026-02-17 02:28:06.651215,516
2026-02-17 02:28:06.659212,507
2026-02-17 02:28:06.667199,514
2026-02-17 02:28:06.675154,513
2026-02-17 02:28:06.683151,507
2026-02-17 02:28:06.691252,504
2026-02-17 02:28:06.699225,516
2026-02-17 02:28:06.707222,511
2026-02-17 02:28:06.715217,505
2026-02-17 02:28:06.723172,518
2026-02-17 02:28:06.731231,514
2026-02-17 02:28:06.739181,514
2026-02-17 02:28:06.747180,513
2026-02-17 02:28:06.755189,508
2026-02-17 02:28:06.763167,519
2026-02-17 02:28:06.771167,520
2026-02-17 02:28:06.779174,524
2026-02-17 02:28:06.787167,509
2026-02-17 02:28:06.795160,501
2026-02-17 02:28:06.803176,517
2026-02-17 02:28:06.811177,512
2026-02-17 02:28:06.819241,514
2026-02-17 02:28:06.827194,523
2026-02-17 02:28:06.835188,504
2026-02-17 02:28:06.843167,517
2026-02-17 02:28:06.851279,510
2026-02-17 02:28:06.859259,510
2026-02-17 02:28:06.867206,506
2026-02-17 02:28:06.875200,508
2026-02-17 02:28:06.883178,519
2026-02-17 02:28:06.891174,516
2026-02-17 02:28:06.899163,521
2026-02-17 02:28:06.907178,516
2026-02-17 02:28:06.915225,505
2026-02-17 02:28:06.923166,511
2026-02-17 02:28:06.931173,505
2026-02-17 02:28:06.939165,505
2026-02-17 02:28:06.947171,513
2026-02-17 02:28:06.955168,518
2026-02-17 02:28:06.963164,523
2026-02-17 02:28:06.971157,519
2026-02-17 02:28:06.979164,510
2026-02-17 02:28:06.987163,508
2026-02-17 02:28:06.995159,507
2026-02-17 02:28:07.003178,510
2026-02-17 02:28:07.011228,516
2026-02-17 02:28:07.019242,522
2026-02-17 02:28:07.027191,508
2026-02-17 02:28:07.035214,511
2026-02-17 02:28:07.043164,507
2026-02-17 02:28:07.051216,503
2026-02-17 02:28:07.059181,515
2026-02-17 02:28:07.067149,522
2026-02-17 02:28:07.075150,509
2026-02-17 02:28:07.083144,511
2026-02-17 02:28:07.091217,514
2026-02-17 02:28:07.099126,510
2026-02-17 02:28:07.107292,518
2026-02-17 02:28:07.115217,515
2026-02-17 02:28:07.123192,508
2026-02-17 02:28:07.131174,512
2026-02-17 02:28:07.139168,509
2026-02-17 02:28:07.147191,514
2026-02-17 02:28:07.155249,518
2026-02-17 02:28:07.163236,522
2026-02-17 02:28:07.171252,508
2026-02-17 02:28:07.179265,511
2026-02-17 02:28:07.187169,510
2026-02-17 02:28:07.195212,502
2026-02-17 02:28:07.203230,517
2026-02-17 02:28:07.211189,518
2026-02-17 02:28:07.219192,506
2026-02-17 02:28:07.227174,515
2026-02-17 02:28:07.235220,509
2026-02-17 02:28:07.243207,515
2026-02-17 02:28:07.251177,508
2026-02-17 02:28:07.259190,517
2026-02-17 02:28:07.267183,511
2026-02-17 02:28:07.275173,500
2026-02-17 02:28:07.283179,496
2026-02-17 02:28:07.291166,504
2026-02-17 02:28:07.299200,515
2026-02-17 02:28:07.307224,509
2026-02-17 02:28:07.315171,504
2026-02-17 02:28:07.323167,516
2026-02-17 02:28:07.331172,521
2026-02-17 02:28:07.339169,506
2026-02-17 02:28:07.347169,515
2026-02-17 02:28:07.355173,516
2026-02-17 02:28:07.363170,520
2026-02-17 02:28:07.371170,514
2026-02-17 02:28:07.379169,517
2026-02-17 02:28:07.387163,519
2026-02-17 02:28:07.395177,516
2026-02-17 02:28:07.403169,522
2026-02-17 02:28:07.411128,515
2026-02-17 02:28:07.419223,508
2026-02-17 02:28:07.427214,510
2026-02-17 02:28:07.435247,509
2026-02-17 02:28:07.443170,515
2026-02-17 02:28:07.451177,511
2026-02-17 02:28:07.459186,506
2026-02-17 02:28:07.467164,515
2026-02-17 02:28:07.475166,513
2026-02-17 02:28:07.483227,521
2026-02-17 02:28:07.491168,516
2026-02-17 02:28:07.499204,511
2026-02-17 02:28:07.507115,514
2026-02-17 02:28:07.515163,515
2026-02-17 02:28:07.523213,514
2026-02-17 02:28:07.531171,514
2026-02-17 02:28:07.539205,518
2026-02-17 02:28:07.547166,524
2026-02-17 02:28:07.555171,512
2026-02-17 02:28:07.563170,506
2026-02-17 02:28:07.571209,523
2026-02-17 02:28:07.579172,509
2026-02-17 02:28:07.587141,512
2026-02-17 02:28:07.595170,507
2026-02-17 02:28:07.603181,512
2026-02-17 02:28:07.611167,518
2026-02-17 02:28:07.619168,517
2026-02-17 02:28:07.627166,512
2026-02-17 02:28:07.635207,503
2026-02-17 02:28:07.643179,510
2026-02-17 02:28:07.651178,520
2026-02-17 02:28:07.659278,533
2026-02-17 02:28:07.667189,517
2026-02-17 02:28:07.675226,513
2026-02-17 02:28:07.683217,522
2026-02-17 02:28:07.691220,504
2026-02-17 02:28:07.699219,511
2026-02-17 02:28:07.707210,504
2026-02-17 02:28:07.715266,505
2026-02-17 02:28:07.723201,513
2026-02-17 02:28:07.731133,513
2026-02-17 02:28:07.739151,511
2026-02-17 02:28:07.747145,513
2026-02-17 02:28:07.755143,504
2026-02-17 02:28:07.763128,518
2026-02-17 02:28:07.771151,502
2026-02-17 02:28:07.779168,509
2026-02-17 02:28:07.787164,509
2026-02-17 02:28:07.795204,499
2026-02-17 02:28:07.803170,511
2026-02-17 02:28:07.811166,509
2026-02-17 02:28:07.819168,513
2026-02-17 02:28:07.827128,516
2026-02-17 02:28:07.835161,499
2026-02-17 02:28:07.843206,507
2026-02-17 02:28:07.851219,506
2026-02-17 02:28:07.859158,518
2026-02-17 02:28:07.867168,511
2026-02-17 02:28:07.875147,506
2026-02-17 02:28:07.883158,515
2026-02-17 02:28:07.891133,498
2026-02-17 02:28:07.899160,509
2026-02-17 02:28:07.907163,524
2026-02-17 02:28:07.915252,509
2026-02-17 02:28:07.923188,517
2026-02-17 02:28:07.931185,507
2026-02-17 02:28:07.939181,507
2026-02-17 02:28:07.947233,509
2026-02-17 02:28:07.955182,502
2026-02-17 02:28:07.963173,509
2026-02-17 02:28:07.971186,517
2026-02-17 02:28:07.979170,520
2026-02-17 02:28:07.987172,512
2026-02-17 02:28:07.995227,510
2026-02-17 02:28:08.003189,510
2026-02-17 02:28:08.011826,514
2026-02-17 02:28:08.019278,511
2026-02-17 02:28:08.027208,513
2026-02-17 02:28:08.035179,500
2026-02-17 02:28:08.043256,503
2026-02-17 02:28:08.051178,514
2026-02-17 02:28:08.059155,517
2026-02-17 02:28:08.067154,521
2026-02-17 02:28:08.075162,512
2026-02-17 02:28:08.083243,515
2026-02-17 02:28:08.091199,503
2026-02-17 02:28:08.099194,510
2026-02-17 02:28:08.107190,520
2026-02-17 02:28:08.115228,518
2026-02-17 02:28:08.123174,516
2026-02-17 02:28:08.131181,517
2026-02-17 02:28:08.139198,526
2026-02-17 02:28:08.147212,518
2026-02-17 02:28:08.155238,500
2026-02-17 02:28:08.163211,507
2026-02-17 02:28:08.171186,520
2026-02-17 02:28:08.179242,521
2026-02-17 02:28:08.187180,514
2026-02-17 02:28:08.195174,514
2026-02-17 02:28:08.203171,520
2026-02-17 02:28:08.211178,508
2026-02-17 02:28:08.219190,511
2026-02-17 02:28:08.227156,513
2026-02-17 02:28:08.235174,510
2026-02-17 02:28:08.243229,521
2026-02-17 02:28:08.251173,514
2026-02-17 02:28:08.259186,509
2026-02-17 02:28:08.267175,515
2026-02-17 02:28:08.275266,509
2026-02-17 02:28:08.283219,515
2026-02-17 02:28:08.291206,510
2026-02-17 02:28:08.299356,507
2026-02-17 02:28:08.307268,511
2026-02-17 02:28:08.315190,501
2026-02-17 02:28:08.323226,515
2026-02-17 02:28:08.331180,516
2026-02-17 02:28:08.339196,512
2026-02-17 02:28:08.347178,517
2026-02-17 02:28:08.355177,514
2026-02-17 02:28:08.363190,504
2026-02-17 02:28:08.371192,517
2026-02-17 02:28:08.379184,504
2026-02-17 02:28:08.387126,509
2026-02-17 02:28:08.395301,512
2026-02-17 02:28:08.403261,517
2026-02-17 02:28:08.411292,519
2026-02-17 02:28:08.419190,524
2026-02-17 02:28:08.427152,522
2026-02-17 02:28:08.435202,503
2026-02-17 02:28:08.443208,509
2026-02-17 02:28:08.451179,513
2026-02-17 02:28:08.459200,515
2026-02-17 02:28:08.467182,520
2026-02-17 02:28:08.475172,513
2026-02-17 02:28:08.483198,519
2026-02-17 02:28:08.491170,505
2026-02-17 02:28:08.499184,506
2026-02-17 02:28:08.507150,526
2026-02-17 02:28:08.515223,516
2026-02-17 02:28:08.523175,521
2026-02-17 02:28:08.531171,513
2026-02-17 02:28:08.539190,514
2026-02-17 02:28:08.547163,522
2026-02-17 02:28:08.555190,510
2026-02-17 02:28:08.563181,503
2026-02-17 02:28:08.571176,515
2026-02-17 02:28:08.579182,511
2026-02-17 02:28:08.587135,516
2026-02-17 02:28:08.595238,511
2026-02-17 02:28:08.603176,520
2026-02-17 02:28:08.611164,514
2026-02-17 02:28:08.619181,512
2026-02-17 02:28:08.627190,523
2026-02-17 02:28:08.635170,520
2026-02-17 02:28:08.643233,511
2026-02-17 02:28:08.651173,498
2026-02-17 02:28:08.659284,511
2026-02-17 02:28:08.667215,520
2026-02-17 02:28:08.675194,508
2026-02-17 02:28:08.683209,511
2026-02-17 02:28:08.691175,515
2026-02-17 02:28:08.699267,513
2026-02-17 02:28:08.707240,525
2026-02-17 02:28:08.715255,518
2026-02-17 02:28:08.723273,517
2026-02-17 02:28:08.731270,505
2026-02-17 02:28:08.739186,516
2026-02-17 02:28:08.747204,513
2026-02-17 02:28:08.755200,517
2026-02-17 02:28:08.763185,511
2026-02-17 02:28:08.771181,521
2026-02-17 02:28:08.779185,512
2026-02-17 02:28:08.787182,515
2026-02-17 02:28:08.795183,505
2026-02-17 02:28:08.803180,501
2026-02-17 02:28:08.811177,505
2026-02-17 02:28:08.819176,511
2026-02-17 02:28:08.827183,512
2026-02-17 02:28:08.835186,511
2026-02-17 02:28:08.843188,512
2026-02-17 02:28:08.851739,511
2026-02-17 02:28:08.859162,521
2026-02-17 02:28:08.867138,521
2026-02-17 02:28:08.875181,513
2026-02-17 02:28:08.883321,520
2026-02-17 02:28:08.891288,518
2026-02-17 02:28:08.899239,518
2026-02-17 02:28:08.907208,520
2026-02-17 02:28:08.915251,510
2026-02-17 02:28:08.923172,523
2026-02-17 02:28:08.931201,515
2026-02-17 02:28:08.939119,513
2026-02-17 02:28:08.947123,514
2026-02-17 02:28:08.955325,516
2026-02-17 02:28:08.963257,514
2026-02-17 02:28:08.971194,513
2026-02-17 02:28:08.979260,512
2026-02-17 02:28:08.987180,521
2026-02-17 02:28:08.995185,507
2026-02-17 02:28:09.003224,518
2026-02-17 02:28:09.011258,508
2026-02-17 02:28:09.019211,513
2026-02-17 02:28:09.027193,517
2026-02-17 02:28:09.035176,502
2026-02-17 02:28:09.043235,510
2026-02-17 02:28:09.051310,504
2026-02-17 02:28:09.059145,510
2026-02-17 02:28:09.067271,512
2026-02-17 02:28:09.075205,510
2026-02-17 02:28:09.083192,520
2026-02-17 02:28:09.091235,510
2026-02-17 02:28:09.099181,509
2026-02-17 02:28:09.107240,516
2026-02-17 02:28:09.115271,513
2026-02-17 02:28:09.123252,520
2026-02-17 02:28:09.131213,513
2026-02-17 02:28:09.139189,506
2026-02-17 02:28:09.147183,506
2026-02-17 02:28:09.155252,506
2026-02-17 02:28:09.163187,509
2026-02-17 02:28:09.171237,504
2026-02-17 02:28:09.179250,510
2026-02-17 02:28:09.187185,512
2026-02-17 02:28:09.195193,501
2026-02-17 02:28:09.203199,503
2026-02-17 02:28:09.211169,511
2026-02-17 02:28:09.219312,510
2026-02-17 02:28:09.227172,501
2026-02-17 02:28:09.235137,498
2026-02-17 02:28:09.243151,507
2026-02-17 02:28:09.251238,502
2026-02-17 02:28:09.259290,499
2026-02-17 02:28:09.267279,498
2026-02-17 02:28:09.275210,496
2026-02-17 02:28:09.283260,506
2026-02-17 02:28:09.291203,509
2026-02-17 02:28:09.299206,510
2026-02-17 02:28:09.307229,514
2026-02-17 02:28:09.315190,496
2026-02-17 02:28:09.323187,506
2026-02-17 02:28:09.331205,506
2026-02-17 02:28:09.339173,506
2026-02-17 02:28:09.347220,510
2026-02-17 02:28:09.355188,502
2026-02-17 02:28:09.363182,513
2026-02-17 02:28:09.371176,520
2026-02-17 02:28:09.379183,498
2026-02-17 02:28:09.387226,511
2026-02-17 02:28:09.395221,511
2026-02-17 02:28:09.403189,518
2026-02-17 02:28:09.411176,512
2026-02-17 02:28:09.419210,505
2026-02-17 02:28:09.427245,512
2026-02-17 02:28:09.435200,504
2026-02-17 02:28:09.443254,517
2026-02-17 02:28:09.451231,515
2026-02-17 02:28:09.459203,505
2026-02-17 02:28:09.467168,520
2026-02-17 02:28:09.475190,519
2026-02-17 02:28:09.483172,506
2026-02-17 02:28:09.491239,509
2026-02-17 02:28:09.499176,495
2026-02-17 02:28:09.507512,515
2026-02-17 02:28:09.515184,515
2026-02-17 02:28:09.523245,520
2026-02-17 02:28:09.531185,514
2026-02-17 02:28:09.539225,509
2026-02-17 02:28:09.547205,527
2026-02-17 02:28:09.555198,514
2026-02-17 02:28:09.563183,521
2026-02-17 02:28:09.571183,506
2026-02-17 02:28:09.579214,504
2026-02-17 02:28:09.587197,497
2026-02-17 02:28:09.595207,502
2026-02-17 02:28:09.603192,520
2026-02-17 02:28:09.611190,516
2026-02-17 02:28:09.619190,510
2026-02-17 02:28:09.627218,518
2026-02-17 02:28:09.635182,513
2026-02-17 02:28:09.643204,520
2026-02-17 02:28:09.651245,515
2026-02-17 02:28:09.659275,517
2026-02-17 02:28:09.667232,517
2026-02-17 02:28:09.675231,513
2026-02-17 02:28:09.683185,521
2026-02-17 02:28:09.691194,521
2026-02-17 02:28:09.699226,503
2026-02-17 02:28:09.707237,508
2026-02-17 02:28:09.715205,510
2026-02-17 02:28:09.723185,515
2026-02-17 02:28:09.731240,517
2026-02-17 02:28:09.739156,510
2026-02-17 02:28:09.747147,507
2026-02-17 02:28:09.755207,496
2026-02-17 02:28:09.763194,510
2026-02-17 02:28:09.771219,511
2026-02-17 02:28:09.779198,506
2026-02-17 02:28:09.787181,514
2026-02-17 02:28:09.795235,505
2026-02-17 02:28:09.803188,512
2026-02-17 02:28:09.811184,489
2026-02-17 02:28:09.819187,508
2026-02-17 02:28:09.827189,512
2026-02-17 02:28:09.835188,508
2026-02-17 02:28:09.843181,517
2026-02-17 02:28:09.851311,508
2026-02-17 02:28:09.859279,509
2026-02-17 02:28:09.867233,513
2026-02-17 02:28:09.875255,512
2026-02-17 02:28:09.883214,519
2026-02-17 02:28:09.891232,517
2026-02-17 02:28:09.899239,521
2026-02-17 02:28:09.907208,512
2026-02-17 02:28:09.915193,503
2026-02-17 02:28:09.923184,510
2026-02-17 02:28:09.931188,504
2026-02-17 02:28:09.939190,499
2026-02-17 02:28:09.947198,512
2026-02-17 02:28:09.955186,505
2026-02-17 02:28:09.963205,512
2026-02-17 02:28:09.971193,506
2026-02-17 02:28:09.979189,515
2026-02-17 02:28:09.987185,512
2026-02-17 02:28:09.995189,510
2026-02-17 02:28:10.003189,512
2026-02-17 02:28:10.011270,508
2026-02-17 02:28:10.019315,518
2026-02-17 02:28:10.027246,518
2026-02-17 02:28:10.035247,507
2026-02-17 02:28:10.043217,513
2026-02-17 02:28:10.051323,516
2026-02-17 02:28:10.059187,505
2026-02-17 02:28:10.067199,518
2026-02-17 02:28:10.075219,512
2026-02-17 02:28:10.083221,501
2026-02-17 02:28:10.091196,495
2026-02-17 02:28:10.099184,517
2026-02-17 02:28:10.107197,524
2026-02-17 02:28:10.115221,512
2026-02-17 02:28:10.123230,510
2026-02-17 02:28:10.131190,512
2026-02-17 02:28:10.139187,506
2026-02-17 02:28:10.147182,525
2026-02-17 02:28:10.155193,511
2026-02-17 02:28:10.163205,514
2026-02-17 02:28:10.171227,513
2026-02-17 02:28:10.179277,510
2026-02-17 02:28:10.187299,530
2026-02-17 02:28:10.195235,509
2026-02-17 02:28:10.203206,515
2026-02-17 02:28:10.211257,519
2026-02-17 02:28:10.219226,516
2026-02-17 02:28:10.227139,514
2026-02-17 02:28:10.235240,506
2026-02-17 02:28:10.243136,518
2026-02-17 02:28:10.251203,510
2026-02-17 02:28:10.259198,514
2026-02-17 02:28:10.267239,514
2026-02-17 02:28:10.275137,506
2026-02-17 02:28:10.283183,516
2026-02-17 02:28:10.291214,519
2026-02-17 02:28:10.299216,526
2026-02-17 02:28:10.307191,522
2026-02-17 02:28:10.315302,507
2026-02-17 02:28:10.323195,509
2026-02-17 02:28:10.331230,502
2026-02-17 02:28:10.339208,505
2026-02-17 02:28:10.347211,511
2026-02-17 02:28:10.355196,510
2026-02-17 02:28:10.363193,515
2026-02-17 02:28:10.371191,515
2026-02-17 02:28:10.379202,522
2026-02-17 02:28:10.387181,520
2026-02-17 02:28:10.395194,511
2026-02-17 02:28:10.403192,508
2026-02-17 02:28:10.411191,509
2026-02-17 02:28:10.419320,516
2026-02-17 02:28:10.427233,514
2026-02-17 02:28:10.435232,505
2026-02-17 02:28:10.443239,510
2026-02-17 02:28:10.451200,495
2026-02-17 02:28:10.459241,508
2026-02-17 02:28:10.467213,512
2026-02-17 02:28:10.475250,499
2026-02-17 02:28:10.483203,503
2026-02-17 02:28:10.491240,508
2026-02-17 02:28:10.499218,501
2026-02-17 02:28:10.507194,509
2026-02-17 02:28:10.515164,482
2026-02-17 02:28:10.523151,517
2026-02-17 02:28:10.531258,517
2026-02-17 02:28:10.539203,515
2026-02-17 02:28:10.547248,519
2026-02-17 02:28:10.555194,525
2026-02-17 02:28:10.563188,512
2026-02-17 02:28:10.571188,514
2026-02-17 02:28:10.579183,501
2026-02-17 02:28:10.587178,514
2026-02-17 02:28:10.595151,508
2026-02-17 02:28:10.603218,512
2026-02-17 02:28:10.611207,512
2026-02-17 02:28:10.619201,518
2026-02-17 02:28:10.627242,504
2026-02-17 02:28:10.635226,514
2026-02-17 02:28:10.643189,520
2026-02-17 02:28:10.651268,517
2026-02-17 02:28:10.659269,522
2026-02-17 02:28:10.667194,514
2026-02-17 02:28:10.675202,509
2026-02-17 02:28:10.683200,513
2026-02-17 02:28:10.691135,513
2026-02-17 02:28:10.699274,510
2026-02-17 02:28:10.707238,526
2026-02-17 02:28:10.715230,514
2026-02-17 02:28:10.723185,507
2026-02-17 02:28:10.731193,510
2026-02-17 02:28:10.739181,529
2026-02-17 02:28:10.747189,518
2026-02-17 02:28:10.755197,517
2026-02-17 02:28:10.763182,519
2026-02-17 02:28:10.771180,499
2026-02-17 02:28:10.779230,505
2026-02-17 02:28:10.787237,499
2026-02-17 02:28:10.795200,494
2026-02-17 02:28:10.803188,530
2026-02-17 02:28:10.811185,512
2026-02-17 02:28:10.819198,513
2026-02-17 02:28:10.827188,537
2026-02-17 02:28:10.835183,501
2026-02-17 02:28:10.843189,515
2026-02-17 02:28:10.851277,521
2026-02-17 02:28:10.859221,521
2026-02-17 02:28:10.867234,517
2026-02-17 02:28:10.875203,511
2026-02-17 02:28:10.883323,526
2026-02-17 02:28:10.891268,517
2026-02-17 02:28:10.899245,513
2026-02-17 02:28:10.907233,522
2026-02-17 02:28:10.915205,515
2026-02-17 02:28:10.923197,514
2026-02-17 02:28:10.931225,516
2026-02-17 02:28:10.939189,510
2026-02-17 02:28:10.947189,523
2026-02-17 02:28:10.955198,519
2026-02-17 02:28:10.963194,535
2026-02-17 02:28:10.971241,515
2026-02-17 02:28:10.979191,519
2026-02-17 02:28:10.987186,522
2026-02-17 02:28:10.995211,517
2026-02-17 02:28:11.003214,515
2026-02-17 02:28:11.011628,513
2026-02-17 02:28:11.019322,533
2026-02-17 02:28:11.027223,527
2026-02-17 02:28:11.035276,523
2026-02-17 02:28:11.043275,534
2026-02-17 02:28:11.051208,520
2026-02-17 02:28:11.059308,508
2026-02-17 02:28:11.067255,514
2026-02-17 02:28:11.075236,506
2026-02-17 02:28:11.083255,519
2026-02-17 02:28:11.091231,511
2026-02-17 02:28:11.099196,508
2026-02-17 02:28:11.107257,515
2026-02-17 02:28:11.115196,510
2026-02-17 02:28:11.123199,512
2026-02-17 02:28:11.131194,504
2026-02-17 02:28:11.139192,513
2026-02-17 02:28:11.147203,504
2026-02-17 02:28:11.155238,505
2026-02-17 02:28:11.163217,509
2026-02-17 02:28:11.171228,508
2026-02-17 02:28:11.179289,507
2026-02-17 02:28:11.187249,510
2026-02-17 02:28:11.195195,512
2026-02-17 02:28:11.203234,511
2026-02-17 02:28:11.211189,508
2026-02-17 02:28:11.219189,503
2026-02-17 02:28:11.227190,511
2026-02-17 02:28:11.235185,505
2026-02-17 02:28:11.243188,509
2026-02-17 02:28:11.251216,511
2026-02-17 02:28:11.259146,515
2026-02-17 02:28:11.267187,508
2026-02-17 02:28:11.275148,502
2026-02-17 02:28:11.283213,509
2026-02-17 02:28:11.291189,503
2026-02-17 02:28:11.299293,514
2026-02-17 02:28:11.307287,513
2026-02-17 02:28:11.315275,505
2026-02-17 02:28:11.323198,509
2026-02-17 02:28:11.331227,511
2026-02-17 02:28:11.339247,520
2026-02-17 02:28:11.347206,521
2026-02-17 02:28:11.355188,513
2026-02-17 02:28:11.363224,521
2026-02-17 02:28:11.371191,519
2026-02-17 02:28:11.379223,517
2026-02-17 02:28:11.387208,517
2026-02-17 02:28:11.395199,516
2026-02-17 02:28:11.403203,514
2026-02-17 02:28:11.411198,503
2026-02-17 02:28:11.419146,514
2026-02-17 02:28:11.427146,518
2026-02-17 02:28:11.435197,512
2026-02-17 02:28:11.443246,517
2026-02-17 02:28:11.451213,504
2026-02-17 02:28:11.459208,509
2026-02-17 02:28:11.467205,512
2026-02-17 02:28:11.475192,502
2026-02-17 02:28:11.483187,512
2026-02-17 02:28:11.491204,518
2026-02-17 02:28:11.499198,521
2026-02-17 02:28:11.507191,518
2026-02-17 02:28:11.515174,502
2026-02-17 02:28:11.523158,512
2026-02-17 02:28:11.531192,512
2026-02-17 02:28:11.539198,512
2026-02-17 02:28:11.547188,519
2026-02-17 02:28:11.555182,502
2026-02-17 02:28:11.563187,521
2026-02-17 02:28:11.571242,503
2026-02-17 02:28:11.579220,511
2026-02-17 02:28:11.587211,507
2026-02-17 02:28:11.595338,489
2026-02-17 02:28:11.603237,497
2026-02-17 02:28:11.611242,499
2026-02-17 02:28:11.619207,508
2026-02-17 02:28:11.627234,511
2026-02-17 02:28:11.635190,508
2026-02-17 02:28:11.643206,514
2026-02-17 02:28:11.651214,507
2026-02-17 02:28:11.659275,515
2026-02-17 02:28:11.667271,499
2026-02-17 02:28:11.675243,503
2026-02-17 02:28:11.683252,520
2026-02-17 02:28:11.691206,520
2026-02-17 02:28:11.699297,520
2026-02-17 02:28:11.707290,517
2026-02-17 02:28:11.715288,518
2026-02-17 02:28:11.723230,517
2026-02-17 02:28:11.731270,516
2026-02-17 02:28:11.739213,520
2026-02-17 02:28:11.747248,514
2026-02-17 02:28:11.755197,500
2026-02-17 02:28:11.763195,512
2026-02-17 02:28:11.771203,513
2026-02-17 02:28:11.779169,510
2026-02-17 02:28:11.787205,507
2026-02-17 02:28:11.795216,509
2026-02-17 02:28:11.803205,526
2026-02-17 02:28:11.811201,520
2026-02-17 02:28:11.819218,520
2026-02-17 02:28:11.827206,514
2026-02-17 02:28:11.835201,513
2026-02-17 02:28:11.843231,512
2026-02-17 02:28:11.851334,512
2026-02-17 02:28:11.859295,519
2026-02-17 02:28:11.867296,512
2026-02-17 02:28:11.875303,504
2026-02-17 02:28:11.883209,506
2026-02-17 02:28:11.891190,512
2026-02-17 02:28:11.899176,510
2026-02-17 02:28:11.907145,520
2026-02-17 02:28:11.915216,498
2026-02-17 02:28:11.923207,507
2026-02-17 02:28:11.931318,512
2026-02-17 02:28:11.939254,508
2026-02-17 02:28:11.947228,510
2026-02-17 02:28:11.955242,504
2026-02-17 02:28:11.963216,512
2026-02-17 02:28:11.971249,516
2026-02-17 02:28:11.979198,517
2026-02-17 02:28:11.987203,508
2026-02-17 02:28:11.995206,509
2026-02-17 02:28:12.003188,512
2026-02-17 02:28:12.011153,515
2026-02-17 02:28:12.019187,506
2026-02-17 02:28:12.027203,509
2026-02-17 02:28:12.035238,511
2026-02-17 02:28:12.043330,516
2026-02-17 02:28:12.051324,513
2026-02-17 02:28:12.059249,510
2026-02-17 02:28:12.067276,506
2026-02-17 02:28:12.075199,502
2026-02-17 02:28:12.083270,509
2026-02-17 02:28:12.091159,513
2026-02-17 02:28:12.099268,507
2026-02-17 02:28:12.107200,514
2026-02-17 02:28:12.115195,516
2026-02-17 02:28:12.123202,514
2026-02-17 02:28:12.131203,508
2026-02-17 02:28:12.139207,506
2026-02-17 02:28:12.147200,519
2026-02-17 02:28:12.155187,502
2026-02-17 02:28:12.163226,506
2026-02-17 02:28:12.171146,510
2026-02-17 02:28:12.179148,514
2026-02-17 02:28:12.187143,516
2026-02-17 02:28:12.195142,512
2026-02-17 02:28:12.203142,514
2026-02-17 02:28:12.211140,510
2026-02-17 02:28:12.219268,507
2026-02-17 02:28:12.227218,492
2026-02-17 02:28:12.235210,503
2026-02-17 02:28:12.243193,519
2026-02-17 02:28:12.251202,517
2026-02-17 02:28:12.259143,518
2026-02-17 02:28:12.267202,512
2026-02-17 02:28:12.275197,510
2026-02-17 02:28:12.283192,507
2026-02-17 02:28:12.291203,505
2026-02-17 02:28:12.299185,501
2026-02-17 02:28:12.307198,519
2026-02-17 02:28:12.315206,508
2026-02-17 02:28:12.323189,523
2026-02-17 02:28:12.331191,521
2026-02-17 02:28:12.339184,519
2026-02-17 02:28:12.347145,519
2026-02-17 02:28:12.355149,513
2026-02-17 02:28:12.363165,512
2026-02-17 02:28:12.371163,513
2026-02-17 02:28:12.379205,508
2026-02-17 02:28:12.387195,513
2026-02-17 02:28:12.395191,512
2026-02-17 02:28:12.403191,521
2026-02-17 02:28:12.411217,507
2026-02-17 02:28:12.419150,497
2026-02-17 02:28:12.427144,509
2026-02-17 02:28:12.435145,509
2026-02-17 02:28:12.443203,511
2026-02-17 02:28:12.451236,510
2026-02-17 02:28:12.459210,494
2026-02-17 02:28:12.467188,515
2026-02-17 02:28:12.475199,518
2026-02-17 02:28:12.483190,528
2026-02-17 02:28:12.491191,514
2026-02-17 02:28:12.499268,505
2026-02-17 02:28:12.507263,510
2026-02-17 02:28:12.515161,507
2026-02-17 02:28:12.523209,512
2026-02-17 02:28:12.531191,514
2026-02-17 02:28:12.539195,519
2026-02-17 02:28:12.547140,510
2026-02-17 02:28:12.555197,502
2026-02-17 02:28:12.563212,518
2026-02-17 02:28:12.571198,506
2026-02-17 02:28:12.579203,505
2026-02-17 02:28:12.587190,510
2026-02-17 02:28:12.595139,507
2026-02-17 02:28:12.603190,511
2026-02-17 02:28:12.611179,512
2026-02-17 02:28:12.619194,508
2026-02-17 02:28:12.627207,511
2026-02-17 02:28:12.635206,503
2026-02-17 02:28:12.643190,513
2026-02-17 02:28:12.651190,514
2026-02-17 02:28:12.659307,509
2026-02-17 02:28:12.667212,507
2026-02-17 02:28:12.675204,498
2026-02-17 02:28:12.683215,510
2026-02-17 02:28:12.691217,516
2026-02-17 02:28:12.699249,514
2026-02-17 02:28:12.707207,515
2026-02-17 02:28:12.715208,515
2026-02-17 02:28:12.723287,509
2026-02-17 02:28:12.731225,512
2026-02-17 02:28:12.739189,521
2026-02-17 02:28:12.747176,515
2026-02-17 02:28:12.755165,509
2026-02-17 02:28:12.763177,507
2026-02-17 02:28:12.771198,513
2026-02-17 02:28:12.779172,514
2026-02-17 02:28:12.787169,524
2026-02-17 02:28:12.795166,517
2026-02-17 02:28:12.803201,516
2026-02-17 02:28:12.811207,510
2026-02-17 02:28:12.819198,499
2026-02-17 02:28:12.827188,518
2026-02-17 02:28:12.835238,513
2026-02-17 02:28:12.843199,516
2026-02-17 02:28:12.851201,520
2026-02-17 02:28:12.859205,506
2026-02-17 02:28:12.867204,507
2026-02-17 02:28:12.875170,511
2026-02-17 02:28:12.883189,513
2026-02-17 02:28:12.891196,510
2026-02-17 02:28:12.899238,513
2026-02-17 02:28:12.907192,514
2026-02-17 02:28:12.915286,510
2026-02-17 02:28:12.923208,517
2026-02-17 02:28:12.931202,515
2026-02-17 02:28:12.939214,511
2026-02-17 02:28:12.947218,506
2026-02-17 02:28:12.955202,508
2026-02-17 02:28:12.963267,509
2026-02-17 02:28:12.971197,506
2026-02-17 02:28:12.979206,507
2026-02-17 02:28:12.987253,514
2026-02-17 02:28:12.995206,509
2026-02-17 02:28:13.003203,511
2026-02-17 02:28:13.011271,514
2026-02-17 02:28:13.019337,515
2026-02-17 02:28:13.027257,519
2026-02-17 02:28:13.035193,515
2026-02-17 02:28:13.043356,512
2026-02-17 02:28:13.051290,505
2026-02-17 02:28:13.059298,509
2026-02-17 02:28:13.067247,522
2026-02-17 02:28:13.075226,521
2026-02-17 02:28:13.083328,521
2026-02-17 02:28:13.091280,507
2026-02-17 02:28:13.099234,504
2026-02-17 02:28:13.107215,507
2026-02-17 02:28:13.115234,506
2026-02-17 02:28:13.123206,506
2026-02-17 02:28:13.131262,510
2026-02-17 02:28:13.139281,513
2026-02-17 02:28:13.147216,505
2026-02-17 02:28:13.155280,499
2026-02-17 02:28:13.163240,515
2026-02-17 02:28:13.171205,517
2026-02-17 02:28:13.179237,511
2026-02-17 02:28:13.187249,518
2026-02-17 02:28:13.195221,510
2026-02-17 02:28:13.203213,510
2026-02-17 02:28:13.211211,508
2026-02-17 02:28:13.219206,512
2026-02-17 02:28:13.227207,520
2026-02-17 02:28:13.235217,511
2026-02-17 02:28:13.243205,519
2026-02-17 02:28:13.251209,511
2026-02-17 02:28:13.259244,510
2026-02-17 02:28:13.267227,514
2026-02-17 02:28:13.275212,508
2026-02-17 02:28:13.283252,516
2026-02-17 02:28:13.291207,518
2026-02-17 02:28:13.299270,499
2026-02-17 02:28:13.307212,511
2026-02-17 02:28:13.315277,509
2026-02-17 02:28:13.323205,515
2026-02-17 02:28:13.331217,518
2026-02-17 02:28:13.339254,518
2026-02-17 02:28:13.347209,505
2026-02-17 02:28:13.355202,503
2026-02-17 02:28:13.363213,521
2026-02-17 02:28:13.371210,517
2026-02-17 02:28:13.379306,509
2026-02-17 02:28:13.387218,518
2026-02-17 02:28:13.395219,514
2026-02-17 02:28:13.403228,521
2026-02-17 02:28:13.411198,519
2026-02-17 02:28:13.419240,514
2026-02-17 02:28:13.427227,528
2026-02-17 02:28:13.435248,513
2026-02-17 02:28:13.443225,520
2026-02-17 02:28:13.451231,509
2026-02-17 02:28:13.459214,511
2026-02-17 02:28:13.467266,517
2026-02-17 02:28:13.475202,513
2026-02-17 02:28:13.483207,518
2026-02-17 02:28:13.491201,518
2026-02-17 02:28:13.499201,508
2026-02-17 02:28:13.507217,523
2026-02-17 02:28:13.515220,515
2026-02-17 02:28:13.523158,523
2026-02-17 02:28:13.531196,514
2026-02-17 02:28:13.539234,512
2026-02-17 02:28:13.547210,509
2026-02-17 02:28:13.555205,502
2026-02-17 02:28:13.563204,518
2026-02-17 02:28:13.571244,512
2026-02-17 02:28:13.579212,511
2026-02-17 02:28:13.587178,514
2026-02-17 02:28:13.595186,500
2026-02-17 02:28:13.603233,505
2026-02-17 02:28:13.611233,512
2026-02-17 02:28:13.619212,516
2026-02-17 02:28:13.627202,518
2026-02-17 02:28:13.635198,508
2026-02-17 02:28:13.643200,520
2026-02-17 02:28:13.651219,515
2026-02-17 02:28:13.659253,514
2026-02-17 02:28:13.667269,516
2026-02-17 02:28:13.675203,509
2026-02-17 02:28:13.683212,513
2026-02-17 02:28:13.691240,533
2026-02-17 02:28:13.699250,497
2026-02-17 02:28:13.707269,513
2026-02-17 02:28:13.715215,510
2026-02-17 02:28:13.723221,499
2026-02-17 02:28:13.731211,501
2026-02-17 02:28:13.739209,515
2026-02-17 02:28:13.747155,506
2026-02-17 02:28:13.755152,503
2026-02-17 02:28:13.763153,511
2026-02-17 02:28:13.771243,495
2026-02-17 02:28:13.779252,508
2026-02-17 02:28:13.787223,505
2026-02-17 02:28:13.795206,500
2026-02-17 02:28:13.803194,502
2026-02-17 02:28:13.811230,504
2026-02-17 02:28:13.819209,514
2026-02-17 02:28:13.827209,512
2026-02-17 02:28:13.835202,505
2026-02-17 02:28:13.843151,505
2026-02-17 02:28:13.851147,519
2026-02-17 02:28:13.859210,516
2026-02-17 02:28:13.867272,514
2026-02-17 02:28:13.875201,506
2026-02-17 02:28:13.883197,504
2026-02-17 02:28:13.891212,510
2026-02-17 02:28:13.899198,512
2026-02-17 02:28:13.907200,518
2026-02-17 02:28:13.915214,514
2026-02-17 02:28:13.923270,520
2026-02-17 02:28:13.931230,510
2026-02-17 02:28:13.939220,513
2026-02-17 02:28:13.947206,507
2026-02-17 02:28:13.955213,511
2026-02-17 02:28:13.963196,517
2026-02-17 02:28:13.971207,516
2026-02-17 02:28:13.979224,504
2026-02-17 02:28:13.987212,511
2026-02-17 02:28:13.995203,510
2026-02-17 02:28:14.003253,517
2026-02-17 02:28:14.011280,510
2026-02-17 02:28:14.019263,515
2026-02-17 02:28:14.027246,505
2026-02-17 02:28:14.035204,509
2026-02-17 02:28:14.043327,517
2026-02-17 02:28:14.051265,503
2026-02-17 02:28:14.059240,516
2026-02-17 02:28:14.067250,515
2026-02-17 02:28:14.075274,498
2026-02-17 02:28:14.083344,510
2026-02-17 02:28:14.091234,511
2026-02-17 02:28:14.099174,520
2026-02-17 02:28:14.107224,519
2026-02-17 02:28:14.115159,514
2026-02-17 02:28:14.123242,517
2026-02-17 02:28:14.131262,508
2026-02-17 02:28:14.139230,511
2026-02-17 02:28:14.147258,520
2026-02-17 02:28:14.155265,514
2026-02-17 02:28:14.163277,512
2026-02-17 02:28:14.171233,511
2026-02-17 02:28:14.179205,515
2026-02-17 02:28:14.187292,512
2026-02-17 02:28:14.195221,506
2026-02-17 02:28:14.203235,516
2026-02-17 02:28:14.211234,515
2026-02-17 02:28:14.219256,514
2026-02-17 02:28:14.227256,503
2026-02-17 02:28:14.235202,515
2026-02-17 02:28:14.243213,509
2026-02-17 02:28:14.251231,515
2026-02-17 02:28:14.259216,518
2026-02-17 02:28:14.267242,516
2026-02-17 02:28:14.275209,503
2026-02-17 02:28:14.283217,518
2026-02-17 02:28:14.291224,517
2026-02-17 02:28:14.299296,512
2026-02-17 02:28:14.307260,508
2026-02-17 02:28:14.315269,500
2026-02-17 02:28:14.323382,509
2026-02-17 02:28:14.331248,514
2026-02-17 02:28:14.339313,516
2026-02-17 02:28:14.347293,526
2026-02-17 02:28:14.355256,510
2026-02-17 02:28:14.363220,511
2026-02-17 02:28:14.371216,509
2026-02-17 02:28:14.379216,515
2026-02-17 02:28:14.387227,517
2026-02-17 02:28:14.395257,500
2026-02-17 02:28:14.403218,508
2026-02-17 02:28:14.411206,505
2026-02-17 02:28:14.419220,517
2026-02-17 02:28:14.427300,520
2026-02-17 02:28:14.435228,516
2026-02-17 02:28:14.443292,512
2026-02-17 02:28:14.451232,512
2026-02-17 02:28:14.459240,511
2026-02-17 02:28:14.467274,514
2026-02-17 02:28:14.475217,502
2026-02-17 02:28:14.483209,507
2026-02-17 02:28:14.491253,512
2026-02-17 02:28:14.499239,519
2026-02-17 02:28:14.507250,515
2026-02-17 02:28:14.515223,505
2026-02-17 02:28:14.523204,508
2026-02-17 02:28:14.531158,504
2026-02-17 02:28:14.539224,498
2026-02-17 02:28:14.547229,511
2026-02-17 02:28:14.555222,513
2026-02-17 02:28:14.563215,517
2026-02-17 02:28:14.571225,512
2026-02-17 02:28:14.579218,508
2026-02-17 02:28:14.587183,508
2026-02-17 02:28:14.595211,513
2026-02-17 02:28:14.603290,518
2026-02-17 02:28:14.611281,507
2026-02-17 02:28:14.619253,504
2026-02-17 02:28:14.627237,520
2026-02-17 02:28:14.635209,516
2026-02-17 02:28:14.643207,495
2026-02-17 02:28:14.651219,503
2026-02-17 02:28:14.659328,508
2026-02-17 02:28:14.667257,510
2026-02-17 02:28:14.675241,506
2026-02-17 02:28:14.683293,508
2026-02-17 02:28:14.691272,509
2026-02-17 02:28:14.699251,512
2026-02-17 02:28:14.707224,508
2026-02-17 02:28:14.715237,512
2026-02-17 02:28:14.723217,512
2026-02-17 02:28:14.731262,506
2026-02-17 02:28:14.739213,514
2026-02-17 02:28:14.747219,513
2026-02-17 02:28:14.755217,510
2026-02-17 02:28:14.763233,517
2026-02-17 02:28:14.771209,504
2026-02-17 02:28:14.779244,518
2026-02-17 02:28:14.787217,522
2026-02-17 02:28:14.795208,519
2026-02-17 02:28:14.803220,524
2026-02-17 02:28:14.811174,517
2026-02-17 02:28:14.819187,519
2026-02-17 02:28:14.827237,517
2026-02-17 02:28:14.835215,510
2026-02-17 02:28:14.843225,515
2026-02-17 02:28:14.851270,510
2026-02-17 02:28:14.859281,509
2026-02-17 02:28:14.867268,512
2026-02-17 02:28:14.875240,510
2026-02-17 02:28:14.883223,520
2026-02-17 02:28:14.891242,517
2026-02-17 02:28:14.899214,506
2026-02-17 02:28:14.907269,519
2026-02-17 02:28:14.915299,514
2026-02-17 02:28:14.923228,516
2026-02-17 02:28:14.931228,510
2026-02-17 02:28:14.939223,513
2026-02-17 02:28:14.947258,520
2026-02-17 02:28:14.955214,512
2026-02-17 02:28:14.963238,502
2026-02-17 02:28:14.971227,520
2026-02-17 02:28:14.979265,514
2026-02-17 02:28:14.987212,515
2026-02-17 02:28:14.995209,519
2026-02-17 02:28:15.003229,512
2026-02-17 02:28:15.011267,508
2026-02-17 02:28:15.019321,502
2026-02-17 02:28:15.027234,513
2026-02-17 02:28:15.035179,510
2026-02-17 02:28:15.043283,515
2026-02-17 02:28:15.051213,511
2026-02-17 02:28:15.059265,511
2026-02-17 02:28:15.067174,509
2026-02-17 02:28:15.075252,505
2026-02-17 02:28:15.083214,513
2026-02-17 02:28:15.091359,519
2026-02-17 02:28:15.099179,517
2026-02-17 02:28:15.107211,510
2026-02-17 02:28:15.115189,509
2026-02-17 02:28:15.123282,509
2026-02-17 02:28:15.131291,503
2026-02-17 02:28:15.139245,501
2026-02-17 02:28:15.147287,514
2026-02-17 02:28:15.155246,509
2026-02-17 02:28:15.163224,520
2026-02-17 02:28:15.171228,512
2026-02-17 02:28:15.179223,510
2026-02-17 02:28:15.187311,515
2026-02-17 02:28:15.195279,510
2026-02-17 02:28:15.203379,513
2026-02-17 02:28:15.211313,508
2026-02-17 02:28:15.219289,507
2026-02-17 02:28:15.227280,518
2026-02-17 02:28:15.235275,511
2026-02-17 02:28:15.243249,516
2026-02-17 02:28:15.251228,517
2026-02-17 02:28:15.259227,518
2026-02-17 02:28:15.267214,509
2026-02-17 02:28:15.275280,517
2026-02-17 02:28:15.283268,500
2026-02-17 02:28:15.291222,506
2026-02-17 02:28:15.299219,517
2026-02-17 02:28:15.307259,523
2026-02-17 02:28:15.315225,523
2026-02-17 02:28:15.323172,531
2026-02-17 02:28:15.331257,522
2026-02-17 02:28:15.339244,523
2026-02-17 02:28:15.347281,533
2026-02-17 02:28:15.355248,512
2026-02-17 02:28:15.363224,524
2026-02-17 02:28:15.371219,517
2026-02-17 02:28:15.379263,521
2026-02-17 02:28:15.387227,521
2026-02-17 02:28:15.395222,518
2026-02-17 02:28:15.403222,519
2026-02-17 02:28:15.411261,526
2026-02-17 02:28:15.419221,520
2026-02-17 02:28:15.427189,513
2026-02-17 02:28:15.435243,503
2026-02-17 02:28:15.443234,514
2026-02-17 02:28:15.451234,511
2026-02-17 02:28:15.459249,514
2026-02-17 02:28:15.467221,517
2026-02-17 02:28:15.475282,504
2026-02-17 02:28:15.483245,505
2026-02-17 02:28:15.491606,503
2026-02-17 02:28:15.499283,509
2026-02-17 02:28:15.507269,515
2026-02-17 02:28:15.515282,517
2026-02-17 02:28:15.523229,518
2026-02-17 02:28:15.531178,510
2026-02-17 02:28:15.539232,516
2026-02-17 02:28:15.547244,526
2026-02-17 02:28:15.555224,509
2026-02-17 02:28:15.563227,509
2026-02-17 02:28:15.571235,520
2026-02-17 02:28:15.579224,513
2026-02-17 02:28:15.587187,502
2026-02-17 02:28:15.595227,515
2026-02-17 02:28:15.603234,516
2026-02-17 02:28:15.611225,512
2026-02-17 02:28:15.619222,518
2026-02-17 02:28:15.627240,519
2026-02-17 02:28:15.635232,514
2026-02-17 02:28:15.643223,517
2026-02-17 02:28:15.651233,508
2026-02-17 02:28:15.659262,512
2026-02-17 02:28:15.667234,512
2026-02-17 02:28:15.675290,507
2026-02-17 02:28:15.683308,516
2026-02-17 02:28:15.691238,519
2026-02-17 02:28:15.699264,523
2026-02-17 02:28:15.707235,515
2026-02-17 02:28:15.715217,507
2026-02-17 02:28:15.723233,513
2026-02-17 02:28:15.731227,516
2026-02-17 02:28:15.739210,513
2026-02-17 02:28:15.747264,514
2026-02-17 02:28:15.755218,510
2026-02-17 02:28:15.763234,512
2026-02-17 02:28:15.771226,520
2026-02-17 02:28:15.779224,525
2026-02-17 02:28:15.787292,523
2026-02-17 02:28:15.795297,511
2026-02-17 02:28:15.803231,519
2026-02-17 02:28:15.811327,515
2026-02-17 02:28:15.819248,518
2026-02-17 02:28:15.827233,510
2026-02-17 02:28:15.835230,512
2026-02-17 02:28:15.843257,517
2026-02-17 02:28:15.851342,511
2026-02-17 02:28:15.859215,514
2026-02-17 02:28:15.867242,510
2026-02-17 02:28:15.875289,515
2026-02-17 02:28:15.883233,514
2026-02-17 02:28:15.891223,506
2026-02-17 02:28:15.899248,508
2026-02-17 02:28:15.907285,516
2026-02-17 02:28:15.915261,513
2026-02-17 02:28:15.923226,509
2026-02-17 02:28:15.931225,515
2026-02-17 02:28:15.939222,514
2026-02-17 02:28:15.947279,524
2026-02-17 02:28:15.955207,500
2026-02-17 02:28:15.963234,517
2026-02-17 02:28:15.971235,514
2026-02-17 02:28:15.979265,517
2026-02-17 02:28:15.987213,524
2026-02-17 02:28:15.995229,498
2026-02-17 02:28:16.003238,510
2026-02-17 02:28:16.011188,504
2026-02-17 02:28:16.019488,520
2026-02-17 02:28:16.027264,516
2026-02-17 02:28:16.035200,502
2026-02-17 02:28:16.043225,505
2026-02-17 02:28:16.051322,506
2026-02-17 02:28:16.059291,514
2026-02-17 02:28:16.067185,516
2026-02-17 02:28:16.075204,507
2026-02-17 02:28:16.083318,514
2026-02-17 02:28:16.091269,518
2026-02-17 02:28:16.099270,513
2026-02-17 02:28:16.107193,522
2026-02-17 02:28:16.115193,512
2026-02-17 02:28:16.123174,505
2026-02-17 02:28:16.131275,509
2026-02-17 02:28:16.139230,512
2026-02-17 02:28:16.147227,512
2026-02-17 02:28:16.155324,513
2026-02-17 02:28:16.163234,522
2026-02-17 02:28:16.171240,503
2026-02-17 02:28:16.179227,514
2026-02-17 02:28:16.187291,510
2026-02-17 02:28:16.195241,512
2026-02-17 02:28:16.203236,514
2026-02-17 02:28:16.211232,500
2026-02-17 02:28:16.219231,503
2026-02-17 02:28:16.227225,505
2026-02-17 02:28:16.235224,500
2026-02-17 02:28:16.243255,506
2026-02-17 02:28:16.251241,501
2026-02-17 02:28:16.259229,511
2026-02-17 02:28:16.267221,513
2026-02-17 02:28:16.275238,510
2026-02-17 02:28:16.283228,508
2026-02-17 02:28:16.291233,514
2026-02-17 02:28:16.299229,505
2026-02-17 02:28:16.307230,508
2026-02-17 02:28:16.315274,511
2026-02-17 02:28:16.323225,521
2026-02-17 02:28:16.331240,521
2026-02-17 02:28:16.339194,496
2026-02-17 02:28:16.347200,509
2026-02-17 02:28:16.355225,509
2026-02-17 02:28:16.363245,526
2026-02-17 02:28:16.371221,513
2026-02-17 02:28:16.379224,509
2026-02-17 02:28:16.387237,501
2026-02-17 02:28:16.395226,490
2026-02-17 02:28:16.403237,497
2026-02-17 02:28:16.411267,498
2026-02-17 02:28:16.419291,502
2026-02-17 02:28:16.427270,490
2026-02-17 02:28:16.435244,499
2026-02-17 02:28:16.443234,498
2026-02-17 02:28:16.451217,499
2026-02-17 02:28:16.459258,507
2026-02-17 02:28:16.467180,501
2026-02-17 02:28:16.475213,504
2026-02-17 02:28:16.483259,508
2026-02-17 02:28:16.491229,505
2026-02-17 02:28:16.499228,507
2026-02-17 02:28:16.507234,512
2026-02-17 02:28:16.515275,510
2026-02-17 02:28:16.523223,515
2026-02-17 02:28:16.531180,512
2026-02-17 02:28:16.539232,522
2026-02-17 02:28:16.547230,515
2026-02-17 02:28:16.555266,506
2026-02-17 02:28:16.563229,516
2026-02-17 02:28:16.571250,507
2026-02-17 02:28:16.579230,520
2026-02-17 02:28:16.587192,522
2026-02-17 02:28:16.595258,514
2026-02-17 02:28:16.603270,515
2026-02-17 02:28:16.611299,505
2026-02-17 02:28:16.619234,512
2026-02-17 02:28:16.627232,515
2026-02-17 02:28:16.635222,516
2026-02-17 02:28:16.643220,508
2026-02-17 02:28:16.651228,492
2026-02-17 02:28:16.659344,504
2026-02-17 02:28:16.667344,515
2026-02-17 02:28:16.675314,517
2026-02-17 02:28:16.683303,505
2026-02-17 02:28:16.691300,506
2026-02-17 02:28:16.699338,511
2026-02-17 02:28:16.707280,506
2026-02-17 02:28:16.715297,489
2026-02-17 02:28:16.723309,505
2026-02-17 02:28:16.731246,510
2026-02-17 02:28:16.739265,503
2026-02-17 02:28:16.747244,512
2026-02-17 02:28:16.755242,506
2026-02-17 02:28:16.763235,506
2026-02-17 02:28:16.771242,510
2026-02-17 02:28:16.779234,506
2026-02-17 02:28:16.787251,514
2026-02-17 02:28:16.795225,505
2026-02-17 02:28:16.803238,528
2026-02-17 02:28:16.811219,510
2026-02-17 02:28:16.819239,507
2026-02-17 02:28:16.827235,510
2026-02-17 02:28:16.835217,513
2026-02-17 02:28:16.843229,515
2026-02-17 02:28:16.851268,519
2026-02-17 02:28:16.859240,504
2026-02-17 02:28:16.867251,516
2026-02-17 02:28:16.875315,516
2026-02-17 02:28:16.883281,515
2026-02-17 02:28:16.891260,509
2026-02-17 02:28:16.899237,514
2026-02-17 02:28:16.907243,506
2026-02-17 02:28:16.915230,511
2026-02-17 02:28:16.923220,517
2026-02-17 02:28:16.931232,513
2026-02-17 02:28:16.939234,519
2026-02-17 02:28:16.947234,505
2026-02-17 02:28:16.955231,507
2026-02-17 02:28:16.963240,519
2026-02-17 02:28:16.971237,520
2026-02-17 02:28:16.979224,509
2026-02-17 02:28:16.987231,515
2026-02-17 02:28:16.995230,509
2026-02-17 02:28:17.003285,513
2026-02-17 02:28:17.011286,511
2026-02-17 02:28:17.019341,517
2026-02-17 02:28:17.027278,513
2026-02-17 02:28:17.035216,509
2026-02-17 02:28:17.043275,522
2026-02-17 02:28:17.051368,514
2026-02-17 02:28:17.059222,511
2026-02-17 02:28:17.067256,517
2026-02-17 02:28:17.075209,509
2026-02-17 02:28:17.083305,521
2026-02-17 02:28:17.091265,519
2026-02-17 02:28:17.099247,510
2026-02-17 02:28:17.107194,513
2026-02-17 02:28:17.115188,500
2026-02-17 02:28:17.123186,517
2026-02-17 02:28:17.131234,521
2026-02-17 02:28:17.139368,519
2026-02-17 02:28:17.147243,514
2026-02-17 02:28:17.155380,505
2026-02-17 02:28:17.163315,504
2026-02-17 02:28:17.171245,522
2026-02-17 02:28:17.179238,517
2026-02-17 02:28:17.187307,517
2026-02-17 02:28:17.195238,515
2026-02-17 02:28:17.203271,515
2026-02-17 02:28:17.211229,507
2026-02-17 02:28:17.219223,510
2026-02-17 02:28:17.227240,516
2026-02-17 02:28:17.235242,517
2026-02-17 02:28:17.243223,504
2026-02-17 02:28:17.251266,503
2026-02-17 02:28:17.259240,506
2026-02-17 02:28:17.267246,516
2026-02-17 02:28:17.275251,511
2026-02-17 02:28:17.283294,520
2026-02-17 02:28:17.291267,510
2026-02-17 02:28:17.299247,497
2026-02-17 02:28:17.307244,502
2026-02-17 02:28:17.315281,511
2026-02-17 02:28:17.323220,516
2026-02-17 02:28:17.331241,507
2026-02-17 02:28:17.339283,506
2026-02-17 02:28:17.347228,510
2026-02-17 02:28:17.355226,502
2026-02-17 02:28:17.363176,521
2026-02-17 02:28:17.371247,516
2026-02-17 02:28:17.379184,506
2026-02-17 02:28:17.387226,514
2026-02-17 02:28:17.395283,506
2026-02-17 02:28:17.403236,513
2026-02-17 02:28:17.411234,522
2026-02-17 02:28:17.419208,502
2026-02-17 02:28:17.427236,504
2026-02-17 02:28:17.435228,504
2026-02-17 02:28:17.443238,508
2026-02-17 02:28:17.451237,518
2026-02-17 02:28:17.459232,515
2026-02-17 02:28:17.467231,508
2026-02-17 02:28:17.475234,510
2026-02-17 02:28:17.483244,512
2026-02-17 02:28:17.491252,518
2026-02-17 02:28:17.499240,520
2026-02-17 02:28:17.507228,520
2026-02-17 02:28:17.515294,508
2026-02-17 02:28:17.523281,512
2026-02-17 02:28:17.531191,508
2026-02-17 02:28:17.539260,509
2026-02-17 02:28:17.547245,522
2026-02-17 02:28:17.555238,508
2026-02-17 02:28:17.563242,516
2026-02-17 02:28:17.571281,509
2026-02-17 02:28:17.579248,504
2026-02-17 02:28:17.587227,511
2026-02-17 02:28:17.595269,507
2026-02-17 02:28:17.603262,517
2026-02-17 02:28:17.611267,516
2026-02-17 02:28:17.619394,516
2026-02-17 02:28:17.627284,514
2026-02-17 02:28:17.635256,509
2026-02-17 02:28:17.643259,511
2026-02-17 02:28:17.651256,519
2026-02-17 02:28:17.659279,516
2026-02-17 02:28:17.667259,520
2026-02-17 02:28:17.675295,503
2026-02-17 02:28:17.683397,502
2026-02-17 02:28:17.691287,509
2026-02-17 02:28:17.699307,509
2026-02-17 02:28:17.707244,525
2026-02-17 02:28:17.715273,512
2026-02-17 02:28:17.723242,525
2026-02-17 02:28:17.731219,516
2026-02-17 02:28:17.739187,510
2026-02-17 02:28:17.747217,507
2026-02-17 02:28:17.755205,516
2026-02-17 02:28:17.763212,519
2026-02-17 02:28:17.771205,507
2026-02-17 02:28:17.779221,522
2026-02-17 02:28:17.787211,516
2026-02-17 02:28:17.795231,516
2026-02-17 02:28:17.803238,522
2026-02-17 02:28:17.811224,512
2026-02-17 02:28:17.819257,507
2026-02-17 02:28:17.827233,515
2026-02-17 02:28:17.835201,500
2026-02-17 02:28:17.843240,522
2026-02-17 02:28:17.851264,514
2026-02-17 02:28:17.859289,517
2026-02-17 02:28:17.867199,506
2026-02-17 02:28:17.875230,511
2026-02-17 02:28:17.883217,515
2026-02-17 02:28:17.891232,509
2026-02-17 02:28:17.899326,514
2026-02-17 02:28:17.907365,522
2026-02-17 02:28:17.915294,504
2026-02-17 02:28:17.923293,515
2026-02-17 02:28:17.931333,512
2026-02-17 02:28:17.939318,514
2026-02-17 02:28:17.947235,517
2026-02-17 02:28:17.955249,507
2026-02-17 02:28:17.963244,512
2026-02-17 02:28:17.971253,513
2026-02-17 02:28:17.979283,512
2026-02-17 02:28:17.987276,519
2026-02-17 02:28:17.995267,506
2026-02-17 02:28:18.003247,507
2026-02-17 02:28:18.011291,509
2026-02-17 02:28:18.019323,512
2026-02-17 02:28:18.027297,519
2026-02-17 02:28:18.035201,508
2026-02-17 02:28:18.043210,512
2026-02-17 02:28:18.051200,520
2026-02-17 02:28:18.059217,509
2026-02-17 02:28:18.067194,504
2026-02-17 02:28:18.075296,520
2026-02-17 02:28:18.083305,522
2026-02-17 02:28:18.091288,515
2026-02-17 02:28:18.099198,513
2026-02-17 02:28:18.107205,522
2026-02-17 02:28:18.115199,504
2026-02-17 02:28:18.123241,509
2026-02-17 02:28:18.131283,507
2026-02-17 02:28:18.139215,508
2026-02-17 02:28:18.147244,512
2026-02-17 02:28:18.155297,514
2026-02-17 02:28:18.163284,523
2026-02-17 02:28:18.171294,511
2026-02-17 02:28:18.179233,504
2026-02-17 02:28:18.187283,515
2026-02-17 02:28:18.195254,509
2026-02-17 02:28:18.203319,513
2026-02-17 02:28:18.211319,514
2026-02-17 02:28:18.219241,524
2026-02-17 02:28:18.227263,512
2026-02-17 02:28:18.235247,515
2026-02-17 02:28:18.243241,517
2026-02-17 02:28:18.251278,502
2026-02-17 02:28:18.259248,509
2026-02-17 02:28:18.267247,510
2026-02-17 02:28:18.275230,506
2026-02-17 02:28:18.283250,515
2026-02-17 02:28:18.291254,506
2026-02-17 02:28:18.299244,512
2026-02-17 02:28:18.307251,509
2026-02-17 02:28:18.315244,509
2026-02-17 02:28:18.323240,517
2026-02-17 02:28:18.331256,511
2026-02-17 02:28:18.339258,511
2026-02-17 02:28:18.347334,512
2026-02-17 02:28:18.355281,503
2026-02-17 02:28:18.363267,519
2026-02-17 02:28:18.371242,506
2026-02-17 02:28:18.379228,501
2026-02-17 02:28:18.387290,518
2026-02-17 02:28:18.395280,520
2026-02-17 02:28:18.403311,524
2026-02-17 02:28:18.411259,516
2026-02-17 02:28:18.419258,515
2026-02-17 02:28:18.427252,514
2026-02-17 02:28:18.435312,501
2026-02-17 02:28:18.443249,511
2026-02-17 02:28:18.451241,519
2026-02-17 02:28:18.459246,514
2026-02-17 02:28:18.467256,514
2026-02-17 02:28:18.475237,517
2026-02-17 02:28:18.483257,520
2026-02-17 02:28:18.491254,511
2026-02-17 02:28:18.499298,514
2026-02-17 02:28:18.507246,524
2026-02-17 02:28:18.515263,505
2026-02-17 02:28:18.523245,509
2026-02-17 02:28:18.531232,513
2026-02-17 02:28:18.539186,515
2026-02-17 02:28:18.547244,514
2026-02-17 02:28:18.555249,507
2026-02-17 02:28:18.563245,517
2026-02-17 02:28:18.571287,503
2026-02-17 02:28:18.579249,500
2026-02-17 02:28:18.587212,502
2026-02-17 02:28:18.595250,505
2026-02-17 02:28:18.603281,510
2026-02-17 02:28:18.611234,516
2026-02-17 02:28:18.619251,514
2026-02-17 02:28:18.627256,515
2026-02-17 02:28:18.635246,517
2026-02-17 02:28:18.643280,513
2026-02-17 02:28:18.651237,513
2026-02-17 02:28:18.659293,517
2026-02-17 02:28:18.667264,509
2026-02-17 02:28:18.675244,514
2026-02-17 02:28:18.683307,521
2026-02-17 02:28:18.691314,515
2026-02-17 02:28:18.699245,504
2026-02-17 02:28:18.707263,504
2026-02-17 02:28:18.715285,509
2026-02-17 02:28:18.723247,519
2026-02-17 02:28:18.731254,516
2026-02-17 02:28:18.739261,511
2026-02-17 02:28:18.747299,515
2026-02-17 02:28:18.755262,511
2026-02-17 02:28:18.763256,510
2026-02-17 02:28:18.771251,517
2026-02-17 02:28:18.779298,511
2026-02-17 02:28:18.787250,510
2026-02-17 02:28:18.795263,507
2026-02-17 02:28:18.803293,516
2026-02-17 02:28:18.811247,525
2026-02-17 02:28:18.819256,510
2026-02-17 02:28:18.827266,508
2026-02-17 02:28:18.835240,507
2026-02-17 02:28:18.843242,510
2026-02-17 02:28:18.851410,505
2026-02-17 02:28:18.859248,514
2026-02-17 02:28:18.867272,515
2026-02-17 02:28:18.875283,507
2026-02-17 02:28:18.883333,518
2026-02-17 02:28:18.891291,513
2026-02-17 02:28:18.899214,523
2026-02-17 02:28:18.907249,518
2026-02-17 02:28:18.915282,516
2026-02-17 02:28:18.923322,515
2026-02-17 02:28:18.931296,510
2026-02-17 02:28:18.939241,514
2026-02-17 02:28:18.947258,519
2026-02-17 02:28:18.955251,507
2026-02-17 02:28:18.963250,520
2026-02-17 02:28:18.971253,504
2026-02-17 02:28:18.979284,512
2026-02-17 02:28:18.987237,517
2026-02-17 02:28:18.995247,521
2026-02-17 02:28:19.003248,523
2026-02-17 02:28:19.011323,521
2026-02-17 02:28:19.019332,514
2026-02-17 02:28:19.027275,516
2026-02-17 02:28:19.035203,507
2026-02-17 02:28:19.043257,511
2026-02-17 02:28:19.051393,511
2026-02-17 02:28:19.059341,512
2026-02-17 02:28:19.067316,512
2026-02-17 02:28:19.075231,508
2026-02-17 02:28:19.083200,512
2026-02-17 02:28:19.091324,511
2026-02-17 02:28:19.099218,506
2026-02-17 02:28:19.107387,517
2026-02-17 02:28:19.115308,505
2026-02-17 02:28:19.123352,509
2026-02-17 02:28:19.131345,519
2026-02-17 02:28:19.139293,508
2026-02-17 02:28:19.147273,512
2026-02-17 02:28:19.155281,503
2026-02-17 02:28:19.163384,512
2026-02-17 02:28:19.171338,507
2026-02-17 02:28:19.179341,516
2026-02-17 02:28:19.187332,516
2026-02-17 02:28:19.195314,504
2026-02-17 02:28:19.203259,503
2026-02-17 02:28:19.211272,515
2026-02-17 02:28:19.219252,518
2026-02-17 02:28:19.227265,523
2026-02-17 02:28:19.235257,510
2026-02-17 02:28:19.243253,508
2026-02-17 02:28:19.251252,507
2026-02-17 02:28:19.259244,515
2026-02-17 02:28:19.267246,515
2026-02-17 02:28:19.275253,512
2026-02-17 02:28:19.283241,508
2026-02-17 02:28:19.291255,515
2026-02-17 02:28:19.299247,506
2026-02-17 02:28:19.307312,514
2026-02-17 02:28:19.315248,517
2026-02-17 02:28:19.323252,526
2026-02-17 02:28:19.331247,522
2026-02-17 02:28:19.339285,525
2026-02-17 02:28:19.347236,527
2026-02-17 02:28:19.355258,501
2026-02-17 02:28:19.363249,506
2026-02-17 02:28:19.371244,515
2026-02-17 02:28:19.379247,526
2026-02-17 02:28:19.387246,508
2026-02-17 02:28:19.395307,514
2026-02-17 02:28:19.403215,516
2026-02-17 02:28:19.411275,516
2026-02-17 02:28:19.419250,518
2026-02-17 02:28:19.427268,509
2026-02-17 02:28:19.435331,503
2026-02-17 02:28:19.443239,518
2026-02-17 02:28:19.451231,521
2026-02-17 02:28:19.459279,513
2026-02-17 02:28:19.467272,514
2026-02-17 02:28:19.475310,510
2026-02-17 02:28:19.483250,507
2026-02-17 02:28:19.491260,518
2026-02-17 02:28:19.499251,520
2026-02-17 02:28:19.507239,518
2026-02-17 02:28:19.515258,510
2026-02-17 02:28:19.523250,509
2026-02-17 02:28:19.531244,499
2026-02-17 02:28:19.539205,502
2026-02-17 02:28:19.547209,512
2026-02-17 02:28:19.555280,513
2026-02-17 02:28:19.563247,500
2026-02-17 02:28:19.571251,508
2026-02-17 02:28:19.579262,508
2026-02-17 02:28:19.587221,516
2026-02-17 02:28:19.595244,513
2026-02-17 02:28:19.603260,510
2026-02-17 02:28:19.611263,500
2026-02-17 02:28:19.619259,513
2026-02-17 02:28:19.627285,516
2026-02-17 02:28:19.635243,510
2026-02-17 02:28:19.643251,515
2026-02-17 02:28:19.651247,511
2026-02-17 02:28:19.659297,516
2026-02-17 02:28:19.667321,512
2026-02-17 02:28:19.675265,500
2026-02-17 02:28:19.683281,512
2026-02-17 02:28:19.691392,518
2026-02-17 02:28:19.699308,515
2026-02-17 02:28:19.707314,516
2026-02-17 02:28:19.715264,512
2026-02-17 02:28:19.723300,503
2026-02-17 02:28:19.731249,499
2026-02-17 02:28:19.739258,508
2026-02-17 02:28:19.747262,517
2026-02-17 02:28:19.755286,504
2026-02-17 02:28:19.763242,508
2026-02-17 02:28:19.771247,511
2026-02-17 02:28:19.779273,504
2026-02-17 02:28:19.787302,505
2026-02-17 02:28:19.795253,516
2026-02-17 02:28:19.803289,510
2026-02-17 02:28:19.811255,514
2026-02-17 02:28:19.819250,519
2026-02-17 02:28:19.827251,509
2026-02-17 02:28:19.835247,521
2026-02-17 02:28:19.843297,510
2026-02-17 02:28:19.851393,514
2026-02-17 02:28:19.859316,518
2026-02-17 02:28:19.867296,510
2026-02-17 02:28:19.875248,507
2026-02-17 02:28:19.883257,521
2026-02-17 02:28:19.891287,509
2026-02-17 02:28:19.899257,509
2026-02-17 02:28:19.907206,515
2026-02-17 02:28:19.915208,508
2026-02-17 02:28:19.923277,519
2026-02-17 02:28:19.931259,503
2026-02-17 02:28:19.939271,519
2026-02-17 02:28:19.947258,524
2026-02-17 02:28:19.955289,515
2026-02-17 02:28:19.963262,514
2026-02-17 02:28:19.971258,514
2026-02-17 02:28:19.979254,514
2026-02-17 02:28:19.987242,517
2026-02-17 02:28:19.995375,507
2026-02-17 02:28:20.003298,515
2026-02-17 02:28:20.011328,515
2026-02-17 02:28:20.019347,502
2026-02-17 02:28:20.027304,513
2026-02-17 02:28:20.035248,506
2026-02-17 02:28:20.043290,515
2026-02-17 02:28:20.051343,509
2026-02-17 02:28:20.059331,506
2026-02-17 02:28:20.067342,514
2026-02-17 02:28:20.075243,513
2026-02-17 02:28:20.083284,522
2026-02-17 02:28:20.091343,515
2026-02-17 02:28:20.099278,497
2026-02-17 02:28:20.107314,502
2026-02-17 02:28:20.115224,509
2026-02-17 02:28:20.123262,514
2026-02-17 02:28:20.131250,517
2026-02-17 02:28:20.139269,511
2026-02-17 02:28:20.147320,509
2026-02-17 02:28:20.155361,509
2026-02-17 02:28:20.163315,516
2026-02-17 02:28:20.171302,518
2026-02-17 02:28:20.179262,524
2026-02-17 02:28:20.187334,513
2026-02-17 02:28:20.195286,504
2026-02-17 02:28:20.203305,521
2026-02-17 02:28:20.211309,520
2026-02-17 02:28:20.219373,514
2026-02-17 02:28:20.227267,502
2026-02-17 02:28:20.235272,498
2026-02-17 02:28:20.243312,509
2026-02-17 02:28:20.251286,515
2026-02-17 02:28:20.259253,520
2026-02-17 02:28:20.267240,512
2026-02-17 02:28:20.275249,503
2026-02-17 02:28:20.283248,507
2026-02-17 02:28:20.291431,512
2026-02-17 02:28:20.299324,510
2026-02-17 02:28:20.307279,501
2026-02-17 02:28:20.315255,510
2026-02-17 02:28:20.323326,517
2026-02-17 02:28:20.331332,501
2026-02-17 02:28:20.339286,507
2026-02-17 02:28:20.347426,520
2026-02-17 02:28:20.355322,518
2026-02-17 02:28:20.363270,512
2026-02-17 02:28:20.371320,512
2026-02-17 02:28:20.379258,514
2026-02-17 02:28:20.387294,508
2026-02-17 02:28:20.395261,507
2026-02-17 02:28:20.403260,518
2026-02-17 02:28:20.411262,516
2026-02-17 02:28:20.419271,518
2026-02-17 02:28:20.427274,511
2026-02-17 02:28:20.435199,498
2026-02-17 02:28:20.443267,511
2026-02-17 02:28:20.451310,509
2026-02-17 02:28:20.459258,513
2026-02-17 02:28:20.467269,508
2026-02-17 02:28:20.475258,510
2026-02-17 02:28:20.483262,509
2026-02-17 02:28:20.491266,511
2026-02-17 02:28:20.499262,513
2026-02-17 02:28:20.507269,517
2026-02-17 02:28:20.515282,504
2026-02-17 02:28:20.523257,507
2026-02-17 02:28:20.531265,513
2026-02-17 02:28:20.539258,518
2026-02-17 02:28:20.547207,518
2026-02-17 02:28:20.555262,519
2026-02-17 02:28:20.563346,517
2026-02-17 02:28:20.571254,513
2026-02-17 02:28:20.579256,512
2026-02-17 02:28:20.587212,524
2026-02-17 02:28:20.595284,520
2026-02-17 02:28:20.603334,514
2026-02-17 02:28:20.611302,518
2026-02-17 02:28:20.619316,514
2026-02-17 02:28:20.627306,515
2026-02-17 02:28:20.635310,505
2026-02-17 02:28:20.643255,521
2026-02-17 02:28:20.651268,521
2026-02-17 02:28:20.659347,511
2026-02-17 02:28:20.667279,522
2026-02-17 02:28:20.675307,510
2026-02-17 02:28:20.683291,503
2026-02-17 02:28:20.691395,509
2026-02-17 02:28:20.699274,511
2026-02-17 02:28:20.707302,502
2026-02-17 02:28:20.715269,508
2026-02-17 02:28:20.723260,510
2026-02-17 02:28:20.731257,512
2026-02-17 02:28:20.739278,509
2026-02-17 02:28:20.747274,509
2026-02-17 02:28:20.755257,500
2026-02-17 02:28:20.763260,514
2026-02-17 02:28:20.771261,519
2026-02-17 02:28:20.779253,511
2026-02-17 02:28:20.787241,515
2026-02-17 02:28:20.795261,508
2026-02-17 02:28:20.803252,513
2026-02-17 02:28:20.811255,522
2026-02-17 02:28:20.819252,519
2026-02-17 02:28:20.827259,518
2026-02-17 02:28:20.835254,509
2026-02-17 02:28:20.843260,514
2026-02-17 02:28:20.851346,508
2026-02-17 02:28:20.859336,516
2026-02-17 02:28:20.867276,504
2026-02-17 02:28:20.875260,502
2026-02-17 02:28:20.883268,514
2026-02-17 02:28:20.891321,513
2026-02-17 02:28:20.899351,515
2026-02-17 02:28:20.907290,517
2026-02-17 02:28:20.915303,506
2026-02-17 02:28:20.923260,517
2026-02-17 02:28:20.931249,515
2026-02-17 02:28:20.939455,510
2026-02-17 02:28:20.947306,506
2026-02-17 02:28:20.955279,509
2026-02-17 02:28:20.963328,524
2026-02-17 02:28:20.971595,509
2026-02-17 02:28:20.979331,512
2026-02-17 02:28:20.987333,511
2026-02-17 02:28:20.995326,510
2026-02-17 02:28:21.003290,517
2026-02-17 02:28:21.011376,511
2026-02-17 02:28:21.019350,516
2026-02-17 02:28:21.027286,511
2026-02-17 02:28:21.035268,500
2026-02-17 02:28:21.043239,516
2026-02-17 02:28:21.051302,521
2026-02-17 02:28:21.059239,512
2026-02-17 02:28:21.067380,518
2026-02-17 02:28:21.075244,517
2026-02-17 02:28:21.083346,518
2026-02-17 02:28:21.091340,518
2026-02-17 02:28:21.099259,521
2026-02-17 02:28:21.107243,518
2026-02-17 02:28:21.115237,513
2026-02-17 02:28:21.123218,512
2026-02-17 02:28:21.131331,506
2026-02-17 02:28:21.139273,505
2026-02-17 02:28:21.147272,525
2026-02-17 02:28:21.155420,516
2026-02-17 02:28:21.163311,522
2026-02-17 02:28:21.171241,524
2026-02-17 02:28:21.179267,513
2026-02-17 02:28:21.187299,507
2026-02-17 02:28:21.195265,510
2026-02-17 02:28:21.203262,513
2026-02-17 02:28:21.211228,517
2026-02-17 02:28:21.219268,514
2026-02-17 02:28:21.227275,509
2026-02-17 02:28:21.235269,515
2026-02-17 02:28:21.243303,521
2026-02-17 02:28:21.251265,512
2026-02-17 02:28:21.259260,516
2026-02-17 02:28:21.267304,506
2026-02-17 02:28:21.275296,497
2026-02-17 02:28:21.283269,513
2026-02-17 02:28:21.291283,517
2026-02-17 02:28:21.299346,504
2026-02-17 02:28:21.307263,514
2026-02-17 02:28:21.315269,508
2026-02-17 02:28:21.323259,508
2026-02-17 02:28:21.331275,503
2026-02-17 02:28:21.339263,512
2026-02-17 02:28:21.347304,521
2026-02-17 02:28:21.355278,508
2026-02-17 02:28:21.363261,512
2026-02-17 02:28:21.371272,509
2026-02-17 02:28:21.379271,503
2026-02-17 02:28:21.387264,516
2026-02-17 02:28:21.395260,509
2026-02-17 02:28:21.403262,523
2026-02-17 02:28:21.411264,504
2026-02-17 02:28:21.419259,514
2026-02-17 02:28:21.427234,510
2026-02-17 02:28:21.435277,510
2026-02-17 02:28:21.443221,520
2026-02-17 02:28:21.451206,509
2026-02-17 02:28:21.459213,505
2026-02-17 02:28:21.467250,515
2026-02-17 02:28:21.475288,507
2026-02-17 02:28:21.483271,513
2026-02-17 02:28:21.491263,517
2026-02-17 02:28:21.499326,511
2026-02-17 02:28:21.507272,512
2026-02-17 02:28:21.515258,513
2026-02-17 02:28:21.523283,516
2026-02-17 02:28:21.531292,502
2026-02-17 02:28:21.539259,506
2026-02-17 02:28:21.547267,515
2026-02-17 02:28:21.555218,513
2026-02-17 02:28:21.563266,517
2026-02-17 02:28:21.571306,520
2026-02-17 02:28:21.579990,501
2026-02-17 02:28:21.587323,518
2026-02-17 02:28:21.595348,508
2026-02-17 02:28:21.603326,519
2026-02-17 02:28:21.611259,511
2026-02-17 02:28:21.619269,501
2026-02-17 02:28:21.627291,510
2026-02-17 02:28:21.635264,519
2026-02-17 02:28:21.643257,519
2026-02-17 02:28:21.651273,521
2026-02-17 02:28:21.659279,513
2026-02-17 02:28:21.667275,506
2026-02-17 02:28:21.675315,499
2026-02-17 02:28:21.683312,507
2026-02-17 02:28:21.691319,513
2026-02-17 02:28:21.699284,515
2026-02-17 02:28:21.707273,509
2026-02-17 02:28:21.715263,507
2026-02-17 02:28:21.723266,512
2026-02-17 02:28:21.731264,509
2026-02-17 02:28:21.739279,506
2026-02-17 02:28:21.747275,514
2026-02-17 02:28:21.755325,505
2026-02-17 02:28:21.763267,524
2026-02-17 02:28:21.771274,505
2026-02-17 02:28:21.779270,512
2026-02-17 02:28:21.787263,513
2026-02-17 02:28:21.795260,510
2026-02-17 02:28:21.803259,516
2026-02-17 02:28:21.811270,505
2026-02-17 02:28:21.819251,506
2026-02-17 02:28:21.827307,514
2026-02-17 02:28:21.835261,504
2026-02-17 02:28:21.843263,514
2026-02-17 02:28:21.851360,519
2026-02-17 02:28:21.859285,520
2026-02-17 02:28:21.867337,516
2026-02-17 02:28:21.875330,509
2026-02-17 02:28:21.883280,515
2026-02-17 02:28:21.891296,499
2026-02-17 02:28:21.899349,511
2026-02-17 02:28:21.907318,516
2026-02-17 02:28:21.915270,507
2026-02-17 02:28:21.923303,514
2026-02-17 02:28:21.931270,511
2026-02-17 02:28:21.939307,510
2026-02-17 02:28:21.947233,508
2026-02-17 02:28:21.955287,510
2026-02-17 02:28:21.963306,515
2026-02-17 02:28:21.971287,516
2026-02-17 02:28:21.979300,515
2026-02-17 02:28:21.987327,524
2026-02-17 02:28:21.995267,511
2026-02-17 02:28:22.003315,519
2026-02-17 02:28:22.011280,519
2026-02-17 02:28:22.019317,517
2026-02-17 02:28:22.027267,511
2026-02-17 02:28:22.035273,505
2026-02-17 02:28:22.043229,518
2026-02-17 02:28:22.051383,517
2026-02-17 02:28:22.059355,512
2026-02-17 02:28:22.067339,516
2026-02-17 02:28:22.075309,507
2026-02-17 02:28:22.083341,506
2026-02-17 02:28:22.091345,514
2026-02-17 02:28:22.099252,502
2026-02-17 02:28:22.107246,519
2026-02-17 02:28:22.115240,516
2026-02-17 02:28:22.123269,518
2026-02-17 02:28:22.131269,510
2026-02-17 02:28:22.139272,513
2026-02-17 02:28:22.147276,509
2026-02-17 02:28:22.155364,507
2026-02-17 02:28:22.163323,515
2026-02-17 02:28:22.171327,507
2026-02-17 02:28:22.179317,516
2026-02-17 02:28:22.187379,518
2026-02-17 02:28:22.195316,517
2026-02-17 02:28:22.203332,522
2026-02-17 02:28:22.211269,510
2026-02-17 02:28:22.219263,512
2026-02-17 02:28:22.227272,515
2026-02-17 02:28:22.235286,513
2026-02-17 02:28:22.243272,515
2026-02-17 02:28:22.251265,501
2026-02-17 02:28:22.259255,508
2026-02-17 02:28:22.267264,517
2026-02-17 02:28:22.275276,501
2026-02-17 02:28:22.283301,514
2026-02-17 02:28:22.291344,513
2026-02-17 02:28:22.299299,518
2026-02-17 02:28:22.307321,511
2026-02-17 02:28:22.315275,498
2026-02-17 02:28:22.323323,523
2026-02-17 02:28:22.331277,514
2026-02-17 02:28:22.339267,516
2026-02-17 02:28:22.347273,510
2026-02-17 02:28:22.355280,504
2026-02-17 02:28:22.363265,514
2026-02-17 02:28:22.371268,515
2026-02-17 02:28:22.379271,514
2026-02-17 02:28:22.387278,518
2026-02-17 02:28:22.395275,510
2026-02-17 02:28:22.403269,504
2026-02-17 02:28:22.411287,507
2026-02-17 02:28:22.419269,514
2026-02-17 02:28:22.427295,508
2026-02-17 02:28:22.435278,496
2026-02-17 02:28:22.443282,510
2026-02-17 02:28:22.451243,513
2026-02-17 02:28:22.459369,512
2026-02-17 02:28:22.467324,517
2026-02-17 02:28:22.475264,518
2026-02-17 02:28:22.483343,520
2026-02-17 02:28:22.491347,505
2026-02-17 02:28:22.499294,517
2026-02-17 02:28:22.507276,520
2026-02-17 02:28:22.515307,513
2026-02-17 02:28:22.523267,517
2026-02-17 02:28:22.531295,518
2026-02-17 02:28:22.539286,523
2026-02-17 02:28:22.547269,516
2026-02-17 02:28:22.555221,510
2026-02-17 02:28:22.563276,519
2026-02-17 02:28:22.571278,518
2026-02-17 02:28:22.579334,517
2026-02-17 02:28:22.587252,509
2026-02-17 02:28:22.595270,510
2026-02-17 02:28:22.603270,523
2026-02-17 02:28:22.611278,509
2026-02-17 02:28:22.619278,502
2026-02-17 02:28:22.627276,517
2026-02-17 02:28:22.635304,511
2026-02-17 02:28:22.643268,515
2026-02-17 02:28:22.651274,513
2026-02-17 02:28:22.659361,514
2026-02-17 02:28:22.667332,515
2026-02-17 02:28:22.675269,499
2026-02-17 02:28:22.683268,510
2026-02-17 02:28:22.691338,513
2026-02-17 02:28:22.699354,521
2026-02-17 02:28:22.707283,515
2026-02-17 02:28:22.715266,514
2026-02-17 02:28:22.723270,517
2026-02-17 02:28:22.731245,513
2026-02-17 02:28:22.739311,508
2026-02-17 02:28:22.747234,513
2026-02-17 02:28:22.755271,506
2026-02-17 02:28:22.763285,520
2026-02-17 02:28:22.771251,522
2026-02-17 02:28:22.779241,507
2026-02-17 02:28:22.787241,518
2026-02-17 02:28:22.795278,516
2026-02-17 02:28:22.803267,521
2026-02-17 02:28:22.811269,510
2026-02-17 02:28:22.819262,503
2026-02-17 02:28:22.827263,497
2026-02-17 02:28:22.835265,511
2026-02-17 02:28:22.843253,517
2026-02-17 02:28:22.851215,516
2026-02-17 02:28:22.859246,510
2026-02-17 02:28:22.867243,510
2026-02-17 02:28:22.875234,508
2026-02-17 02:28:22.883257,520
2026-02-17 02:28:22.891272,514
2026-02-17 02:28:22.899263,503
2026-02-17 02:28:22.907274,511
2026-02-17 02:28:22.915268,511
2026-02-17 02:28:22.923352,508
2026-02-17 02:28:22.931269,509
2026-02-17 02:28:22.939230,513
2026-02-17 02:28:22.947295,513
2026-02-17 02:28:22.955293,508
2026-02-17 02:28:22.963248,513
2026-02-17 02:28:22.971266,510
2026-02-17 02:28:22.979227,514
2026-02-17 02:28:22.987287,523
2026-02-17 02:28:22.995323,517
2026-02-17 02:28:23.003289,515
2026-02-17 02:28:23.011333,513
2026-02-17 02:28:23.019354,514
2026-02-17 02:28:23.027332,519
2026-02-17 02:28:23.035275,516
2026-02-17 02:28:23.043286,518
2026-02-17 02:28:23.051323,516
2026-02-17 02:28:23.059251,504
2026-02-17 02:28:23.067385,512
2026-02-17 02:28:23.075377,510
2026-02-17 02:28:23.083346,515
2026-02-17 02:28:23.091344,512
2026-02-17 02:28:23.099349,520
2026-02-17 02:28:23.107317,501
2026-02-17 02:28:23.115313,507
2026-02-17 02:28:23.123333,518
2026-02-17 02:28:23.131337,529
2026-02-17 02:28:23.139369,511
2026-02-17 02:28:23.147299,511
2026-02-17 02:28:23.155286,499
2026-02-17 02:28:23.163361,503
2026-02-17 02:28:23.171295,508
2026-02-17 02:28:23.179283,504
2026-02-17 02:28:23.187295,510
2026-02-17 02:28:23.195376,509
2026-02-17 02:28:23.203319,524
2026-02-17 02:28:23.211320,515
2026-02-17 02:28:23.219287,514
2026-02-17 02:28:23.227275,523
2026-02-17 02:28:23.235300,505
2026-02-17 02:28:23.243270,517
2026-02-17 02:28:23.251270,518
2026-02-17 02:28:23.259272,505
2026-02-17 02:28:23.267272,522
2026-02-17 02:28:23.275273,513
2026-02-17 02:28:23.283274,520
2026-02-17 02:28:23.291277,506
2026-02-17 02:28:23.299271,507
2026-02-17 02:28:23.307340,507
2026-02-17 02:28:23.315273,514
2026-02-17 02:28:23.323289,520
2026-02-17 02:28:23.331274,519
2026-02-17 02:28:23.339315,512
2026-02-17 02:28:23.347264,510
2026-02-17 02:28:23.355280,505
2026-02-17 02:28:23.363300,518
2026-02-17 02:28:23.371271,518
2026-02-17 02:28:23.379768,519
2026-02-17 02:28:23.387414,518
2026-02-17 02:28:23.395280,512
2026-02-17 02:28:23.403270,505
2026-02-17 02:28:23.411276,505
2026-02-17 02:28:23.419330,508
2026-02-17 02:28:23.427233,505
2026-02-17 02:28:23.435352,505
2026-02-17 02:28:23.443278,514
2026-02-17 02:28:23.451278,511
2026-02-17 02:28:23.459278,513
2026-02-17 02:28:23.467245,496
2026-02-17 02:28:23.475246,508
2026-02-17 02:28:23.483226,514
2026-02-17 02:28:23.491321,518
2026-02-17 02:28:23.499226,515
2026-02-17 02:28:23.507345,519
2026-02-17 02:28:23.515289,510
2026-02-17 02:28:23.523286,506
2026-02-17 02:28:23.531292,507
2026-02-17 02:28:23.539275,517
2026-02-17 02:28:23.547277,520
2026-02-17 02:28:23.555312,519
2026-02-17 02:28:23.563224,520
2026-02-17 02:28:23.571266,502
2026-02-17 02:28:23.579350,507
2026-02-17 02:28:23.587286,521
2026-02-17 02:28:23.595327,511
2026-02-17 02:28:23.603293,512
2026-02-17 02:28:23.611291,510
2026-02-17 02:28:23.619292,504
2026-02-17 02:28:23.627294,507
2026-02-17 02:28:23.635273,519
2026-02-17 02:28:23.643278,520
2026-02-17 02:28:23.651281,512
2026-02-17 02:28:23.659405,518
2026-02-17 02:28:23.667336,513
2026-02-17 02:28:23.675417,510
2026-02-17 02:28:23.683359,505
2026-02-17 02:28:23.691294,509
2026-02-17 02:28:23.699277,506
2026-02-17 02:28:23.707423,516
2026-02-17 02:28:23.715328,510
2026-02-17 02:28:23.723317,515
2026-02-17 02:28:23.731278,516
2026-02-17 02:28:23.739284,513
2026-02-17 02:28:23.747244,518
2026-02-17 02:28:23.755249,510
2026-02-17 02:28:23.763269,517
2026-02-17 02:28:23.771292,515
2026-02-17 02:28:23.779273,509
2026-02-17 02:28:23.787279,510
2026-02-17 02:28:23.795279,508
2026-02-17 02:28:23.803295,509
2026-02-17 02:28:23.811276,510
2026-02-17 02:28:23.819328,517
2026-02-17 02:28:23.827273,518
2026-02-17 02:28:23.835269,510
2026-02-17 02:28:23.843281,515
2026-02-17 02:28:23.851389,506
2026-02-17 02:28:23.859354,513
2026-02-17 02:28:23.867327,524
2026-02-17 02:28:23.875351,506
2026-02-17 02:28:23.883281,512
2026-02-17 02:28:23.891292,510
2026-02-17 02:28:23.899268,510
2026-02-17 02:28:23.907316,511
2026-02-17 02:28:23.915329,502
2026-02-17 02:28:23.923279,517
2026-02-17 02:28:23.931299,529
2026-02-17 02:28:23.939280,517
2026-02-17 02:28:23.947284,506
2026-02-17 02:28:23.955282,501
2026-02-17 02:28:23.963293,512
2026-02-17 02:28:23.971317,517
2026-02-17 02:28:23.979272,516
2026-02-17 02:28:23.987236,518
2026-02-17 02:28:23.995298,502
2026-02-17 02:28:24.003264,507
2026-02-17 02:28:24.011394,513
2026-02-17 02:28:24.019355,514
2026-02-17 02:28:24.027293,523
2026-02-17 02:28:24.035328,503
2026-02-17 02:28:24.043270,508
2026-02-17 02:28:24.051350,512
2026-02-17 02:28:24.059394,506
2026-02-17 02:28:24.067242,519
2026-02-17 02:28:24.075308,514
2026-02-17 02:28:24.083288,513
2026-02-17 02:28:24.091237,512
2026-02-17 02:28:24.099233,512
2026-02-17 02:28:24.107250,513
2026-02-17 02:28:24.115239,509
2026-02-17 02:28:24.123297,518
2026-02-17 02:28:24.131336,517
2026-02-17 02:28:24.139283,518
2026-02-17 02:28:24.147276,518
2026-02-17 02:28:24.155395,511
2026-02-17 02:28:24.163336,507
2026-02-17 02:28:24.171332,512
2026-02-17 02:28:24.179333,520
2026-02-17 02:28:24.187300,517
2026-02-17 02:28:24.195371,513
2026-02-17 02:28:24.203326,508
2026-02-17 02:28:24.211281,516
2026-02-17 02:28:24.219285,513
2026-02-17 02:28:24.227319,522
2026-02-17 02:28:24.235304,513
2026-02-17 02:28:24.243329,496
2026-02-17 02:28:24.251321,513
2026-02-17 02:28:24.259289,515
2026-02-17 02:28:24.267285,517
2026-02-17 02:28:24.275449,515
2026-02-17 02:28:24.283351,501
2026-02-17 02:28:24.291362,511
2026-02-17 02:28:24.299283,502
2026-02-17 02:28:24.307316,514
2026-02-17 02:28:24.315335,513
2026-02-17 02:28:24.323281,507
2026-02-17 02:28:24.331299,510
2026-02-17 02:28:24.339282,505
2026-02-17 02:28:24.347282,518
2026-02-17 02:28:24.355274,519
2026-02-17 02:28:24.363274,514
2026-02-17 02:28:24.371289,506
2026-02-17 02:28:24.379284,502
2026-02-17 02:28:24.387287,518
2026-02-17 02:28:24.395281,514
2026-02-17 02:28:24.403281,514
2026-02-17 02:28:24.411284,504
2026-02-17 02:28:24.419274,500
2026-02-17 02:28:24.427265,512
2026-02-17 02:28:24.435276,522
2026-02-17 02:28:24.443273,502
2026-02-17 02:28:24.451321,504
2026-02-17 02:28:24.459301,501
2026-02-17 02:28:24.467325,510
2026-02-17 02:28:24.475273,514
2026-02-17 02:28:24.483265,521
2026-02-17 02:28:24.491228,518
2026-02-17 02:28:24.499267,515
2026-02-17 02:28:24.507277,510
2026-02-17 02:28:24.515281,505
2026-02-17 02:28:24.523302,521
2026-02-17 02:28:24.531279,515
2026-02-17 02:28:24.539285,506
2026-02-17 02:28:24.547290,513
2026-02-17 02:28:24.555313,496
2026-02-17 02:28:24.563272,513
2026-02-17 02:28:24.571237,518
2026-02-17 02:28:24.579372,515
2026-02-17 02:28:24.587344,523
2026-02-17 02:28:24.595300,508
2026-02-17 02:28:24.603317,517
2026-02-17 02:28:24.611337,495
2026-02-17 02:28:24.619281,509
2026-02-17 02:28:24.627290,516
2026-02-17 02:28:24.635294,499
2026-02-17 02:28:24.643336,514
2026-02-17 02:28:24.651296,506
2026-02-17 02:28:24.659309,513
2026-02-17 02:28:24.667332,522
2026-02-17 02:28:24.675314,522
2026-02-17 02:28:24.683294,513
2026-02-17 02:28:24.691365,517
2026-02-17 02:28:24.699293,507
2026-02-17 02:28:24.707347,513
2026-02-17 02:28:24.715297,514
2026-02-17 02:28:24.723296,517
2026-02-17 02:28:24.731284,518
2026-02-17 02:28:24.739303,508
2026-02-17 02:28:24.747295,515
2026-02-17 02:28:24.755297,518
2026-02-17 02:28:24.763287,521
2026-02-17 02:28:24.771277,516
2026-02-17 02:28:24.779294,520
2026-02-17 02:28:24.787279,511
2026-02-17 02:28:24.795289,507
2026-02-17 02:28:24.803281,509
2026-02-17 02:28:24.811293,505
2026-02-17 02:28:24.819328,506
2026-02-17 02:28:24.827287,510
2026-02-17 02:28:24.835280,509
2026-02-17 02:28:24.843286,517
2026-02-17 02:28:24.851378,512
2026-02-17 02:28:24.859338,505
2026-02-17 02:28:24.867437,514
2026-02-17 02:28:24.875492,501
2026-02-17 02:28:24.883491,519
2026-02-17 02:28:24.891415,507
2026-02-17 02:28:24.899392,511
2026-02-17 02:28:24.907431,518
2026-02-17 02:28:24.915504,521
2026-02-17 02:28:24.923408,505
2026-02-17 02:28:24.931370,509
2026-02-17 02:28:24.939367,515
2026-02-17 02:28:24.947413,521
2026-02-17 02:28:24.955386,518
2026-02-17 02:28:24.963384,518
2026-02-17 02:28:24.971388,501
2026-02-17 02:28:24.979426,506
2026-02-17 02:28:24.987382,499
2026-02-17 02:28:24.995374,505
2026-02-17 02:28:25.003404,513
2026-02-17 02:28:25.011413,510
2026-02-17 02:28:25.019404,507
2026-02-17 02:28:25.027357,506
2026-02-17 02:28:25.035378,513
2026-02-17 02:28:25.043349,506
2026-02-17 02:28:25.051372,511
2026-02-17 02:28:25.059451,511
2026-02-17 02:28:25.067408,514
2026-02-17 02:28:25.075402,515
2026-02-17 02:28:25.083468,523
2026-02-17 02:28:25.091387,509
2026-02-17 02:28:25.099445,499
2026-02-17 02:28:25.107416,512
2026-02-17 02:28:25.115351,507
2026-02-17 02:28:25.123397,515
2026-02-17 02:28:25.131385,523
2026-02-17 02:28:25.139405,512
2026-02-17 02:28:25.147490,518
2026-02-17 02:28:25.155444,509
2026-02-17 02:28:25.163400,513
2026-02-17 02:28:25.171346,513
2026-02-17 02:28:25.179403,509
2026-02-17 02:28:25.187314,511
2026-02-17 02:28:25.195355,513
2026-02-17 02:28:25.203304,505
2026-02-17 02:28:25.211298,509
2026-02-17 02:28:25.219314,508
2026-02-17 02:28:25.227320,509
2026-02-17 02:28:25.235383,503
2026-02-17 02:28:25.243286,516
2026-02-17 02:28:25.251301,512
2026-02-17 02:28:25.259312,515
2026-02-17 02:28:25.267344,511
2026-02-17 02:28:25.275282,495
2026-02-17 02:28:25.283295,508
2026-02-17 02:28:25.291295,524
2026-02-17 02:28:25.299291,515
2026-02-17 02:28:25.307288,520
2026-02-17 02:28:25.315302,500
2026-02-17 02:28:25.323290,511
2026-02-17 02:28:25.331296,513
2026-02-17 02:28:25.339285,516
2026-02-17 02:28:25.347285,512
2026-02-17 02:28:25.355300,513
2026-02-17 02:28:25.363316,518
2026-02-17 02:28:25.371308,493
2026-02-17 02:28:25.379298,510
2026-02-17 02:28:25.387273,509
2026-02-17 02:28:25.395552,509
2026-02-17 02:28:25.403360,509
2026-02-17 02:28:25.411381,513
2026-02-17 02:28:25.419313,511
2026-02-17 02:28:25.427367,513
2026-02-17 02:28:25.435267,518
2026-02-17 02:28:25.443340,513
2026-02-17 02:28:25.451297,520
2026-02-17 02:28:25.459332,522
2026-02-17 02:28:25.467339,520
2026-02-17 02:28:25.475307,506
2026-02-17 02:28:25.483278,518
2026-02-17 02:28:25.491331,511
2026-02-17 02:28:25.499304,510
2026-02-17 02:28:25.507288,510
2026-02-17 02:28:25.515346,514
2026-02-17 02:28:25.523328,520
2026-02-17 02:28:25.531240,510
2026-02-17 02:28:25.539294,512
2026-02-17 02:28:25.547315,520
2026-02-17 02:28:25.555294,509
2026-02-17 02:28:25.563281,520
2026-02-17 02:28:25.571239,509
2026-02-17 02:28:25.579293,512
2026-02-17 02:28:25.587249,520
2026-02-17 02:28:25.595312,501
2026-02-17 02:28:25.603331,508
2026-02-17 02:28:25.611311,515
2026-02-17 02:28:25.619294,515
2026-02-17 02:28:25.627302,519
2026-02-17 02:28:25.635284,505
2026-02-17 02:28:25.643292,509
2026-02-17 02:28:25.651299,511
2026-02-17 02:28:25.659333,504
2026-02-17 02:28:25.667334,510
2026-02-17 02:28:25.675311,508
2026-02-17 02:28:25.683296,516
2026-02-17 02:28:25.691348,504
2026-02-17 02:28:25.699291,510
2026-02-17 02:28:25.707296,522
2026-02-17 02:28:25.715359,518
2026-02-17 02:28:25.723301,516
2026-02-17 02:28:25.731286,501
2026-02-17 02:28:25.739271,513
2026-02-17 02:28:25.747303,511
2026-02-17 02:28:25.755298,519
2026-02-17 02:28:25.763295,522
2026-02-17 02:28:25.771302,512
2026-02-17 02:28:25.779330,512
2026-02-17 02:28:25.787305,512
2026-02-17 02:28:25.795293,512
2026-02-17 02:28:25.803339,510
2026-02-17 02:28:25.811283,513
2026-02-17 02:28:25.819297,506
2026-02-17 02:28:25.827282,512
2026-02-17 02:28:25.835291,512
2026-02-17 02:28:25.843302,519
2026-02-17 02:28:25.851385,521
2026-02-17 02:28:25.859382,510
2026-02-17 02:28:25.867345,511
2026-02-17 02:28:25.875327,506
2026-02-17 02:28:25.883301,517
2026-02-17 02:28:25.891279,505
2026-02-17 02:28:25.899297,516
2026-02-17 02:28:25.907334,516
2026-02-17 02:28:25.915287,509
2026-02-17 02:28:25.923300,510
2026-02-17 02:28:25.931295,510
2026-02-17 02:28:25.939299,505
2026-02-17 02:28:25.947292,502
2026-02-17 02:28:25.955297,505
2026-02-17 02:28:25.963290,503
2026-02-17 02:28:25.971289,507
2026-02-17 02:28:25.979298,511
2026-02-17 02:28:25.987303,508
2026-02-17 02:28:25.995292,514
2026-02-17 02:28:26.003287,511
2026-02-17 02:28:26.011300,510
2026-02-17 02:28:26.019405,515
2026-02-17 02:28:26.027349,520
2026-02-17 02:28:26.035331,513
2026-02-17 02:28:26.043310,515
2026-02-17 02:28:26.051334,514
2026-02-17 02:28:26.059393,515
2026-02-17 02:28:26.067281,518
2026-02-17 02:28:26.075389,508
2026-02-17 02:28:26.083316,515
2026-02-17 02:28:26.091269,521
2026-02-17 02:28:26.099278,517
2026-02-17 02:28:26.107321,522
2026-02-17 02:28:26.115252,522
2026-02-17 02:28:26.123364,519
2026-02-17 02:28:26.131300,519
2026-02-17 02:28:26.139288,509
2026-02-17 02:28:26.147272,504
2026-02-17 02:28:26.155337,501
2026-02-17 02:28:26.163362,513
2026-02-17 02:28:26.171288,509
2026-02-17 02:28:26.179447,515
2026-02-17 02:28:26.187329,514
2026-02-17 02:28:26.195343,505
2026-02-17 02:28:26.203365,511
2026-02-17 02:28:26.211328,509
2026-02-17 02:28:26.219309,509
2026-02-17 02:28:26.227351,517
2026-02-17 02:28:26.235295,511
2026-02-17 02:28:26.243300,532
2026-02-17 02:28:26.251288,506
2026-02-17 02:28:26.259299,500
2026-02-17 02:28:26.267297,500
2026-02-17 02:28:26.275314,490
2026-02-17 02:28:26.283303,498
2026-02-17 02:28:26.291296,501
2026-02-17 02:28:26.299288,501
2026-02-17 02:28:26.307283,509
2026-02-17 02:28:26.315353,497
2026-02-17 02:28:26.323303,511
2026-02-17 02:28:26.331301,507
2026-02-17 02:28:26.339362,494
2026-02-17 02:28:26.347297,510
2026-02-17 02:28:26.355351,505
2026-02-17 02:28:26.363311,512
2026-02-17 02:28:26.371322,507
2026-02-17 02:28:26.379404,511
2026-02-17 02:28:26.387386,501
2026-02-17 02:28:26.395333,505
2026-02-17 02:28:26.403309,506
2026-02-17 02:28:26.411291,508
2026-02-17 02:28:26.419292,515
2026-02-17 02:28:26.427287,517
2026-02-17 02:28:26.435360,512
2026-02-17 02:28:26.443284,517
2026-02-17 02:28:26.451268,510
2026-02-17 02:28:26.459329,511
2026-02-17 02:28:26.467303,511
2026-02-17 02:28:26.475285,515
2026-02-17 02:28:26.483280,525
2026-02-17 02:28:26.491301,516
2026-02-17 02:28:26.499311,507
2026-02-17 02:28:26.507309,506
2026-02-17 02:28:26.515347,501
2026-02-17 02:28:26.523287,507
2026-02-17 02:28:26.531289,502
2026-02-17 02:28:26.539285,508
2026-02-17 02:28:26.547286,503
2026-02-17 02:28:26.555286,502
2026-02-17 02:28:26.563283,517
2026-02-17 02:28:26.571287,513
2026-02-17 02:28:26.579239,517
2026-02-17 02:28:26.587297,522
2026-02-17 02:28:26.595286,513
2026-02-17 02:28:26.603319,526
2026-02-17 02:28:26.611295,508
2026-02-17 02:28:26.619291,514
2026-02-17 02:28:26.627326,515
2026-02-17 02:28:26.635314,513
2026-02-17 02:28:26.643287,509
2026-02-17 02:28:26.651324,510
2026-02-17 02:28:26.659372,514
2026-02-17 02:28:26.667358,508
2026-02-17 02:28:26.675367,508
2026-02-17 02:28:26.683288,513
2026-02-17 02:28:26.691474,514
2026-02-17 02:28:26.699359,519
2026-02-17 02:28:26.707341,521
2026-02-17 02:28:26.715310,507
2026-02-17 02:28:26.723305,519
2026-02-17 02:28:26.731342,518
2026-02-17 02:28:26.739315,518
2026-02-17 02:28:26.747297,516
2026-02-17 02:28:26.755348,513
2026-02-17 02:28:26.763351,517
2026-02-17 02:28:26.771333,515
2026-02-17 02:28:26.779303,509
2026-02-17 02:28:26.787321,517
2026-02-17 02:28:26.795339,497
2026-02-17 02:28:26.803300,510
2026-02-17 02:28:26.811296,504
2026-02-17 02:28:26.819307,511
2026-02-17 02:28:26.827337,509
2026-02-17 02:28:26.835293,510
2026-02-17 02:28:26.843291,502
2026-02-17 02:28:26.851367,499
2026-02-17 02:28:26.859349,492
2026-02-17 02:28:26.867369,484
2026-02-17 02:28:26.875348,481
2026-02-17 02:28:26.883293,474
2026-02-17 02:28:26.891376,467
2026-02-17 02:28:26.899379,477
2026-02-17 02:28:26.907355,464
2026-02-17 02:28:26.915335,475
2026-02-17 02:28:26.923311,478
2026-02-17 02:28:26.931309,486
2026-02-17 02:28:26.939295,497
2026-02-17 02:28:26.947297,499
2026-02-17 02:28:26.955311,499
2026-02-17 02:28:26.963306,520
2026-02-17 02:28:26.971282,524
2026-02-17 02:28:26.979341,517
2026-02-17 02:28:26.987545,527
2026-02-17 02:28:26.995406,525
2026-02-17 02:28:27.003352,529
2026-02-17 02:28:27.011376,529
2026-02-17 02:28:27.019341,532
2026-02-17 02:28:27.027303,538
2026-02-17 02:28:27.035332,520
2026-02-17 02:28:27.043308,528
2026-02-17 02:28:27.051300,531
2026-02-17 02:28:27.059340,527
2026-02-17 02:28:27.067286,535
2026-02-17 02:28:27.075260,532
2026-02-17 02:28:27.083302,526
2026-02-17 02:28:27.091363,528
2026-02-17 02:28:27.099303,527
2026-02-17 02:28:27.107321,521
2026-02-17 02:28:27.115381,514
2026-02-17 02:28:27.123334,531
2026-02-17 02:28:27.131335,526
2026-02-17 02:28:27.139418,517
2026-02-17 02:28:27.147417,524
2026-02-17 02:28:27.155368,519
2026-02-17 02:28:27.163300,525
2026-02-17 02:28:27.171328,521
2026-02-17 02:28:27.179344,521
2026-02-17 02:28:27.187296,522
2026-02-17 02:28:27.195299,513
2026-02-17 02:28:27.203313,514
2026-02-17 02:28:27.211311,521
2026-02-17 02:28:27.219302,513
2026-02-17 02:28:27.227293,521
2026-02-17 02:28:27.235282,520
2026-02-17 02:28:27.243306,523
2026-02-17 02:28:27.251315,521
2026-02-17 02:28:27.259295,516
2026-02-17 02:28:27.267352,514
2026-02-17 02:28:27.275304,512
2026-02-17 02:28:27.283361,526
2026-02-17 02:28:27.291303,521
2026-02-17 02:28:27.299319,517
2026-02-17 02:28:27.307294,516
2026-02-17 02:28:27.315304,511
2026-02-17 02:28:27.323329,500
2026-02-17 02:28:27.331342,510
2026-02-17 02:28:27.339300,509
2026-02-17 02:28:27.347301,509
2026-02-17 02:28:27.355298,502
2026-02-17 02:28:27.363315,519
2026-02-17 02:28:27.371349,506
2026-02-17 02:28:27.379401,509
2026-02-17 02:28:27.387333,516
2026-02-17 02:28:27.395367,506
2026-02-17 02:28:27.403413,511
2026-02-17 02:28:27.411395,505
2026-02-17 02:28:27.419322,512
2026-02-17 02:28:27.427316,517
2026-02-17 02:28:27.435348,507
2026-02-17 02:28:27.443305,506
2026-02-17 02:28:27.451310,516
2026-02-17 02:28:27.459337,519
2026-02-17 02:28:27.467262,524
2026-02-17 02:28:27.475373,516
2026-02-17 02:28:27.483312,515
2026-02-17 02:28:27.491298,500
2026-02-17 02:28:27.499308,505
2026-02-17 02:28:27.507303,518
2026-02-17 02:28:27.515305,516
2026-02-17 02:28:27.523306,516
2026-02-17 02:28:27.531348,514
2026-02-17 02:28:27.539344,515
2026-02-17 02:28:27.547296,501
2026-02-17 02:28:27.555250,508
2026-02-17 02:28:27.563327,515
2026-02-17 02:28:27.571349,514
2026-02-17 02:28:27.579261,520
2026-02-17 02:28:27.587330,507
2026-02-17 02:28:27.595342,506
2026-02-17 02:28:27.603324,517
2026-02-17 02:28:27.611305,511
2026-02-17 02:28:27.619304,512
2026-02-17 02:28:27.627307,514
2026-02-17 02:28:27.635302,513
2026-02-17 02:28:27.643292,515
2026-02-17 02:28:27.651344,510
2026-02-17 02:28:27.659399,506
2026-02-17 02:28:27.667305,505
2026-02-17 02:28:27.675329,502
2026-02-17 02:28:27.683348,503
2026-02-17 02:28:27.691309,508
2026-02-17 02:28:27.699359,505
2026-02-17 02:28:27.707305,501
2026-02-17 02:28:27.715361,490
2026-02-17 02:28:27.723317,498
2026-02-17 02:28:27.731306,514
2026-02-17 02:28:27.739346,502
2026-02-17 02:28:27.747280,507
2026-02-17 02:28:27.755273,505
2026-02-17 02:28:27.763278,505
2026-02-17 02:28:27.771294,494
2026-02-17 02:28:27.779296,506
2026-02-17 02:28:27.787270,513
2026-02-17 02:28:27.795273,514
2026-02-17 02:28:27.803294,516
2026-02-17 02:28:27.811270,507
2026-02-17 02:28:27.819295,516
2026-02-17 02:28:27.827330,520
2026-02-17 02:28:27.835254,507
2026-02-17 02:28:27.843320,511
2026-02-17 02:28:27.851361,501
2026-02-17 02:28:27.859322,512
2026-02-17 02:28:27.867295,517
2026-02-17 02:28:27.875289,513
2026-02-17 02:28:27.883368,510
2026-02-17 02:28:27.891298,498
2026-02-17 02:28:27.899282,513
2026-02-17 02:28:27.907298,510
2026-02-17 02:28:27.915294,508
2026-02-17 02:28:27.923301,516
2026-02-17 02:28:27.931381,510
2026-02-17 02:28:27.939306,520
2026-02-17 02:28:27.947301,520
2026-02-17 02:28:27.955387,504
2026-02-17 02:28:27.963377,517
2026-02-17 02:28:27.971296,507
2026-02-17 02:28:27.979332,506
2026-02-17 02:28:27.987299,522
2026-02-17 02:28:27.995309,508
2026-02-17 02:28:28.003347,516
2026-02-17 02:28:28.011354,509
2026-02-17 02:28:28.019414,503
2026-02-17 02:28:28.027341,519
2026-02-17 02:28:28.035286,507
2026-02-17 02:28:28.043326,513
2026-02-17 02:28:28.051281,499
2026-02-17 02:28:28.059433,509
2026-02-17 02:28:28.067316,512
2026-02-17 02:28:28.075257,510
2026-02-17 02:28:28.083337,518
2026-02-17 02:28:28.091338,515
2026-02-17 02:28:28.099322,508
2026-02-17 02:28:28.107338,520
2026-02-17 02:28:28.115318,513
2026-02-17 02:28:28.123341,514
2026-02-17 02:28:28.131350,516
2026-02-17 02:28:28.139317,517
2026-02-17 02:28:28.147308,515
2026-02-17 02:28:28.155398,524
2026-02-17 02:28:28.163465,515
2026-02-17 02:28:28.171359,520
2026-02-17 02:28:28.179523,514
2026-02-17 02:28:28.187352,514
2026-02-17 02:28:28.195324,510
2026-02-17 02:28:28.203319,512
2026-02-17 02:28:28.211377,515
2026-02-17 02:28:28.219314,512
2026-02-17 02:28:28.227330,523
2026-02-17 02:28:28.235355,520
2026-02-17 02:28:28.243357,510
2026-02-17 02:28:28.251324,519
2026-02-17 02:28:28.259309,514
2026-02-17 02:28:28.267330,507
2026-02-17 02:28:28.275328,507
2026-02-17 02:28:28.283327,504
2026-02-17 02:28:28.291394,512
2026-02-17 02:28:28.299374,518
2026-02-17 02:28:28.307338,527
2026-02-17 02:28:28.315368,507
2026-02-17 02:28:28.323340,508
2026-02-17 02:28:28.331331,507
2026-02-17 02:28:28.339365,513
2026-02-17 02:28:28.347297,526
2026-02-17 02:28:28.355319,511
2026-02-17 02:28:28.363353,511
2026-02-17 02:28:28.371307,509
2026-02-17 02:28:28.379309,506
2026-02-17 02:28:28.387310,518
2026-02-17 02:28:28.395309,513
2026-02-17 02:28:28.403302,514
2026-02-17 02:28:28.411316,516
2026-02-17 02:28:28.419315,514
2026-02-17 02:28:28.427313,511
2026-02-17 02:28:28.435378,500
2026-02-17 02:28:28.443318,508
2026-02-17 02:28:28.451369,502
2026-02-17 02:28:28.459378,510
2026-02-17 02:28:28.467307,517
2026-02-17 02:28:28.475295,510
2026-02-17 02:28:28.483332,518
2026-02-17 02:28:28.491310,512
2026-02-17 02:28:28.499307,514
2026-02-17 02:28:28.507360,514
2026-02-17 02:28:28.515362,505
2026-02-17 02:28:28.523309,517
2026-02-17 02:28:28.531303,523
2026-02-17 02:28:28.539326,512
2026-02-17 02:28:28.547344,518
2026-02-17 02:28:28.555364,518
2026-02-17 02:28:28.563323,518
2026-02-17 02:28:28.571316,512
2026-02-17 02:28:28.579319,511
2026-02-17 02:28:28.587332,514
2026-02-17 02:28:28.595359,511
2026-02-17 02:28:28.603377,526
2026-02-17 02:28:28.611393,508
2026-02-17 02:28:28.619327,511
2026-02-17 02:28:28.627318,525
2026-02-17 02:28:28.635306,514
2026-02-17 02:28:28.643309,515
2026-02-17 02:28:28.651322,516
2026-02-17 02:28:28.659407,507
2026-02-17 02:28:28.667359,526
2026-02-17 02:28:28.675312,517
2026-02-17 02:28:28.683334,518
2026-02-17 02:28:28.691317,516
2026-02-17 02:28:28.699388,514
2026-02-17 02:28:28.707321,515
2026-02-17 02:28:28.715311,506
2026-02-17 02:28:28.723357,524
2026-02-17 02:28:28.731311,514
2026-02-17 02:28:28.739322,511
2026-02-17 02:28:28.747324,512
2026-02-17 02:28:28.755317,513
2026-02-17 02:28:28.763321,522
2026-02-17 02:28:28.771307,514
2026-02-17 02:28:28.779308,511
2026-02-17 02:28:28.787312,517
2026-02-17 02:28:28.795308,514
2026-02-17 02:28:28.803300,511
2026-02-17 02:28:28.811312,506
2026-02-17 02:28:28.819312,506
2026-02-17 02:28:28.827311,515
2026-02-17 02:28:28.835310,511
2026-02-17 02:28:28.843308,514
2026-02-17 02:28:28.851324,509
2026-02-17 02:28:28.859309,506
2026-02-17 02:28:28.867334,510
2026-02-17 02:28:28.875299,515
2026-02-17 02:28:28.883307,522
2026-02-17 02:28:28.891321,514
2026-02-17 02:28:28.899311,504
2026-02-17 02:28:28.907310,508
2026-02-17 02:28:28.915313,511
2026-02-17 02:28:28.923320,518
2026-02-17 02:28:28.931373,514
2026-02-17 02:28:28.939323,508
2026-02-17 02:28:28.947353,504
2026-02-17 02:28:28.955343,504
2026-02-17 02:28:28.963349,516
2026-02-17 02:28:28.971307,511
2026-02-17 02:28:28.979316,519
2026-02-17 02:28:28.987312,521
2026-02-17 02:28:28.995304,498
2026-02-17 02:28:29.003309,514
2026-02-17 02:28:29.011390,521
2026-02-17 02:28:29.019431,514
2026-02-17 02:28:29.027345,508
2026-02-17 02:28:29.035272,497
2026-02-17 02:28:29.043355,503
2026-02-17 02:28:29.051311,518
2026-02-17 02:28:29.059359,516
2026-02-17 02:28:29.067361,517
2026-02-17 02:28:29.075343,500
2026-02-17 02:28:29.083334,508
2026-02-17 02:28:29.091407,507
2026-02-17 02:28:29.099268,509
2026-02-17 02:28:29.107332,515
2026-02-17 02:28:29.115336,513
2026-02-17 02:28:29.123353,516
2026-02-17 02:28:29.131386,511
2026-02-17 02:28:29.139339,511
2026-02-17 02:28:29.147328,510
2026-02-17 02:28:29.155349,512
2026-02-17 02:28:29.163319,517
2026-02-17 02:28:29.171339,516
2026-02-17 02:28:29.179378,516
2026-02-17 02:28:29.187367,513
2026-02-17 02:28:29.195312,517
2026-02-17 02:28:29.203323,515
2026-02-17 02:28:29.211322,501
2026-02-17 02:28:29.219304,506
2026-02-17 02:28:29.227314,518
2026-02-17 02:28:29.235346,493
2026-02-17 02:28:29.243309,501
2026-02-17 02:28:29.251386,508
2026-02-17 02:28:29.259325,499
2026-02-17 02:28:29.267321,490
2026-02-17 02:28:29.275318,503
2026-02-17 02:28:29.283309,511
2026-02-17 02:28:29.291321,515
2026-02-17 02:28:29.299371,511
2026-02-17 02:28:29.307312,516
2026-02-17 02:28:29.315316,506
2026-02-17 02:28:29.323324,520
2026-02-17 02:28:29.331329,514
2026-02-17 02:28:29.339319,521
2026-02-17 02:28:29.347314,514
2026-02-17 02:28:29.355336,511
2026-02-17 02:28:29.363316,523
2026-02-17 02:28:29.371311,504
2026-02-17 02:28:29.379387,513
2026-02-17 02:28:29.387328,504
2026-02-17 02:28:29.395318,504
2026-02-17 02:28:29.403313,511
2026-02-17 02:28:29.411317,514
2026-02-17 02:28:29.419314,512
2026-02-17 02:28:29.427321,516
2026-02-17 02:28:29.435342,507
2026-02-17 02:28:29.443326,508
2026-02-17 02:28:29.451333,510
2026-02-17 02:28:29.459352,497
2026-02-17 02:28:29.467316,515
2026-02-17 02:28:29.475276,511
2026-02-17 02:28:29.483316,504
2026-02-17 02:28:29.491327,495
2026-02-17 02:28:29.499359,492
2026-02-17 02:28:29.507329,489
2026-02-17 02:28:29.515307,485
2026-02-17 02:28:29.523306,483
2026-02-17 02:28:29.531318,478
2026-02-17 02:28:29.539307,479
2026-02-17 02:28:29.547317,480
2026-02-17 02:28:29.555325,469
2026-02-17 02:28:29.563317,471
2026-02-17 02:28:29.571319,472
2026-02-17 02:28:29.579304,475
2026-02-17 02:28:29.587361,485
2026-02-17 02:28:29.595390,483
2026-02-17 02:28:29.603377,505
2026-02-17 02:28:29.611368,510
2026-02-17 02:28:29.619431,512
2026-02-17 02:28:29.627394,513
2026-02-17 02:28:29.635321,509
2026-02-17 02:28:29.643328,521
2026-02-17 02:28:29.651338,525
2026-02-17 02:28:29.659441,522
2026-02-17 02:28:29.667394,519
2026-02-17 02:28:29.675336,530
2026-02-17 02:28:29.683321,526
2026-02-17 02:28:29.691384,529
2026-02-17 02:28:29.699395,531
2026-02-17 02:28:29.707377,534
2026-02-17 02:28:29.715337,533
2026-02-17 02:28:29.723322,533
2026-02-17 02:28:29.731339,529
2026-02-17 02:28:29.739373,519
2026-02-17 02:28:29.747320,522
2026-02-17 02:28:29.755324,529
2026-02-17 02:28:29.763363,536
2026-02-17 02:28:29.771341,526
2026-02-17 02:28:29.779415,530
2026-02-17 02:28:29.787346,536
2026-02-17 02:28:29.795364,524
2026-02-17 02:28:29.803325,521
2026-02-17 02:28:29.811319,518
2026-02-17 02:28:29.819346,515
2026-02-17 02:28:29.827352,527
2026-02-17 02:28:29.835389,524
2026-02-17 02:28:29.843352,526
2026-02-17 02:28:29.851425,517
2026-02-17 02:28:29.859461,528
2026-02-17 02:28:29.867426,523
2026-02-17 02:28:29.875405,514
2026-02-17 02:28:29.883375,518
2026-02-17 02:28:29.891401,508
2026-02-17 02:28:29.899376,525
2026-02-17 02:28:29.907470,514
2026-02-17 02:28:29.915431,516
2026-02-17 02:28:29.923355,526
2026-02-17 02:28:29.931377,513
2026-02-17 02:28:29.939290,516
2026-02-17 02:28:29.947438,514
2026-02-17 02:28:29.955439,494
2026-02-17 02:28:29.963380,508
2026-02-17 02:28:29.971356,516
2026-02-17 02:28:29.979349,503
2026-02-17 02:28:29.987292,508
2026-02-17 02:28:29.995322,499
2026-02-17 02:28:30.003305,501
2026-02-17 02:28:30.011321,501
2026-02-17 02:28:30.019340,502
2026-02-17 02:28:30.027339,514
2026-02-17 02:28:30.035322,519
2026-02-17 02:28:30.043327,525
2026-02-17 02:28:30.051298,517
2026-02-17 02:28:30.059342,518
2026-02-17 02:28:30.067291,520
2026-02-17 02:28:30.075341,515
2026-02-17 02:28:30.083262,522
2026-02-17 02:28:30.091276,514
2026-02-17 02:28:30.099274,521
2026-02-17 02:28:30.107303,523
2026-02-17 02:28:30.115338,509
2026-02-17 02:28:30.123306,516
2026-02-17 02:28:30.131283,525
2026-02-17 02:28:30.139307,520
2026-02-17 02:28:30.147420,527
2026-02-17 02:28:30.155310,515
2026-02-17 02:28:30.163273,521
2026-02-17 02:28:30.171299,505
2026-02-17 02:28:30.179322,513
2026-02-17 02:28:30.187319,507
2026-02-17 02:28:30.195331,511
2026-02-17 02:28:30.203341,509
2026-02-17 02:28:30.211322,517
2026-02-17 02:28:30.219355,510
2026-02-17 02:28:30.227304,506
2026-02-17 02:28:30.235328,509
2026-02-17 02:28:30.243295,514
2026-02-17 02:28:30.251313,512
2026-02-17 02:28:30.259336,505
2026-02-17 02:28:30.267318,515
2026-02-17 02:28:30.275317,508
2026-02-17 02:28:30.283277,520
2026-02-17 02:28:30.291322,523
2026-02-17 02:28:30.299280,516
2026-02-17 02:28:30.307310,521
2026-02-17 02:28:30.315333,523
2026-02-17 02:28:30.323297,510
2026-02-17 02:28:30.331284,511
2026-02-17 02:28:30.339279,511
2026-02-17 02:28:30.347275,517
2026-02-17 02:28:30.355344,520
2026-02-17 02:28:30.363298,517
2026-02-17 02:28:30.371271,516
2026-02-17 02:28:30.379287,518
2026-02-17 02:28:30.387370,517
2026-02-17 02:28:30.395312,520
2026-02-17 02:28:30.403379,536
2026-02-17 02:28:30.411334,539
2026-02-17 02:28:30.419334,532
2026-02-17 02:28:30.427335,525
2026-02-17 02:28:30.435267,522
2026-02-17 02:28:30.443294,532
2026-02-17 02:28:30.451293,521
2026-02-17 02:28:30.459325,527
2026-02-17 02:28:30.467289,525
2026-02-17 02:28:30.475314,520
2026-02-17 02:28:30.483328,523
2026-02-17 02:28:30.491283,520
2026-02-17 02:28:30.499286,525
2026-02-17 02:28:30.507344,523
2026-02-17 02:28:30.515406,517
2026-02-17 02:28:30.523297,523
2026-02-17 02:28:30.531322,510
2026-02-17 02:28:30.539377,518
2026-02-17 02:28:30.547345,517
2026-02-17 02:28:30.555419,506
2026-02-17 02:28:30.563374,519
2026-02-17 02:28:30.571382,506
2026-02-17 02:28:30.579340,511
2026-02-17 02:28:30.587387,520
2026-02-17 02:28:30.595331,516
2026-02-17 02:28:30.603404,499
2026-02-17 02:28:30.611348,510
2026-02-17 02:28:30.619390,521
2026-02-17 02:28:30.627303,511
2026-02-17 02:28:30.635309,505
2026-02-17 02:28:30.643347,502
2026-02-17 02:28:30.651352,514
2026-02-17 02:28:30.659384,514
2026-02-17 02:28:30.667355,507
2026-02-17 02:28:30.675363,509
2026-02-17 02:28:30.683340,521
2026-02-17 02:28:30.691321,522
2026-02-17 02:28:30.699292,516
2026-02-17 02:28:30.707352,516
2026-02-17 02:28:30.715335,503
2026-02-17 02:28:30.723357,517
2026-02-17 02:28:30.731323,525
2026-02-17 02:28:30.739359,519
2026-02-17 02:28:30.747333,510
2026-02-17 02:28:30.755351,504
2026-02-17 02:28:30.763356,513
2026-02-17 02:28:30.771346,517
2026-02-17 02:28:30.779337,502
2026-02-17 02:28:30.787328,517
2026-02-17 02:28:30.795320,505
2026-02-17 02:28:30.803347,507
2026-02-17 02:28:30.811340,509
2026-02-17 02:28:30.819298,504
2026-02-17 02:28:30.827366,508
2026-02-17 02:28:30.835362,513
2026-02-17 02:28:30.843339,518
2026-02-17 02:28:30.851356,514
2026-02-17 02:28:30.859319,509
2026-02-17 02:28:30.867313,504
2026-02-17 02:28:30.875327,511
2026-02-17 02:28:30.883321,509
2026-02-17 02:28:30.891339,507
2026-02-17 02:28:30.899349,511
2026-02-17 02:28:30.907405,519
2026-02-17 02:28:30.915312,509
2026-02-17 02:28:30.923320,516
2026-02-17 02:28:30.931318,509
2026-02-17 02:28:30.939340,513
2026-02-17 02:28:30.947331,517
2026-02-17 02:28:30.955342,498
2026-02-17 02:28:30.963303,500
2026-02-17 02:28:30.971291,513
2026-02-17 02:28:30.979315,516
2026-02-17 02:28:30.987365,511
2026-02-17 02:28:30.995352,503
2026-02-17 02:28:31.003322,508
2026-02-17 02:28:31.011883,503
2026-02-17 02:28:31.019389,511
2026-02-17 02:28:31.027394,516
2026-02-17 02:28:31.035289,511
2026-02-17 02:28:31.043384,515
2026-02-17 02:28:31.051278,508
2026-02-17 02:28:31.059477,517
2026-02-17 02:28:31.067382,519
2026-02-17 02:28:31.075373,512
2026-02-17 02:28:31.083421,520
2026-02-17 02:28:31.091399,503
2026-02-17 02:28:31.099503,510
2026-02-17 02:28:31.107382,519
2026-02-17 02:28:31.115411,507
2026-02-17 02:28:31.123475,514
2026-02-17 02:28:31.131477,509
2026-02-17 02:28:31.139461,513
2026-02-17 02:28:31.147585,517
2026-02-17 02:28:31.155438,505
2026-02-17 02:28:31.163378,522
2026-02-17 02:28:31.171381,508
2026-02-17 02:28:31.179387,510
2026-02-17 02:28:31.187422,522
2026-02-17 02:28:31.195518,507
2026-02-17 02:28:31.203844,520
2026-02-17 02:28:31.211537,498
2026-02-17 02:28:31.219523,506
2026-02-17 02:28:31.227414,507
2026-02-17 02:28:31.235539,503
2026-02-17 02:28:31.243400,521
2026-02-17 02:28:31.251537,519
2026-02-17 02:28:31.259416,517
2026-02-17 02:28:31.267495,499
2026-02-17 02:28:31.275412,514
2026-02-17 02:28:31.283441,512
2026-02-17 02:28:31.291433,520
2026-02-17 02:28:31.299447,532
2026-02-17 02:28:31.307450,539
2026-02-17 02:28:31.315484,530
2026-02-17 02:28:31.323458,518
2026-02-17 02:28:31.331509,524
2026-02-17 02:28:31.339494,535
2026-02-17 02:28:31.347479,534
2026-02-17 02:28:31.355419,514
2026-02-17 02:28:31.363479,527
2026-02-17 02:28:31.371487,523
2026-02-17 02:28:31.379459,529
2026-02-17 02:28:31.387432,528
2026-02-17 02:28:31.395561,522
2026-02-17 02:28:31.403467,522
2026-02-17 02:28:31.411399,518
2026-02-17 02:28:31.419492,516
2026-02-17 02:28:31.427413,508
2026-02-17 02:28:31.435465,510
2026-02-17 02:28:31.443406,519
2026-02-17 02:28:31.451495,520
2026-02-17 02:28:31.459411,516
2026-02-17 02:28:31.467467,505
2026-02-17 02:28:31.475404,499
2026-02-17 02:28:31.483480,510
2026-02-17 02:28:31.491458,504
2026-02-17 02:28:31.499486,513
2026-02-17 02:28:31.507427,506
2026-02-17 02:28:31.515448,496
2026-02-17 02:28:31.523466,502
2026-02-17 02:28:31.531449,505
2026-02-17 02:28:31.539456,504
2026-02-17 02:28:31.547484,521
2026-02-17 02:28:31.555416,513
2026-02-17 02:28:31.563494,513
2026-02-17 02:28:31.571434,518
2026-02-17 02:28:31.579491,521
2026-02-17 02:28:31.587411,521
2026-02-17 02:28:31.595736,513
2026-02-17 02:28:31.603419,505
2026-02-17 02:28:31.611440,513
2026-02-17 02:28:31.619406,512
2026-02-17 02:28:31.627338,521
2026-02-17 02:28:31.635434,517
2026-02-17 02:28:31.643388,515
2026-02-17 02:28:31.651467,515
2026-02-17 02:28:31.659370,509
2026-02-17 02:28:31.667456,512
2026-02-17 02:28:31.675414,516
2026-02-17 02:28:31.683395,516
2026-02-17 02:28:31.691424,516
2026-02-17 02:28:31.699451,515
2026-02-17 02:28:31.707433,517
2026-02-17 02:28:31.715462,506
2026-02-17 02:28:31.723435,513
2026-02-17 02:28:31.731499,517
2026-02-17 02:28:31.739494,527
2026-02-17 02:28:31.747504,511
2026-02-17 02:28:31.755541,499
2026-02-17 02:28:31.763500,494
2026-02-17 02:28:31.771490,488
2026-02-17 02:28:31.779484,484
2026-02-17 02:28:31.787465,496
2026-02-17 02:28:31.795476,493
2026-02-17 02:28:31.803432,501
2026-02-17 02:28:31.811403,502
2026-02-17 02:28:31.819525,497
2026-02-17 02:28:31.827392,493
2026-02-17 02:28:31.835473,503
2026-02-17 02:28:31.843350,505
2026-02-17 02:28:31.851579,501
2026-02-17 02:28:31.859415,505
2026-02-17 02:28:31.867487,513
2026-02-17 02:28:31.875404,508
2026-02-17 02:28:31.883509,513
2026-02-17 02:28:31.891414,524
2026-02-17 02:28:31.899392,514
2026-02-17 02:28:31.907387,522
2026-02-17 02:28:31.915468,506
2026-02-17 02:28:31.923369,515
2026-02-17 02:28:31.931401,508
2026-02-17 02:28:31.939372,521
2026-02-17 02:28:31.947351,519
2026-02-17 02:28:31.955353,513
2026-02-17 02:28:31.963342,515
2026-02-17 02:28:31.971531,509
2026-02-17 02:28:31.979405,491
2026-02-17 02:28:31.987355,510
2026-02-17 02:28:31.995348,507
2026-02-17 02:28:32.003324,518
2026-02-17 02:28:32.011543,520
2026-02-17 02:28:32.019380,510
2026-02-17 02:28:32.027440,504
2026-02-17 02:28:32.035290,505
2026-02-17 02:28:32.043420,504
2026-02-17 02:28:32.051369,508
2026-02-17 02:28:32.059473,514
2026-02-17 02:28:32.067413,515
2026-02-17 02:28:32.075352,514
2026-02-17 02:28:32.083390,510
2026-02-17 02:28:32.091340,513
2026-02-17 02:28:32.099408,510
2026-02-17 02:28:32.107345,518
2026-02-17 02:28:32.115380,515
2026-02-17 02:28:32.123335,517
2026-02-17 02:28:32.131442,508
2026-02-17 02:28:32.139379,515
2026-02-17 02:28:32.147390,498
2026-02-17 02:28:32.155431,516
2026-02-17 02:28:32.163362,521
2026-02-17 02:28:32.171365,518
2026-02-17 02:28:32.179495,519
2026-02-17 02:28:32.187402,519
2026-02-17 02:28:32.195400,508
2026-02-17 02:28:32.203336,506
2026-02-17 02:28:32.211349,509
2026-02-17 02:28:32.219347,510
2026-02-17 02:28:32.227379,514
2026-02-17 02:28:32.235403,509
2026-02-17 02:28:32.243348,512
2026-02-17 02:28:32.251355,499
2026-02-17 02:28:32.259333,503
2026-02-17 02:28:32.267412,510
2026-02-17 02:28:32.275386,503
2026-02-17 02:28:32.283372,504
2026-02-17 02:28:32.291348,503
2026-02-17 02:28:32.299361,512
2026-02-17 02:28:32.307390,514
2026-02-17 02:28:32.315338,515
2026-02-17 02:28:32.323335,520
2026-02-17 02:28:32.331500,516
2026-02-17 02:28:32.339480,501
2026-02-17 02:28:32.347409,509
2026-02-17 02:28:32.355340,516
2026-02-17 02:28:32.363358,517
2026-02-17 02:28:32.371359,517
2026-02-17 02:28:32.379361,513
2026-02-17 02:28:32.387347,507
2026-02-17 02:28:32.395344,505
2026-02-17 02:28:32.403326,518
2026-02-17 02:28:32.411345,509
2026-02-17 02:28:32.419337,517
2026-02-17 02:28:32.427338,520
2026-02-17 02:28:32.435310,512
2026-02-17 02:28:32.443298,509
2026-02-17 02:28:32.451297,508
2026-02-17 02:28:32.459330,511
2026-02-17 02:28:32.467328,515
2026-02-17 02:28:32.475335,510
2026-02-17 02:28:32.483349,519
2026-02-17 02:28:32.491331,511
2026-02-17 02:28:32.499324,516
2026-02-17 02:28:32.507441,518
2026-02-17 02:28:32.515382,512
2026-02-17 02:28:32.523436,511
2026-02-17 02:28:32.531350,507
2026-02-17 02:28:32.539388,512
2026-02-17 02:28:32.547346,520
2026-02-17 02:28:32.555394,519
2026-02-17 02:28:32.563331,521
2026-02-17 02:28:32.571361,513
2026-02-17 02:28:32.579337,505
2026-02-17 02:28:32.587358,508
2026-02-17 02:28:32.595356,512
2026-02-17 02:28:32.603374,514
2026-02-17 02:28:32.611303,517
2026-02-17 02:28:32.619333,517
2026-02-17 02:28:32.627342,520
2026-02-17 02:28:32.635355,507
2026-02-17 02:28:32.643334,517
2026-02-17 02:28:32.651350,501
2026-02-17 02:28:32.659356,505
2026-02-17 02:28:32.667344,513
2026-02-17 02:28:32.675324,515
2026-02-17 02:28:32.683399,512
2026-02-17 02:28:32.691330,516
2026-02-17 02:28:32.699401,517
2026-02-17 02:28:32.707399,524
2026-02-17 02:28:32.715346,521
2026-02-17 02:28:32.723375,523
2026-02-17 02:28:32.731330,523
2026-02-17 02:28:32.739304,508
2026-02-17 02:28:32.747386,505
2026-02-17 02:28:32.755364,512
2026-02-17 02:28:32.763331,520
2026-02-17 02:28:32.771338,520
2026-02-17 02:28:32.779302,521
2026-02-17 02:28:32.787321,514
2026-02-17 02:28:32.795317,513
2026-02-17 02:28:32.803329,517
2026-02-17 02:28:32.811336,512
2026-02-17 02:28:32.819327,512
2026-02-17 02:28:32.827330,511
2026-02-17 02:28:32.835337,520
2026-02-17 02:28:32.843321,513
2026-02-17 02:28:32.851348,514
2026-02-17 02:28:32.859380,517
2026-02-17 02:28:32.867400,504
2026-02-17 02:28:32.875356,510
2026-02-17 02:28:32.883395,512
2026-02-17 02:28:32.891367,523
2026-02-17 02:28:32.899336,517
2026-02-17 02:28:32.907389,515
2026-02-17 02:28:32.915351,508
2026-02-17 02:28:32.923312,515
2026-02-17 02:28:32.931433,506
2026-02-17 02:28:32.939354,501
2026-02-17 02:28:32.947384,521
2026-02-17 02:28:32.955434,512
2026-02-17 02:28:32.963340,510
2026-02-17 02:28:32.971347,517
2026-02-17 02:28:32.979344,519
2026-02-17 02:28:32.987349,510
2026-02-17 02:28:32.995808,496
2026-02-17 02:28:33.003442,504
2026-02-17 02:28:33.014279,511
2026-02-17 02:28:33.019465,498
2026-02-17 02:28:33.027354,505
2026-02-17 02:28:33.035336,513
2026-02-17 02:28:33.043416,507
2026-02-17 02:28:33.051377,507
2026-02-17 02:28:33.059499,514
2026-02-17 02:28:33.067381,505
2026-02-17 02:28:33.075338,512
2026-02-17 02:28:33.083438,515
2026-02-17 02:28:33.091431,520
2026-02-17 02:28:33.099290,519
2026-02-17 02:28:33.107314,516
2026-02-17 02:28:33.115538,509
2026-02-17 02:28:33.123405,516
2026-02-17 02:28:33.131455,511
2026-02-17 02:28:33.139394,516
2026-02-17 02:28:33.147366,517
2026-02-17 02:28:33.155434,514
2026-02-17 02:28:33.163314,517
2026-02-17 02:28:33.171300,512
2026-02-17 02:28:33.179421,509
2026-02-17 02:28:33.187414,508
2026-02-17 02:28:33.195418,491
2026-02-17 02:28:33.203368,506
2026-02-17 02:28:33.211332,503
2026-02-17 02:28:33.219328,505
2026-02-17 02:28:33.227341,510
2026-02-17 02:28:33.235276,501
2026-02-17 02:28:33.243395,515
2026-02-17 02:28:33.251350,513
2026-02-17 02:28:33.259333,511
2026-02-17 02:28:33.267347,511
2026-02-17 02:28:33.275353,515
2026-02-17 02:28:33.283296,528
2026-02-17 02:28:33.291410,518
2026-02-17 02:28:33.299274,517
2026-02-17 02:28:33.307358,500
2026-02-17 02:28:33.315328,507
2026-02-17 02:28:33.323275,520
2026-02-17 02:28:33.331333,520
2026-02-17 02:28:33.339342,512
2026-02-17 02:28:33.347375,515
2026-02-17 02:28:33.355338,511
2026-02-17 02:28:33.363331,521
2026-02-17 02:28:33.371339,513
2026-02-17 02:28:33.379339,507
2026-02-17 02:28:33.387328,520
2026-02-17 02:28:33.395351,507
2026-02-17 02:28:33.403336,514
2026-02-17 02:28:33.411286,502
2026-02-17 02:28:33.419285,508
2026-02-17 02:28:33.427341,514
2026-02-17 02:28:33.435418,511
2026-02-17 02:28:33.443381,514
2026-02-17 02:28:33.451353,502
2026-02-17 02:28:33.459338,506
2026-02-17 02:28:33.467354,520
2026-02-17 02:28:33.475344,512
2026-02-17 02:28:33.483364,513
2026-02-17 02:28:33.491328,512
2026-02-17 02:28:33.499344,515
2026-02-17 02:28:33.507332,520
2026-02-17 02:28:33.515326,496
2026-02-17 02:28:33.523355,510
2026-02-17 02:28:33.531334,509
2026-02-17 02:28:33.539344,521
2026-02-17 02:28:33.547419,525
2026-02-17 02:28:33.555330,513
2026-02-17 02:28:33.563326,507
2026-02-17 02:28:33.571352,509
2026-02-17 02:28:33.579338,513
2026-02-17 02:28:33.587345,517
2026-02-17 02:28:33.595354,516
2026-02-17 02:28:33.603378,511
2026-02-17 02:28:33.611336,501
2026-02-17 02:28:33.619288,506
2026-02-17 02:28:33.627341,519
2026-02-17 02:28:33.635318,518
2026-02-17 02:28:33.643361,511
2026-02-17 02:28:33.651330,515
2026-02-17 02:28:33.659452,515
2026-02-17 02:28:33.667433,515
2026-02-17 02:28:33.675363,513
2026-02-17 02:28:33.683352,515
2026-02-17 02:28:33.691279,516
2026-02-17 02:28:33.699335,505
2026-02-17 02:28:33.707341,502
2026-02-17 02:28:33.715377,512
2026-02-17 02:28:33.723411,513
2026-02-17 02:28:33.731328,510
2026-02-17 02:28:33.739329,508
2026-02-17 02:28:33.747362,513
2026-02-17 02:28:33.755347,514
2026-02-17 02:28:33.763344,520
2026-02-17 02:28:33.771329,516
2026-02-17 02:28:33.779338,514
2026-02-17 02:28:33.787334,510
2026-02-17 02:28:33.795341,509
2026-02-17 02:28:33.803283,512
2026-02-17 02:28:33.811285,512
2026-02-17 02:28:33.819331,515
2026-02-17 02:28:33.827341,511
2026-02-17 02:28:33.835358,509
2026-02-17 02:28:33.843350,520
2026-02-17 02:28:33.851361,518
2026-02-17 02:28:33.859299,509
2026-02-17 02:28:33.867362,515
2026-02-17 02:28:33.875333,510
2026-02-17 02:28:33.883377,496
2026-02-17 02:28:33.891414,508
2026-02-17 02:28:33.899356,511
2026-02-17 02:28:33.907296,516
2026-02-17 02:28:33.915312,509
2026-02-17 02:28:33.923307,521
2026-02-17 02:28:33.931352,514
2026-02-17 02:28:33.939318,511
2026-02-17 02:28:33.947325,510
2026-02-17 02:28:33.955374,508
2026-02-17 02:28:33.963330,512
2026-02-17 02:28:33.971402,506
2026-02-17 02:28:33.979453,512
2026-02-17 02:28:33.987349,504
2026-02-17 02:28:33.995321,505
2026-02-17 02:28:34.003385,520
2026-02-17 02:28:34.011457,522
2026-02-17 02:28:34.019396,518
2026-02-17 02:28:34.027374,510
2026-02-17 02:28:34.035310,513
2026-02-17 02:28:34.043453,517
2026-02-17 02:28:34.051385,515
2026-02-17 02:28:34.059381,514
2026-02-17 02:28:34.067339,521
2026-02-17 02:28:34.075433,522
2026-02-17 02:28:34.083452,515
2026-02-17 02:28:34.091392,520
2026-02-17 02:28:34.099336,504
2026-02-17 02:28:34.107373,515
2026-02-17 02:28:34.115408,517
2026-02-17 02:28:34.123297,521
2026-02-17 02:28:34.131364,517
2026-02-17 02:28:34.139312,520
2026-02-17 02:28:34.147432,522
2026-02-17 02:28:34.155438,521
2026-02-17 02:28:34.163431,520
2026-02-17 02:28:34.171404,514
2026-02-17 02:28:34.179423,513
2026-02-17 02:28:34.187437,505
2026-02-17 02:28:34.195399,502
2026-02-17 02:28:34.203320,513
2026-02-17 02:28:34.211363,518
2026-02-17 02:28:34.219392,516
2026-02-17 02:28:34.227358,516
2026-02-17 02:28:34.235366,513
2026-02-17 02:28:34.243340,509
2026-02-17 02:28:34.251356,501
2026-02-17 02:28:34.259357,514
2026-02-17 02:28:34.267434,515
2026-02-17 02:28:34.275425,506
2026-02-17 02:28:34.283413,509
2026-02-17 02:28:34.291394,500
2026-02-17 02:28:34.299401,508
2026-02-17 02:28:34.307366,512
2026-02-17 02:28:34.315351,513
2026-02-17 02:28:34.323350,517
2026-02-17 02:28:34.331396,503
2026-02-17 02:28:34.339338,516
2026-02-17 02:28:34.347403,519
2026-02-17 02:28:34.355397,510
2026-02-17 02:28:34.363405,507
2026-02-17 02:28:34.371410,509
2026-02-17 02:28:34.379395,513
2026-02-17 02:28:34.387364,520
2026-02-17 02:28:34.395376,516
2026-02-17 02:28:34.403356,515
2026-02-17 02:28:34.411345,513
2026-02-17 02:28:34.419355,494
2026-02-17 02:28:34.427349,497
2026-02-17 02:28:34.435340,500
2026-02-17 02:28:34.443425,512
2026-02-17 02:28:34.451371,520
2026-02-17 02:28:34.459421,507
2026-02-17 02:28:34.467356,516
2026-02-17 02:28:34.475350,511
2026-02-17 02:28:34.483354,525
2026-02-17 02:28:34.491360,505
2026-02-17 02:28:34.499397,515
2026-02-17 02:28:34.507458,519
2026-02-17 02:28:34.515403,507
2026-02-17 02:28:34.523402,517
2026-02-17 02:28:34.531370,516
2026-02-17 02:28:34.539401,513
2026-02-17 02:28:34.547437,505
2026-02-17 02:28:34.555442,497
2026-02-17 02:28:34.563390,511
2026-02-17 02:28:34.571416,515
2026-02-17 02:28:34.579416,511
2026-02-17 02:28:34.587338,508
2026-02-17 02:28:34.595376,499
2026-02-17 02:28:34.603304,502
2026-02-17 02:28:34.611406,509
2026-02-17 02:28:34.619303,512
2026-02-17 02:28:34.627320,519
2026-02-17 02:28:34.635356,500
2026-02-17 02:28:34.643341,505
2026-02-17 02:28:34.651350,506
2026-02-17 02:28:34.659409,513
2026-02-17 02:28:34.667358,514
2026-02-17 02:28:34.675340,501
2026-02-17 02:28:34.683417,518
2026-02-17 02:28:34.691404,516
2026-02-17 02:28:34.699357,519
2026-02-17 02:28:34.707374,518
2026-02-17 02:28:34.715374,506
2026-02-17 02:28:34.723348,509
2026-02-17 02:28:34.731402,513
2026-02-17 02:28:34.739360,516
2026-02-17 02:28:34.747463,519
2026-02-17 02:28:34.755424,516
2026-02-17 02:28:34.763395,518
2026-02-17 02:28:34.771427,505
2026-02-17 02:28:34.779395,505
2026-02-17 02:28:34.787341,521
2026-02-17 02:28:34.795393,508
2026-02-17 02:28:34.803386,511
2026-02-17 02:28:34.811350,509
2026-02-17 02:28:34.819353,507
2026-02-17 02:28:34.827358,516
2026-02-17 02:28:34.835359,510
2026-02-17 02:28:34.843349,512
2026-02-17 02:28:34.851373,511
2026-02-17 02:28:34.859398,513
2026-02-17 02:28:34.867428,505
2026-02-17 02:28:34.875335,513
2026-02-17 02:28:34.883406,512
2026-02-17 02:28:34.891427,517
2026-02-17 02:28:34.899356,515
2026-02-17 02:28:34.907381,520
2026-02-17 02:28:34.915352,507
2026-02-17 02:28:34.923392,525
2026-02-17 02:28:34.931366,526
2026-02-17 02:28:34.939350,513
2026-02-17 02:28:34.947368,515
2026-02-17 02:28:34.955360,507
2026-02-17 02:28:34.963359,507
2026-02-17 02:28:34.971355,515
2026-02-17 02:28:34.979358,516
2026-02-17 02:28:34.987463,512
2026-02-17 02:28:34.995294,507
2026-02-17 02:28:35.003354,514
2026-02-17 02:28:35.011429,515
2026-02-17 02:28:35.019367,510
2026-02-17 02:28:35.027363,509
2026-02-17 02:28:35.035327,503
2026-02-17 02:28:35.043375,510
2026-02-17 02:28:35.051435,507
2026-02-17 02:28:35.059468,502
2026-02-17 02:28:35.067385,505
2026-02-17 02:28:35.075361,504
2026-02-17 02:28:35.083457,514
2026-02-17 02:28:35.091422,511
2026-02-17 02:28:35.099381,515
2026-02-17 02:28:35.107388,505
2026-02-17 02:28:35.115317,505
2026-02-17 02:28:35.123310,504
2026-02-17 02:28:35.131340,500
2026-02-17 02:28:35.139349,503
2026-02-17 02:28:35.147404,510
2026-02-17 02:28:35.155394,512
2026-02-17 02:28:35.163417,518
2026-02-17 02:28:35.171310,509
2026-02-17 02:28:35.179412,514
2026-02-17 02:28:35.187368,519
2026-02-17 02:28:35.195360,496
2026-02-17 02:28:35.203364,515
2026-02-17 02:28:35.211340,517
2026-02-17 02:28:35.219351,513
2026-02-17 02:28:35.227357,521
2026-02-17 02:28:35.235423,514
2026-02-17 02:28:35.243359,519
2026-02-17 02:28:35.251358,518
2026-02-17 02:28:35.259494,508
2026-02-17 02:28:35.267419,508
2026-02-17 02:28:35.275441,506
2026-02-17 02:28:35.283363,511
2026-02-17 02:28:35.291394,515
2026-02-17 02:28:35.299351,511
2026-02-17 02:28:35.307334,515
2026-02-17 02:28:35.315361,503
2026-02-17 02:28:35.323360,514
2026-02-17 02:28:35.331294,518
2026-02-17 02:28:35.339428,505
2026-02-17 02:28:35.347285,513
2026-02-17 02:28:35.355296,507
2026-02-17 02:28:35.363354,521
2026-02-17 02:28:35.371356,516
2026-02-17 02:28:35.379357,510
2026-02-17 02:28:35.387370,514
2026-02-17 02:28:35.395373,508
2026-02-17 02:28:35.403378,516
2026-02-17 02:28:35.411381,508
2026-02-17 02:28:35.419342,516
2026-02-17 02:28:35.427318,511
2026-02-17 02:28:35.435299,508
2026-02-17 02:28:35.443374,519
2026-02-17 02:28:35.451333,517
2026-02-17 02:28:35.459335,513
2026-02-17 02:28:35.467309,523
2026-02-17 02:28:35.475347,512
2026-02-17 02:28:35.483323,507
2026-02-17 02:28:35.491323,517
2026-02-17 02:28:35.499357,512
2026-02-17 02:28:35.507342,519
2026-02-17 02:28:35.515340,514
2026-02-17 02:28:35.523349,517
2026-02-17 02:28:35.531330,511
2026-02-17 02:28:35.539376,508
2026-02-17 02:28:35.547372,522
2026-02-17 02:28:35.555324,514
2026-02-17 02:28:35.563370,515
2026-02-17 02:28:35.571355,512
2026-02-17 02:28:35.579355,505
2026-02-17 02:28:35.587384,510
2026-02-17 02:28:35.595366,506
2026-02-17 02:28:35.603378,508
2026-02-17 02:28:35.611377,520
2026-02-17 02:28:35.619301,514
2026-02-17 02:28:35.627312,514
2026-02-17 02:28:35.635370,507
2026-02-17 02:28:35.643392,518
2026-02-17 02:28:35.651378,509
2026-02-17 02:28:35.659515,508
2026-02-17 02:28:35.667434,513
2026-02-17 02:28:35.675364,512
2026-02-17 02:28:35.683471,521
2026-02-17 02:28:35.691403,506
2026-02-17 02:28:35.699322,504
2026-02-17 02:28:35.707311,514
2026-02-17 02:28:35.715369,507
2026-02-17 02:28:35.723353,509
2026-02-17 02:28:35.731382,504
2026-02-17 02:28:35.739358,516
2026-02-17 02:28:35.747377,518
2026-02-17 02:28:35.755436,502
2026-02-17 02:28:35.763374,513
2026-02-17 02:28:35.771410,507
2026-02-17 02:28:35.779393,519
2026-02-17 02:28:35.787348,509
2026-02-17 02:28:35.795371,508
2026-02-17 02:28:35.803554,514
2026-02-17 02:28:35.811450,508
2026-02-17 02:28:35.819425,515
2026-02-17 02:28:35.827415,517
2026-02-17 02:28:35.835423,515
2026-02-17 02:28:35.843401,512
2026-02-17 02:28:35.851458,502
2026-02-17 02:28:35.859426,499
2026-02-17 02:28:35.867444,508
2026-02-17 02:28:35.875453,502
2026-02-17 02:28:35.883463,515
2026-02-17 02:28:35.891393,518
2026-02-17 02:28:35.899378,516
2026-02-17 02:28:35.907366,516
2026-02-17 02:28:35.915383,515
2026-02-17 02:28:35.923360,516
2026-02-17 02:28:35.931372,516
2026-02-17 02:28:35.939358,516
2026-02-17 02:28:35.947402,508
2026-02-17 02:28:35.955379,509
2026-02-17 02:28:35.963415,512
2026-02-17 02:28:35.971368,508
2026-02-17 02:28:35.979356,512
2026-02-17 02:28:35.987377,513
2026-02-17 02:28:35.995380,517
2026-02-17 02:28:36.003369,520
2026-02-17 02:28:36.011444,503
2026-02-17 02:28:36.019433,509
2026-02-17 02:28:36.027385,519
2026-02-17 02:28:36.035342,509
2026-02-17 02:28:36.043358,510
2026-02-17 02:28:36.051331,509
2026-02-17 02:28:36.059414,509
2026-02-17 02:28:36.067390,515
2026-02-17 02:28:36.075364,513
2026-02-17 02:28:36.083437,513
2026-02-17 02:28:36.091416,513
2026-02-17 02:28:36.099346,509
2026-02-17 02:28:36.107342,514
2026-02-17 02:28:36.115411,510
2026-02-17 02:28:36.123397,513
2026-02-17 02:28:36.131413,508
2026-02-17 02:28:36.139353,510
2026-02-17 02:28:36.147362,516
2026-02-17 02:28:36.155511,510
2026-02-17 02:28:36.163493,520
2026-02-17 02:28:36.171433,520
2026-02-17 02:28:36.179402,516
2026-02-17 02:28:36.187518,517
2026-02-17 02:28:36.195481,504
2026-02-17 02:28:36.203368,507
2026-02-17 02:28:36.211419,515
2026-02-17 02:28:36.219532,516
2026-02-17 02:28:36.227437,519
2026-02-17 02:28:36.235451,513
2026-02-17 02:28:36.243385,520
2026-02-17 02:28:36.251441,510
2026-02-17 02:28:36.259410,495
2026-02-17 02:28:36.267379,509
2026-02-17 02:28:36.275353,510
2026-02-17 02:28:36.283424,527
2026-02-17 02:28:36.291427,509
2026-02-17 02:28:36.299360,513
2026-02-17 02:28:36.307426,511
2026-02-17 02:28:36.315369,515
2026-02-17 02:28:36.323372,510
2026-02-17 02:28:36.331384,507
2026-02-17 02:28:36.339359,516
2026-02-17 02:28:36.347355,522
2026-02-17 02:28:36.355356,507
2026-02-17 02:28:36.363455,515
2026-02-17 02:28:36.371440,514
2026-02-17 02:28:36.379360,517
2026-02-17 02:28:36.387364,513
2026-02-17 02:28:36.395361,502
2026-02-17 02:28:36.403377,514
2026-02-17 02:28:36.411377,515
2026-02-17 02:28:36.419357,518
2026-02-17 02:28:36.427445,523
2026-02-17 02:28:36.435445,517
2026-02-17 02:28:36.443393,513
2026-02-17 02:28:36.451349,513
2026-02-17 02:28:36.459407,518
2026-02-17 02:28:36.467373,517
2026-02-17 02:28:36.475370,509
2026-02-17 02:28:36.483441,518
2026-02-17 02:28:36.491397,514
2026-02-17 02:28:36.499418,517
2026-02-17 02:28:36.507399,516
2026-02-17 02:28:36.515366,505
2026-02-17 02:28:36.523402,515
2026-02-17 02:28:36.531407,503
2026-02-17 02:28:36.539353,512
2026-02-17 02:28:36.547379,517
2026-02-17 02:28:36.555361,507
2026-02-17 02:28:36.563383,508
2026-02-17 02:28:36.571367,506
2026-02-17 02:28:36.579372,520
2026-02-17 02:28:36.587386,515
2026-02-17 02:28:36.595406,502
2026-02-17 02:28:36.603426,506
2026-02-17 02:28:36.611405,502
2026-02-17 02:28:36.619364,515
2026-02-17 02:28:36.627317,520
2026-02-17 02:28:36.635357,511
2026-02-17 02:28:36.643380,525
2026-02-17 02:28:36.651390,506
2026-02-17 02:28:36.659412,507
2026-02-17 02:28:36.667459,520
2026-02-17 02:28:36.675384,513
2026-02-17 02:28:36.683426,519
2026-02-17 02:28:36.691373,515
2026-02-17 02:28:36.699337,517
2026-02-17 02:28:36.707434,513
2026-02-17 02:28:36.715403,502
2026-02-17 02:28:36.723383,502
2026-02-17 02:28:36.731404,503
2026-02-17 02:28:36.739378,517
2026-02-17 02:28:36.747362,514
2026-02-17 02:28:36.755366,510
2026-02-17 02:28:36.763486,505
2026-02-17 02:28:36.771441,509
2026-02-17 02:28:36.779510,517
2026-02-17 02:28:36.787442,507
2026-02-17 02:28:36.795372,505
2026-02-17 02:28:36.803387,514
2026-02-17 02:28:36.811382,505
2026-02-17 02:28:36.819368,511
2026-02-17 02:28:36.827486,513
2026-02-17 02:28:36.835416,500
2026-02-17 02:28:36.843415,505
2026-02-17 02:28:36.851497,512
2026-02-17 02:28:36.859328,503
2026-02-17 02:28:36.867383,506
2026-02-17 02:28:36.875391,507
2026-02-17 02:28:36.883442,525
2026-02-17 02:28:36.891387,515
2026-02-17 02:28:36.899361,525
2026-02-17 02:28:36.907398,525
2026-02-17 02:28:36.915367,509
2026-02-17 02:28:36.923353,510
2026-02-17 02:28:36.931381,523
2026-02-17 02:28:36.939379,508
2026-02-17 02:28:36.947401,520
2026-02-17 02:28:36.955373,517
2026-02-17 02:28:36.963395,522
2026-02-17 02:28:36.971368,510
2026-02-17 02:28:36.979361,517
2026-02-17 02:28:36.987368,512
2026-02-17 02:28:36.995364,515
2026-02-17 02:28:37.003401,514
2026-02-17 02:28:37.011711,505
2026-02-17 02:28:37.019459,515
2026-02-17 02:28:37.027450,506
2026-02-17 02:28:37.035371,510
2026-02-17 02:28:37.043341,514
2026-02-17 02:28:37.051381,514
2026-02-17 02:28:37.059540,514
2026-02-17 02:28:37.067414,513
2026-02-17 02:28:37.075455,505
2026-02-17 02:28:37.083582,508
2026-02-17 02:28:37.091468,516
2026-02-17 02:28:37.099455,523
2026-02-17 02:28:37.107345,517
2026-02-17 02:28:37.115379,514
2026-02-17 02:28:37.123345,517
2026-02-17 02:28:37.131424,511
2026-02-17 02:28:37.139405,511
2026-02-17 02:28:37.147367,501
2026-02-17 02:28:37.155442,509
2026-02-17 02:28:37.163412,520
2026-02-17 02:28:37.171393,514
2026-02-17 02:28:37.179411,515
2026-02-17 02:28:37.187437,511
2026-02-17 02:28:37.195377,511
2026-02-17 02:28:37.203409,515
2026-02-17 02:28:37.211317,509
2026-02-17 02:28:37.219382,514
2026-02-17 02:28:37.227322,515
2026-02-17 02:28:37.235445,512
2026-02-17 02:28:37.243442,514
2026-02-17 02:28:37.251378,521
2026-02-17 02:28:37.259371,510
2026-02-17 02:28:37.267447,511
2026-02-17 02:28:37.275410,499
2026-02-17 02:28:37.283378,506
2026-02-17 02:28:37.291388,511
2026-02-17 02:28:37.299363,517
2026-02-17 02:28:37.307373,521
2026-02-17 02:28:37.315392,511
2026-02-17 02:28:37.323410,522
2026-02-17 02:28:37.331408,505
2026-02-17 02:28:37.339375,496
2026-02-17 02:28:37.347405,506
2026-02-17 02:28:37.355380,489
2026-02-17 02:28:37.363379,510
2026-02-17 02:28:37.371372,512
2026-02-17 02:28:37.379376,514
2026-02-17 02:28:37.387385,510
2026-02-17 02:28:37.395369,505
2026-02-17 02:28:37.403367,517
2026-02-17 02:28:37.411389,515
2026-02-17 02:28:37.419406,519
2026-02-17 02:28:37.427374,518
2026-02-17 02:28:37.435415,513
2026-02-17 02:28:37.443452,514
2026-02-17 02:28:37.451446,506
2026-02-17 02:28:37.459374,513
2026-02-17 02:28:37.467478,517
2026-02-17 02:28:37.475329,506
2026-02-17 02:28:37.483369,516
2026-02-17 02:28:37.491422,513
2026-02-17 02:28:37.499370,508
2026-02-17 02:28:37.507381,506
2026-02-17 02:28:37.515367,505
2026-02-17 02:28:37.523367,510
2026-02-17 02:28:37.531366,512
2026-02-17 02:28:37.539362,513
2026-02-17 02:28:37.547381,506
2026-02-17 02:28:37.555375,505
2026-02-17 02:28:37.563372,520
2026-02-17 02:28:37.571378,509
2026-02-17 02:28:37.579376,502
2026-02-17 02:28:37.587337,509
2026-02-17 02:28:37.595431,519
2026-02-17 02:28:37.603404,513
2026-02-17 02:28:37.611390,511
2026-02-17 02:28:37.619389,510
2026-02-17 02:28:37.627385,519
2026-02-17 02:28:37.635318,516
2026-02-17 02:28:37.643427,527
2026-02-17 02:28:37.651366,519
2026-02-17 02:28:37.659428,508
2026-02-17 02:28:37.667478,512
2026-02-17 02:28:37.675444,505
2026-02-17 02:28:37.683473,519
2026-02-17 02:28:37.691420,521
2026-02-17 02:28:37.699386,501
2026-02-17 02:28:37.707367,507
2026-02-17 02:28:37.715416,509
2026-02-17 02:28:37.723401,515
2026-02-17 02:28:37.731486,526
2026-02-17 02:28:37.739386,506
2026-02-17 02:28:37.747459,516
2026-02-17 02:28:37.755444,510
2026-02-17 02:28:37.763400,519
2026-02-17 02:28:37.771352,508
2026-02-17 02:28:37.779362,510
2026-02-17 02:28:37.787361,512
2026-02-17 02:28:37.795383,507
2026-02-17 02:28:37.803343,522
2026-02-17 02:28:37.811414,517
2026-02-17 02:28:37.819363,511
2026-02-17 02:28:37.827358,515
2026-02-17 02:28:37.835407,512
2026-02-17 02:28:37.843350,513
2026-02-17 02:28:37.851362,500
2026-02-17 02:28:37.859354,508
2026-02-17 02:28:37.867360,510
2026-02-17 02:28:37.875368,510
2026-02-17 02:28:37.883383,507
2026-02-17 02:28:37.891357,510
2026-02-17 02:28:37.899347,515
2026-02-17 02:28:37.907373,519
2026-02-17 02:28:37.915375,506
2026-02-17 02:28:37.923414,520
2026-02-17 02:28:37.931478,504
2026-02-17 02:28:37.939426,502
2026-02-17 02:28:37.947322,507
2026-02-17 02:28:37.955434,509
2026-02-17 02:28:37.963533,518
2026-02-17 02:28:37.971524,516
2026-02-17 02:28:37.980654,510
2026-02-17 02:28:37.987484,507
2026-02-17 02:28:37.995387,490
2026-02-17 02:28:38.003391,511
2026-02-17 02:28:38.011489,515
2026-02-17 02:28:38.019432,512
2026-02-17 02:28:38.027383,510
2026-02-17 02:28:38.035421,509
2026-02-17 02:28:38.043387,517
2026-02-17 02:28:38.051374,504
2026-02-17 02:28:38.059532,501
2026-02-17 02:28:38.067408,514
2026-02-17 02:28:38.075366,514
2026-02-17 02:28:38.083334,510
2026-02-17 02:28:38.091523,512
2026-02-17 02:28:38.099396,503
2026-02-17 02:28:38.107429,505
2026-02-17 02:28:38.115416,502
2026-02-17 02:28:38.123399,521
2026-02-17 02:28:38.131370,506
2026-02-17 02:28:38.139415,504
2026-02-17 02:28:38.147419,513
2026-02-17 02:28:38.155566,517
2026-02-17 02:28:38.163443,519
2026-02-17 02:28:38.171478,503
2026-02-17 02:28:38.179410,519
2026-02-17 02:28:38.187517,521
2026-02-17 02:28:38.195405,507
2026-02-17 02:28:38.203391,518
2026-02-17 02:28:38.211373,506
2026-02-17 02:28:38.219381,512
2026-02-17 02:28:38.227402,518
2026-02-17 02:28:38.235365,502
2026-02-17 02:28:38.243392,510
2026-02-17 02:28:38.251354,509
2026-02-17 02:28:38.259375,517
2026-02-17 02:28:38.267395,526
2026-02-17 02:28:38.275375,503
2026-02-17 02:28:38.283449,509
2026-02-17 02:28:38.291375,514
2026-02-17 02:28:38.299380,513
2026-02-17 02:28:38.307399,517
2026-02-17 02:28:38.315375,509
2026-02-17 02:28:38.323390,507
2026-02-17 02:28:38.331386,500
2026-02-17 02:28:38.339360,512
2026-02-17 02:28:38.347395,520
2026-02-17 02:28:38.355423,505
2026-02-17 02:28:38.363377,504
2026-02-17 02:28:38.371409,499
2026-02-17 02:28:38.379387,512
2026-02-17 02:28:38.387499,513
2026-02-17 02:28:38.395486,514
2026-02-17 02:28:38.403525,517
2026-02-17 02:28:38.411423,517
2026-02-17 02:28:38.419461,502
2026-02-17 02:28:38.427385,506
2026-02-17 02:28:38.435373,508
2026-02-17 02:28:38.443323,518
2026-02-17 02:28:38.451408,510
2026-02-17 02:28:38.459377,519
2026-02-17 02:28:38.467413,504
2026-02-17 02:28:38.475366,506
2026-02-17 02:28:38.483366,510
2026-02-17 02:28:38.491380,509
2026-02-17 02:28:38.499367,518
2026-02-17 02:28:38.507410,515
2026-02-17 02:28:38.515380,519
2026-02-17 02:28:38.523378,515
2026-02-17 02:28:38.531417,511
2026-02-17 02:28:38.539435,521
2026-02-17 02:28:38.547395,510
2026-02-17 02:28:38.555382,508
2026-02-17 02:28:38.563369,507
2026-02-17 02:28:38.571429,508
2026-02-17 02:28:38.579406,512
2026-02-17 02:28:38.587404,517
2026-02-17 02:28:38.595406,505
2026-02-17 02:28:38.603394,522
2026-02-17 02:28:38.611383,516
2026-02-17 02:28:38.619438,517
2026-02-17 02:28:38.627465,508
2026-02-17 02:28:38.635335,510
2026-02-17 02:28:38.643490,502
2026-02-17 02:28:38.651538,512
2026-02-17 02:28:38.659456,519
2026-02-17 02:28:38.667445,512
2026-02-17 02:28:38.675427,519
2026-02-17 02:28:38.683483,515
2026-02-17 02:28:38.691490,516
2026-02-17 02:28:38.699438,508
2026-02-17 02:28:38.707395,515
2026-02-17 02:28:38.715419,513
2026-02-17 02:28:38.723384,508
2026-02-17 02:28:38.731429,502
2026-02-17 02:28:38.739379,504
2026-02-17 02:28:38.747409,515
2026-02-17 02:28:38.755330,514
2026-02-17 02:28:38.763397,517
2026-02-17 02:28:38.771412,510
2026-02-17 02:28:38.779421,520
2026-02-17 02:28:38.787401,524
2026-02-17 02:28:38.795366,508
2026-02-17 02:28:38.803379,520
2026-02-17 02:28:38.811416,513
2026-02-17 02:28:38.819380,510
2026-02-17 02:28:38.827397,514
2026-02-17 02:28:38.835373,513
2026-02-17 02:28:38.843377,515
2026-02-17 02:28:38.851484,516
2026-02-17 02:28:38.859458,528
2026-02-17 02:28:38.867436,515
2026-02-17 02:28:38.875488,500
2026-02-17 02:28:38.883476,506
2026-02-17 02:28:38.891457,505
2026-02-17 02:28:38.899395,511
2026-02-17 02:28:38.907397,498
2026-02-17 02:28:38.915394,508
2026-02-17 02:28:38.923393,518
2026-02-17 02:28:38.931406,499
2026-02-17 02:28:38.939381,515
2026-02-17 02:28:38.947464,519
2026-02-17 02:28:38.955457,511
2026-02-17 02:28:38.963380,515
2026-02-17 02:28:38.971415,505
2026-02-17 02:28:38.979417,514
2026-02-17 02:28:38.987375,521
2026-02-17 02:28:38.995393,519
2026-02-17 02:28:39.003421,522
2026-02-17 02:28:39.011487,509
2026-02-17 02:28:39.019443,505
2026-02-17 02:28:39.027400,512
2026-02-17 02:28:39.035322,521
2026-02-17 02:28:39.043393,521
2026-02-17 02:28:39.051377,510
2026-02-17 02:28:39.059387,517
2026-02-17 02:28:39.067369,519
2026-02-17 02:28:39.075455,509
2026-02-17 02:28:39.083442,511
2026-02-17 02:28:39.091459,513
2026-02-17 02:28:39.099487,508
2026-02-17 02:28:39.107446,521
2026-02-17 02:28:39.115437,514
2026-02-17 02:28:39.123505,510
2026-02-17 02:28:39.131440,508
2026-02-17 02:28:39.139385,511
2026-02-17 02:28:39.147401,518
2026-02-17 02:28:39.155449,516
2026-02-17 02:28:39.163391,510
2026-02-17 02:28:39.171489,516
2026-02-17 02:28:39.179457,528
2026-02-17 02:28:39.187465,519
2026-02-17 02:28:39.195406,513
2026-02-17 02:28:39.203411,520
2026-02-17 02:28:39.211404,510
2026-02-17 02:28:39.219407,512
2026-02-17 02:28:39.227455,515
2026-02-17 02:28:39.235450,509
2026-02-17 02:28:39.243395,517
2026-02-17 02:28:39.251402,517
2026-02-17 02:28:39.259344,521
2026-02-17 02:28:39.267443,521
2026-02-17 02:28:39.275325,505
2026-02-17 02:28:39.283368,512
2026-02-17 02:28:39.291394,509
2026-02-17 02:28:39.299386,516
2026-02-17 02:28:39.307401,515
2026-02-17 02:28:39.315440,521
2026-02-17 02:28:39.323378,524
2026-02-17 02:28:39.331392,510
2026-02-17 02:28:39.339401,508
2026-02-17 02:28:39.347389,512
2026-02-17 02:28:39.355386,501
2026-02-17 02:28:39.363385,515
2026-02-17 02:28:39.371443,509
2026-02-17 02:28:39.379400,516
2026-02-17 02:28:39.387379,515
2026-02-17 02:28:39.395428,514
2026-02-17 02:28:39.403456,510
2026-02-17 02:28:39.411392,507
2026-02-17 02:28:39.419398,513
2026-02-17 02:28:39.427399,505
2026-02-17 02:28:39.435387,505
2026-02-17 02:28:39.443365,513
2026-02-17 02:28:39.451359,517
2026-02-17 02:28:39.459393,516
2026-02-17 02:28:39.467382,510
2026-02-17 02:28:39.475518,508
2026-02-17 02:28:39.483415,508
2026-02-17 02:28:39.491412,513
2026-02-17 02:28:39.499404,511
2026-02-17 02:28:39.507381,515
2026-02-17 02:28:39.515428,506
2026-02-17 02:28:39.523427,507
2026-02-17 02:28:39.531397,508
2026-02-17 02:28:39.539394,493
2026-02-17 02:28:39.547390,504
2026-02-17 02:28:39.555372,517
2026-02-17 02:28:39.563379,517
2026-02-17 02:28:39.571376,509
2026-02-17 02:28:39.579396,522
2026-02-17 02:28:39.587346,522
2026-02-17 02:28:39.595333,504
2026-02-17 02:28:39.603451,512
2026-02-17 02:28:39.611394,507
2026-02-17 02:28:39.619376,510
2026-02-17 02:28:39.627386,518
2026-02-17 02:28:39.635393,513
2026-02-17 02:28:39.643384,517
2026-02-17 02:28:39.651466,500
2026-02-17 02:28:39.659423,509
2026-02-17 02:28:39.667446,502
2026-02-17 02:28:39.675558,504
2026-02-17 02:28:39.683496,512
2026-02-17 02:28:39.691477,501
2026-02-17 02:28:39.699383,509
2026-02-17 02:28:39.707454,523
2026-02-17 02:28:39.715403,505
2026-02-17 02:28:39.723424,518
2026-02-17 02:28:39.731387,515
2026-02-17 02:28:39.739405,509
2026-02-17 02:28:39.747407,520
2026-02-17 02:28:39.755431,513
2026-02-17 02:28:39.763334,516
2026-02-17 02:28:39.771336,514
2026-02-17 02:28:39.779432,513
2026-02-17 02:28:39.787352,506
2026-02-17 02:28:39.795438,506
2026-02-17 02:28:39.803411,509
2026-02-17 02:28:39.811392,519
2026-02-17 02:28:39.819385,515
2026-02-17 02:28:39.827438,516
2026-02-17 02:28:39.835392,506
2026-02-17 02:28:39.843430,506
2026-02-17 02:28:39.851505,512
2026-02-17 02:28:39.859453,507
2026-02-17 02:28:39.867477,512
2026-02-17 02:28:39.875393,514
2026-02-17 02:28:39.883397,521
2026-02-17 02:28:39.891423,518
2026-02-17 02:28:39.899452,510
2026-02-17 02:28:39.907457,510
2026-02-17 02:28:39.915450,509
2026-02-17 02:28:39.923381,525
2026-02-17 02:28:39.931363,515
2026-02-17 02:28:39.939404,514
2026-02-17 02:28:39.947400,518
2026-02-17 02:28:39.955396,508
2026-02-17 02:28:39.963574,519
2026-02-17 02:28:39.971485,509
2026-02-17 02:28:39.979469,513
2026-02-17 02:28:39.987421,515
2026-02-17 02:28:39.995380,506
2026-02-17 02:28:40.003417,517
2026-02-17 02:28:40.011472,518
2026-02-17 02:28:40.019446,510
2026-02-17 02:28:40.027434,514
2026-02-17 02:28:40.035422,513
2026-02-17 02:28:40.043368,508
2026-02-17 02:28:40.051372,510
2026-02-17 02:28:40.059397,509
2026-02-17 02:28:40.067421,515
2026-02-17 02:28:40.075364,511
2026-02-17 02:28:40.083432,515
2026-02-17 02:28:40.091483,511
2026-02-17 02:28:40.099398,515
2026-02-17 02:28:40.107389,521
2026-02-17 02:28:40.115356,511
2026-02-17 02:28:40.123474,519
2026-02-17 02:28:40.131411,506
2026-02-17 02:28:40.139431,512
2026-02-17 02:28:40.147439,521
2026-02-17 02:28:40.155545,515
2026-02-17 02:28:40.163473,524
2026-02-17 02:28:40.171455,500
2026-02-17 02:28:40.179419,515
2026-02-17 02:28:40.187495,519
2026-02-17 02:28:40.195430,512
2026-02-17 02:28:40.203436,524
2026-02-17 02:28:40.211477,516
2026-02-17 02:28:40.219391,516
2026-02-17 02:28:40.227400,516
2026-02-17 02:28:40.235383,505
2026-02-17 02:28:40.243387,509
2026-02-17 02:28:40.251376,513
2026-02-17 02:28:40.259406,517
2026-02-17 02:28:40.267394,513
2026-02-17 02:28:40.275361,515
2026-02-17 02:28:40.283423,520
2026-02-17 02:28:40.291527,500
2026-02-17 02:28:40.299454,515
2026-02-17 02:28:40.307433,509
2026-02-17 02:28:40.315392,510
2026-02-17 02:28:40.323402,511
2026-02-17 02:28:40.331407,504
2026-02-17 02:28:40.339421,515
2026-02-17 02:28:40.347408,507
2026-02-17 02:28:40.355389,507
2026-02-17 02:28:40.363402,511
2026-02-17 02:28:40.371399,510
2026-02-17 02:28:40.379445,513
2026-02-17 02:28:40.387437,514
2026-02-17 02:28:40.395470,512
2026-02-17 02:28:40.403449,510
2026-02-17 02:28:40.411399,502
2026-02-17 02:28:40.419406,491
2026-02-17 02:28:40.427432,508
2026-02-17 02:28:40.435393,507
2026-02-17 02:28:40.443465,519
2026-02-17 02:28:40.451495,512
2026-02-17 02:28:40.459467,511
2026-02-17 02:28:40.467392,513
2026-02-17 02:28:40.475371,508
2026-02-17 02:28:40.483434,517
2026-02-17 02:28:40.491456,511
2026-02-17 02:28:40.499391,520
2026-02-17 02:28:40.507465,515
2026-02-17 02:28:40.515396,507
2026-02-17 02:28:40.523390,521
2026-02-17 02:28:40.531382,508
2026-02-17 02:28:40.539388,515
2026-02-17 02:28:40.547433,520
2026-02-17 02:28:40.555451,513
2026-02-17 02:28:40.563385,504
2026-02-17 02:28:40.571955,514
2026-02-17 02:28:40.579475,497
2026-02-17 02:28:40.587394,513
2026-02-17 02:28:40.595440,514
2026-02-17 02:28:40.603426,515
2026-02-17 02:28:40.611466,502
2026-02-17 02:28:40.619459,512
2026-02-17 02:28:40.627409,518
2026-02-17 02:28:40.635385,516
2026-02-17 02:28:40.643375,522
2026-02-17 02:28:40.651352,509
2026-02-17 02:28:40.659509,509
2026-02-17 02:28:40.667460,503
2026-02-17 02:28:40.675493,512
2026-02-17 02:28:40.683479,514
2026-02-17 02:28:40.691550,510
2026-02-17 02:28:40.699457,514
2026-02-17 02:28:40.707465,512
2026-02-17 02:28:40.715438,513
2026-02-17 02:28:40.723403,519
2026-02-17 02:28:40.731392,523
2026-02-17 02:28:40.739402,510
2026-02-17 02:28:40.747433,513
2026-02-17 02:28:40.755514,505
2026-02-17 02:28:40.763417,512
2026-02-17 02:28:40.771417,515
2026-02-17 02:28:40.779470,520
2026-02-17 02:28:40.787370,521
2026-02-17 02:28:40.795413,514
2026-02-17 02:28:40.803338,515
2026-02-17 02:28:40.811442,513
2026-02-17 02:28:40.819396,515
2026-02-17 02:28:40.827431,516
2026-02-17 02:28:40.835383,513
2026-02-17 02:28:40.843400,519
2026-02-17 02:28:40.851537,517
2026-02-17 02:28:40.859457,501
2026-02-17 02:28:40.867422,512
2026-02-17 02:28:40.875435,514
2026-02-17 02:28:40.883413,530
2026-02-17 02:28:40.891453,521
2026-02-17 02:28:40.899449,515
2026-02-17 02:28:40.907405,502
2026-02-17 02:28:40.915424,509
2026-02-17 02:28:40.923413,518
2026-02-17 02:28:40.931394,513
2026-02-17 02:28:40.939405,521
2026-02-17 02:28:40.947400,503
2026-02-17 02:28:40.955390,504
2026-02-17 02:28:40.963403,518
2026-02-17 02:28:40.971403,512
2026-02-17 02:28:40.979427,518
2026-02-17 02:28:40.987390,512
2026-02-17 02:28:40.995391,501
2026-02-17 02:28:41.003433,517
2026-02-17 02:28:41.011431,512
2026-02-17 02:28:41.019539,516
2026-02-17 02:28:41.027406,520
2026-02-17 02:28:41.035429,510
2026-02-17 02:28:41.043345,514
2026-02-17 02:28:41.051442,506
2026-02-17 02:28:41.059495,514
2026-02-17 02:28:41.067520,514
2026-02-17 02:28:41.075478,523
2026-02-17 02:28:41.083427,507
2026-02-17 02:28:41.091488,507
2026-02-17 02:28:41.099421,501
2026-02-17 02:28:41.107391,514
2026-02-17 02:28:41.115395,515
2026-02-17 02:28:41.123406,517
2026-02-17 02:28:41.131399,508
2026-02-17 02:28:41.139385,505
2026-02-17 02:28:41.147398,496
2026-02-17 02:28:41.155732,500
2026-02-17 02:28:41.163982,510
2026-02-17 02:28:41.171504,507
2026-02-17 02:28:41.179485,514
2026-02-17 02:28:41.187495,509
2026-02-17 02:28:41.195461,508
2026-02-17 02:28:41.203434,526
2026-02-17 02:28:41.211439,524
2026-02-17 02:28:41.219398,516
2026-02-17 02:28:41.227443,516
2026-02-17 02:28:41.235456,519
2026-02-17 02:28:41.243454,511
2026-02-17 02:28:41.251437,514
2026-02-17 02:28:41.259397,514
2026-02-17 02:28:41.267445,515
2026-02-17 02:28:41.275449,513
2026-02-17 02:28:41.283401,519
2026-02-17 02:28:41.291496,503
2026-02-17 02:28:41.299394,510
2026-02-17 02:28:41.307443,515
2026-02-17 02:28:41.315446,505
2026-02-17 02:28:41.323424,522
2026-02-17 02:28:41.331415,509
2026-02-17 02:28:41.339403,512
2026-02-17 02:28:41.347432,524
2026-02-17 02:28:41.355448,512
2026-02-17 02:28:41.363390,521
2026-02-17 02:28:41.371392,504
2026-02-17 02:28:41.379448,505
2026-02-17 02:28:41.387456,514
2026-02-17 02:28:41.395463,515
2026-02-17 02:28:41.403490,509
2026-02-17 02:28:41.411406,510
2026-02-17 02:28:41.419447,508
2026-02-17 02:28:41.427423,516
2026-02-17 02:28:41.435393,513
2026-02-17 02:28:41.443490,527
2026-02-17 02:28:41.451479,510
2026-02-17 02:28:41.459490,514
2026-02-17 02:28:41.467451,506
2026-02-17 02:28:41.475411,500
2026-02-17 02:28:41.483397,512
2026-02-17 02:28:41.491405,511
2026-02-17 02:28:41.499407,510
2026-02-17 02:28:41.507438,509
2026-02-17 02:28:41.515395,502
2026-02-17 02:28:41.523438,514
2026-02-17 02:28:41.531440,517
2026-02-17 02:28:41.539410,515
2026-02-17 02:28:41.547401,518
2026-02-17 02:28:41.555399,506
2026-02-17 02:28:41.563395,512
2026-02-17 02:28:41.571443,508
2026-02-17 02:28:41.579428,515
2026-02-17 02:28:41.587468,516
2026-02-17 02:28:41.595442,514
2026-02-17 02:28:41.603459,514
2026-02-17 02:28:41.611428,510
2026-02-17 02:28:41.619398,514
2026-02-17 02:28:41.627429,508
2026-02-17 02:28:41.635406,512
2026-02-17 02:28:41.643483,510
2026-02-17 02:28:41.651347,504
2026-02-17 02:28:41.659434,508
2026-02-17 02:28:41.667444,510
2026-02-17 02:28:41.675416,513
2026-02-17 02:28:41.683491,518
2026-02-17 02:28:41.691544,514
2026-02-17 02:28:41.699486,506
2026-02-17 02:28:41.707473,516
2026-02-17 02:28:41.715482,506
2026-02-17 02:28:41.723479,516
2026-02-17 02:28:41.731398,518
2026-02-17 02:28:41.739436,518
2026-02-17 02:28:41.747397,507
2026-02-17 02:28:41.755505,511
2026-02-17 02:28:41.763483,515
2026-02-17 02:28:41.771456,522
2026-02-17 02:28:41.779459,516
2026-02-17 02:28:41.787424,512
2026-02-17 02:28:41.795420,499
2026-02-17 02:28:41.803410,509
2026-02-17 02:28:41.811348,512
2026-02-17 02:28:41.819403,508
2026-02-17 02:28:41.827414,516
2026-02-17 02:28:41.835465,501
2026-02-17 02:28:41.843416,518
2026-02-17 02:28:41.851507,510
2026-02-17 02:28:41.859493,516
2026-02-17 02:28:41.867514,524
2026-02-17 02:28:41.875448,515
2026-02-17 02:28:41.883417,511
2026-02-17 02:28:41.891401,509
2026-02-17 02:28:41.899481,508
2026-02-17 02:28:41.907415,501
2026-02-17 02:28:41.915440,506
2026-02-17 02:28:41.923449,505
2026-02-17 02:28:41.931451,518
2026-02-17 02:28:41.939410,525
2026-02-17 02:28:41.947409,519
2026-02-17 02:28:41.955390,506
2026-02-17 02:28:41.963400,512
2026-02-17 02:28:41.971413,520
2026-02-17 02:28:41.979397,514
2026-02-17 02:28:41.987478,512
2026-02-17 02:28:41.995536,505
2026-02-17 02:28:42.003433,515
2026-02-17 02:28:42.011412,513
2026-02-17 02:28:42.019439,513
2026-02-17 02:28:42.027406,522
2026-02-17 02:28:42.035416,511
2026-02-17 02:28:42.043355,510
2026-02-17 02:28:42.051724,519
2026-02-17 02:28:42.059520,513
2026-02-17 02:28:42.067530,517
2026-02-17 02:28:42.075505,512
2026-02-17 02:28:42.083420,513
2026-02-17 02:28:42.091465,514
2026-02-17 02:28:42.099436,506
2026-02-17 02:28:42.107368,512
2026-02-17 02:28:42.115373,510
2026-02-17 02:28:42.123406,517
2026-02-17 02:28:42.131387,505
2026-02-17 02:28:42.139399,508
2026-02-17 02:28:42.147402,511
2026-02-17 02:28:42.155483,506
2026-02-17 02:28:42.163403,515
2026-02-17 02:28:42.171411,511
2026-02-17 02:28:42.179406,514
2026-02-17 02:28:42.187487,522
2026-02-17 02:28:42.195464,515
2026-02-17 02:28:42.203403,513
2026-02-17 02:28:42.211422,514
2026-02-17 02:28:42.219419,512
2026-02-17 02:28:42.227415,508
2026-02-17 02:28:42.235398,516
2026-02-17 02:28:42.243487,519
2026-02-17 02:28:42.251337,513
2026-02-17 02:28:42.259349,504
2026-02-17 02:28:42.267405,509
2026-02-17 02:28:42.275456,515
2026-02-17 02:28:42.283412,513
2026-02-17 02:28:42.291415,519
2026-02-17 02:28:42.299427,520
2026-02-17 02:28:42.307410,516
2026-02-17 02:28:42.315383,516
2026-02-17 02:28:42.323475,519
2026-02-17 02:28:42.331465,500
2026-02-17 02:28:42.339406,510
2026-02-17 02:28:42.347396,515
2026-02-17 02:28:42.355417,518
2026-02-17 02:28:42.363430,529
2026-02-17 02:28:42.371398,506
2026-02-17 02:28:42.379401,521
2026-02-17 02:28:42.387458,519
2026-02-17 02:28:42.395418,515
2026-02-17 02:28:42.403455,521
2026-02-17 02:28:42.411419,522
2026-02-17 02:28:42.420214,514
2026-02-17 02:28:42.427458,522
2026-02-17 02:28:42.435412,508
2026-02-17 02:28:42.443413,522
2026-02-17 02:28:42.451490,516
2026-02-17 02:28:42.459403,520
2026-02-17 02:28:42.467405,529
2026-02-17 02:28:42.475495,523
2026-02-17 02:28:42.483344,524
2026-02-17 02:28:42.491400,511
2026-02-17 02:28:42.499400,505
2026-02-17 02:28:42.507412,520
2026-02-17 02:28:42.515420,517
2026-02-17 02:28:42.523508,514
2026-02-17 02:28:42.531459,514
2026-02-17 02:28:42.539424,518
2026-02-17 02:28:42.547393,516
2026-02-17 02:28:42.555450,509
2026-02-17 02:28:42.563395,510
2026-02-17 02:28:42.571444,505
2026-02-17 02:28:42.579389,508
2026-02-17 02:28:42.587431,510
2026-02-17 02:28:42.595482,512
2026-02-17 02:28:42.603474,517
2026-02-17 02:28:42.611440,508
2026-02-17 02:28:42.619420,507
2026-02-17 02:28:42.627411,502
2026-02-17 02:28:42.635405,491
2026-02-17 02:28:42.643401,503
2026-02-17 02:28:42.651469,501
2026-02-17 02:28:42.659496,502
2026-02-17 02:28:42.667462,512
2026-02-17 02:28:42.675463,505
2026-02-17 02:28:42.683418,502
2026-02-17 02:28:42.691587,506
2026-02-17 02:28:42.699422,510
2026-02-17 02:28:42.707407,510
2026-02-17 02:28:42.715362,503
2026-02-17 02:28:42.723353,522
2026-02-17 02:28:42.731473,510
2026-02-17 02:28:42.739417,509
2026-02-17 02:28:42.747460,515
2026-02-17 02:28:42.755401,512
2026-02-17 02:28:42.763388,515
2026-02-17 02:28:42.771412,521
2026-02-17 02:28:42.779359,515
2026-02-17 02:28:42.787384,522
2026-02-17 02:28:42.795407,514
2026-02-17 02:28:42.803371,523
2026-02-17 02:28:42.811383,505
2026-02-17 02:28:42.819385,520
2026-02-17 02:28:42.827370,520
2026-02-17 02:28:42.835391,518
2026-02-17 02:28:42.843389,522
2026-02-17 02:28:42.851414,512
2026-02-17 02:28:42.859357,509
2026-02-17 02:28:42.867395,515
2026-02-17 02:28:42.875397,501
2026-02-17 02:28:42.883380,513
2026-02-17 02:28:42.891394,510
2026-02-17 02:28:42.899401,510
2026-02-17 02:28:42.907445,515
2026-02-17 02:28:42.915471,512
2026-02-17 02:28:42.923411,523
2026-02-17 02:28:42.931393,516
2026-02-17 02:28:42.939446,513
2026-02-17 02:28:42.947415,510
2026-02-17 02:28:42.955453,516
2026-02-17 02:28:42.963459,509
2026-02-17 02:28:42.971407,514
2026-02-17 02:28:42.979440,520
2026-02-17 02:28:42.987403,514
2026-02-17 02:28:42.995404,510
2026-02-17 02:28:43.003456,518
2026-02-17 02:28:43.011391,512
2026-02-17 02:28:43.019496,513
2026-02-17 02:28:43.027434,511
2026-02-17 02:28:43.035472,513
2026-02-17 02:28:43.043424,514
2026-02-17 02:28:43.051418,510
2026-02-17 02:28:43.059487,517
2026-02-17 02:28:43.067448,517
2026-02-17 02:28:43.075571,508
2026-02-17 02:28:43.083504,515
2026-02-17 02:28:43.091459,513
2026-02-17 02:28:43.099378,504
2026-02-17 02:28:43.107412,519
2026-02-17 02:28:43.115411,514
2026-02-17 02:28:43.123475,516
2026-02-17 02:28:43.131399,512
2026-02-17 02:28:43.139507,507
2026-02-17 02:28:43.147458,512
2026-02-17 02:28:43.155457,516
2026-02-17 02:28:43.163412,515
2026-02-17 02:28:43.171465,509
2026-02-17 02:28:43.179494,517
2026-02-17 02:28:43.187359,523
2026-02-17 02:28:43.195421,510
2026-02-17 02:28:43.203353,521
2026-02-17 02:28:43.211419,517
2026-02-17 02:28:43.219408,517
2026-02-17 02:28:43.227406,506
2026-02-17 02:28:43.235430,515
2026-02-17 02:28:43.243405,514
2026-02-17 02:28:43.251409,515
2026-02-17 02:28:43.259415,515
2026-02-17 02:28:43.267420,515
2026-02-17 02:28:43.275478,512
2026-02-17 02:28:43.283406,520
2026-02-17 02:28:43.291534,515
2026-02-17 02:28:43.299484,518
2026-02-17 02:28:43.307515,504
2026-02-17 02:28:43.315481,515
2026-02-17 02:28:43.323888,512
2026-02-17 02:28:43.331673,514
2026-02-17 02:28:43.342234,516
2026-02-17 02:28:43.347425,503
2026-02-17 02:28:43.355500,500
2026-02-17 02:28:43.363453,502
2026-02-17 02:28:43.371467,503
2026-02-17 02:28:43.379507,510
2026-02-17 02:28:43.387425,512
2026-02-17 02:28:43.395528,516
2026-02-17 02:28:43.403506,530
2026-02-17 02:28:43.411485,507
2026-02-17 02:28:43.419489,514
2026-02-17 02:28:43.427520,515
2026-02-17 02:28:43.435478,505
2026-02-17 02:28:43.443466,519
2026-02-17 02:28:43.451545,508
2026-02-17 02:28:43.459428,516
2026-02-17 02:28:43.467493,526
2026-02-17 02:28:43.475370,512
2026-02-17 02:28:43.483471,521
2026-02-17 02:28:43.491479,521
2026-02-17 02:28:43.499442,521
2026-02-17 02:28:43.507436,509
2026-02-17 02:28:43.515406,503
2026-02-17 02:28:43.523417,503
2026-02-17 02:28:43.531423,482
2026-02-17 02:28:43.539455,493
2026-02-17 02:28:43.547450,491
2026-02-17 02:28:43.555426,481
2026-02-17 02:28:43.563412,493
2026-02-17 02:28:43.571398,493
2026-02-17 02:28:43.579399,501
2026-02-17 02:28:43.587411,493
2026-02-17 02:28:43.595417,495
2026-02-17 02:28:43.603418,506
2026-02-17 02:28:43.611443,502
2026-02-17 02:28:43.619489,501
2026-02-17 02:28:43.627426,512
2026-02-17 02:28:43.635445,499
2026-02-17 02:28:43.643441,504
2026-02-17 02:28:43.651574,504
2026-02-17 02:28:43.659477,516
2026-02-17 02:28:43.667505,517
2026-02-17 02:28:43.675568,519
2026-02-17 02:28:43.683468,519
2026-02-17 02:28:43.691470,514
2026-02-17 02:28:43.699407,519
2026-02-17 02:28:43.707492,520
2026-02-17 02:28:43.715423,505
2026-02-17 02:28:43.723464,512
2026-02-17 02:28:43.731424,511
2026-02-17 02:28:43.739408,511
2026-02-17 02:28:43.747474,509
2026-02-17 02:28:43.755469,512
2026-02-17 02:28:43.763453,514
2026-02-17 02:28:43.771469,502
2026-02-17 02:28:43.779468,515
2026-02-17 02:28:43.787427,512
2026-02-17 02:28:43.795537,511
2026-02-17 02:28:43.803428,507
2026-02-17 02:28:43.811423,505
2026-02-17 02:28:43.819431,511
2026-02-17 02:28:43.827418,507
2026-02-17 02:28:43.835368,504
2026-02-17 02:28:43.843410,512
2026-02-17 02:28:43.851422,512
2026-02-17 02:28:43.859473,511
2026-02-17 02:28:43.867429,518
2026-02-17 02:28:43.875477,514
2026-02-17 02:28:43.883415,517
2026-02-17 02:28:43.891380,517
2026-02-17 02:28:43.899414,517
2026-02-17 02:28:43.907434,513
2026-02-17 02:28:43.915450,514
2026-02-17 02:28:43.923421,516
2026-02-17 02:28:43.931433,509
2026-02-17 02:28:43.939404,512
2026-02-17 02:28:43.947414,508
2026-02-17 02:28:43.955488,511
2026-02-17 02:28:43.963430,509
2026-02-17 02:28:43.971425,512
2026-02-17 02:28:43.979458,512
2026-02-17 02:28:43.987435,512
2026-02-17 02:28:43.995472,507
2026-02-17 02:28:44.003481,514
2026-02-17 02:28:44.011439,511
2026-02-17 02:28:44.019356,513
2026-02-17 02:28:44.027355,520
2026-02-17 02:28:44.035482,509
2026-02-17 02:28:44.043368,512
2026-02-17 02:28:44.051358,503
2026-02-17 02:28:44.059464,500
2026-02-17 02:28:44.067421,502
2026-02-17 02:28:44.075407,491
2026-02-17 02:28:44.083416,509
2026-02-17 02:28:44.091418,509
2026-02-17 02:28:44.099489,508
2026-02-17 02:28:44.107414,514
2026-02-17 02:28:44.115487,520
2026-02-17 02:28:44.123412,513
2026-02-17 02:28:44.131420,516
2026-02-17 02:28:44.139415,521
2026-02-17 02:28:44.148532,521
2026-02-17 02:28:44.155395,519
2026-02-17 02:28:44.163459,513
2026-02-17 02:28:44.171486,515
2026-02-17 02:28:44.179415,516
2026-02-17 02:28:44.187460,521
2026-02-17 02:28:44.195500,514
2026-02-17 02:28:44.203410,524
2026-02-17 02:28:44.211434,508
2026-02-17 02:28:44.219430,516
2026-02-17 02:28:44.227413,508
2026-02-17 02:28:44.235410,508
2026-02-17 02:28:44.243348,510
2026-02-17 02:28:44.251352,510
2026-02-17 02:28:44.259416,516
2026-02-17 02:28:44.267402,514
2026-02-17 02:28:44.275406,514
2026-02-17 02:28:44.283415,504
2026-02-17 02:28:44.291404,507
2026-02-17 02:28:44.299402,512
2026-02-17 02:28:44.307405,509
2026-02-17 02:28:44.315400,509
2026-02-17 02:28:44.323417,517
2026-02-17 02:28:44.331408,514
2026-02-17 02:28:44.339350,508
2026-02-17 02:28:44.347387,508
2026-02-17 02:28:44.355361,513
2026-02-17 02:28:44.363404,519
2026-02-17 02:28:44.371517,506
2026-02-17 02:28:44.379478,515
2026-02-17 02:28:44.387436,514
2026-02-17 02:28:44.395412,504
2026-02-17 02:28:44.403424,518
2026-02-17 02:28:44.411423,510
2026-02-17 02:28:44.419401,511
2026-02-17 02:28:44.427356,508
2026-02-17 02:28:44.435410,509
2026-02-17 02:28:44.443396,512
2026-02-17 02:28:44.451430,503
2026-02-17 02:28:44.459423,507
2026-02-17 02:28:44.467426,521
2026-02-17 02:28:44.475391,515
2026-02-17 02:28:44.483430,520
2026-02-17 02:28:44.491409,516
2026-02-17 02:28:44.499411,515
2026-02-17 02:28:44.507410,510
2026-02-17 02:28:44.515402,512
2026-02-17 02:28:44.523359,523
2026-02-17 02:28:44.531373,512
2026-02-17 02:28:44.539493,516
2026-02-17 02:28:44.547370,514
2026-02-17 02:28:44.555390,499
2026-02-17 02:28:44.563376,509
2026-02-17 02:28:44.571366,509
2026-02-17 02:28:44.579376,512
2026-02-17 02:28:44.587363,515
2026-02-17 02:28:44.595397,510
2026-02-17 02:28:44.603391,514
2026-02-17 02:28:44.611386,505
2026-02-17 02:28:44.619386,508
2026-02-17 02:28:44.627437,513
2026-02-17 02:28:44.635476,507
2026-02-17 02:28:44.643429,510
2026-02-17 02:28:44.651440,508
2026-02-17 02:28:44.659378,516
2026-02-17 02:28:44.667429,518
2026-02-17 02:28:44.675528,515
2026-02-17 02:28:44.683424,513
2026-02-17 02:28:44.691448,512
2026-02-17 02:28:44.699427,515
2026-02-17 02:28:44.707438,501
2026-02-17 02:28:44.715428,508
2026-02-17 02:28:44.723407,509
2026-02-17 02:28:44.731482,518
2026-02-17 02:28:44.739425,523
2026-02-17 02:28:44.747471,524
2026-02-17 02:28:44.755418,518
2026-02-17 02:28:44.763432,505
2026-02-17 02:28:44.771419,498
2026-02-17 02:28:44.779416,505
2026-02-17 02:28:44.787420,506
2026-02-17 02:28:44.795465,500
2026-02-17 02:28:44.803412,508
2026-02-17 02:28:44.811430,509
2026-02-17 02:28:44.819440,509
2026-02-17 02:28:44.827441,515
2026-02-17 02:28:44.835412,512
2026-02-17 02:28:44.843415,518
2026-02-17 02:28:44.851522,518
2026-02-17 02:28:44.859517,516
2026-02-17 02:28:44.867434,510
2026-02-17 02:28:44.875466,507
2026-02-17 02:28:44.883362,504
2026-02-17 02:28:44.891380,509
2026-02-17 02:28:44.899362,518
2026-02-17 02:28:44.907409,516
2026-02-17 02:28:44.915407,510
2026-02-17 02:28:44.923385,511
2026-02-17 02:28:44.931464,512
2026-02-17 02:28:44.939406,520
2026-02-17 02:28:44.947386,522
2026-02-17 02:28:44.955410,513
2026-02-17 02:28:44.963394,513
2026-02-17 02:28:44.971411,518
2026-02-17 02:28:44.979391,517
2026-02-17 02:28:44.987408,512
2026-02-17 02:28:44.995457,509
2026-02-17 02:28:45.003463,515
2026-02-17 02:28:45.011448,503
2026-02-17 02:28:45.019398,512
2026-02-17 02:28:45.027391,517
2026-02-17 02:28:45.035356,503
2026-02-17 02:28:45.043428,511
2026-02-17 02:28:45.051428,505
2026-02-17 02:28:45.059413,512
2026-02-17 02:28:45.067443,526
2026-02-17 02:28:45.075396,507
2026-02-17 02:28:45.083415,528
2026-02-17 02:28:45.091428,521
2026-02-17 02:28:45.099437,509
2026-02-17 02:28:45.107471,513
2026-02-17 02:28:45.115381,505
2026-02-17 02:28:45.123383,507
2026-02-17 02:28:45.131420,511
2026-02-17 02:28:45.139470,520
2026-02-17 02:28:45.147424,507
2026-02-17 02:28:45.155523,512
2026-02-17 02:28:45.163492,520
2026-02-17 02:28:45.171484,508
2026-02-17 02:28:45.179513,498
2026-02-17 02:28:45.187424,508
2026-02-17 02:28:45.195460,515
2026-02-17 02:28:45.203477,512
2026-02-17 02:28:45.211442,513
2026-02-17 02:28:45.219468,517
2026-02-17 02:28:45.227422,512
2026-02-17 02:28:45.235436,512
2026-02-17 02:28:45.243421,521
2026-02-17 02:28:45.251453,502
2026-02-17 02:28:45.259460,513
2026-02-17 02:28:45.267416,507
2026-02-17 02:28:45.275564,503
2026-02-17 02:28:45.283475,515
2026-02-17 02:28:45.291486,521
2026-02-17 02:28:45.299443,511
2026-02-17 02:28:45.307538,514
2026-02-17 02:28:45.315490,516
2026-02-17 02:28:45.323423,521
2026-02-17 02:28:45.331460,520
2026-02-17 02:28:45.339436,519
2026-02-17 02:28:45.347472,511
2026-02-17 02:28:45.355450,524
2026-02-17 02:28:45.363408,521
2026-02-17 02:28:45.371449,514
2026-02-17 02:28:45.379446,516
2026-02-17 02:28:45.387425,517
2026-02-17 02:28:45.395452,502
2026-02-17 02:28:45.403484,523
2026-02-17 02:28:45.411425,519
2026-02-17 02:28:45.419439,511
2026-02-17 02:28:45.427422,508
2026-02-17 02:28:45.435433,501
2026-02-17 02:28:45.443417,510
2026-02-17 02:28:45.451465,514
2026-02-17 02:28:45.459463,514
2026-02-17 02:28:45.467445,515
2026-02-17 02:28:45.475465,521
2026-02-17 02:28:45.483435,521
2026-02-17 02:28:45.491466,512
2026-02-17 02:28:45.499421,503
2026-02-17 02:28:45.507411,502
2026-02-17 02:28:45.515434,506
2026-02-17 02:28:45.523482,516
2026-02-17 02:28:45.531424,515
2026-02-17 02:28:45.539462,513
2026-02-17 02:28:45.547419,504
2026-02-17 02:28:45.555419,513
2026-02-17 02:28:45.563420,522
2026-02-17 02:28:45.571413,516
2026-02-17 02:28:45.579510,516
2026-02-17 02:28:45.587416,508
2026-02-17 02:28:45.595444,505
2026-02-17 02:28:45.603485,510
2026-02-17 02:28:45.611495,498
2026-02-17 02:28:45.619425,511
2026-02-17 02:28:45.627440,504
2026-02-17 02:28:45.635441,515
2026-02-17 02:28:45.643427,513
2026-02-17 02:28:45.651430,520
2026-02-17 02:28:45.659496,513
2026-02-17 02:28:45.667365,506
2026-02-17 02:28:45.675428,508
2026-02-17 02:28:45.683429,516
2026-02-17 02:28:45.691503,513
2026-02-17 02:28:45.699503,512
2026-02-17 02:28:45.707418,524
2026-02-17 02:28:45.715443,493
2026-02-17 02:28:45.723414,514
2026-02-17 02:28:45.731406,518
2026-02-17 02:28:45.739417,524
2026-02-17 02:28:45.747359,520
2026-02-17 02:28:45.755408,524
2026-02-17 02:28:45.763402,523
2026-02-17 02:28:45.771402,521
2026-02-17 02:28:45.779442,526
2026-02-17 02:28:45.787486,527
2026-02-17 02:28:45.795416,514
2026-02-17 02:28:45.803437,514
2026-02-17 02:28:45.812004,513
2026-02-17 02:28:45.819562,527
2026-02-17 02:28:45.827498,531
2026-02-17 02:28:45.835465,522
2026-02-17 02:28:45.843360,516
2026-02-17 02:28:45.851446,514
2026-02-17 02:28:45.859422,512
2026-02-17 02:28:45.867428,522
2026-02-17 02:28:45.875444,520
2026-02-17 02:28:45.883460,525
2026-02-17 02:28:45.891441,520
2026-02-17 02:28:45.899448,505
2026-02-17 02:28:45.907486,498
2026-02-17 02:28:45.915408,505
2026-02-17 02:28:45.923418,520
2026-02-17 02:28:45.931434,510
2026-02-17 02:28:45.939450,517
2026-02-17 02:28:45.947419,516
2026-02-17 02:28:45.955420,510
2026-02-17 02:28:45.963412,506
2026-02-17 02:28:45.971421,509
2026-02-17 02:28:45.979429,515
2026-02-17 02:28:45.987429,520
2026-02-17 02:28:45.995414,517
2026-02-17 02:28:46.003480,522
2026-02-17 02:28:46.011533,515
2026-02-17 02:28:46.019448,506
2026-02-17 02:28:46.027406,512
2026-02-17 02:28:46.035384,508
2026-02-17 02:28:46.043375,513
2026-02-17 02:28:46.051380,521
2026-02-17 02:28:46.059359,509
2026-02-17 02:28:46.067398,511
2026-02-17 02:28:46.075389,510
2026-02-17 02:28:46.083393,514
2026-02-17 02:28:46.091402,517
2026-02-17 02:28:46.099383,514
2026-02-17 02:28:46.107384,504
2026-02-17 02:28:46.115389,513
2026-02-17 02:28:46.123398,517
2026-02-17 02:28:46.131388,513
2026-02-17 02:28:46.139402,519
2026-02-17 02:28:46.147357,506
2026-02-17 02:28:46.155425,511
2026-02-17 02:28:46.163430,508
2026-02-17 02:28:46.171403,507
2026-02-17 02:28:46.179374,518
2026-02-17 02:28:46.187442,511
2026-02-17 02:28:46.195451,510
2026-02-17 02:28:46.203411,510
2026-02-17 02:28:46.211393,496
2026-02-17 02:28:46.219421,519
2026-02-17 02:28:46.227390,506
2026-02-17 02:28:46.235379,508
2026-02-17 02:28:46.243385,514
2026-02-17 02:28:46.251449,515
2026-02-17 02:28:46.259404,497
2026-02-17 02:28:46.267416,513
2026-02-17 02:28:46.275392,518
2026-02-17 02:28:46.283431,519
2026-02-17 02:28:46.291377,515
2026-02-17 02:28:46.299395,521
2026-02-17 02:28:46.307388,511
2026-02-17 02:28:46.315519,509
2026-02-17 02:28:46.323400,512
2026-02-17 02:28:46.331543,499
2026-02-17 02:28:46.339485,518
2026-02-17 02:28:46.347473,513
2026-02-17 02:28:46.355453,518
2026-02-17 02:28:46.363433,510
2026-02-17 02:28:46.371458,511
2026-02-17 02:28:46.379626,511
2026-02-17 02:28:46.387497,515
2026-02-17 02:28:46.395490,497
2026-02-17 02:28:46.403577,516
2026-02-17 02:28:46.411525,513
2026-02-17 02:28:46.419515,516
2026-02-17 02:28:46.427603,521
2026-02-17 02:28:46.435542,511
2026-02-17 02:28:46.443599,519
2026-02-17 02:28:46.451497,507
2026-02-17 02:28:46.459566,505
2026-02-17 02:28:46.467538,510
2026-02-17 02:28:46.475463,520
2026-02-17 02:28:46.483613,524
2026-02-17 02:28:46.491523,517
2026-02-17 02:28:46.499472,516
2026-02-17 02:28:46.507456,518
2026-02-17 02:28:46.515405,512
2026-02-17 02:28:46.523402,516
2026-02-17 02:28:46.531408,503
2026-02-17 02:28:46.539404,516
2026-02-17 02:28:46.547436,518
2026-02-17 02:28:46.555404,512
2026-02-17 02:28:46.563397,511
2026-02-17 02:28:46.571408,513
2026-02-17 02:28:46.579402,504
2026-02-17 02:28:46.587382,508
2026-02-17 02:28:46.595407,502
2026-02-17 02:28:46.603415,517
2026-02-17 02:28:46.611403,517
2026-02-17 02:28:46.619416,518
2026-02-17 02:28:46.627421,522
2026-02-17 02:28:46.635443,517
2026-02-17 02:28:46.643407,501
2026-02-17 02:28:46.651460,506
2026-02-17 02:28:46.659399,516
2026-02-17 02:28:46.667468,520
2026-02-17 02:28:46.675396,519
2026-02-17 02:28:46.683477,525
2026-02-17 02:28:46.691439,506
2026-02-17 02:28:46.699451,512
2026-02-17 02:28:46.707423,505
2026-02-17 02:28:46.715426,508
2026-02-17 02:28:46.723414,520
2026-02-17 02:28:46.731403,507
2026-02-17 02:28:46.739432,517
2026-02-17 02:28:46.747409,527
2026-02-17 02:28:46.755423,514
2026-02-17 02:28:46.763472,514
2026-02-17 02:28:46.771478,517
2026-02-17 02:28:46.779521,508
2026-02-17 02:28:46.787427,523
2026-02-17 02:28:46.795486,522
2026-02-17 02:28:46.803446,520
2026-02-17 02:28:46.811440,517
2026-02-17 02:28:46.819576,515
2026-02-17 02:28:46.827398,511
2026-02-17 02:28:46.835422,506
2026-02-17 02:28:46.843446,507
2026-02-17 02:28:46.851507,510
2026-02-17 02:28:46.859449,524
2026-02-17 02:28:46.867460,516
2026-02-17 02:28:46.875430,507
2026-02-17 02:28:46.883400,515
2026-02-17 02:28:46.891437,510
2026-02-17 02:28:46.899432,511
2026-02-17 02:28:46.907429,511
2026-02-17 02:28:46.915451,511
2026-02-17 02:28:46.923484,513
2026-02-17 02:28:46.931567,509
2026-02-17 02:28:46.939455,511
2026-02-17 02:28:46.947524,504
2026-02-17 02:28:46.955480,507
2026-02-17 02:28:46.963448,500
2026-02-17 02:28:46.971452,510
2026-02-17 02:28:46.979441,521
2026-02-17 02:28:46.987425,514
2026-02-17 02:28:46.995415,516
2026-02-17 02:28:47.003484,517
2026-02-17 02:28:47.011497,517
2026-02-17 02:28:47.019505,511
2026-02-17 02:28:47.027434,509
2026-02-17 02:28:47.035490,517
2026-02-17 02:28:47.043416,518
2026-02-17 02:28:47.051466,515
2026-02-17 02:28:47.059407,516
2026-02-17 02:28:47.067403,507
2026-02-17 02:28:47.075443,509
2026-02-17 02:28:47.083425,517
2026-02-17 02:28:47.091411,511
2026-02-17 02:28:47.099398,514
2026-02-17 02:28:47.107453,512
2026-02-17 02:28:47.115412,503
2026-02-17 02:28:47.123414,513
2026-02-17 02:28:47.131486,504
2026-02-17 02:28:47.139430,507
2026-02-17 02:28:47.147439,517
2026-02-17 02:28:47.155555,510
2026-02-17 02:28:47.163450,519
2026-02-17 02:28:47.171498,513
2026-02-17 02:28:47.179495,511
2026-02-17 02:28:47.187489,499
2026-02-17 02:28:47.195441,497
2026-02-17 02:28:47.203478,516
2026-02-17 02:28:47.211469,509
2026-02-17 02:28:47.219436,520
2026-02-17 02:28:47.227513,512
2026-02-17 02:28:47.235500,506
2026-02-17 02:28:47.243475,509
2026-02-17 02:28:47.251452,505
2026-02-17 02:28:47.259464,519
2026-02-17 02:28:47.267432,518
2026-02-17 02:28:47.275435,509
2026-02-17 02:28:47.283453,519
2026-02-17 02:28:47.291437,514
2026-02-17 02:28:47.299432,507
2026-02-17 02:28:47.307435,510
2026-02-17 02:28:47.315437,514
2026-02-17 02:28:47.323477,522
2026-02-17 02:28:47.331442,516
2026-02-17 02:28:47.339434,503
2026-02-17 02:28:47.347433,511
2026-02-17 02:28:47.355438,508
2026-02-17 02:28:47.363436,520
2026-02-17 02:28:47.371429,523
2026-02-17 02:28:47.379428,516
2026-02-17 02:28:47.387452,502
2026-02-17 02:28:47.395418,504
2026-02-17 02:28:47.403433,511
2026-02-17 02:28:47.411479,504
2026-02-17 02:28:47.419511,509
2026-02-17 02:28:47.427412,519
2026-02-17 02:28:47.435433,514
2026-02-17 02:28:47.443437,523
2026-02-17 02:28:47.451395,502
2026-02-17 02:28:47.459399,515
2026-02-17 02:28:47.467419,518
2026-02-17 02:28:47.475450,511
2026-02-17 02:28:47.483424,509
2026-02-17 02:28:47.491431,508
2026-02-17 02:28:47.499445,516
2026-02-17 02:28:47.507436,508
2026-02-17 02:28:47.515441,511
2026-02-17 02:28:47.523498,521
2026-02-17 02:28:47.531442,515
2026-02-17 02:28:47.539433,517
2026-02-17 02:28:47.547446,521
2026-02-17 02:28:47.555491,516
2026-02-17 02:28:47.563472,510
2026-02-17 02:28:47.571452,506
2026-02-17 02:28:47.579453,520
2026-02-17 02:28:47.587397,518
2026-02-17 02:28:47.595449,509
2026-02-17 02:28:47.603445,516
2026-02-17 02:28:47.611513,506
2026-02-17 02:28:47.619439,506
2026-02-17 02:28:47.627477,515
2026-02-17 02:28:47.635436,513
2026-02-17 02:28:47.643421,516
2026-02-17 02:28:47.651428,513
2026-02-17 02:28:47.659479,521
2026-02-17 02:28:47.667398,512
2026-02-17 02:28:47.675422,505
2026-02-17 02:28:47.683453,506
2026-02-17 02:28:47.691544,496
2026-02-17 02:28:47.699474,511
2026-02-17 02:28:47.707465,510
2026-02-17 02:28:47.715446,514
2026-02-17 02:28:47.723441,517
2026-02-17 02:28:47.731474,503
2026-02-17 02:28:47.739439,515
2026-02-17 02:28:47.747426,511
2026-02-17 02:28:47.755514,514
2026-02-17 02:28:47.763427,522
2026-02-17 02:28:47.771427,506
2026-02-17 02:28:47.779406,513
2026-02-17 02:28:47.787440,513
2026-02-17 02:28:47.795405,524
2026-02-17 02:28:47.803402,519
2026-02-17 02:28:47.811413,512
2026-02-17 02:28:47.819433,504
2026-02-17 02:28:47.827471,519
2026-02-17 02:28:47.835433,520
2026-02-17 02:28:47.843462,526
2026-02-17 02:28:47.851458,517
2026-02-17 02:28:47.859430,521
2026-02-17 02:28:47.867475,501
2026-02-17 02:28:47.875406,509
2026-02-17 02:28:47.883428,523
2026-02-17 02:28:47.891404,516
2026-02-17 02:28:47.899389,520
2026-02-17 02:28:47.907407,504
2026-02-17 02:28:47.915426,509
2026-02-17 02:28:47.923451,514
2026-02-17 02:28:47.931383,497
2026-02-17 02:28:47.939476,505
2026-02-17 02:28:47.947466,497
2026-02-17 02:28:47.955443,500
2026-02-17 02:28:47.963423,511
2026-02-17 02:28:47.971459,486
2026-02-17 02:28:47.979441,494
2026-02-17 02:28:47.987449,500
2026-02-17 02:28:47.995499,495
2026-02-17 02:28:48.003439,506
2026-02-17 02:28:48.011557,504
2026-02-17 02:28:48.019495,505
2026-02-17 02:28:48.027475,502
2026-02-17 02:28:48.035447,507
2026-02-17 02:28:48.043427,513
2026-02-17 02:28:48.051455,512
2026-02-17 02:28:48.059404,515
2026-02-17 02:28:48.067515,515
2026-02-17 02:28:48.075391,512
2026-02-17 02:28:48.083392,505
2026-02-17 02:28:48.091496,503
2026-02-17 02:28:48.099448,519
2026-02-17 02:28:48.107452,515
2026-02-17 02:28:48.115512,510
2026-02-17 02:28:48.123456,515
2026-02-17 02:28:48.131445,505
2026-02-17 02:28:48.139445,508
2026-02-17 02:28:48.147454,511
2026-02-17 02:28:48.155441,514
2026-02-17 02:28:48.163533,511
2026-02-17 02:28:48.171491,495
2026-02-17 02:28:48.179461,505
2026-02-17 02:28:48.187466,506
2026-02-17 02:28:48.195429,508
2026-02-17 02:28:48.203434,522
2026-02-17 02:28:48.211433,508
2026-02-17 02:28:48.219432,505
2026-02-17 02:28:48.227493,498
2026-02-17 02:28:48.235476,514
2026-02-17 02:28:48.243394,511
2026-02-17 02:28:48.251462,516
2026-02-17 02:28:48.259459,511
2026-02-17 02:28:48.267438,516
2026-02-17 02:28:48.275437,508
2026-02-17 02:28:48.283436,512
2026-02-17 02:28:48.291438,510
2026-02-17 02:28:48.299439,509
2026-02-17 02:28:48.307443,507
2026-02-17 02:28:48.315428,511
2026-02-17 02:28:48.323436,522
2026-02-17 02:28:48.331434,505
2026-02-17 02:28:48.339439,513
2026-02-17 02:28:48.347384,508
2026-02-17 02:28:48.355431,518
2026-02-17 02:28:48.363443,526
2026-02-17 02:28:48.371439,512
2026-02-17 02:28:48.379444,509
2026-02-17 02:28:48.387437,514
2026-02-17 02:28:48.395438,521
2026-02-17 02:28:48.403442,516
2026-02-17 02:28:48.411424,503
2026-02-17 02:28:48.419460,499
2026-02-17 02:28:48.427418,500
2026-02-17 02:28:48.435437,503
2026-02-17 02:28:48.443506,517
2026-02-17 02:28:48.451494,519
2026-02-17 02:28:48.459536,520
2026-02-17 02:28:48.467423,506
2026-02-17 02:28:48.475454,519
2026-02-17 02:28:48.483472,526
2026-02-17 02:28:48.491458,505
2026-02-17 02:28:48.499446,512
2026-02-17 02:28:48.507438,507
2026-02-17 02:28:48.515483,511
2026-02-17 02:28:48.523441,524
2026-02-17 02:28:48.531435,512
2026-02-17 02:28:48.539494,512
2026-02-17 02:28:48.547437,514
2026-02-17 02:28:48.555527,513
2026-02-17 02:28:48.563449,511
2026-02-17 02:28:48.571448,509
2026-02-17 02:28:48.579442,522
2026-02-17 02:28:48.587442,515
2026-02-17 02:28:48.595441,508
2026-02-17 02:28:48.603437,516
2026-02-17 02:28:48.611434,508
2026-02-17 02:28:48.619497,514
2026-02-17 02:28:48.627442,502
2026-02-17 02:28:48.635445,515
2026-02-17 02:28:48.643433,515
2026-02-17 02:28:48.651458,510
2026-02-17 02:28:48.659476,516
2026-02-17 02:28:48.667457,499
2026-02-17 02:28:48.675439,509
2026-02-17 02:28:48.683457,518
2026-02-17 02:28:48.691460,510
2026-02-17 02:28:48.699561,516
2026-02-17 02:28:48.707448,510
2026-02-17 02:28:48.715416,516
2026-02-17 02:28:48.723551,516
2026-02-17 02:28:48.731534,519
2026-02-17 02:28:48.739520,519
2026-02-17 02:28:48.747505,499
2026-02-17 02:28:48.755442,509
2026-02-17 02:28:48.763451,519
2026-02-17 02:28:48.771441,506
2026-02-17 02:28:48.779476,515
2026-02-17 02:28:48.787474,505
2026-02-17 02:28:48.795479,511
2026-02-17 02:28:48.803494,520
2026-02-17 02:28:48.811504,511
2026-02-17 02:28:48.819448,516
2026-02-17 02:28:48.827452,509
2026-02-17 02:28:48.835494,516
2026-02-17 02:28:48.843441,509
2026-02-17 02:28:48.851530,518
2026-02-17 02:28:48.859478,508
2026-02-17 02:28:48.867474,519
2026-02-17 02:28:48.875436,509
2026-02-17 02:28:48.883485,511
2026-02-17 02:28:48.891448,511
2026-02-17 02:28:48.899454,511
2026-02-17 02:28:48.907496,516
2026-02-17 02:28:48.915452,515
2026-02-17 02:28:48.923399,508
2026-02-17 02:28:48.931459,504
2026-02-17 02:28:48.939438,510
2026-02-17 02:28:48.947454,519
2026-02-17 02:28:48.955455,517
2026-02-17 02:28:48.963438,513
2026-02-17 02:28:48.971439,502
2026-02-17 02:28:48.979445,502
2026-02-17 02:28:48.987449,519
2026-02-17 02:28:48.995441,510
2026-02-17 02:28:49.003452,512
2026-02-17 02:28:49.011495,506
2026-02-17 02:28:49.019528,506
2026-02-17 02:28:49.027479,511
2026-02-17 02:28:49.035515,513
2026-02-17 02:28:49.043543,524
2026-02-17 02:28:49.051460,508
2026-02-17 02:28:49.059544,511
2026-02-17 02:28:49.067452,505
2026-02-17 02:28:49.075417,514
2026-02-17 02:28:49.083476,509
2026-02-17 02:28:49.091505,517
2026-02-17 02:28:49.099506,515
2026-02-17 02:28:49.107450,509
2026-02-17 02:28:49.115432,512
2026-02-17 02:28:49.123453,521
2026-02-17 02:28:49.131447,507
2026-02-17 02:28:49.139443,507
2026-02-17 02:28:49.147445,510
2026-02-17 02:28:49.155564,518
2026-02-17 02:28:49.163402,520
2026-02-17 02:28:49.171469,513
2026-02-17 02:28:49.179522,507
2026-02-17 02:28:49.187503,500
2026-02-17 02:28:49.195450,497
2026-02-17 02:28:49.203445,516
2026-02-17 02:28:49.211445,515
2026-02-17 02:28:49.219461,510
2026-02-17 02:28:49.227458,505
2026-02-17 02:28:49.235441,513
2026-02-17 02:28:49.243511,522
2026-02-17 02:28:49.251445,504
2026-02-17 02:28:49.259456,515
2026-02-17 02:28:49.267504,516
2026-02-17 02:28:49.275462,504
2026-02-17 02:28:49.283457,515
2026-02-17 02:28:49.291450,509
2026-02-17 02:28:49.299447,513
2026-02-17 02:28:49.307451,515
2026-02-17 02:28:49.315468,502
2026-02-17 02:28:49.323498,522
2026-02-17 02:28:49.331461,523
2026-02-17 02:28:49.339499,522
2026-02-17 02:28:49.347502,517
2026-02-17 02:28:49.355470,514
2026-02-17 02:28:49.363465,528
2026-02-17 02:28:49.371447,521
2026-02-17 02:28:49.379490,524
2026-02-17 02:28:49.387444,517
2026-02-17 02:28:49.395452,516
2026-02-17 02:28:49.403470,525
2026-02-17 02:28:49.411464,498
2026-02-17 02:28:49.419459,516
2026-02-17 02:28:49.427440,520
2026-02-17 02:28:49.435463,520
2026-02-17 02:28:49.443496,522
2026-02-17 02:28:49.451460,508
2026-02-17 02:28:49.459489,522
2026-02-17 02:28:49.467466,522
2026-02-17 02:28:49.475442,520
2026-02-17 02:28:49.483423,512
2026-02-17 02:28:49.491448,511
2026-02-17 02:28:49.499450,521
2026-02-17 02:28:49.507445,519
2026-02-17 02:28:49.515444,517
2026-02-17 02:28:49.523454,509
2026-02-17 02:28:49.531436,504
2026-02-17 02:28:49.539492,515
2026-02-17 02:28:49.547449,518
2026-02-17 02:28:49.555489,518
2026-02-17 02:28:49.563456,525
2026-02-17 02:28:49.571454,508
2026-02-17 02:28:49.579486,510
2026-02-17 02:28:49.587424,512
2026-02-17 02:28:49.595471,513
2026-02-17 02:28:49.603450,510
2026-02-17 02:28:49.611449,514
2026-02-17 02:28:49.619516,503
2026-02-17 02:28:49.627501,510
2026-02-17 02:28:49.635518,509
2026-02-17 02:28:49.643541,514
2026-02-17 02:28:49.651524,505
2026-02-17 02:28:49.659562,508
2026-02-17 02:28:49.667498,522
2026-02-17 02:28:49.675410,518
2026-02-17 02:28:49.683500,508
2026-02-17 02:28:49.691447,512
2026-02-17 02:28:49.699530,516
2026-02-17 02:28:49.707489,523
2026-02-17 02:28:49.715446,504
2026-02-17 02:28:49.723445,511
2026-02-17 02:28:49.731466,514
2026-02-17 02:28:49.739451,522
2026-02-17 02:28:49.747505,526
2026-02-17 02:28:49.755492,521
2026-02-17 02:28:49.763427,514
2026-02-17 02:28:49.771468,508
2026-02-17 02:28:49.779448,520
2026-02-17 02:28:49.787448,512
2026-02-17 02:28:49.795453,519
2026-02-17 02:28:49.803447,515
2026-02-17 02:28:49.811456,505
2026-02-17 02:28:49.819497,523
2026-02-17 02:28:49.827446,516
2026-02-17 02:28:49.835451,505
2026-02-17 02:28:49.843457,506
2026-02-17 02:28:49.851628,520
2026-02-17 02:28:49.859502,514
2026-02-17 02:28:49.867477,511
2026-02-17 02:28:49.875450,509
2026-02-17 02:28:49.883461,516
2026-02-17 02:28:49.891495,511
2026-02-17 02:28:49.899448,516
2026-02-17 02:28:49.907490,518
2026-02-17 02:28:49.915512,519
2026-02-17 02:28:49.923488,511
2026-02-17 02:28:49.931479,511
2026-02-17 02:28:49.939446,512
2026-02-17 02:28:49.947436,505
2026-02-17 02:28:49.955397,498
2026-02-17 02:28:49.963441,496
2026-02-17 02:28:49.971479,508
2026-02-17 02:28:49.979461,516
2026-02-17 02:28:49.987447,518
2026-02-17 02:28:49.995501,508
2026-02-17 02:28:50.003487,511
2026-02-17 02:28:50.011482,505
2026-02-17 02:28:50.019550,508
2026-02-17 02:28:50.027496,502
2026-02-17 02:28:50.035446,515
2026-02-17 02:28:50.043495,517
2026-02-17 02:28:50.051485,512
2026-02-17 02:28:50.059533,509
2026-02-17 02:28:50.067511,517
2026-02-17 02:28:50.075544,507
2026-02-17 02:28:50.083467,516
2026-02-17 02:28:50.091544,513
2026-02-17 02:28:50.099470,517
2026-02-17 02:28:50.107459,514
2026-02-17 02:28:50.115481,514
2026-02-17 02:28:50.123448,507
2026-02-17 02:28:50.131461,513
2026-02-17 02:28:50.139467,512
2026-02-17 02:28:50.147448,511
2026-02-17 02:28:50.155557,508
2026-02-17 02:28:50.163406,507
2026-02-17 02:28:50.171415,507
2026-02-17 02:28:50.179511,506
2026-02-17 02:28:50.187532,497
2026-02-17 02:28:50.195468,508
2026-02-17 02:28:50.203462,517
2026-02-17 02:28:50.211453,503
2026-02-17 02:28:50.219445,511
2026-02-17 02:28:50.227553,513
2026-02-17 02:28:50.235466,506
2026-02-17 02:28:50.243595,499
2026-02-17 02:28:50.251541,516
2026-02-17 02:28:50.259507,517
2026-02-17 02:28:50.267454,511
2026-02-17 02:28:50.275457,516
2026-02-17 02:28:50.283455,513
2026-02-17 02:28:50.291456,510
2026-02-17 02:28:50.299478,514
2026-02-17 02:28:50.307453,507
2026-02-17 02:28:50.315486,498
2026-02-17 02:28:50.323548,514
2026-02-17 02:28:50.331472,523
2026-02-17 02:28:50.339493,509
2026-02-17 02:28:50.347452,519
2026-02-17 02:28:50.355456,507
2026-02-17 02:28:50.363466,510
2026-02-17 02:28:50.371453,514
2026-02-17 02:28:50.379456,516
2026-02-17 02:28:50.387444,518
2026-02-17 02:28:50.395450,512
2026-02-17 02:28:50.403446,506
2026-02-17 02:28:50.411461,512
2026-02-17 02:28:50.419511,509
2026-02-17 02:28:50.427511,516
2026-02-17 02:28:50.435451,517
2026-02-17 02:28:50.443458,523
2026-02-17 02:28:50.451429,517
2026-02-17 02:28:50.459540,513
2026-02-17 02:28:50.467495,509
2026-02-17 02:28:50.475420,512
2026-02-17 02:28:50.483502,521
2026-02-17 02:28:50.491490,515
2026-02-17 02:28:50.499505,508
2026-02-17 02:28:50.507467,516
2026-02-17 02:28:50.515527,498
2026-02-17 02:28:50.523545,512
2026-02-17 02:28:50.531503,510
2026-02-17 02:28:50.539464,520
2026-02-17 02:28:50.547465,522
2026-02-17 02:28:50.555459,518
2026-02-17 02:28:50.563443,521
2026-02-17 02:28:50.571440,496
2026-02-17 02:28:50.579453,513
2026-02-17 02:28:50.587417,512
2026-02-17 02:28:50.595492,513
2026-02-17 02:28:50.603478,516
2026-02-17 02:28:50.611471,511
2026-02-17 02:28:50.619458,518
2026-02-17 02:28:50.627476,501
2026-02-17 02:28:50.635462,514
2026-02-17 02:28:50.643456,526
2026-02-17 02:28:50.651458,514
2026-02-17 02:28:50.659491,514
2026-02-17 02:28:50.667515,503
2026-02-17 02:28:50.675473,509
2026-02-17 02:28:50.683432,508
2026-02-17 02:28:50.691447,497
2026-02-17 02:28:50.699519,508
2026-02-17 02:28:50.707497,509
2026-02-17 02:28:50.715490,513
2026-02-17 02:28:50.723492,517
2026-02-17 02:28:50.731493,516
2026-02-17 02:28:50.739470,513
2026-02-17 02:28:50.747458,505
2026-02-17 02:28:50.755464,518
2026-02-17 02:28:50.763440,514
2026-02-17 02:28:50.771453,514
2026-02-17 02:28:50.779440,524
2026-02-17 02:28:50.787451,511
2026-02-17 02:28:50.795450,507
2026-02-17 02:28:50.803448,515
2026-02-17 02:28:50.811441,509
2026-02-17 02:28:50.819438,523
2026-02-17 02:28:50.827474,515
2026-02-17 02:28:50.835456,510
2026-02-17 02:28:50.843452,513
2026-02-17 02:28:50.851539,512
2026-02-17 02:28:50.859440,517
2026-02-17 02:28:50.867533,501
2026-02-17 02:28:50.875660,514
2026-02-17 02:28:50.883514,518
2026-02-17 02:28:50.891514,508
2026-02-17 02:28:50.899503,516
2026-02-17 02:28:50.907463,511
2026-02-17 02:28:50.915475,505
2026-02-17 02:28:50.923464,511
2026-02-17 02:28:50.931445,504
2026-02-17 02:28:50.939468,508
2026-02-17 02:28:50.947459,514
2026-02-17 02:28:50.955501,515
2026-02-17 02:28:50.963463,524
2026-02-17 02:28:50.971484,506
2026-02-17 02:28:50.979525,510
2026-02-17 02:28:50.987468,509
2026-02-17 02:28:50.995457,506
2026-02-17 02:28:51.003480,510
2026-02-17 02:28:51.011549,508
2026-02-17 02:28:51.019509,517
2026-02-17 02:28:51.027483,505
2026-02-17 02:28:51.035471,515
2026-02-17 02:28:51.043545,528
2026-02-17 02:28:51.051494,509
2026-02-17 02:28:51.059503,505
2026-02-17 02:28:51.067501,509
2026-02-17 02:28:51.075442,513
2026-02-17 02:28:51.083393,520
2026-02-17 02:28:51.091411,502
2026-02-17 02:28:51.099397,523
2026-02-17 02:28:51.107410,510
2026-02-17 02:28:51.115415,508
2026-02-17 02:28:51.123435,511
2026-02-17 02:28:51.131440,522
2026-02-17 02:28:51.139483,510
2026-02-17 02:28:51.147443,507
2026-02-17 02:28:51.155415,514
2026-02-17 02:28:51.163405,512
2026-02-17 02:28:51.171415,506
2026-02-17 02:28:51.179466,516
2026-02-17 02:28:51.187454,515
2026-02-17 02:28:51.195404,518
2026-02-17 02:28:51.203446,520
2026-02-17 02:28:51.211429,512
2026-02-17 02:28:51.219412,518
2026-02-17 02:28:51.227445,521
2026-02-17 02:28:51.235432,512
2026-02-17 02:28:51.243447,515
2026-02-17 02:28:51.251421,501
2026-02-17 02:28:51.259500,509
2026-02-17 02:28:51.267477,514
2026-02-17 02:28:51.275522,516
2026-02-17 02:28:51.283447,519
2026-02-17 02:28:51.291604,514
2026-02-17 02:28:51.299543,517
2026-02-17 02:28:51.307567,509
2026-02-17 02:28:51.315611,512
2026-02-17 02:28:51.323549,505
2026-02-17 02:28:51.331637,505
2026-02-17 02:28:51.339548,515
2026-02-17 02:28:51.347642,514
2026-02-17 02:28:51.355571,511
2026-02-17 02:28:51.363599,516
2026-02-17 02:28:51.371555,516
2026-02-17 02:28:51.379503,504
2026-02-17 02:28:51.387651,516
2026-02-17 02:28:51.395496,524
2026-02-17 02:28:51.403453,517
2026-02-17 02:28:51.411504,502
2026-02-17 02:28:51.419498,503
2026-02-17 02:28:51.427490,492
2026-02-17 02:28:51.435517,507
2026-02-17 02:28:51.443592,515
2026-02-17 02:28:51.451511,518
2026-02-17 02:28:51.459434,518
2026-02-17 02:28:51.467618,519
2026-02-17 02:28:51.475464,516
2026-02-17 02:28:51.483505,518
2026-02-17 02:28:51.491465,517
2026-02-17 02:28:51.499451,517
2026-02-17 02:28:51.507483,517
2026-02-17 02:28:51.515464,507
2026-02-17 02:28:51.523461,502
2026-02-17 02:28:51.531469,513
2026-02-17 02:28:51.539455,521
2026-02-17 02:28:51.547506,508
2026-02-17 02:28:51.555463,510
2026-02-17 02:28:51.563507,513
2026-02-17 02:28:51.571466,495
2026-02-17 02:28:51.579510,510
2026-02-17 02:28:51.587425,518
2026-02-17 02:28:51.595463,508
2026-02-17 02:28:51.603481,513
2026-02-17 02:28:51.611473,517
2026-02-17 02:28:51.619457,507
2026-02-17 02:28:51.627464,511
2026-02-17 02:28:51.635466,523
2026-02-17 02:28:51.643469,516
2026-02-17 02:28:51.651504,508
2026-02-17 02:28:51.659566,503
2026-02-17 02:28:51.667518,485
2026-02-17 02:28:51.675600,493
2026-02-17 02:28:51.683492,486
2026-02-17 02:28:51.691481,480
2026-02-17 02:28:51.699491,496
2026-02-17 02:28:51.707465,503
2026-02-17 02:28:51.715544,500
2026-02-17 02:28:51.723490,508
2026-02-17 02:28:51.731413,496
2026-02-17 02:28:51.739456,500
2026-02-17 02:28:51.747494,500
2026-02-17 02:28:51.755507,504
2026-02-17 02:28:51.763470,508
2026-02-17 02:28:51.771458,506
2026-02-17 02:28:51.779487,511
2026-02-17 02:28:51.787484,509
2026-02-17 02:28:51.795509,508
2026-02-17 02:28:51.803475,511
2026-02-17 02:28:51.811473,504
2026-02-17 02:28:51.819474,509
2026-02-17 02:28:51.827581,512
2026-02-17 02:28:51.835460,511
2026-02-17 02:28:51.843466,521
2026-02-17 02:28:51.851575,512
2026-02-17 02:28:51.859551,511
2026-02-17 02:28:51.867484,506
2026-02-17 02:28:51.875496,499
2026-02-17 02:28:51.883470,517
2026-02-17 02:28:51.891470,510
2026-02-17 02:28:51.899470,511
2026-02-17 02:28:51.907468,521
2026-02-17 02:28:51.915464,507
2026-02-17 02:28:51.923487,519
2026-02-17 02:28:51.931482,504
2026-02-17 02:28:51.939462,520
2026-02-17 02:28:51.947459,531
2026-02-17 02:28:51.955467,516
2026-02-17 02:28:51.963465,505
2026-02-17 02:28:51.971472,505
2026-02-17 02:28:51.979504,519
2026-02-17 02:28:51.987415,520
2026-02-17 02:28:51.995483,512
2026-02-17 02:28:52.003461,515
2026-02-17 02:28:52.011533,508
2026-02-17 02:28:52.019578,513
2026-02-17 02:28:52.027477,507
2026-02-17 02:28:52.035550,520
2026-02-17 02:28:52.043564,517
2026-02-17 02:28:52.051467,507
2026-02-17 02:28:52.059578,507
2026-02-17 02:28:52.067517,506
2026-02-17 02:28:52.075520,505
2026-02-17 02:28:52.083557,518
2026-02-17 02:28:52.091524,511
2026-02-17 02:28:52.099472,511
2026-02-17 02:28:52.107472,507
2026-02-17 02:28:52.115489,504
2026-02-17 02:28:52.123463,522
2026-02-17 02:28:52.131468,509
2026-02-17 02:28:52.139523,501
2026-02-17 02:28:52.147524,497
2026-02-17 02:28:52.155590,500
2026-02-17 02:28:52.163507,503
2026-02-17 02:28:52.171489,510
2026-02-17 02:28:52.179538,512
2026-02-17 02:28:52.187529,520
2026-02-17 02:28:52.195466,508
2026-02-17 02:28:52.203469,515
2026-02-17 02:28:52.211468,513
2026-02-17 02:28:52.219463,522
2026-02-17 02:28:52.227471,514
2026-02-17 02:28:52.235533,512
2026-02-17 02:28:52.243489,515
2026-02-17 02:28:52.251469,515
2026-02-17 02:28:52.259461,507
2026-02-17 02:28:52.267476,505
2026-02-17 02:28:52.275465,510
2026-02-17 02:28:52.283464,509
2026-02-17 02:28:52.291468,514
2026-02-17 02:28:52.299523,515
2026-02-17 02:28:52.307504,508
2026-02-17 02:28:52.315474,506
2026-02-17 02:28:52.323472,503
2026-02-17 02:28:52.331488,511
2026-02-17 02:28:52.339489,509
2026-02-17 02:28:52.347514,522
2026-02-17 02:28:52.355523,515
2026-02-17 02:28:52.363492,509
2026-02-17 02:28:52.371507,503
2026-02-17 02:28:52.379508,505
2026-02-17 02:28:52.387452,517
2026-02-17 02:28:52.395476,521
2026-02-17 02:28:52.403466,497
2026-02-17 02:28:52.411471,508
2026-02-17 02:28:52.419465,520
2026-02-17 02:28:52.427466,524
2026-02-17 02:28:52.435478,510
2026-02-17 02:28:52.443486,520
2026-02-17 02:28:52.451466,510
2026-02-17 02:28:52.459464,514
2026-02-17 02:28:52.467557,515
2026-02-17 02:28:52.475449,508
2026-02-17 02:28:52.483480,514
2026-02-17 02:28:52.491450,509
2026-02-17 02:28:52.499487,514
2026-02-17 02:28:52.507420,513
2026-02-17 02:28:52.515491,503
2026-02-17 02:28:52.523488,515
2026-02-17 02:28:52.531505,511
2026-02-17 02:28:52.539465,520
2026-02-17 02:28:52.547467,509
2026-02-17 02:28:52.555475,509
2026-02-17 02:28:52.563466,515
2026-02-17 02:28:52.571505,510
2026-02-17 02:28:52.579466,513
2026-02-17 02:28:52.587433,509
2026-02-17 02:28:52.595508,503
2026-02-17 02:28:52.603507,508
2026-02-17 02:28:52.611466,509
2026-02-17 02:28:52.619500,516
2026-02-17 02:28:52.627478,513
2026-02-17 02:28:52.635508,518
2026-02-17 02:28:52.643506,517
2026-02-17 02:28:52.651513,506
2026-02-17 02:28:52.659535,504
2026-02-17 02:28:52.667530,508
2026-02-17 02:28:52.675490,501
2026-02-17 02:28:52.683425,514
2026-02-17 02:28:52.691523,511
2026-02-17 02:28:52.699550,519
2026-02-17 02:28:52.707495,518
2026-02-17 02:28:52.715546,503
2026-02-17 02:28:52.723491,517
2026-02-17 02:28:52.731471,518
2026-02-17 02:28:52.739505,518
2026-02-17 02:28:52.747489,523
2026-02-17 02:28:52.755567,513
2026-02-17 02:28:52.763453,511
2026-02-17 02:28:52.771439,515
2026-02-17 02:28:52.779477,523
2026-02-17 02:28:52.787468,514
2026-02-17 02:28:52.795442,512
2026-02-17 02:28:52.803443,516
2026-02-17 02:28:52.811448,505
2026-02-17 02:28:52.819447,516
2026-02-17 02:28:52.827459,514
2026-02-17 02:28:52.835516,512
2026-02-17 02:28:52.843460,512
2026-02-17 02:28:52.851458,513
2026-02-17 02:28:52.859454,507
2026-02-17 02:28:52.867464,499
2026-02-17 02:28:52.875451,496
2026-02-17 02:28:52.883494,515
2026-02-17 02:28:52.891462,497
2026-02-17 02:28:52.899467,505
2026-02-17 02:28:52.907458,516
2026-02-17 02:28:52.915460,521
2026-02-17 02:28:52.923467,514
2026-02-17 02:28:52.931471,506
2026-02-17 02:28:52.939568,521
2026-02-17 02:28:52.947439,513
2026-02-17 02:28:52.955476,515
2026-02-17 02:28:52.963511,514
2026-02-17 02:28:52.971491,517
2026-02-17 02:28:52.979485,517
2026-02-17 02:28:52.987511,508
2026-02-17 02:28:52.995468,515
2026-02-17 02:28:53.003508,519
2026-02-17 02:28:53.011522,516
2026-02-17 02:28:53.019550,507
2026-02-17 02:28:53.027502,511
2026-02-17 02:28:53.035534,511
2026-02-17 02:28:53.043546,517
2026-02-17 02:28:53.051542,509
2026-02-17 02:28:53.059454,506
2026-02-17 02:28:53.067493,511
2026-02-17 02:28:53.075566,506
2026-02-17 02:28:53.083480,519
2026-02-17 02:28:53.091484,519
2026-02-17 02:28:53.099490,525
2026-02-17 02:28:53.107525,515
2026-02-17 02:28:53.115532,501
2026-02-17 02:28:53.123480,513
2026-02-17 02:28:53.131511,514
2026-02-17 02:28:53.139469,522
2026-02-17 02:28:53.147473,514
2026-02-17 02:28:53.155496,509
2026-02-17 02:28:53.163497,519
2026-02-17 02:28:53.171472,505
2026-02-17 02:28:53.179538,515
2026-02-17 02:28:53.187509,521
2026-02-17 02:28:53.195462,506
2026-02-17 02:28:53.203485,508
2026-02-17 02:28:53.211481,516
2026-02-17 02:28:53.219474,509
2026-02-17 02:28:53.227477,511
2026-02-17 02:28:53.235534,513
2026-02-17 02:28:53.243506,514
2026-02-17 02:28:53.251511,519
2026-02-17 02:28:53.259474,526
2026-02-17 02:28:53.267473,517
2026-02-17 02:28:53.275545,509
2026-02-17 02:28:53.283546,513
2026-02-17 02:28:53.291492,511
2026-02-17 02:28:53.299497,504
2026-02-17 02:28:53.307474,517
2026-02-17 02:28:53.315471,516
2026-02-17 02:28:53.323479,512
2026-02-17 02:28:53.331473,509
2026-02-17 02:28:53.339485,512
2026-02-17 02:28:53.347482,512
2026-02-17 02:28:53.355465,503
2026-02-17 02:28:53.363473,512
2026-02-17 02:28:53.371465,507
2026-02-17 02:28:53.379462,519
2026-02-17 02:28:53.387460,510
2026-02-17 02:28:53.395483,516
2026-02-17 02:28:53.403519,517
2026-02-17 02:28:53.411487,511
2026-02-17 02:28:53.419497,511
2026-02-17 02:28:53.427514,504
2026-02-17 02:28:53.435505,510
2026-02-17 02:28:53.443480,512
2026-02-17 02:28:53.451484,514
2026-02-17 02:28:53.459457,511
2026-02-17 02:28:53.467551,512
2026-02-17 02:28:53.475446,509
2026-02-17 02:28:53.483449,522
2026-02-17 02:28:53.491472,509
2026-02-17 02:28:53.499436,509
2026-02-17 02:28:53.507438,520
2026-02-17 02:28:53.515426,521
2026-02-17 02:28:53.523512,521
2026-02-17 02:28:53.531471,518
2026-02-17 02:28:53.539474,519
2026-02-17 02:28:53.547568,507
2026-02-17 02:28:53.555532,520
2026-02-17 02:28:53.563469,516
2026-02-17 02:28:53.571472,509
2026-02-17 02:28:53.579479,514
2026-02-17 02:28:53.587442,510
2026-02-17 02:28:53.595497,501
2026-02-17 02:28:53.603499,509
2026-02-17 02:28:53.611489,521
2026-02-17 02:28:53.619518,511
2026-02-17 02:28:53.627473,517
2026-02-17 02:28:53.635472,512
2026-02-17 02:28:53.643528,520
2026-02-17 02:28:53.651467,516
2026-02-17 02:28:53.659589,521
2026-02-17 02:28:53.667494,525
2026-02-17 02:28:53.675521,530
2026-02-17 02:28:53.683485,523
2026-02-17 02:28:53.691435,517
2026-02-17 02:28:53.699576,519
2026-02-17 02:28:53.707488,524
2026-02-17 02:28:53.715489,524
2026-02-17 02:28:53.723486,524
2026-02-17 02:28:53.731539,520
2026-02-17 02:28:53.739484,526
2026-02-17 02:28:53.747478,520
2026-02-17 02:28:53.755473,523
2026-02-17 02:28:53.763473,513
2026-02-17 02:28:53.771480,512
2026-02-17 02:28:53.779466,519
2026-02-17 02:28:53.787465,515
2026-02-17 02:28:53.795475,508
2026-02-17 02:28:53.803470,513
2026-02-17 02:28:53.811479,514
2026-02-17 02:28:53.819577,518
2026-02-17 02:28:53.827549,506
2026-02-17 02:28:53.835498,511
2026-02-17 02:28:53.843490,506
2026-02-17 02:28:53.851609,515
2026-02-17 02:28:53.859549,501
2026-02-17 02:28:53.867547,516
2026-02-17 02:28:53.875517,514
2026-02-17 02:28:53.883471,512
2026-02-17 02:28:53.891472,514
2026-02-17 02:28:53.899498,517
2026-02-17 02:28:53.907476,519
2026-02-17 02:28:53.915470,515
2026-02-17 02:28:53.923513,515
2026-02-17 02:28:53.931502,512
2026-02-17 02:28:53.939475,508
2026-02-17 02:28:53.947483,507
2026-02-17 02:28:53.955475,515
2026-02-17 02:28:53.963578,518
2026-02-17 02:28:53.971492,514
2026-02-17 02:28:53.979497,523
2026-02-17 02:28:53.987480,511
2026-02-17 02:28:53.995471,510
2026-02-17 02:28:54.003469,517
2026-02-17 02:28:54.011456,512
2026-02-17 02:28:54.019565,513
2026-02-17 02:28:54.027496,505
2026-02-17 02:28:54.035482,503
2026-02-17 02:28:54.043620,504
2026-02-17 02:28:54.051488,507
2026-02-17 02:28:54.059574,516
2026-02-17 02:28:54.067510,512
2026-02-17 02:28:54.075499,509
2026-02-17 02:28:54.083574,506
2026-02-17 02:28:54.091509,512
2026-02-17 02:28:54.099458,511
2026-02-17 02:28:54.107444,503
2026-02-17 02:28:54.115481,508
2026-02-17 02:28:54.123496,512
2026-02-17 02:28:54.131563,512
2026-02-17 02:28:54.139479,517
2026-02-17 02:28:54.147479,512
2026-02-17 02:28:54.155519,513
2026-02-17 02:28:54.163448,507
2026-02-17 02:28:54.171478,512
2026-02-17 02:28:54.179541,512
2026-02-17 02:28:54.187567,522
2026-02-17 02:28:54.195485,515
2026-02-17 02:28:54.203493,509
2026-02-17 02:28:54.211527,503
2026-02-17 02:28:54.219472,507
2026-02-17 02:28:54.227497,502
2026-02-17 02:28:54.235467,508
2026-02-17 02:28:54.243498,517
2026-02-17 02:28:54.251534,504
2026-02-17 02:28:54.259473,512
2026-02-17 02:28:54.267472,511
2026-02-17 02:28:54.275477,513
2026-02-17 02:28:54.283529,524
2026-02-17 02:28:54.291486,504
2026-02-17 02:28:54.299471,503
2026-02-17 02:28:54.307475,509
2026-02-17 02:28:54.315520,504
2026-02-17 02:28:54.323468,513
2026-02-17 02:28:54.331481,507
2026-02-17 02:28:54.339476,519
2026-02-17 02:28:54.347474,512
2026-02-17 02:28:54.355484,502
2026-02-17 02:28:54.363536,514
2026-02-17 02:28:54.371495,519
2026-02-17 02:28:54.379570,514
2026-02-17 02:28:54.387544,514
2026-02-17 02:28:54.395547,514
2026-02-17 02:28:54.403485,525
2026-02-17 02:28:54.411476,514
2026-02-17 02:28:54.419570,512
2026-02-17 02:28:54.427510,516
2026-02-17 02:28:54.435483,513
2026-02-17 02:28:54.443622,512
2026-02-17 02:28:54.451547,511
2026-02-17 02:28:54.459523,518
2026-02-17 02:28:54.467505,506
2026-02-17 02:28:54.475496,511
2026-02-17 02:28:54.483489,509
2026-02-17 02:28:54.491486,502
2026-02-17 02:28:54.499489,507
2026-02-17 02:28:54.507496,511
2026-02-17 02:28:54.515471,505
2026-02-17 02:28:54.523484,514
2026-02-17 02:28:54.531446,507
2026-02-17 02:28:54.539497,517
2026-02-17 02:28:54.547495,524
2026-02-17 02:28:54.555462,512
2026-02-17 02:28:54.563481,515
2026-02-17 02:28:54.571498,514
2026-02-17 02:28:54.579492,519
2026-02-17 02:28:54.587452,516
2026-02-17 02:28:54.595533,516
2026-02-17 02:28:54.603483,519
2026-02-17 02:28:54.611480,512
2026-02-17 02:28:54.619478,517
2026-02-17 02:28:54.627531,504
2026-02-17 02:28:54.635482,505
2026-02-17 02:28:54.643543,518
2026-02-17 02:28:54.651536,516
2026-02-17 02:28:54.659541,513
2026-02-17 02:28:54.667499,510
2026-02-17 02:28:54.675484,508
2026-02-17 02:28:54.683487,506
2026-02-17 02:28:54.691427,507
2026-02-17 02:28:54.699558,511
2026-02-17 02:28:54.707560,509
2026-02-17 02:28:54.715482,514
2026-02-17 02:28:54.723505,519
2026-02-17 02:28:54.731489,507
2026-02-17 02:28:54.739553,504
2026-02-17 02:28:54.747497,515
2026-02-17 02:28:54.755527,504
2026-02-17 02:28:54.763475,512
2026-02-17 02:28:54.771525,507
2026-02-17 02:28:54.779484,507
2026-02-17 02:28:54.787470,504
2026-02-17 02:28:54.795506,518
2026-02-17 02:28:54.803480,517
2026-02-17 02:28:54.811483,503
2026-02-17 02:28:54.819483,515
2026-02-17 02:28:54.827482,514
2026-02-17 02:28:54.835479,502
2026-02-17 02:28:54.843497,514
2026-02-17 02:28:54.851564,511
2026-02-17 02:28:54.859562,514
2026-02-17 02:28:54.867481,517
2026-02-17 02:28:54.875620,525
2026-02-17 02:28:54.883570,510
2026-02-17 02:28:54.891600,511
2026-02-17 02:28:54.899606,522
2026-02-17 02:28:54.907590,518
2026-02-17 02:28:54.915624,514
2026-02-17 02:28:54.923604,513
2026-02-17 02:28:54.931585,508
2026-02-17 02:28:54.939573,502
2026-02-17 02:28:54.947604,508
2026-02-17 02:28:54.955578,516
2026-02-17 02:28:54.963613,507
2026-02-17 02:28:54.971555,508
2026-02-17 02:28:54.979593,515
2026-02-17 02:28:54.987569,502
2026-02-17 02:28:54.995593,516
2026-02-17 02:28:55.003633,517
2026-02-17 02:28:55.011762,508
2026-02-17 02:28:55.019575,515
2026-02-17 02:28:55.027527,501
2026-02-17 02:28:55.035540,499
2026-02-17 02:28:55.043606,505
2026-02-17 02:28:55.051491,507
2026-02-17 02:28:55.059546,515
2026-02-17 02:28:55.067520,522
2026-02-17 02:28:55.075528,516
2026-02-17 02:28:55.083519,507
2026-02-17 02:28:55.091533,509
2026-02-17 02:28:55.099528,521
2026-02-17 02:28:55.107614,514
2026-02-17 02:28:55.115570,508
2026-02-17 02:28:55.123535,513
2026-02-17 02:28:55.131662,503
2026-02-17 02:28:55.139590,526
2026-02-17 02:28:55.147570,507
2026-02-17 02:28:55.155559,508
2026-02-17 02:28:55.163513,518
2026-02-17 02:28:55.171538,511
2026-02-17 02:28:55.179491,514
2026-02-17 02:28:55.187547,512
2026-02-17 02:28:55.195527,506
2026-02-17 02:28:55.203494,515
2026-02-17 02:28:55.211484,515
2026-02-17 02:28:55.219509,517
2026-02-17 02:28:55.227474,505
2026-02-17 02:28:55.235543,517
2026-02-17 02:28:55.243529,521
2026-02-17 02:28:55.251486,517
2026-02-17 02:28:55.259473,518
2026-02-17 02:28:55.267492,508
2026-02-17 02:28:55.275491,506
2026-02-17 02:28:55.283495,517
2026-02-17 02:28:55.291483,514
2026-02-17 02:28:55.299501,522
2026-02-17 02:28:55.307486,513
2026-02-17 02:28:55.315495,508
2026-02-17 02:28:55.323482,519
2026-02-17 02:28:55.331617,512
2026-02-17 02:28:55.339708,516
2026-02-17 02:28:55.347746,512
2026-02-17 02:28:55.355609,511
2026-02-17 02:28:55.363558,512
2026-02-17 02:28:55.371508,514
2026-02-17 02:28:55.379463,512
2026-02-17 02:28:55.387657,519
2026-02-17 02:28:55.395553,516
2026-02-17 02:28:55.403555,518
2026-02-17 02:28:55.411508,506
2026-02-17 02:28:55.419494,515
2026-02-17 02:28:55.427483,511
2026-02-17 02:28:55.435509,510
2026-02-17 02:28:55.443483,513
2026-02-17 02:28:55.451534,508
2026-02-17 02:28:55.459527,513
2026-02-17 02:28:55.467511,516
2026-02-17 02:28:55.475440,510
2026-02-17 02:28:55.483567,519
2026-02-17 02:28:55.491505,510
2026-02-17 02:28:55.499488,510
2026-02-17 02:28:55.507482,496
2026-02-17 02:28:55.515503,507
2026-02-17 02:28:55.523483,521
2026-02-17 02:28:55.531501,511
2026-02-17 02:28:55.539494,514
2026-02-17 02:28:55.547449,511
2026-02-17 02:28:55.555576,502
2026-02-17 02:28:55.563606,511
2026-02-17 02:28:55.571594,508
2026-02-17 02:28:55.579562,514
2026-02-17 02:28:55.587463,517
2026-02-17 02:28:55.595464,505
2026-02-17 02:28:55.603522,508
2026-02-17 02:28:55.611507,513
2026-02-17 02:28:55.619488,516
2026-02-17 02:28:55.627481,513
2026-02-17 02:28:55.635545,508
2026-02-17 02:28:55.643533,509
2026-02-17 02:28:55.651521,509
2026-02-17 02:28:55.659596,520
2026-02-17 02:28:55.667540,520
2026-02-17 02:28:55.675481,515
2026-02-17 02:28:55.683582,521
2026-02-17 02:28:55.691487,506
2026-02-17 02:28:55.699437,512
2026-02-17 02:28:55.707492,507
2026-02-17 02:28:55.715533,501
2026-02-17 02:28:55.723506,510
2026-02-17 02:28:55.731497,506
2026-02-17 02:28:55.739484,508
2026-02-17 02:28:55.747483,505
2026-02-17 02:28:55.755482,508
2026-02-17 02:28:55.763526,513
2026-02-17 02:28:55.771497,512
2026-02-17 02:28:55.779493,513
2026-02-17 02:28:55.787484,490
2026-02-17 02:28:55.795488,499
2026-02-17 02:28:55.803493,503
2026-02-17 02:28:55.811477,509
2026-02-17 02:28:55.819491,514
2026-02-17 02:28:55.827487,510
2026-02-17 02:28:55.835494,512
2026-02-17 02:28:55.843534,516
2026-02-17 02:28:55.851686,510
2026-02-17 02:28:55.859533,517
2026-02-17 02:28:55.867523,511
2026-02-17 02:28:55.875497,511
2026-02-17 02:28:55.883538,515
2026-02-17 02:28:55.891539,513
2026-02-17 02:28:55.899469,521
2026-02-17 02:28:55.907513,521
2026-02-17 02:28:55.915483,521
2026-02-17 02:28:55.923550,512
2026-02-17 02:28:55.931499,503
2026-02-17 02:28:55.939527,517
2026-02-17 02:28:55.947490,520
2026-02-17 02:28:55.955497,517
2026-02-17 02:28:55.963510,522
2026-02-17 02:28:55.971510,509
2026-02-17 02:28:55.979484,513
2026-02-17 02:28:55.987491,507
2026-02-17 02:28:55.995486,513
2026-02-17 02:28:56.003500,517
2026-02-17 02:28:56.011492,500
2026-02-17 02:28:56.019612,502
2026-02-17 02:28:56.027532,508
2026-02-17 02:28:56.035465,517
2026-02-17 02:28:56.043504,514
2026-02-17 02:28:56.051606,510
2026-02-17 02:28:56.059614,505
2026-02-17 02:28:56.067497,511
2026-02-17 02:28:56.075479,506
2026-02-17 02:28:56.083510,515
2026-02-17 02:28:56.091495,515
2026-02-17 02:28:56.099504,513
2026-02-17 02:28:56.107445,516
2026-02-17 02:28:56.115446,515
2026-02-17 02:28:56.123444,518
2026-02-17 02:28:56.131481,518
2026-02-17 02:28:56.139492,518
2026-02-17 02:28:56.147487,516
2026-02-17 02:28:56.155535,506
2026-02-17 02:28:56.163517,518
2026-02-17 02:28:56.171520,515
2026-02-17 02:28:56.179534,521
2026-02-17 02:28:56.187562,524
2026-02-17 02:28:56.195522,516
2026-02-17 02:28:56.203512,520
2026-02-17 02:28:56.211541,509
2026-02-17 02:28:56.219506,519
2026-02-17 02:28:56.227544,518
2026-02-17 02:28:56.235482,513
2026-02-17 02:28:56.243522,516
2026-02-17 02:28:56.251506,501
2026-02-17 02:28:56.259569,503
2026-02-17 02:28:56.267612,510
2026-02-17 02:28:56.275610,517
2026-02-17 02:28:56.283569,521
2026-02-17 02:28:56.291494,509
2026-02-17 02:28:56.299511,514
2026-02-17 02:28:56.307507,501
2026-02-17 02:28:56.315510,508
2026-02-17 02:28:56.323492,518
2026-02-17 02:28:56.331493,512
2026-02-17 02:28:56.339479,517
2026-02-17 02:28:56.347494,505
2026-02-17 02:28:56.355522,517
2026-02-17 02:28:56.363483,511
2026-02-17 02:28:56.371487,504
2026-02-17 02:28:56.379503,511
2026-02-17 02:28:56.387509,511
2026-02-17 02:28:56.395576,503
2026-02-17 02:28:56.403529,516
2026-02-17 02:28:56.411526,511
2026-02-17 02:28:56.419490,516
2026-02-17 02:28:56.427497,510
2026-02-17 02:28:56.435513,502
2026-02-17 02:28:56.443490,505
2026-02-17 02:28:56.451509,505
2026-02-17 02:28:56.459497,508
2026-02-17 02:28:56.467501,508
2026-02-17 02:28:56.475586,495
2026-02-17 02:28:56.483526,501
2026-02-17 02:28:56.491522,475
2026-02-17 02:28:56.499442,487
2026-02-17 02:28:56.507542,481
2026-02-17 02:28:56.515484,476
2026-02-17 02:28:56.523499,492
2026-02-17 02:28:56.531501,479
2026-02-17 02:28:56.539547,472
2026-02-17 02:28:56.547487,476
2026-02-17 02:28:56.555526,489
2026-02-17 02:28:56.563643,491
2026-02-17 02:28:56.571493,484
2026-02-17 02:28:56.579572,486
2026-02-17 02:28:56.587490,488
2026-02-17 02:28:56.595587,496
2026-02-17 02:28:56.603446,493
2026-02-17 02:28:56.611499,503
2026-02-17 02:28:56.619519,511
2026-02-17 02:28:56.627496,525
2026-02-17 02:28:56.635490,531
2026-02-17 02:28:56.643489,539
2026-02-17 02:28:56.651570,546
2026-02-17 02:28:56.659644,548
2026-02-17 02:28:56.667537,555
2026-02-17 02:28:56.675554,580
2026-02-17 02:28:56.683671,594
2026-02-17 02:28:56.691568,593
2026-02-17 02:28:56.699535,594
2026-02-17 02:28:56.707532,583
2026-02-17 02:28:56.715566,592
2026-02-17 02:28:56.723557,587
2026-02-17 02:28:56.731560,591
2026-02-17 02:28:56.739576,598
2026-02-17 02:28:56.747568,593
2026-02-17 02:28:56.755613,577
2026-02-17 02:28:56.763614,580
2026-02-17 02:28:56.771607,573
2026-02-17 02:28:56.779555,574
2026-02-17 02:28:56.787514,569
2026-02-17 02:28:56.795513,545
2026-02-17 02:28:56.803470,565
2026-02-17 02:28:56.811559,559
2026-02-17 02:28:56.819562,558
2026-02-17 02:28:56.827617,558
2026-02-17 02:28:56.835533,555
2026-02-17 02:28:56.843487,551
2026-02-17 02:28:56.851622,541
2026-02-17 02:28:56.859521,551
2026-02-17 02:28:56.867551,541
2026-02-17 02:28:56.875524,532
2026-02-17 02:28:56.883519,539
2026-02-17 02:28:56.891519,534
2026-02-17 02:28:56.899639,536
2026-02-17 02:28:56.907532,535
2026-02-17 02:28:56.915572,525
2026-02-17 02:28:56.923511,520
2026-02-17 02:28:56.931545,521
2026-02-17 02:28:56.939549,528
2026-02-17 02:28:56.947576,531
2026-02-17 02:28:56.955577,523
2026-02-17 02:28:56.963506,520
2026-02-17 02:28:56.971516,505
2026-02-17 02:28:56.979543,516
2026-02-17 02:28:56.987541,520
2026-02-17 02:28:56.995537,525
2026-02-17 02:28:57.003499,526
2026-02-17 02:28:57.011548,508
2026-02-17 02:28:57.019571,516
2026-02-17 02:28:57.027512,519
2026-02-17 02:28:57.035459,518
2026-02-17 02:28:57.043503,508
2026-02-17 02:28:57.051461,513
2026-02-17 02:28:57.059480,515
2026-02-17 02:28:57.067533,518
2026-02-17 02:28:57.075510,517
2026-02-17 02:28:57.083507,520
2026-02-17 02:28:57.091531,507
2026-02-17 02:28:57.099458,519
2026-02-17 02:28:57.107501,512
2026-02-17 02:28:57.115454,510
2026-02-17 02:28:57.123559,519
2026-02-17 02:28:57.131598,508
2026-02-17 02:28:57.139564,518
2026-02-17 02:28:57.147551,515
2026-02-17 02:28:57.155631,508
2026-02-17 02:28:57.163518,510
2026-02-17 02:28:57.171532,500
2026-02-17 02:28:57.179497,514
2026-02-17 02:28:57.187633,515
2026-02-17 02:28:57.195523,510
2026-02-17 02:28:57.203531,517
2026-02-17 02:28:57.211571,510
2026-02-17 02:28:57.219491,492
2026-02-17 02:28:57.227500,477
2026-02-17 02:28:57.235521,467
2026-02-17 02:28:57.243545,440
2026-02-17 02:28:57.251520,432
2026-02-17 02:28:57.259499,433
2026-02-17 02:28:57.267537,417
2026-02-17 02:28:57.275498,408
2026-02-17 02:28:57.283491,400
2026-02-17 02:28:57.291512,391
2026-02-17 02:28:57.299505,388
2026-02-17 02:28:57.307490,386
2026-02-17 02:28:57.315495,384
2026-02-17 02:28:57.323493,396
2026-02-17 02:28:57.331513,401
2026-02-17 02:28:57.339499,412
2026-02-17 02:28:57.347502,421
2026-02-17 02:28:57.355515,438
2026-02-17 02:28:57.363556,451
2026-02-17 02:28:57.371498,462
2026-02-17 02:28:57.379496,479
2026-02-17 02:28:57.387548,483
2026-02-17 02:28:57.395519,484
2026-02-17 02:28:57.403527,491
2026-02-17 02:28:57.411564,485
2026-02-17 02:28:57.419551,510
2026-02-17 02:28:57.427512,513
2026-02-17 02:28:57.435522,513
2026-02-17 02:28:57.443508,525
2026-02-17 02:28:57.451508,519
2026-02-17 02:28:57.459561,529
2026-02-17 02:28:57.467456,527
2026-02-17 02:28:57.475594,527
2026-02-17 02:28:57.483472,535
2026-02-17 02:28:57.491505,520
2026-02-17 02:28:57.499495,527
2026-02-17 02:28:57.507627,522
2026-02-17 02:28:57.515620,528
2026-02-17 02:28:57.523583,534
2026-02-17 02:28:57.531570,525
2026-02-17 02:28:57.539516,540
2026-02-17 02:28:57.547500,517
2026-02-17 02:28:57.555503,532
2026-02-17 02:28:57.563497,532
2026-02-17 02:28:57.571500,526
2026-02-17 02:28:57.579464,533
2026-02-17 02:28:57.587486,520
2026-02-17 02:28:57.595535,520
2026-02-17 02:28:57.603492,528
2026-02-17 02:28:57.611524,512
2026-02-17 02:28:57.619505,516
2026-02-17 02:28:57.627497,521
2026-02-17 02:28:57.635503,516
2026-02-17 02:28:57.643500,522
2026-02-17 02:28:57.651502,508
2026-02-17 02:28:57.659575,507
2026-02-17 02:28:57.667523,518
2026-02-17 02:28:57.675560,519
2026-02-17 02:28:57.683626,525
2026-02-17 02:28:57.691535,510
2026-02-17 02:28:57.699447,521
2026-02-17 02:28:57.707451,518
2026-02-17 02:28:57.715493,514
2026-02-17 02:28:57.723491,517
2026-02-17 02:28:57.731544,503
2026-02-17 02:28:57.739527,514
2026-02-17 02:28:57.747535,517
2026-02-17 02:29:13.889374,522
2026-02-17 02:29:13.889731,519
2026-02-17 02:29:13.889862,520
2026-02-17 02:29:13.889984,513
2026-02-17 02:29:13.890077,522
2026-02-17 02:29:13.890171,507
2026-02-17 02:29:13.890261,511
2026-02-17 02:29:13.890351,517
2026-02-17 02:29:13.890439,514
2026-02-17 02:29:13.890526,517
2026-02-17 02:29:13.890614,518
2026-02-17 02:29:13.890705,497
2026-02-17 02:29:13.890790,525
2026-02-17 02:29:13.890878,508
2026-02-17 02:29:13.890965,509
2026-02-17 02:29:13.891065,515
2026-02-17 02:29:13.891152,515
2026-02-17 02:29:13.891333,516
2026-02-17 02:29:13.891482,510
2026-02-17 02:29:13.891530,507
2026-02-17 02:29:13.891571,504
2026-02-17 02:29:13.891610,512
2026-02-17 02:29:13.891648,523
2026-02-17 02:29:13.891691,511
2026-02-17 02:29:13.891736,516
2026-02-17 02:29:13.891777,519
2026-02-17 02:29:13.891815,513
2026-02-17 02:29:13.891852,507
2026-02-17 02:29:13.891888,510
2026-02-17 02:29:13.891937,506
2026-02-17 02:29:13.891973,506
2026-02-17 02:29:13.892010,512
2026-02-17 02:29:13.892046,517
2026-02-17 02:29:13.892087,506
2026-02-17 02:29:13.892123,515
2026-02-17 02:29:13.892159,498
2026-02-17 02:29:13.892196,508
2026-02-17 02:29:13.892232,520
2026-02-17 02:29:13.892268,507
2026-02-17 02:29:13.892304,511
2026-02-17 02:29:13.892340,512
2026-02-17 02:29:13.892377,513
2026-02-17 02:29:13.892414,516
2026-02-17 02:29:13.892450,500
2026-02-17 02:29:13.892487,512
2026-02-17 02:29:13.892523,518
2026-02-17 02:29:13.892559,505
2026-02-17 02:29:13.899604,518
2026-02-17 02:29:13.907588,522
2026-02-17 02:29:13.915611,508
2026-02-17 02:29:13.923687,499
2026-02-17 02:29:13.931644,505
2026-02-17 02:29:13.939593,511
2026-02-17 02:29:13.947655,512
2026-02-17 02:29:13.955708,512
2026-02-17 02:29:13.963578,520
2026-02-17 02:29:13.971625,512
2026-02-17 02:29:13.979633,521
2026-02-17 02:29:13.987660,507
2026-02-17 02:29:13.995615,513
2026-02-17 02:29:14.003617,512
2026-02-17 02:29:14.011597,504
2026-02-17 02:29:14.019732,520
2026-02-17 02:29:14.027731,510
2026-02-17 02:29:14.035623,507
2026-02-17 02:29:14.043738,507
2026-02-17 02:29:14.051635,513
2026-02-17 02:29:14.059590,518
2026-02-17 02:29:14.067700,511
2026-02-17 02:29:14.075643,512
2026-02-17 02:29:14.083611,510
2026-02-17 02:29:14.091609,504
2026-02-17 02:29:14.099548,516
2026-02-17 02:29:14.107638,514
2026-02-17 02:29:14.115605,504
2026-02-17 02:29:14.123624,508
2026-02-17 02:29:14.131644,501
2026-02-17 02:29:14.139608,507
2026-02-17 02:29:14.147611,508
2026-02-17 02:29:14.155663,515
2026-02-17 02:29:14.163618,516
2026-02-17 02:29:14.171640,515
2026-02-17 02:29:14.179647,522
2026-02-17 02:29:14.187654,500
2026-02-17 02:29:14.195604,516
2026-02-17 02:29:14.203609,520
2026-02-17 02:29:14.211629,511
2026-02-17 02:29:14.219617,517
2026-02-17 02:29:14.227611,513
2026-02-17 02:29:14.235612,518
2026-02-17 02:29:14.243615,507
2026-02-17 02:29:14.251564,517
2026-02-17 02:29:14.259624,509
2026-02-17 02:29:14.267659,507
2026-02-17 02:29:14.275642,510
2026-02-17 02:29:14.283624,506
2026-02-17 02:29:14.291616,507
2026-02-17 02:29:14.299613,505
2026-02-17 02:29:14.307617,508
2026-02-17 02:29:14.315612,508
2026-02-17 02:29:14.323643,506
2026-02-17 02:29:14.331618,501
2026-02-17 02:29:14.339647,514
2026-02-17 02:29:14.347619,503
2026-02-17 02:29:14.355666,510
2026-02-17 02:29:14.363630,515
2026-02-17 02:29:14.371587,511
2026-02-17 02:29:14.379611,515
2026-02-17 02:29:14.387632,503
2026-02-17 02:29:14.395669,510
2026-02-17 02:29:14.403613,524
2026-02-17 02:29:14.411616,503
2026-02-17 02:29:14.419662,521
2026-02-17 02:29:14.427634,511
2026-02-17 02:29:14.435612,517
2026-02-17 02:29:14.443612,523
2026-02-17 02:29:14.451619,515
2026-02-17 02:29:14.459613,512
2026-02-17 02:29:14.467622,509
2026-02-17 02:29:14.475610,515
2026-02-17 02:29:14.483560,513
2026-02-17 02:29:14.491711,513
2026-02-17 02:29:14.499597,520
2026-02-17 02:29:14.507560,511
2026-02-17 02:29:14.515596,516
2026-02-17 02:29:14.523608,508
2026-02-17 02:29:14.531646,505
2026-02-17 02:29:14.539625,520
2026-02-17 02:29:14.547612,519
2026-02-17 02:29:14.555615,508
2026-02-17 02:29:14.563618,514
2026-02-17 02:29:14.571670,500
2026-02-17 02:29:14.579613,510
2026-02-17 02:29:14.587623,506
2026-02-17 02:29:14.595685,507
2026-02-17 02:29:14.603621,499
2026-02-17 02:29:14.611626,513
2026-02-17 02:29:14.619612,520
2026-02-17 02:29:14.627612,512
2026-02-17 02:29:14.635692,509
2026-02-17 02:29:14.643636,516
2026-02-17 02:29:14.651641,506
2026-02-17 02:29:14.659764,513
2026-02-17 02:29:14.667682,508
2026-02-17 02:29:14.675606,509
2026-02-17 02:29:14.683687,515
2026-02-17 02:29:14.691627,509
2026-02-17 02:29:14.699669,511
2026-02-17 02:29:14.707580,504
2026-02-17 02:29:14.715617,519
2026-02-17 02:29:14.723637,515
2026-02-17 02:29:14.731629,513
2026-02-17 02:29:14.739621,521
2026-02-17 02:29:14.747617,518
2026-02-17 02:29:14.755621,516
2026-02-17 02:29:14.763589,510
2026-02-17 02:29:14.771562,517
2026-02-17 02:29:14.779648,519
2026-02-17 02:29:14.787594,502
2026-02-17 02:29:14.795620,502
2026-02-17 02:29:14.803625,512
2026-02-17 02:29:14.811609,515
2026-02-17 02:29:14.819606,512
2026-02-17 02:29:14.827643,508
2026-02-17 02:29:14.835612,505
2026-02-17 02:29:14.843613,506
2026-02-17 02:29:14.851637,498
2026-02-17 02:29:14.859555,510
2026-02-17 02:29:14.867661,509
2026-02-17 02:29:14.875842,516
2026-02-17 02:29:14.883616,518
2026-02-17 02:29:14.891616,520
2026-02-17 02:29:14.899680,513
2026-02-17 02:29:14.907622,506
2026-02-17 02:29:14.915664,515
2026-02-17 02:29:14.923628,521
2026-02-17 02:29:14.931627,504
2026-02-17 02:29:14.939636,521
2026-02-17 02:29:14.947656,519
2026-02-17 02:29:14.955657,508
2026-02-17 02:29:14.963610,517
2026-02-17 02:29:14.971627,520
2026-02-17 02:29:14.979622,516
2026-02-17 02:29:14.987608,503
2026-02-17 02:29:14.995626,513
2026-02-17 02:29:15.003644,508
2026-02-17 02:29:15.011621,514
2026-02-17 02:29:15.019741,523
2026-02-17 02:29:15.027665,508
2026-02-17 02:29:15.035582,513
2026-02-17 02:29:15.043637,517
2026-02-17 02:29:15.051626,499
2026-02-17 02:29:15.059725,501
2026-02-17 02:29:15.067612,510
2026-02-17 02:29:15.075692,507
2026-02-17 02:29:15.083676,503
2026-02-17 02:29:15.091634,500
2026-02-17 02:29:15.099607,512
2026-02-17 02:29:15.107566,505
2026-02-17 02:29:15.115619,509
2026-02-17 02:29:15.123704,516
2026-02-17 02:29:15.131751,505
2026-02-17 02:29:15.139680,510
2026-02-17 02:29:15.147700,511
2026-02-17 02:29:15.155746,512
2026-02-17 02:29:15.163667,509
2026-02-17 02:29:15.171655,503
2026-02-17 02:29:15.179629,511
2026-02-17 02:29:15.187705,503
2026-02-17 02:29:15.195638,512
2026-02-17 02:29:15.203666,516
2026-02-17 02:29:15.211618,510
2026-02-17 02:29:15.219646,508
2026-02-17 02:29:15.227704,499
2026-02-17 02:29:15.235591,514
2026-02-17 02:29:15.243625,520
2026-02-17 02:29:15.251569,512
2026-02-17 02:29:15.259570,515
2026-02-17 02:29:15.267601,506
2026-02-17 02:29:15.275609,516
2026-02-17 02:29:15.283607,518
2026-02-17 02:29:15.291589,510
2026-02-17 02:29:15.299614,523
2026-02-17 02:29:15.307589,515
2026-02-17 02:29:15.315588,514
2026-02-17 02:29:15.323578,506
2026-02-17 02:29:15.331602,511
2026-02-17 02:29:15.339610,522
2026-02-17 02:29:15.347596,510
2026-02-17 02:29:15.355608,511
2026-02-17 02:29:15.363551,503
2026-02-17 02:29:15.371618,512
2026-02-17 02:29:15.379581,515
2026-02-17 02:29:15.387613,513
2026-02-17 02:29:15.395612,505
2026-02-17 02:29:15.403620,509
2026-02-17 02:29:15.411772,499
2026-02-17 02:29:15.419678,503
2026-02-17 02:29:15.427666,497
2026-02-17 02:29:15.435708,517
2026-02-17 02:29:15.443631,512
2026-02-17 02:29:15.451652,508
2026-02-17 02:29:15.459583,514
2026-02-17 02:29:15.467618,512
2026-02-17 02:29:15.475604,507
2026-02-17 02:29:15.483646,518
2026-02-17 02:29:15.491595,506
2026-02-17 02:29:15.499559,513
2026-02-17 02:29:15.507615,509
2026-02-17 02:29:15.515605,513
2026-02-17 02:29:15.523599,504
2026-02-17 02:29:15.531611,512
2026-02-17 02:29:15.539629,524
2026-02-17 02:29:15.547614,518
2026-02-17 02:29:15.555602,509
2026-02-17 02:29:15.563617,515
2026-02-17 02:29:15.571594,522
2026-02-17 02:29:15.579599,519
2026-02-17 02:29:15.587617,512
2026-02-17 02:29:15.595603,518
2026-02-17 02:29:15.603613,522
2026-02-17 02:29:15.611597,516
2026-02-17 02:29:15.619591,517
2026-02-17 02:29:15.627616,506
2026-02-17 02:29:15.635584,512
2026-02-17 02:29:15.643618,513
2026-02-17 02:29:15.651730,504
2026-02-17 02:29:15.659729,518
2026-02-17 02:29:15.667596,504
2026-02-17 02:29:15.675657,516
2026-02-17 02:29:15.683696,518
2026-02-17 02:29:15.691670,511
2026-02-17 02:29:15.699624,520
2026-02-17 02:29:15.707661,506
2026-02-17 02:29:15.715660,514
2026-02-17 02:29:15.723658,509
2026-02-17 02:29:15.731716,516
2026-02-17 02:29:15.739631,515
2026-02-17 02:29:15.747658,511
2026-02-17 02:29:15.755670,517
2026-02-17 02:29:15.763674,521
2026-02-17 02:29:15.771699,505
2026-02-17 02:29:15.779595,514
2026-02-17 02:29:15.787662,512
2026-02-17 02:29:15.795635,520
2026-02-17 02:29:15.803653,506
2026-02-17 02:29:15.811624,512
2026-02-17 02:29:15.819639,514
2026-02-17 02:29:15.827685,505
2026-02-17 02:29:15.835755,504
2026-02-17 02:29:15.843708,505
2026-02-17 02:29:15.851947,513
2026-02-17 02:29:15.859815,514
2026-02-17 02:29:15.867729,504
2026-02-17 02:29:15.875721,513
2026-02-17 02:29:15.883624,515
2026-02-17 02:29:15.891707,504
2026-02-17 02:29:15.899570,501
2026-02-17 02:29:15.907637,507
2026-02-17 02:29:15.915753,513
2026-02-17 02:29:15.923653,517
2026-02-17 02:29:15.931675,516
2026-02-17 02:29:15.939642,521
2026-02-17 02:29:15.947724,517
2026-02-17 02:29:15.955664,502
2026-02-17 02:29:15.963580,508
2026-02-17 02:29:15.971721,507
2026-02-17 02:29:15.979631,518
2026-02-17 02:29:15.987653,528
2026-02-17 02:29:15.995612,518
2026-02-17 02:29:16.003644,517
2026-02-17 02:29:16.011572,511
2026-02-17 02:29:16.019626,513
2026-02-17 02:29:16.027674,512
2026-02-17 02:29:16.035668,516
2026-02-17 02:29:16.043613,518
2026-02-17 02:29:16.051614,505
2026-02-17 02:29:16.059702,516
2026-02-17 02:29:16.067701,517
2026-02-17 02:29:16.075573,515
2026-02-17 02:29:16.083670,514
2026-02-17 02:29:16.091621,511
2026-02-17 02:29:16.099558,511
2026-02-17 02:29:16.107567,505
2026-02-17 02:29:16.115562,504
2026-02-17 02:29:16.123560,519
2026-02-17 02:29:16.131578,514
2026-02-17 02:29:16.139643,522
2026-02-17 02:29:16.147560,509
2026-02-17 02:29:16.155590,519
2026-02-17 02:29:16.163639,513
2026-02-17 02:29:16.171636,510
2026-02-17 02:29:16.179607,508
2026-02-17 02:29:16.187679,506
2026-02-17 02:29:16.195616,508
2026-02-17 02:29:16.203618,505
2026-02-17 02:29:16.211610,505
2026-02-17 02:29:16.219613,517
2026-02-17 02:29:16.227638,508
2026-02-17 02:29:16.235612,513
2026-02-17 02:29:16.243613,518
2026-02-17 02:29:16.251563,514
2026-02-17 02:29:16.259616,512
2026-02-17 02:29:16.267622,511
2026-02-17 02:29:16.275622,506
2026-02-17 02:29:16.283615,520
2026-02-17 02:29:16.291617,508
2026-02-17 02:29:16.299603,509
2026-02-17 02:29:16.307631,508
2026-02-17 02:29:16.315637,507
2026-02-17 02:29:16.323616,508
2026-02-17 02:29:16.331632,505
2026-02-17 02:29:16.339563,514
2026-02-17 02:29:16.347561,510
2026-02-17 02:29:16.355620,515
2026-02-17 02:29:16.363627,511
2026-02-17 02:29:16.371610,519
2026-02-17 02:29:16.379620,514
2026-02-17 02:29:16.387632,506
2026-02-17 02:29:16.395611,502
2026-02-17 02:29:16.403614,515
2026-02-17 02:29:16.411634,507
2026-02-17 02:29:16.419555,513
2026-02-17 02:29:16.427557,512
2026-02-17 02:29:16.435614,509
2026-02-17 02:29:16.443617,511
2026-02-17 02:29:16.451614,495
2026-02-17 02:29:16.459634,509
2026-02-17 02:29:16.467618,509
2026-02-17 02:29:16.475615,520
2026-02-17 02:29:16.483612,519
2026-02-17 02:29:16.491638,506
2026-02-17 02:29:16.499619,506
2026-02-17 02:29:16.507613,513
2026-02-17 02:29:16.515624,519
2026-02-17 02:29:16.523618,512
2026-02-17 02:29:16.531560,516
2026-02-17 02:29:16.539635,511
2026-02-17 02:29:16.547636,507
2026-02-17 02:29:16.555624,513
2026-02-17 02:29:16.563619,515
2026-02-17 02:29:16.571633,519
2026-02-17 02:29:16.579617,514
2026-02-17 02:29:16.587571,506
2026-02-17 02:29:16.595629,510
2026-02-17 02:29:16.603622,514
2026-02-17 02:29:16.611607,513
2026-02-17 02:29:16.619618,512
2026-02-17 02:29:16.627618,504
2026-02-17 02:29:16.635612,508
2026-02-17 02:29:16.643611,509
2026-02-17 02:29:16.651618,512
2026-02-17 02:29:16.659656,509
2026-02-17 02:29:16.667644,518
2026-02-17 02:29:16.675621,512
2026-02-17 02:29:16.683652,506
2026-02-17 02:29:16.691679,513
2026-02-17 02:29:16.699607,518
2026-02-17 02:29:16.707633,509
2026-02-17 02:29:16.715644,500
2026-02-17 02:29:16.723609,503
2026-02-17 02:29:16.731616,504
2026-02-17 02:29:16.739689,509
2026-02-17 02:29:16.747631,485
2026-02-17 02:29:16.755630,485
2026-02-17 02:29:16.763687,485
2026-02-17 02:29:16.771578,479
2026-02-17 02:29:16.779622,483
2026-02-17 02:29:16.787781,482
2026-02-17 02:29:16.795706,480
2026-02-17 02:29:16.803702,490
2026-02-17 02:29:16.811629,482
2026-02-17 02:29:16.819678,498
2026-02-17 02:29:16.827645,499
2026-02-17 02:29:16.835650,506
2026-02-17 02:29:16.843632,509
2026-02-17 02:29:16.851657,505
2026-02-17 02:29:16.859637,515
2026-02-17 02:29:16.867629,517
2026-02-17 02:29:16.875634,510
2026-02-17 02:29:16.883657,512
2026-02-17 02:29:16.891628,519
2026-02-17 02:29:16.899684,521
2026-02-17 02:29:16.907654,526
2026-02-17 02:29:16.915567,521
2026-02-17 02:29:16.923569,516
2026-02-17 02:29:16.931622,517
2026-02-17 02:29:16.939651,512
2026-02-17 02:29:16.947633,515
2026-02-17 02:29:16.955634,524
2026-02-17 02:29:16.963629,522
2026-02-17 02:29:16.971623,519
2026-02-17 02:29:16.979620,526
2026-02-17 02:29:16.987564,511
2026-02-17 02:29:16.995633,520
2026-02-17 02:29:17.003643,526
2026-02-17 02:29:17.011639,526
2026-02-17 02:29:17.019600,521
2026-02-17 02:29:17.027654,519
2026-02-17 02:29:17.035644,520
2026-02-17 02:29:17.043609,516
2026-02-17 02:29:17.051623,511
2026-02-17 02:29:17.059707,525
2026-02-17 02:29:17.067580,515
2026-02-17 02:29:17.075571,517
2026-02-17 02:29:17.083612,523
2026-02-17 02:29:17.091625,511
2026-02-17 02:29:17.099628,519
2026-02-17 02:29:17.107658,506
2026-02-17 02:29:17.115619,517
2026-02-17 02:29:17.123631,514
2026-02-17 02:29:17.131629,511
2026-02-17 02:29:17.139638,508
2026-02-17 02:29:17.147648,506
2026-02-17 02:29:17.155698,507
2026-02-17 02:29:17.163626,505
2026-02-17 02:29:17.171620,504
2026-02-17 02:29:17.179575,517
2026-02-17 02:29:17.187684,512
2026-02-17 02:29:17.195638,509
2026-02-17 02:29:17.203623,511
2026-02-17 02:29:17.211637,509
2026-02-17 02:29:17.219629,521
2026-02-17 02:29:17.227622,516
2026-02-17 02:29:17.235622,508
2026-02-17 02:29:17.243613,517
2026-02-17 02:29:17.251624,508
2026-02-17 02:29:17.259613,515
2026-02-17 02:29:17.267628,513
2026-02-17 02:29:17.275567,518
2026-02-17 02:29:17.283569,515
2026-02-17 02:29:17.291635,511
2026-02-17 02:29:17.299635,514
2026-02-17 02:29:17.307618,516
2026-02-17 02:29:17.315610,517
2026-02-17 02:29:17.323725,518
2026-02-17 02:29:17.331660,500
2026-02-17 02:29:17.339733,510
2026-02-17 02:29:17.347680,506
2026-02-17 02:29:17.355629,516
2026-02-17 02:29:17.363651,519
2026-02-17 02:29:17.371570,516
2026-02-17 02:29:17.379580,511
2026-02-17 02:29:17.387587,501
2026-02-17 02:29:17.395574,515
2026-02-17 02:29:17.403621,507
2026-02-17 02:29:17.411631,512
2026-02-17 02:29:17.419661,514
2026-02-17 02:29:17.427646,519
2026-02-17 02:29:17.435643,507
2026-02-17 02:29:17.443638,507
2026-02-17 02:29:17.451620,512
2026-02-17 02:29:17.459633,509
2026-02-17 02:29:17.467626,513
2026-02-17 02:29:17.475598,516
2026-02-17 02:29:17.483620,518
2026-02-17 02:29:17.491595,519
2026-02-17 02:29:17.499626,525
2026-02-17 02:29:17.507623,515
2026-02-17 02:29:17.515634,513
2026-02-17 02:29:17.523621,514
2026-02-17 02:29:17.531625,521
2026-02-17 02:29:17.539620,515
2026-02-17 02:29:17.547633,503
2026-02-17 02:29:17.555630,506
2026-02-17 02:29:17.563638,513
2026-02-17 02:29:17.571571,512
2026-02-17 02:29:17.579623,518
2026-02-17 02:29:17.587631,513
2026-02-17 02:29:17.595619,526
2026-02-17 02:29:17.603618,522
2026-02-17 02:29:17.611628,519
2026-02-17 02:29:17.619578,513
2026-02-17 02:29:17.627635,510
2026-02-17 02:29:17.635643,511
2026-02-17 02:29:17.643627,512
2026-02-17 02:29:17.651634,516
2026-02-17 02:29:17.659701,516
2026-02-17 02:29:17.667569,506
2026-02-17 02:29:17.675645,506
2026-02-17 02:29:17.683622,512
2026-02-17 02:29:17.691679,516
2026-02-17 02:29:17.699574,522
2026-02-17 02:29:17.707629,517
2026-02-17 02:29:17.715628,519
2026-02-17 02:29:17.723576,522
2026-02-17 02:29:17.731705,515
2026-02-17 02:29:17.739566,519
2026-02-17 02:29:17.747611,523
2026-02-17 02:29:17.755729,514
2026-02-17 02:29:17.763688,517
2026-02-17 02:29:17.771635,509
2026-02-17 02:29:17.779646,518
2026-02-17 02:29:17.787577,507
2026-02-17 02:29:17.795624,510
2026-02-17 02:29:17.803633,519
2026-02-17 02:29:17.811620,502
2026-02-17 02:29:17.819631,516
2026-02-17 02:29:17.827625,513
2026-02-17 02:29:17.835623,512
2026-02-17 02:29:17.843619,512
2026-02-17 02:29:17.851705,514
2026-02-17 02:29:17.859658,509
2026-02-17 02:29:17.867630,507
2026-02-17 02:29:17.875623,512
2026-02-17 02:29:17.883570,509
2026-02-17 02:29:17.891655,510
2026-02-17 02:29:17.899628,514
2026-02-17 02:29:17.907646,512
2026-02-17 02:29:17.915672,520
2026-02-17 02:29:17.923702,518
2026-02-17 02:29:17.931659,515
2026-02-17 02:29:17.939580,523
2026-02-17 02:29:17.947701,521
2026-02-17 02:29:17.955617,513
2026-02-17 02:29:17.963632,510
2026-02-17 02:29:17.971654,506
2026-02-17 02:29:17.979661,513
2026-02-17 02:29:17.987689,510
2026-02-17 02:29:17.995633,519
2026-02-17 02:29:18.003631,515
2026-02-17 02:29:18.011713,503
2026-02-17 02:29:18.019703,516
2026-02-17 02:29:18.027660,512
2026-02-17 02:29:18.035643,512
2026-02-17 02:29:18.043687,510
2026-02-17 02:29:18.051698,511
2026-02-17 02:29:18.059668,516
2026-02-17 02:29:18.067643,505
2026-02-17 02:29:18.075767,518
2026-02-17 02:29:18.083651,507
2026-02-17 02:29:18.091708,508
2026-02-17 02:29:18.099598,513
2026-02-17 02:29:18.107595,512
2026-02-17 02:29:18.115597,514
2026-02-17 02:29:18.123598,513
2026-02-17 02:29:18.131625,511
2026-02-17 02:29:18.139639,508
2026-02-17 02:29:18.147651,506
2026-02-17 02:29:18.155743,513
2026-02-17 02:29:18.163708,515
2026-02-17 02:29:18.171703,515
2026-02-17 02:29:18.179715,522
2026-02-17 02:29:18.187848,518
2026-02-17 02:29:18.195729,516
2026-02-17 02:29:18.203721,518
2026-02-17 02:29:18.211638,511
2026-02-17 02:29:18.219687,511
2026-02-17 02:29:18.227732,518
2026-02-17 02:29:18.235719,510
2026-02-17 02:29:18.243638,515
2026-02-17 02:29:18.251671,518
2026-02-17 02:29:18.259643,522
2026-02-17 02:29:18.267698,513
2026-02-17 02:29:18.275627,516
2026-02-17 02:29:18.283633,511
2026-02-17 02:29:18.291640,508
2026-02-17 02:29:18.299620,519
2026-02-17 02:29:18.307681,509
2026-02-17 02:29:18.315643,512
2026-02-17 02:29:18.323641,517
2026-02-17 02:29:18.331638,513
2026-02-17 02:29:18.339654,516
2026-02-17 02:29:18.347663,510
2026-02-17 02:29:18.355643,517
2026-02-17 02:29:18.363642,511
2026-02-17 02:29:18.371659,515
2026-02-17 02:29:18.379700,513
2026-02-17 02:29:18.387638,496
2026-02-17 02:29:18.395583,498
2026-02-17 02:29:18.403754,505
2026-02-17 02:29:18.411633,511
2026-02-17 02:29:18.419639,512
2026-02-17 02:29:18.427584,509
2026-02-17 02:29:18.435637,513
2026-02-17 02:29:18.443677,508
2026-02-17 02:29:18.451657,506
2026-02-17 02:29:18.459673,513
2026-02-17 02:29:18.467649,509
2026-02-17 02:29:18.475636,516
2026-02-17 02:29:18.483646,515
2026-02-17 02:29:18.491707,509
2026-02-17 02:29:18.499606,517
2026-02-17 02:29:18.507629,508
2026-02-17 02:29:18.515613,505
2026-02-17 02:29:18.523663,513
2026-02-17 02:29:18.531667,521
2026-02-17 02:29:18.539778,517
2026-02-17 02:29:18.547795,507
2026-02-17 02:29:18.555836,521
2026-02-17 02:29:18.563744,521
2026-02-17 02:29:18.571713,515
2026-02-17 02:29:18.579752,512
2026-02-17 02:29:18.587770,511
2026-02-17 02:29:18.595693,513
2026-02-17 02:29:18.603731,512
2026-02-17 02:29:18.611625,509
2026-02-17 02:29:18.619667,513
2026-02-17 02:29:18.627598,504
2026-02-17 02:29:18.635730,501
2026-02-17 02:29:18.643772,513
2026-02-17 02:29:18.651723,518
2026-02-17 02:29:18.659648,522
2026-02-17 02:29:18.667673,504
2026-02-17 02:29:18.675583,518
2026-02-17 02:29:18.683589,518
2026-02-17 02:29:18.691722,525
2026-02-17 02:29:18.699720,514
2026-02-17 02:29:18.707690,520
2026-02-17 02:29:18.715630,531
2026-02-17 02:29:18.723671,527
2026-02-17 02:29:18.731642,523
2026-02-17 02:29:18.739681,518
2026-02-17 02:29:18.747663,516
2026-02-17 02:29:18.755644,508
2026-02-17 02:29:18.763642,512
2026-02-17 02:29:18.771630,518
2026-02-17 02:29:18.779654,521
2026-02-17 02:29:18.787699,510
2026-02-17 02:29:18.795649,517
2026-02-17 02:29:18.803624,516
2026-02-17 02:29:18.811664,509
2026-02-17 02:29:18.819686,510
2026-02-17 02:29:18.827709,505
2026-02-17 02:29:18.835655,516
2026-02-17 02:29:18.843691,506
2026-02-17 02:29:18.851734,509
2026-02-17 02:29:18.859643,515
2026-02-17 02:29:18.867654,512
2026-02-17 02:29:18.875650,525
2026-02-17 02:29:18.883634,519
2026-02-17 02:29:18.891708,519
2026-02-17 02:29:18.899687,521
2026-02-17 02:29:18.907639,511
2026-02-17 02:29:18.915662,514
2026-02-17 02:29:18.923652,511
2026-02-17 02:29:18.931648,520
2026-02-17 02:29:18.939702,521
2026-02-17 02:29:18.947674,521
2026-02-17 02:29:18.955620,515
2026-02-17 02:29:18.963622,507
2026-02-17 02:29:18.971787,511
2026-02-17 02:29:18.980015,507
2026-02-17 02:29:18.987823,506
2026-02-17 02:29:18.995785,518
2026-02-17 02:29:19.003752,513
2026-02-17 02:29:19.011752,512
2026-02-17 02:29:19.019672,515
2026-02-17 02:29:19.027662,496
2026-02-17 02:29:19.036061,517
2026-02-17 02:29:19.043737,515
2026-02-17 02:29:19.051936,513
2026-02-17 02:29:19.059649,521
2026-02-17 02:29:19.067743,517
2026-02-17 02:29:19.075725,519
2026-02-17 02:29:19.083706,522
2026-02-17 02:29:19.091741,513
2026-02-17 02:29:19.099713,523
2026-02-17 02:29:19.107908,504
2026-02-17 02:29:19.115795,505
2026-02-17 02:29:19.123757,514
2026-02-17 02:29:19.131756,519
2026-02-17 02:29:19.139783,529
2026-02-17 02:29:19.147769,523
2026-02-17 02:29:19.155838,526
2026-02-17 02:29:19.163758,521
2026-02-17 02:29:19.171769,507
2026-02-17 02:29:19.179756,520
2026-02-17 02:29:19.187705,514
2026-02-17 02:29:19.195665,511
2026-02-17 02:29:19.203732,523
2026-02-17 02:29:19.211697,510
2026-02-17 02:29:19.219659,513
2026-02-17 02:29:19.227659,520
2026-02-17 02:29:19.235653,510
2026-02-17 02:29:19.243643,507
2026-02-17 02:29:19.251643,507
2026-02-17 02:29:19.259654,518
2026-02-17 02:29:19.267647,519
2026-02-17 02:29:19.275641,512
2026-02-17 02:29:19.283700,518
2026-02-17 02:29:19.291690,502
2026-02-17 02:29:19.299633,504
2026-02-17 02:29:19.307642,504
2026-02-17 02:29:19.315641,515
2026-02-17 02:29:19.323648,510
2026-02-17 02:29:19.331637,508
2026-02-17 02:29:19.339641,516
2026-02-17 02:29:19.347653,511
2026-02-17 02:29:19.355672,503
2026-02-17 02:29:19.363651,501
2026-02-17 02:29:19.371647,517
2026-02-17 02:29:19.379666,513
2026-02-17 02:29:19.387689,507
2026-02-17 02:29:19.395693,518
2026-02-17 02:29:19.403704,523
2026-02-17 02:29:19.411672,516
2026-02-17 02:29:19.419659,511
2026-02-17 02:29:19.427749,508
2026-02-17 02:29:19.435846,505
2026-02-17 02:29:19.443726,522
2026-02-17 02:29:19.451656,511
2026-02-17 02:29:19.459646,518
2026-02-17 02:29:19.467643,507
2026-02-17 02:29:19.475705,514
2026-02-17 02:29:19.483639,513
2026-02-17 02:29:19.491699,503
2026-02-17 02:29:19.499635,512
2026-02-17 02:29:19.507688,519
2026-02-17 02:29:19.515647,516
2026-02-17 02:29:19.523638,509
2026-02-17 02:29:19.531640,499
2026-02-17 02:29:19.539653,511
2026-02-17 02:29:19.547658,512
2026-02-17 02:29:19.555653,520
2026-02-17 02:29:19.563664,513
2026-02-17 02:29:19.571643,514
2026-02-17 02:29:19.579642,520
2026-02-17 02:29:19.587672,512
2026-02-17 02:29:19.595705,518
2026-02-17 02:29:19.603648,521
2026-02-17 02:29:19.611659,506
2026-02-17 02:29:19.619626,509
2026-02-17 02:29:19.627649,505
2026-02-17 02:29:19.635662,510
2026-02-17 02:29:19.643668,518
2026-02-17 02:29:19.651763,508
2026-02-17 02:29:19.659778,512
2026-02-17 02:29:19.667732,507
2026-02-17 02:29:19.675718,508
2026-02-17 02:29:19.683669,506
2026-02-17 02:29:19.691764,503
2026-02-17 02:29:19.699698,512
2026-02-17 02:29:19.707658,508
2026-02-17 02:29:19.715692,516
2026-02-17 02:29:19.723656,522
2026-02-17 02:29:19.732540,518
2026-02-17 02:29:19.739709,517
2026-02-17 02:29:19.747718,510
2026-02-17 02:29:19.755699,515
2026-02-17 02:29:19.763701,513
2026-02-17 02:29:19.771689,520
2026-02-17 02:29:19.779644,518
2026-02-17 02:29:19.787734,503
2026-02-17 02:29:19.795599,524
2026-02-17 02:29:19.803673,526
2026-02-17 02:29:19.811649,511
2026-02-17 02:29:19.819637,518
2026-02-17 02:29:19.827659,508
2026-02-17 02:29:19.835641,492
2026-02-17 02:29:19.843658,497
2026-02-17 02:29:19.851803,507
2026-02-17 02:29:19.859676,508
2026-02-17 02:29:19.867669,503
2026-02-17 02:29:19.875651,506
2026-02-17 02:29:19.883631,509
2026-02-17 02:29:19.891639,506
2026-02-17 02:29:19.899708,514
2026-02-17 02:29:19.907644,509
2026-02-17 02:29:19.915639,513
2026-02-17 02:29:19.923654,514
2026-02-17 02:29:19.931650,509
2026-02-17 02:29:19.939602,515
2026-02-17 02:29:19.947659,510
2026-02-17 02:29:19.955698,513
2026-02-17 02:29:19.963658,508
2026-02-17 02:29:19.971718,513
2026-02-17 02:29:19.979651,525
2026-02-17 02:29:19.987648,519
2026-02-17 02:29:19.995695,514
2026-02-17 02:29:20.003674,511
2026-02-17 02:29:20.011786,507
2026-02-17 02:29:20.019754,515
2026-02-17 02:29:20.027709,497
2026-02-17 02:29:20.035695,511
2026-02-17 02:29:20.043806,508
2026-02-17 02:29:20.052109,512
2026-02-17 02:29:20.059796,511
2026-02-17 02:29:20.067758,516
2026-02-17 02:29:20.075659,516
2026-02-17 02:29:20.083599,510
2026-02-17 02:29:20.091664,507
2026-02-17 02:29:20.099601,513
2026-02-17 02:29:20.107602,510
2026-02-17 02:29:20.115698,517
2026-02-17 02:29:20.123654,521
2026-02-17 02:29:20.131666,510
2026-02-17 02:29:20.139644,515
2026-02-17 02:29:20.147850,507
2026-02-17 02:29:20.155827,519
2026-02-17 02:29:20.163735,517
2026-02-17 02:29:20.171693,508
2026-02-17 02:29:20.179674,510
2026-02-17 02:29:20.187722,509
2026-02-17 02:29:20.195685,514
2026-02-17 02:29:20.203721,512
2026-02-17 02:29:20.211642,509
2026-02-17 02:29:20.219669,512
2026-02-17 02:29:20.227713,502
2026-02-17 02:29:20.235634,505
2026-02-17 02:29:20.243604,508
2026-02-17 02:29:20.251655,509
2026-02-17 02:29:20.259615,513
2026-02-17 02:29:20.267626,512
2026-02-17 02:29:20.275645,517
2026-02-17 02:29:20.283653,514
2026-02-17 02:29:20.291629,503
2026-02-17 02:29:20.299624,521
2026-02-17 02:29:20.307646,516
2026-02-17 02:29:20.315688,522
2026-02-17 02:29:20.323677,511
2026-02-17 02:29:20.331643,511
2026-02-17 02:29:20.339641,525
2026-02-17 02:29:20.347621,514
2026-02-17 02:29:20.355675,502
2026-02-17 02:29:20.363690,510
2026-02-17 02:29:20.371650,510
2026-02-17 02:29:20.379647,519
2026-02-17 02:29:20.387654,507
2026-02-17 02:29:20.395644,512
2026-02-17 02:29:20.403671,516
2026-02-17 02:29:20.411634,504
2026-02-17 02:29:20.419760,517
2026-02-17 02:29:20.427774,519
2026-02-17 02:29:20.435744,523
2026-02-17 02:29:20.443666,517
2026-02-17 02:29:20.451653,506
2026-02-17 02:29:20.459692,510
2026-02-17 02:29:20.467658,509
2026-02-17 02:29:20.475758,514
2026-02-17 02:29:20.483807,507
2026-02-17 02:29:20.491802,507
2026-02-17 02:29:20.499686,516
2026-02-17 02:29:20.507816,511
2026-02-17 02:29:20.515703,520
2026-02-17 02:29:20.523761,515
2026-02-17 02:29:20.531683,511
2026-02-17 02:29:20.539712,514
2026-02-17 02:29:20.547686,502
2026-02-17 02:29:20.555728,504
2026-02-17 02:29:20.563718,495
2026-02-17 02:29:20.571782,497
2026-02-17 02:29:20.579732,512
2026-02-17 02:29:20.587797,511
2026-02-17 02:29:20.595747,518
2026-02-17 02:29:20.603734,516
2026-02-17 02:29:20.611758,512
2026-02-17 02:29:20.619789,509
2026-02-17 02:29:20.627779,514
2026-02-17 02:29:20.635764,518
2026-02-17 02:29:20.643763,526
2026-02-17 02:29:20.651775,517
2026-02-17 02:29:20.659702,512
2026-02-17 02:29:20.667786,513
2026-02-17 02:29:20.675767,505
2026-02-17 02:29:20.683775,515
2026-02-17 02:29:20.691766,521
2026-02-17 02:29:20.699733,527
2026-02-17 02:29:20.707757,521
2026-02-17 02:29:20.715753,516
2026-02-17 02:29:20.723797,510
2026-02-17 02:29:20.731765,509
2026-02-17 02:29:20.739774,506
2026-02-17 02:29:20.747777,508
2026-02-17 02:29:20.755790,516
2026-02-17 02:29:20.763769,504
2026-02-17 02:29:20.771727,502
2026-02-17 02:29:20.779725,504
2026-02-17 02:29:20.787732,499
2026-02-17 02:29:20.795712,517
2026-02-17 02:29:20.803805,515
2026-02-17 02:29:20.811780,520
2026-02-17 02:29:20.819745,520
2026-02-17 02:29:20.827714,514
2026-02-17 02:29:20.835760,518
2026-02-17 02:29:20.843789,520
2026-02-17 02:29:20.851724,509
2026-02-17 02:29:20.859786,514
2026-02-17 02:29:20.867768,511
2026-02-17 02:29:20.875737,518
2026-02-17 02:29:20.883755,504
2026-02-17 02:29:20.891771,507
2026-02-17 02:29:20.899730,515
2026-02-17 02:29:20.907701,521
2026-02-17 02:29:20.915716,519
2026-02-17 02:29:20.923684,514
2026-02-17 02:29:20.931687,516
2026-02-17 02:29:20.939697,508
2026-02-17 02:29:20.947713,502
2026-02-17 02:29:20.955720,506
2026-02-17 02:29:20.963695,513
2026-02-17 02:29:20.971689,525
2026-02-17 02:29:20.979682,515
2026-02-17 02:29:20.987686,510
2026-02-17 02:29:20.995688,515
2026-02-17 02:29:21.003688,511
2026-02-17 02:29:21.011695,504
2026-02-17 02:29:21.019695,513
2026-02-17 02:29:21.027708,507
2026-02-17 02:29:21.035707,520
2026-02-17 02:29:21.043707,513
2026-02-17 02:29:21.051706,515
2026-02-17 02:29:21.059798,521
2026-02-17 02:29:21.067717,507
2026-02-17 02:29:21.075873,512
2026-02-17 02:29:21.083706,512
2026-02-17 02:29:21.091653,520
2026-02-17 02:29:21.099689,514
2026-02-17 02:29:21.107665,509
2026-02-17 02:29:21.115665,514
2026-02-17 02:29:21.123701,511
2026-02-17 02:29:21.131688,509
2026-02-17 02:29:21.139682,509
2026-02-17 02:29:21.147684,516
2026-02-17 02:29:21.155727,513
2026-02-17 02:29:21.163704,518
2026-02-17 02:29:21.171699,516
2026-02-17 02:29:21.179690,517
2026-02-17 02:29:21.187725,506
2026-02-17 02:29:21.195671,516
2026-02-17 02:29:21.203687,516
2026-02-17 02:29:21.211772,517
2026-02-17 02:29:21.219679,515
2026-02-17 02:29:21.227799,506
2026-02-17 02:29:21.235673,511
2026-02-17 02:29:21.243635,507
2026-02-17 02:29:21.251701,521
2026-02-17 02:29:21.259643,515
2026-02-17 02:29:21.267693,512
2026-02-17 02:29:21.275763,518
2026-02-17 02:29:21.283712,515
2026-02-17 02:29:21.291760,498
2026-02-17 02:29:21.299742,504
2026-02-17 02:29:21.307722,497
2026-02-17 02:29:21.315709,506
2026-02-17 02:29:21.323689,503
2026-02-17 02:29:21.331670,505
2026-02-17 02:29:21.339706,516
2026-02-17 02:29:21.347665,503
2026-02-17 02:29:21.355730,509
2026-02-17 02:29:21.363691,509
2026-02-17 02:29:21.371720,504
2026-02-17 02:29:21.379659,510
2026-02-17 02:29:21.387670,508
2026-02-17 02:29:21.395665,514
2026-02-17 02:29:21.403700,510
2026-02-17 02:29:21.411662,506
2026-02-17 02:29:21.419715,508
2026-02-17 02:29:21.427657,503
2026-02-17 02:29:21.435668,517
2026-02-17 02:29:21.443663,522
2026-02-17 02:29:21.451652,506
2026-02-17 02:29:21.459689,515
2026-02-17 02:29:21.467623,517
2026-02-17 02:29:21.475611,505
2026-02-17 02:29:21.483669,506
2026-02-17 02:29:21.491768,518
2026-02-17 02:29:21.499641,518
2026-02-17 02:29:21.507635,511
2026-02-17 02:29:21.515833,523
2026-02-17 02:29:21.523651,509
2026-02-17 02:29:21.531747,513
2026-02-17 02:29:21.539695,509
2026-02-17 02:29:21.547676,504
2026-02-17 02:29:21.555690,521
2026-02-17 02:29:21.563680,521
2026-02-17 02:29:21.571662,512
2026-02-17 02:29:21.579666,515
2026-02-17 02:29:21.587649,503
2026-02-17 02:29:21.595728,521
2026-02-17 02:29:21.603657,517
2026-02-17 02:29:21.611675,512
2026-02-17 02:29:21.619674,509
2026-02-17 02:29:21.627671,508
2026-02-17 02:29:21.635671,513
2026-02-17 02:29:21.643650,507
2026-02-17 02:29:21.651701,509
2026-02-17 02:29:21.659778,507
2026-02-17 02:29:21.667717,515
2026-02-17 02:29:21.675662,527
2026-02-17 02:29:21.683663,518
2026-02-17 02:29:21.691753,513
2026-02-17 02:29:21.699669,517
2026-02-17 02:29:21.707666,498
2026-02-17 02:29:21.715651,513
2026-02-17 02:29:21.723658,516
2026-02-17 02:29:21.731689,516
2026-02-17 02:29:21.739696,521
2026-02-17 02:29:21.747650,515
2026-02-17 02:29:21.755668,506
2026-02-17 02:29:21.763665,507
2026-02-17 02:29:21.771659,508
2026-02-17 02:29:21.779675,513
2026-02-17 02:29:21.787699,516
2026-02-17 02:29:21.795650,521
2026-02-17 02:29:21.803599,515
2026-02-17 02:29:21.811655,503
2026-02-17 02:29:21.819647,508
2026-02-17 02:29:21.827704,512
2026-02-17 02:29:21.835749,520
2026-02-17 02:29:21.843666,516
2026-02-17 02:29:21.851784,507
2026-02-17 02:29:21.859720,517
2026-02-17 02:29:21.867716,509
2026-02-17 02:29:21.875674,512
2026-02-17 02:29:21.883704,505
2026-02-17 02:29:21.891663,519
2026-02-17 02:29:21.899654,515
2026-02-17 02:29:21.907710,501
2026-02-17 02:29:21.915666,515
2026-02-17 02:29:21.923649,516
2026-02-17 02:29:21.931677,519
2026-02-17 02:29:21.939658,516
2026-02-17 02:29:21.947667,513
2026-02-17 02:29:21.955665,510
2026-02-17 02:29:21.963668,510
2026-02-17 02:29:21.971621,516
2026-02-17 02:29:21.979657,519
2026-02-17 02:29:21.987724,513
2026-02-17 02:29:21.995703,510
2026-02-17 02:29:22.003680,510
2026-02-17 02:29:22.011724,505
2026-02-17 02:29:22.019831,512
2026-02-17 02:29:22.027636,505
2026-02-17 02:29:22.035698,510
2026-02-17 02:29:22.043806,514
2026-02-17 02:29:22.051688,513
2026-02-17 02:29:22.059654,497
2026-02-17 02:29:22.067687,496
2026-02-17 02:29:22.075761,507
2026-02-17 02:29:22.083643,507
2026-02-17 02:29:22.091658,510
2026-02-17 02:29:22.099732,513
2026-02-17 02:29:22.107739,506
2026-02-17 02:29:22.115690,509
2026-02-17 02:29:22.123718,516
2026-02-17 02:29:22.131664,502
2026-02-17 02:29:22.139772,512
2026-02-17 02:29:22.147725,510
2026-02-17 02:29:22.155799,526
2026-02-17 02:29:22.163709,522
2026-02-17 02:29:22.171724,509
2026-02-17 02:29:22.179655,514
2026-02-17 02:29:22.187789,521
2026-02-17 02:29:22.195745,506
2026-02-17 02:29:22.203661,513
2026-02-17 02:29:22.211670,510
2026-02-17 02:29:22.219678,501
2026-02-17 02:29:22.227666,503
2026-02-17 02:29:22.235710,507
2026-02-17 02:29:22.243663,509
2026-02-17 02:29:22.251664,513
2026-02-17 02:29:22.259673,514
2026-02-17 02:29:22.267699,510
2026-02-17 02:29:22.275680,509
2026-02-17 02:29:22.283657,518
2026-02-17 02:29:22.291666,521
2026-02-17 02:29:22.299664,515
2026-02-17 02:29:22.307671,515
2026-02-17 02:29:22.315665,509
2026-02-17 02:29:22.323738,505
2026-02-17 02:29:22.331742,512
2026-02-17 02:29:22.339710,523
2026-02-17 02:29:22.347671,525
2026-02-17 02:29:22.355664,523
2026-02-17 02:29:22.363692,512
2026-02-17 02:29:22.371671,513
2026-02-17 02:29:22.379667,518
2026-02-17 02:29:22.387664,518
2026-02-17 02:29:22.395682,515
2026-02-17 02:29:22.403665,513
2026-02-17 02:29:22.411682,503
2026-02-17 02:29:22.419705,512
2026-02-17 02:29:22.427697,510
2026-02-17 02:29:22.435675,522
2026-02-17 02:29:22.443733,522
2026-02-17 02:29:22.451680,513
2026-02-17 02:29:22.459673,512
2026-02-17 02:29:22.467664,514
2026-02-17 02:29:22.475667,509
2026-02-17 02:29:22.483665,518
2026-02-17 02:29:22.491749,510
2026-02-17 02:29:22.499739,514
2026-02-17 02:29:22.507732,513
2026-02-17 02:29:22.515737,517
2026-02-17 02:29:22.523767,511
2026-02-17 02:29:22.531800,497
2026-02-17 02:29:22.539821,512
2026-02-17 02:29:22.547760,523
2026-02-17 02:29:22.555697,528
2026-02-17 02:29:22.563795,509
2026-02-17 02:29:22.571773,513
2026-02-17 02:29:22.579776,512
2026-02-17 02:29:22.587785,511
2026-02-17 02:29:22.595753,525
2026-02-17 02:29:22.603756,514
2026-02-17 02:29:22.611773,514
2026-02-17 02:29:22.619799,509
2026-02-17 02:29:22.627792,505
2026-02-17 02:29:22.635779,506
2026-02-17 02:29:22.643719,504
2026-02-17 02:29:22.651693,517
2026-02-17 02:29:22.659752,507
2026-02-17 02:29:22.667791,506
2026-02-17 02:29:22.675774,515
2026-02-17 02:29:22.683764,503
2026-02-17 02:29:22.691775,504
2026-02-17 02:29:22.699674,515
2026-02-17 02:29:22.707737,505
2026-02-17 02:29:22.715798,517
2026-02-17 02:29:22.723827,511
2026-02-17 02:29:22.731842,509
2026-02-17 02:29:22.739832,512
2026-02-17 02:29:22.747800,507
2026-02-17 02:29:22.755827,506
2026-02-17 02:29:22.763781,506
2026-02-17 02:29:22.771772,518
2026-02-17 02:29:22.779717,519
2026-02-17 02:29:22.787754,508
2026-02-17 02:29:22.795667,510
2026-02-17 02:29:22.803664,508
2026-02-17 02:29:22.811665,519
2026-02-17 02:29:22.819674,514
2026-02-17 02:29:22.827759,508
2026-02-17 02:29:22.835814,510
2026-02-17 02:29:22.843734,502
2026-02-17 02:29:22.851780,513
2026-02-17 02:29:22.859731,514
2026-02-17 02:29:22.867697,503
2026-02-17 02:29:22.875684,512
2026-02-17 02:29:22.883684,513
2026-02-17 02:29:22.891672,510
2026-02-17 02:29:22.899666,516
2026-02-17 02:29:22.907668,512
2026-02-17 02:29:22.915706,521
2026-02-17 02:29:22.923677,513
2026-02-17 02:29:22.931690,512
2026-02-17 02:29:22.939666,516
2026-02-17 02:29:22.947673,507
2026-02-17 02:29:22.955670,518
2026-02-17 02:29:22.963704,511
2026-02-17 02:29:22.971672,510
2026-02-17 02:29:22.979674,516
2026-02-17 02:29:22.987766,504
2026-02-17 02:29:22.995762,504
2026-02-17 02:29:23.003780,510
2026-02-17 02:29:23.011732,503
2026-02-17 02:29:23.019974,511
2026-02-17 02:29:23.027782,504
2026-02-17 02:29:23.036047,510
2026-02-17 02:29:23.043752,505
2026-02-17 02:29:23.051731,519
2026-02-17 02:29:23.059693,505
2026-02-17 02:29:23.067742,506
2026-02-17 02:29:23.075791,514
2026-02-17 02:29:23.083668,509
2026-02-17 02:29:23.091642,518
2026-02-17 02:29:23.099755,520
2026-02-17 02:29:23.107658,520
2026-02-17 02:29:23.115676,512
2026-02-17 02:29:23.123676,512
2026-02-17 02:29:23.131707,516
2026-02-17 02:29:23.139751,518
2026-02-17 02:29:23.147687,516
2026-02-17 02:29:23.155734,515
2026-02-17 02:29:23.163731,509
2026-02-17 02:29:23.171735,508
2026-02-17 02:29:23.179691,508
2026-02-17 02:29:23.187776,517
2026-02-17 02:29:23.195708,514
2026-02-17 02:29:23.203673,513
2026-02-17 02:29:23.211704,512
2026-02-17 02:29:23.219680,510
2026-02-17 02:29:23.227692,514
2026-02-17 02:29:23.235688,519
2026-02-17 02:29:23.243687,515
2026-02-17 02:29:23.251609,512
2026-02-17 02:29:23.259609,515
2026-02-17 02:29:23.267610,506
2026-02-17 02:29:23.275615,516
2026-02-17 02:29:23.283615,519
2026-02-17 02:29:23.291647,509
2026-02-17 02:29:23.299628,523
2026-02-17 02:29:23.307605,515
2026-02-17 02:29:23.315619,512
2026-02-17 02:29:23.323614,505
2026-02-17 02:29:23.331627,503
2026-02-17 02:29:23.339618,502
2026-02-17 02:29:23.347618,494
2026-02-17 02:29:23.355624,513
2026-02-17 02:29:23.363725,498
2026-02-17 02:29:23.371689,508
2026-02-17 02:29:23.379654,510
2026-02-17 02:29:23.387719,497
2026-02-17 02:29:23.395680,501
2026-02-17 02:29:23.403676,517
2026-02-17 02:29:23.411669,513
2026-02-17 02:29:23.419606,511
2026-02-17 02:29:23.427613,511
2026-02-17 02:29:23.435611,515
2026-02-17 02:29:23.443616,509
2026-02-17 02:29:23.451619,508
2026-02-17 02:29:23.459610,515
2026-02-17 02:29:23.467612,510
2026-02-17 02:29:23.475614,519
2026-02-17 02:29:23.483612,500
2026-02-17 02:29:23.491616,513
2026-02-17 02:29:23.499682,505
2026-02-17 02:29:23.507622,499
2026-02-17 02:29:23.515614,507
2026-02-17 02:29:23.523674,500
2026-02-17 02:29:23.531671,504
2026-02-17 02:29:23.539695,512
2026-02-17 02:29:23.547666,506
2026-02-17 02:29:23.555662,516
2026-02-17 02:29:23.563685,515
2026-02-17 02:29:23.571743,511
2026-02-17 02:29:23.579692,500
2026-02-17 02:29:23.587657,506
2026-02-17 02:29:23.595778,514
2026-02-17 02:29:23.603735,510
2026-02-17 02:29:23.611695,518
2026-02-17 02:29:23.619702,518
2026-02-17 02:29:23.627667,503
2026-02-17 02:29:23.635673,516
2026-02-17 02:29:23.643774,515
2026-02-17 02:29:23.651775,510
2026-02-17 02:29:23.659773,507
2026-02-17 02:29:23.667694,505
2026-02-17 02:29:23.675775,507
2026-02-17 02:29:23.683697,503
2026-02-17 02:29:23.691664,509
2026-02-17 02:29:23.699612,517
2026-02-17 02:29:23.707631,522
2026-02-17 02:29:23.715619,520
2026-02-17 02:29:23.723624,501
2026-02-17 02:29:23.731611,509
2026-02-17 02:29:23.739616,513
2026-02-17 02:29:23.747614,513
2026-02-17 02:29:23.755617,520
2026-02-17 02:29:23.763615,512
2026-02-17 02:29:23.771612,505
2026-02-17 02:29:23.779616,506
2026-02-17 02:29:23.787627,518
2026-02-17 02:29:23.795686,526
2026-02-17 02:29:23.803708,517
2026-02-17 02:29:23.811630,516
2026-02-17 02:29:23.819767,510
2026-02-17 02:29:23.827704,506
2026-02-17 02:29:23.835679,517
2026-02-17 02:29:23.843689,515
2026-02-17 02:29:23.851724,513
2026-02-17 02:29:23.859617,508
2026-02-17 02:29:23.867628,511
2026-02-17 02:29:23.875614,515
2026-02-17 02:29:23.883612,514
2026-02-17 02:29:23.891620,507
2026-02-17 02:29:23.899620,518
2026-02-17 02:29:23.907611,502
2026-02-17 02:29:23.915612,501
2026-02-17 02:29:23.923619,515
2026-02-17 02:29:23.931657,512
2026-02-17 02:29:23.939615,508
2026-02-17 02:29:23.947626,513
2026-02-17 02:29:23.955611,513
2026-02-17 02:29:23.963612,505
2026-02-17 02:29:23.971691,505
2026-02-17 02:29:23.979673,512
2026-02-17 02:29:23.987677,515
2026-02-17 02:29:23.995655,516
2026-02-17 02:29:24.003677,504
2026-02-17 02:29:24.011648,515
2026-02-17 02:29:24.019699,525
2026-02-17 02:29:24.027700,506
2026-02-17 02:29:24.035693,508
2026-02-17 02:29:24.043699,513
2026-02-17 02:29:24.051687,515
2026-02-17 02:29:24.059744,518
2026-02-17 02:29:24.067751,496
2026-02-17 02:29:24.075685,511
2026-02-17 02:29:24.083674,506
2026-02-17 02:29:24.091698,519
2026-02-17 02:29:24.099667,518
2026-02-17 02:29:24.107768,514
2026-02-17 02:29:24.115686,512
2026-02-17 02:29:24.123737,517
2026-02-17 02:29:24.131669,519
2026-02-17 02:29:24.139694,520
2026-02-17 02:29:24.147674,511
2026-02-17 02:29:24.155765,514
2026-02-17 02:29:24.163739,512
2026-02-17 02:29:24.171747,516
2026-02-17 02:29:24.179701,517
2026-02-17 02:29:24.187734,514
2026-02-17 02:29:24.195759,518
2026-02-17 02:29:24.203687,527
2026-02-17 02:29:24.211689,507
2026-02-17 02:29:24.219678,511
2026-02-17 02:29:24.227970,517
2026-02-17 02:29:24.235698,518
2026-02-17 02:29:24.243772,518
2026-02-17 02:29:24.251740,516
2026-02-17 02:29:24.259811,515
2026-02-17 02:29:24.267858,520
2026-02-17 02:29:24.275846,516
2026-02-17 02:29:24.283789,522
2026-02-17 02:29:24.291777,519
2026-02-17 02:29:24.299855,516
2026-02-17 02:29:24.307796,526
2026-02-17 02:29:24.315653,525
2026-02-17 02:29:24.323636,509
2026-02-17 02:29:24.331635,518
2026-02-17 02:29:24.339618,515
2026-02-17 02:29:24.347839,507
2026-02-17 02:29:24.355740,516
2026-02-17 02:29:24.363734,512
2026-02-17 02:29:24.371720,503
2026-02-17 02:29:24.379707,516
2026-02-17 02:29:24.387682,511
2026-02-17 02:29:24.395678,514
2026-02-17 02:29:24.403694,518
2026-02-17 02:29:24.411703,513
2026-02-17 02:29:24.419691,517
2026-02-17 02:29:24.427673,506
2026-02-17 02:29:24.435672,518
2026-02-17 02:29:24.443677,516
2026-02-17 02:29:24.451676,511
2026-02-17 02:29:24.459676,516
2026-02-17 02:29:24.467683,511
2026-02-17 02:29:24.475674,517
2026-02-17 02:29:24.483677,500
2026-02-17 02:29:24.491666,513
2026-02-17 02:29:24.499713,524
2026-02-17 02:29:24.507682,516
2026-02-17 02:29:24.515698,513
2026-02-17 02:29:24.523686,515
2026-02-17 02:29:24.531770,527
2026-02-17 02:29:24.539900,519
2026-02-17 02:29:24.547732,509
2026-02-17 02:29:24.555716,522
2026-02-17 02:29:24.563752,519
2026-02-17 02:29:24.571861,519
2026-02-17 02:29:24.579727,507
2026-02-17 02:29:24.587698,511
2026-02-17 02:29:24.595695,528
2026-02-17 02:29:24.603725,507
2026-02-17 02:29:24.611687,515
2026-02-17 02:29:24.619700,518
2026-02-17 02:29:24.627683,512
2026-02-17 02:29:24.635685,521
2026-02-17 02:29:24.643697,511
2026-02-17 02:29:24.651686,505
2026-02-17 02:29:24.659795,513
2026-02-17 02:29:24.667729,509
2026-02-17 02:29:24.675769,503
2026-02-17 02:29:24.683697,512
2026-02-17 02:29:24.691705,509
2026-02-17 02:29:24.699674,507
2026-02-17 02:29:24.707757,507
2026-02-17 02:29:24.715762,516
2026-02-17 02:29:24.723760,511
2026-02-17 02:29:24.731755,517
2026-02-17 02:29:24.739708,518
2026-02-17 02:29:24.747676,515
2026-02-17 02:29:24.755695,527
2026-02-17 02:29:24.763765,512
2026-02-17 02:29:24.771831,518
2026-02-17 02:29:24.779843,516
2026-02-17 02:29:24.787815,509
2026-02-17 02:29:24.795770,513
2026-02-17 02:29:24.803760,507
2026-02-17 02:29:24.811759,507
2026-02-17 02:29:24.819740,515
2026-02-17 02:29:24.827770,505
2026-02-17 02:29:24.835769,511
2026-02-17 02:29:24.843732,507
2026-02-17 02:29:24.851887,509
2026-02-17 02:29:24.859820,504
2026-02-17 02:29:24.867749,507
2026-02-17 02:29:24.875855,504
2026-02-17 02:29:24.883813,502
2026-02-17 02:29:24.891865,495
2026-02-17 02:29:24.899898,511
2026-02-17 02:29:24.907877,509
2026-02-17 02:29:24.915857,524
2026-02-17 02:29:24.923771,512
2026-02-17 02:29:24.931827,515
2026-02-17 02:29:24.939821,516
2026-02-17 02:29:24.947878,513
2026-02-17 02:29:24.955830,516
2026-02-17 02:29:24.963806,523
2026-02-17 02:29:24.971867,502
2026-02-17 02:29:24.979900,513
2026-02-17 02:29:24.987926,508
2026-02-17 02:29:24.995848,522
2026-02-17 02:29:25.003856,514
2026-02-17 02:29:25.011953,516
2026-02-17 02:29:25.019834,515
2026-02-17 02:29:25.027768,508
2026-02-17 02:29:25.035834,514
2026-02-17 02:29:25.043806,506
2026-02-17 02:29:25.051863,521
2026-02-17 02:29:25.059726,514
2026-02-17 02:29:25.067778,509
2026-02-17 02:29:25.075796,519
2026-02-17 02:29:25.083873,512
2026-02-17 02:29:25.091787,516
2026-02-17 02:29:25.099878,509
2026-02-17 02:29:25.107713,510
2026-02-17 02:29:25.115870,520
2026-02-17 02:29:25.123843,512
2026-02-17 02:29:25.131747,514
2026-02-17 02:29:25.139791,511
2026-02-17 02:29:25.147775,524
2026-02-17 02:29:25.156584,511
2026-02-17 02:29:25.163842,514
2026-02-17 02:29:25.171783,521
2026-02-17 02:29:25.179861,518
2026-02-17 02:29:25.187868,522
2026-02-17 02:29:25.195834,510
2026-02-17 02:29:25.203782,511
2026-02-17 02:29:25.211897,519
2026-02-17 02:29:25.219806,514
2026-02-17 02:29:25.227817,505
2026-02-17 02:29:25.235763,496
2026-02-17 02:29:25.243756,497
2026-02-17 02:29:25.251775,505
2026-02-17 02:29:25.259683,501
2026-02-17 02:29:25.267686,512
2026-02-17 02:29:25.275685,514
2026-02-17 02:29:25.283727,500
2026-02-17 02:29:25.291676,511
2026-02-17 02:29:25.299660,509
2026-02-17 02:29:25.307665,512
2026-02-17 02:29:25.315689,523
2026-02-17 02:29:25.323668,503
2026-02-17 02:29:25.331668,517
2026-02-17 02:29:25.339652,512
2026-02-17 02:29:25.347661,509
2026-02-17 02:29:25.355639,523
2026-02-17 02:29:25.363668,508
2026-02-17 02:29:25.371664,507
2026-02-17 02:29:25.379735,520
2026-02-17 02:29:25.387682,508
2026-02-17 02:29:25.395678,514
2026-02-17 02:29:25.403681,519
2026-02-17 02:29:25.411762,511
2026-02-17 02:29:25.419825,513
2026-02-17 02:29:25.427919,511
2026-02-17 02:29:25.435768,515
2026-02-17 02:29:25.443916,517
2026-02-17 02:29:25.451757,511
2026-02-17 02:29:25.459684,513
2026-02-17 02:29:25.467717,519
2026-02-17 02:29:25.475684,514
2026-02-17 02:29:25.483683,507
2026-02-17 02:29:25.491738,508
2026-02-17 02:29:25.499806,510
2026-02-17 02:29:25.507738,516
2026-02-17 02:29:25.515895,520
2026-02-17 02:29:25.523775,512
2026-02-17 02:29:25.531770,513
2026-02-17 02:29:25.539769,514
2026-02-17 02:29:25.547849,513
2026-02-17 02:29:25.555704,530
2026-02-17 02:29:25.563688,516
2026-02-17 02:29:25.571676,514
2026-02-17 02:29:25.579807,521
2026-02-17 02:29:25.587973,508
2026-02-17 02:29:25.595772,516
2026-02-17 02:29:25.603757,513
2026-02-17 02:29:25.611729,516
2026-02-17 02:29:25.619904,519
2026-02-17 02:29:25.627835,517
2026-02-17 02:29:25.635748,516
2026-02-17 02:29:25.643779,504
2026-02-17 02:29:25.651740,515
2026-02-17 02:29:25.659801,508
2026-02-17 02:29:25.667776,516
2026-02-17 02:29:25.675806,516
2026-02-17 02:29:25.683767,501
2026-02-17 02:29:25.691845,503
2026-02-17 02:29:25.699773,513
2026-02-17 02:29:25.707754,508
2026-02-17 02:29:25.715779,514
2026-02-17 02:29:25.723776,510
2026-02-17 02:29:25.731745,508
2026-02-17 02:29:25.739705,511
2026-02-17 02:29:25.747690,517
2026-02-17 02:29:25.755687,511
2026-02-17 02:29:25.763688,507
2026-02-17 02:29:25.771662,510
2026-02-17 02:29:25.779804,514
2026-02-17 02:29:25.787745,516
2026-02-17 02:29:25.795770,510
2026-02-17 02:29:25.803804,507
2026-02-17 02:29:25.811808,518
2026-02-17 02:29:25.819897,507
2026-02-17 02:29:25.827727,504
2026-02-17 02:29:25.835773,510
2026-02-17 02:29:25.843756,510
2026-02-17 02:29:25.851855,516
2026-02-17 02:29:25.859768,512
2026-02-17 02:29:25.867766,511
2026-02-17 02:29:25.875847,510
2026-02-17 02:29:25.883721,511
2026-02-17 02:29:25.891829,507
2026-02-17 02:29:25.899865,516
2026-02-17 02:29:25.907922,510
2026-02-17 02:29:25.915791,514
2026-02-17 02:29:25.923751,513
2026-02-17 02:29:25.931806,517
2026-02-17 02:29:25.939778,511
2026-02-17 02:29:25.947812,509
2026-02-17 02:29:25.955828,511
2026-02-17 02:29:25.963736,509
2026-02-17 02:29:25.971836,510
2026-02-17 02:29:25.979806,516
2026-02-17 02:29:25.987778,510
2026-02-17 02:29:25.995835,511
2026-02-17 02:29:26.003779,498
2026-02-17 02:29:26.011834,507
2026-02-17 02:29:26.019821,508
2026-02-17 02:29:26.027776,513
2026-02-17 02:29:26.035721,501
2026-02-17 02:29:26.043760,503
2026-02-17 02:29:26.051873,516
2026-02-17 02:29:26.059822,524
2026-02-17 02:29:26.067835,515
2026-02-17 02:29:26.075748,517
2026-02-17 02:29:26.083867,496
2026-02-17 02:29:26.091799,514
2026-02-17 02:29:26.099868,520
2026-02-17 02:29:26.107812,516
2026-02-17 02:29:26.115816,522
2026-02-17 02:29:26.123775,499
2026-02-17 02:29:26.131699,515
2026-02-17 02:29:26.139689,508
2026-02-17 02:29:26.147672,511
2026-02-17 02:29:26.155780,512
2026-02-17 02:29:26.163835,514
2026-02-17 02:29:26.171769,515
2026-02-17 02:29:26.179839,526
2026-02-17 02:29:26.187758,509
2026-02-17 02:29:26.195720,508
2026-02-17 02:29:26.203820,501
2026-02-17 02:29:26.211757,505
2026-02-17 02:29:26.219710,520
2026-02-17 02:29:26.227695,517
2026-02-17 02:29:26.235680,512
2026-02-17 02:29:26.243769,510
2026-02-17 02:29:26.251755,502
2026-02-17 02:29:26.259691,512
2026-02-17 02:29:26.267700,514
2026-02-17 02:29:26.275702,519
2026-02-17 02:29:26.283684,504
2026-02-17 02:29:26.291811,518
2026-02-17 02:29:26.299708,519
2026-02-17 02:29:26.307797,507
2026-02-17 02:29:26.315718,508
2026-02-17 02:29:26.323786,510
2026-02-17 02:29:26.331885,523
2026-02-17 02:29:26.339798,517
2026-02-17 02:29:26.347783,507
2026-02-17 02:29:26.355714,521
2026-02-17 02:29:26.363707,505
2026-02-17 02:29:26.371694,527
2026-02-17 02:29:26.379710,522
2026-02-17 02:29:26.387689,515
2026-02-17 02:29:26.395699,526
2026-02-17 02:29:26.403693,521
2026-02-17 02:29:26.411687,508
2026-02-17 02:29:26.419691,507
2026-02-17 02:29:26.427728,508
2026-02-17 02:29:26.435692,514
2026-02-17 02:29:26.443694,514
2026-02-17 02:29:26.451702,519
2026-02-17 02:29:26.459691,515
2026-02-17 02:29:26.467689,506
2026-02-17 02:29:26.475678,515
2026-02-17 02:29:26.483715,514
2026-02-17 02:29:26.491682,509
2026-02-17 02:29:26.499635,517
2026-02-17 02:29:26.507643,516
2026-02-17 02:29:26.515641,517
2026-02-17 02:29:26.523662,500
2026-02-17 02:29:26.531696,512
2026-02-17 02:29:26.539691,515
2026-02-17 02:29:26.547729,517
2026-02-17 02:29:26.555662,515
2026-02-17 02:29:26.563656,508
2026-02-17 02:29:26.571711,510
2026-02-17 02:29:26.579796,507
2026-02-17 02:29:26.587827,509
2026-02-17 02:29:26.595778,520
2026-02-17 02:29:26.603822,513
2026-02-17 02:29:26.611735,507
2026-02-17 02:29:26.619801,511
2026-02-17 02:29:26.627688,510
2026-02-17 02:29:26.635669,513
2026-02-17 02:29:26.643665,510
2026-02-17 02:29:26.651696,515
2026-02-17 02:29:26.659829,520
2026-02-17 02:29:26.667668,506
2026-02-17 02:29:26.675668,521
2026-02-17 02:29:26.683705,520
2026-02-17 02:29:26.691791,512
2026-02-17 02:29:26.699713,496
2026-02-17 02:29:26.707695,507
2026-02-17 02:29:26.715693,517
2026-02-17 02:29:26.723692,513
2026-02-17 02:29:26.731699,518
2026-02-17 02:29:26.739681,517
2026-02-17 02:29:26.747722,512
2026-02-17 02:29:26.755699,513
2026-02-17 02:29:26.763755,491
2026-02-17 02:29:26.771694,502
2026-02-17 02:29:26.779754,517
2026-02-17 02:29:26.787751,508
2026-02-17 02:29:26.795690,523
2026-02-17 02:29:26.803703,518
2026-02-17 02:29:26.811697,507
2026-02-17 02:29:26.819724,515
2026-02-17 02:29:26.827641,509
2026-02-17 02:29:26.835717,515
2026-02-17 02:29:26.843697,510
2026-02-17 02:29:26.851740,505
2026-02-17 02:29:26.859760,514
2026-02-17 02:29:26.867744,512
2026-02-17 02:29:26.875713,521
2026-02-17 02:29:26.883701,507
2026-02-17 02:29:26.891694,525
2026-02-17 02:29:26.899711,515
2026-02-17 02:29:26.907706,516
2026-02-17 02:29:26.915840,516
2026-02-17 02:29:26.923753,506
2026-02-17 02:29:26.931718,508
2026-02-17 02:29:26.939814,520
2026-02-17 02:29:26.947761,513
2026-02-17 02:29:26.955713,521
2026-02-17 02:29:26.963749,509
2026-02-17 02:29:26.971689,512
2026-02-17 02:29:26.979700,514
2026-02-17 02:29:26.987709,508
2026-02-17 02:29:26.995696,516
2026-02-17 02:29:27.003699,511
2026-02-17 02:29:27.011662,512
2026-02-17 02:29:27.019959,515
2026-02-17 02:29:27.027716,500
2026-02-17 02:29:27.035677,511
2026-02-17 02:29:27.043746,509
2026-02-17 02:29:27.051763,512
2026-02-17 02:29:27.059694,514
2026-02-17 02:29:27.067673,522
2026-02-17 02:29:27.075649,523
2026-02-17 02:29:27.083764,511
2026-02-17 02:29:27.091725,513
2026-02-17 02:29:27.099705,518
2026-02-17 02:29:27.107808,509
2026-02-17 02:29:27.115725,522
2026-02-17 02:29:27.123721,511
2026-02-17 02:29:27.131724,519
2026-02-17 02:29:27.139708,514
2026-02-17 02:29:27.147691,509
2026-02-17 02:29:27.155765,516
2026-02-17 02:29:27.163814,506
2026-02-17 02:29:27.171773,504
2026-02-17 02:29:27.179776,511
2026-02-17 02:29:27.187732,515
2026-02-17 02:29:27.195731,519
2026-02-17 02:29:27.203700,506
2026-02-17 02:29:27.211700,508
2026-02-17 02:29:27.219717,508
2026-02-17 02:29:27.227725,509
2026-02-17 02:29:27.235725,518
2026-02-17 02:29:27.243745,517
2026-02-17 02:29:27.251708,505
2026-02-17 02:29:27.259698,511
2026-02-17 02:29:27.267692,504
2026-02-17 02:29:27.275717,507
2026-02-17 02:29:27.283712,509
2026-02-17 02:29:27.291696,521
2026-02-17 02:29:27.299692,506
2026-02-17 02:29:27.307693,504
2026-02-17 02:29:27.315694,510
2026-02-17 02:29:27.323737,509
2026-02-17 02:29:27.331690,521
2026-02-17 02:29:27.339733,510
2026-02-17 02:29:27.347709,510
2026-02-17 02:29:27.355693,514
2026-02-17 02:29:27.363698,515
2026-02-17 02:29:27.371694,520
2026-02-17 02:29:27.379698,505
2026-02-17 02:29:27.387753,508
2026-02-17 02:29:27.395704,516
2026-02-17 02:29:27.403704,512
2026-02-17 02:29:27.411709,515
2026-02-17 02:29:27.419693,511
2026-02-17 02:29:27.427699,510
2026-02-17 02:29:27.435696,512
2026-02-17 02:29:27.443715,510
2026-02-17 02:29:27.451700,516
2026-02-17 02:29:27.459746,515
2026-02-17 02:29:27.467688,523
2026-02-17 02:29:27.475702,518
2026-02-17 02:29:27.483698,512
2026-02-17 02:29:27.491696,529
2026-02-17 02:29:27.499684,511
2026-02-17 02:29:27.507694,502
2026-02-17 02:29:27.515656,513
2026-02-17 02:29:27.523691,516
2026-02-17 02:29:27.531746,515
2026-02-17 02:29:27.539715,515
2026-02-17 02:29:27.547782,502
2026-02-17 02:29:27.555761,524
2026-02-17 02:29:27.563691,510
2026-02-17 02:29:27.571721,511
2026-02-17 02:29:27.579666,511
2026-02-17 02:29:27.587728,515
2026-02-17 02:29:27.595725,511
2026-02-17 02:29:27.603755,509
2026-02-17 02:29:27.611746,500
2026-02-17 02:29:27.619710,518
2026-02-17 02:29:27.627642,503
2026-02-17 02:29:27.635693,516
2026-02-17 02:29:27.643749,511
2026-02-17 02:29:27.651697,510
2026-02-17 02:29:27.659823,516
2026-02-17 02:29:27.667712,507
2026-02-17 02:29:27.675699,507
2026-02-17 02:29:27.683741,512
2026-02-17 02:29:27.691796,520
2026-02-17 02:29:27.699744,514
2026-02-17 02:29:27.707700,511
2026-02-17 02:29:27.715695,515
2026-02-17 02:29:27.723722,516
2026-02-17 02:29:27.731699,519
2026-02-17 02:29:27.739702,514
2026-02-17 02:29:27.747753,515
2026-02-17 02:29:27.755698,510
2026-02-17 02:29:27.763692,505
2026-02-17 02:29:27.771701,508
2026-02-17 02:29:27.779741,506
2026-02-17 02:29:27.787770,515
2026-02-17 02:29:27.795709,526
2026-02-17 02:29:27.803711,510
2026-02-17 02:29:27.811749,516
2026-02-17 02:29:27.819804,516
2026-02-17 02:29:27.827690,515
2026-02-17 02:29:27.835699,520
2026-02-17 02:29:27.843728,505
2026-02-17 02:29:27.851823,511
2026-02-17 02:29:27.859777,517
2026-02-17 02:29:27.867779,513
2026-02-17 02:29:27.875694,513
2026-02-17 02:29:27.883709,514
2026-02-17 02:29:27.891698,512
2026-02-17 02:29:27.899705,512
2026-02-17 02:29:27.907687,508
2026-02-17 02:29:27.915736,518
2026-02-17 02:29:27.923704,516
2026-02-17 02:29:27.931723,516
2026-02-17 02:29:27.939721,503
2026-02-17 02:29:27.947715,512
2026-02-17 02:29:27.955701,519
2026-02-17 02:29:27.963700,507
2026-02-17 02:29:27.971704,517
2026-02-17 02:29:27.979746,515
2026-02-17 02:29:27.987719,503
2026-02-17 02:29:27.995706,507
2026-02-17 02:29:28.003702,510
2026-02-17 02:29:28.011687,513
2026-02-17 02:29:28.019823,515
2026-02-17 02:29:28.027730,517
2026-02-17 02:29:28.035681,522
2026-02-17 02:29:28.043776,509
2026-02-17 02:29:28.051786,516
2026-02-17 02:29:28.059747,503
2026-02-17 02:29:28.067716,509
2026-02-17 02:29:28.075713,520
2026-02-17 02:29:28.083652,511
2026-02-17 02:29:28.091712,505
2026-02-17 02:29:28.099706,514
2026-02-17 02:29:28.107762,509
2026-02-17 02:29:28.115722,515
2026-02-17 02:29:28.123723,518
2026-02-17 02:29:28.131733,517
2026-02-17 02:29:28.139819,505
2026-02-17 02:29:28.147774,505
2026-02-17 02:29:28.155786,513
2026-02-17 02:29:28.163715,501
2026-02-17 02:29:28.171701,510
2026-02-17 02:29:28.179768,511
2026-02-17 02:29:28.187771,503
2026-02-17 02:29:28.195708,517
2026-02-17 02:29:28.203702,513
2026-02-17 02:29:28.211713,521
2026-02-17 02:29:28.219711,521
2026-02-17 02:29:28.227716,509
2026-02-17 02:29:28.235726,510
2026-02-17 02:29:28.243713,507
2026-02-17 02:29:28.251719,518
2026-02-17 02:29:28.259697,507
2026-02-17 02:29:28.267785,505
2026-02-17 02:29:28.275780,509
2026-02-17 02:29:28.283743,515
2026-02-17 02:29:28.291751,510
2026-02-17 02:29:28.299758,501
2026-02-17 02:29:28.307724,513
2026-02-17 02:29:28.315720,519
2026-02-17 02:29:28.323725,505
2026-02-17 02:29:28.331707,517
2026-02-17 02:29:28.339704,521
2026-02-17 02:29:28.347705,508
2026-02-17 02:29:28.355707,510
2026-02-17 02:29:28.363732,503
2026-02-17 02:29:28.371703,520
2026-02-17 02:29:28.379705,518
2026-02-17 02:29:28.387749,513
2026-02-17 02:29:28.395714,517
2026-02-17 02:29:28.403707,508
2026-02-17 02:29:28.411707,520
2026-02-17 02:29:28.419706,516
2026-02-17 02:29:28.427762,514
2026-02-17 02:29:28.435697,516
2026-02-17 02:29:28.443718,514
2026-02-17 02:29:28.451761,514
2026-02-17 02:29:28.459721,508
2026-02-17 02:29:28.467712,508
2026-02-17 02:29:28.475710,513
2026-02-17 02:29:28.483703,513
2026-02-17 02:29:28.491703,509
2026-02-17 02:29:28.499646,513
2026-02-17 02:29:28.507799,514
2026-02-17 02:29:28.515649,506
2026-02-17 02:29:28.523699,508
2026-02-17 02:29:28.531675,515
2026-02-17 02:29:28.539706,519
2026-02-17 02:29:28.547709,516
2026-02-17 02:29:28.555705,507
2026-02-17 02:29:28.563705,514
2026-02-17 02:29:28.571751,515
2026-02-17 02:29:28.579778,519
2026-02-17 02:29:28.587741,508
2026-02-17 02:29:28.595860,516
2026-02-17 02:29:28.603713,510
2026-02-17 02:29:28.611782,506
2026-02-17 02:29:28.619720,511
2026-02-17 02:29:28.627756,509
2026-02-17 02:29:28.635715,512
2026-02-17 02:29:28.643700,510
2026-02-17 02:29:28.651736,511
2026-02-17 02:29:28.659856,507
2026-02-17 02:29:28.667741,516
2026-02-17 02:29:28.675790,515
2026-02-17 02:29:28.683708,509
2026-02-17 02:29:28.691732,509
2026-02-17 02:29:28.699768,507
2026-02-17 02:29:28.707717,509
2026-02-17 02:29:28.715706,513
2026-02-17 02:29:28.723710,511
2026-02-17 02:29:28.731704,513
2026-02-17 02:29:28.739805,509
2026-02-17 02:29:28.747756,507
2026-02-17 02:29:28.755734,521
2026-02-17 02:29:28.763698,509
2026-02-17 02:29:28.771717,510
2026-02-17 02:29:28.779698,505
2026-02-17 02:29:28.787729,514
2026-02-17 02:29:28.795737,509
2026-02-17 02:29:28.803720,508
2026-02-17 02:29:28.811706,510
2026-02-17 02:29:28.819704,508
2026-02-17 02:29:28.827714,503
2026-02-17 02:29:28.835648,519
2026-02-17 02:29:28.843704,513
2026-02-17 02:29:28.851817,521
2026-02-17 02:29:28.859761,516
2026-02-17 02:29:28.867720,516
2026-02-17 02:29:28.875725,513
2026-02-17 02:29:28.883718,512
2026-02-17 02:29:28.891740,517
2026-02-17 02:29:28.899704,511
2026-02-17 02:29:28.907712,513
2026-02-17 02:29:28.915712,517
2026-02-17 02:29:28.923726,501
2026-02-17 02:29:28.931711,512
2026-02-17 02:29:28.939714,513
2026-02-17 02:29:28.947714,508
2026-02-17 02:29:28.955733,508
2026-02-17 02:29:28.963775,520
2026-02-17 02:29:28.971707,523
2026-02-17 02:29:28.979701,518
2026-02-17 02:29:28.987708,522
2026-02-17 02:29:28.995714,526
2026-02-17 02:29:29.003711,511
2026-02-17 02:29:29.011805,508
2026-02-17 02:29:29.019807,510
2026-02-17 02:29:29.027755,510
2026-02-17 02:29:29.035679,516
2026-02-17 02:29:29.043793,509
2026-02-17 02:29:29.051699,507
2026-02-17 02:29:29.059694,511
2026-02-17 02:29:29.067785,510
2026-02-17 02:29:29.075749,509
2026-02-17 02:29:29.083709,513
2026-02-17 02:29:29.091763,508
2026-02-17 02:29:29.099783,509
2026-02-17 02:29:29.107765,510
2026-02-17 02:29:29.115758,517
2026-02-17 02:29:29.123763,494
2026-02-17 02:29:29.131732,502
2026-02-17 02:29:29.139746,515
2026-02-17 02:29:29.147718,513
2026-02-17 02:29:29.155744,509
2026-02-17 02:29:29.163748,515
2026-02-17 02:29:29.171730,511
2026-02-17 02:29:29.179820,512
2026-02-17 02:29:29.187760,508
2026-02-17 02:29:29.195785,510
2026-02-17 02:29:29.203760,494
2026-02-17 02:29:29.211721,522
2026-02-17 02:29:29.219715,510
2026-02-17 02:29:29.227713,518
2026-02-17 02:29:29.235756,522
2026-02-17 02:29:29.243709,508
2026-02-17 02:29:29.251712,512
2026-02-17 02:29:29.259726,511
2026-02-17 02:29:29.267712,514
2026-02-17 02:29:29.275713,521
2026-02-17 02:29:29.283697,515
2026-02-17 02:29:29.291716,518
2026-02-17 02:29:29.299701,513
2026-02-17 02:29:29.307715,505
2026-02-17 02:29:29.315702,513
2026-02-17 02:29:29.323744,498
2026-02-17 02:29:29.331725,517
2026-02-17 02:29:29.339715,508
2026-02-17 02:29:29.347782,505
2026-02-17 02:29:29.355721,518
2026-02-17 02:29:29.363717,507
2026-02-17 02:29:29.371772,511
2026-02-17 02:29:29.379706,510
2026-02-17 02:29:29.387707,506
2026-02-17 02:29:29.396055,518
2026-02-17 02:29:29.403887,521
2026-02-17 02:29:29.411770,521
2026-02-17 02:29:29.419841,503
2026-02-17 02:29:29.427806,519
2026-02-17 02:29:29.435814,518
2026-02-17 02:29:29.443918,506
2026-02-17 02:29:29.451779,522
2026-02-17 02:29:29.459656,518
2026-02-17 02:29:29.467658,505
2026-02-17 02:29:29.475670,517
2026-02-17 02:29:29.483893,514
2026-02-17 02:29:29.491836,526
2026-02-17 02:29:29.499783,513
2026-02-17 02:29:29.507817,513
2026-02-17 02:29:29.515763,518
2026-02-17 02:29:29.523735,515
2026-02-17 02:29:29.531733,501
2026-02-17 02:29:29.539760,504
2026-02-17 02:29:29.547724,509
2026-02-17 02:29:29.555752,522
2026-02-17 02:29:29.563709,509
2026-02-17 02:29:29.571714,515
2026-02-17 02:29:29.579764,511
2026-02-17 02:29:29.587676,508
2026-02-17 02:29:29.595741,509
2026-02-17 02:29:29.603724,505
2026-02-17 02:29:29.611676,514
2026-02-17 02:29:29.619678,508
2026-02-17 02:29:29.627771,514
2026-02-17 02:29:29.635731,513
2026-02-17 02:29:29.643768,513
2026-02-17 02:29:29.651731,523
2026-02-17 02:29:29.659831,516
2026-02-17 02:29:29.667722,513
2026-02-17 02:29:29.675751,508
2026-02-17 02:29:29.683725,513
2026-02-17 02:29:29.691716,514
2026-02-17 02:29:29.699811,519
2026-02-17 02:29:29.707757,514
2026-02-17 02:29:29.715726,520
2026-02-17 02:29:29.723703,507
2026-02-17 02:29:29.731720,515
2026-02-17 02:29:29.739723,511
2026-02-17 02:29:29.747714,509
2026-02-17 02:29:29.755712,500
2026-02-17 02:29:29.763713,507
2026-02-17 02:29:29.771716,519
2026-02-17 02:29:29.779782,523
2026-02-17 02:29:29.787722,521
2026-02-17 02:29:29.795738,526
2026-02-17 02:29:29.803741,500
2026-02-17 02:29:29.811714,503
2026-02-17 02:29:29.819719,494
2026-02-17 02:29:29.827765,509
2026-02-17 02:29:29.835657,523
2026-02-17 02:29:29.843705,499
2026-02-17 02:29:29.851829,513
2026-02-17 02:29:29.859792,515
2026-02-17 02:29:29.867763,510
2026-02-17 02:29:29.875736,519
2026-02-17 02:29:29.883741,514
2026-02-17 02:29:29.891714,510
2026-02-17 02:29:29.899727,508
2026-02-17 02:29:29.907719,509
2026-02-17 02:29:29.915710,503
2026-02-17 02:29:29.923697,512
2026-02-17 02:29:29.931757,510
2026-02-17 02:29:29.939710,503
2026-02-17 02:29:29.947714,510
2026-02-17 02:29:29.955724,510
2026-02-17 02:29:29.963706,507
2026-02-17 02:29:29.971709,517
2026-02-17 02:29:29.979718,521
2026-02-17 02:29:29.987802,520
2026-02-17 02:29:29.995858,507
2026-02-17 02:29:30.003834,516
2026-02-17 02:29:30.011831,517
2026-02-17 02:29:30.019835,512
2026-02-17 02:29:30.027807,511
2026-02-17 02:29:30.035723,516
2026-02-17 02:29:30.043749,507
2026-02-17 02:29:30.051796,515
2026-02-17 02:29:30.059742,521
2026-02-17 02:29:30.067837,526
2026-02-17 02:29:30.075862,515
2026-02-17 02:29:30.083848,503
2026-02-17 02:29:30.091824,511
2026-02-17 02:29:30.099788,511
2026-02-17 02:29:30.107717,511
2026-02-17 02:29:30.115778,512
2026-02-17 02:29:30.123830,509
2026-02-17 02:29:30.131751,513
2026-02-17 02:29:30.139813,502
2026-02-17 02:29:30.147764,501
2026-02-17 02:29:30.155734,512
2026-02-17 02:29:30.163726,508
2026-02-17 02:29:30.171755,513
2026-02-17 02:29:30.179823,518
2026-02-17 02:29:30.187744,514
2026-02-17 02:29:30.195779,515
2026-02-17 02:29:30.203772,507
2026-02-17 02:29:30.211715,508
2026-02-17 02:29:30.219748,510
2026-02-17 02:29:30.227712,513
2026-02-17 02:29:30.235809,518
2026-02-17 02:29:30.243753,513
2026-02-17 02:29:30.251698,515
2026-02-17 02:29:30.259717,517
2026-02-17 02:29:30.267718,507
2026-02-17 02:29:30.275680,518
2026-02-17 02:29:30.283684,507
2026-02-17 02:29:30.291689,518
2026-02-17 02:29:30.299686,517
2026-02-17 02:29:30.307685,515
2026-02-17 02:29:30.315705,517
2026-02-17 02:29:30.323680,514
2026-02-17 02:29:30.331750,505
2026-02-17 02:29:30.339699,514
2026-02-17 02:29:30.347696,521
2026-02-17 02:29:30.355706,516
2026-02-17 02:29:30.363717,503
2026-02-17 02:29:30.371689,516
2026-02-17 02:29:30.379723,516
2026-02-17 02:29:30.387701,514
2026-02-17 02:29:30.395700,511
2026-02-17 02:29:30.403708,508
2026-02-17 02:29:30.411689,518
2026-02-17 02:29:30.419712,514
2026-02-17 02:29:30.427771,508
2026-02-17 02:29:30.435664,520
2026-02-17 02:29:30.443680,512
2026-02-17 02:29:30.451733,517
2026-02-17 02:29:30.459764,513
2026-02-17 02:29:30.467823,509
2026-02-17 02:29:30.475764,507
2026-02-17 02:29:30.483743,504
2026-02-17 02:29:30.491710,518
2026-02-17 02:29:30.499749,523
2026-02-17 02:29:30.507755,510
2026-02-17 02:29:30.515793,516
2026-02-17 02:29:30.523716,501
2026-02-17 02:29:30.531734,507
2026-02-17 02:29:30.539713,516
2026-02-17 02:29:30.547702,517
2026-02-17 02:29:30.555728,523
2026-02-17 02:29:30.563749,508
2026-02-17 02:29:30.571712,514
2026-02-17 02:29:30.579751,516
2026-02-17 02:29:30.587675,513
2026-02-17 02:29:30.595725,520
2026-02-17 02:29:30.603776,512
2026-02-17 02:29:30.611740,507
2026-02-17 02:29:30.619712,506
2026-02-17 02:29:30.627733,504
2026-02-17 02:29:30.635731,510
2026-02-17 02:29:30.643694,510
2026-02-17 02:29:30.651724,524
2026-02-17 02:29:30.659785,517
2026-02-17 02:29:30.667738,515
2026-02-17 02:29:30.675689,517
2026-02-17 02:29:30.683769,505
2026-02-17 02:29:30.691717,523
2026-02-17 02:29:30.699824,509
2026-02-17 02:29:30.707747,516
2026-02-17 02:29:30.715719,515
2026-02-17 02:29:30.723719,503
2026-02-17 02:29:30.731758,516
2026-02-17 02:29:30.739715,517
2026-02-17 02:29:30.747727,512
2026-02-17 02:29:30.755725,500
2026-02-17 02:29:30.763740,509
2026-02-17 02:29:30.771721,505
2026-02-17 02:29:30.779757,513
2026-02-17 02:29:30.787726,519
2026-02-17 02:29:30.795722,511
2026-02-17 02:29:30.803798,509
2026-02-17 02:29:30.811732,517
2026-02-17 02:29:30.819724,504
2026-02-17 02:29:30.827708,510
2026-02-17 02:29:30.835702,510
2026-02-17 02:29:30.843801,509
2026-02-17 02:29:30.851796,512
2026-02-17 02:29:30.859710,507
2026-02-17 02:29:30.867731,499
2026-02-17 02:29:30.875758,512
2026-02-17 02:29:30.883817,509
2026-02-17 02:29:30.891788,518
2026-02-17 02:29:30.899730,514
2026-02-17 02:29:30.907741,509
2026-02-17 02:29:30.915716,512
2026-02-17 02:29:30.923807,504
2026-02-17 02:29:30.931778,505
2026-02-17 02:29:30.939737,509
2026-02-17 02:29:30.947773,511
2026-02-17 02:29:30.955739,510
2026-02-17 02:29:30.963768,503
2026-02-17 02:29:30.971718,507
2026-02-17 02:29:30.979719,512
2026-02-17 02:29:30.987728,522
2026-02-17 02:29:30.995712,515
2026-02-17 02:29:31.003755,511
2026-02-17 02:29:31.011847,511
2026-02-17 02:29:31.019854,514
2026-02-17 02:29:31.027760,507
2026-02-17 02:29:31.035722,520
2026-02-17 02:29:31.043792,511
2026-02-17 02:29:31.051758,512
2026-02-17 02:29:31.059750,509
2026-02-17 02:29:31.067829,527
2026-02-17 02:29:31.075850,517
2026-02-17 02:29:31.083739,510
2026-02-17 02:29:31.091717,518
2026-02-17 02:29:31.099732,514
2026-02-17 02:29:31.107738,506
2026-02-17 02:29:31.115786,513
2026-02-17 02:29:31.123728,513
2026-02-17 02:29:31.131952,512
2026-02-17 02:29:31.139894,506
2026-02-17 02:29:31.147808,512
2026-02-17 02:29:31.155863,520
2026-02-17 02:29:31.163793,506
2026-02-17 02:29:31.171780,510
2026-02-17 02:29:31.179808,511
2026-02-17 02:29:31.187814,505
2026-02-17 02:29:31.195752,517
2026-02-17 02:29:31.203762,510
2026-02-17 02:29:31.211738,517
2026-02-17 02:29:31.219733,517
2026-02-17 02:29:31.227738,512
2026-02-17 02:29:31.235723,512
2026-02-17 02:29:31.243723,498
2026-02-17 02:29:31.251769,512
2026-02-17 02:29:31.259716,517
2026-02-17 02:29:31.267727,513
2026-02-17 02:29:31.275725,511
2026-02-17 02:29:31.283711,507
2026-02-17 02:29:31.291722,507
2026-02-17 02:29:31.299738,508
2026-02-17 02:29:31.307725,516
2026-02-17 02:29:31.315766,525
2026-02-17 02:29:31.323725,507
2026-02-17 02:29:31.331720,513
2026-02-17 02:29:31.339733,518
2026-02-17 02:29:31.347725,512
2026-02-17 02:29:31.355737,515
2026-02-17 02:29:31.363730,507
2026-02-17 02:29:31.371719,509
2026-02-17 02:29:31.379721,514
2026-02-17 02:29:31.387724,521
2026-02-17 02:29:31.395724,514
2026-02-17 02:29:31.403741,511
2026-02-17 02:29:31.411727,517
2026-02-17 02:29:31.419732,509
2026-02-17 02:29:31.427730,509
2026-02-17 02:29:31.435727,508
2026-02-17 02:29:31.443750,512
2026-02-17 02:29:31.451726,508
2026-02-17 02:29:31.459764,511
2026-02-17 02:29:31.467722,513
2026-02-17 02:29:31.475728,524
2026-02-17 02:29:31.483717,522
2026-02-17 02:29:31.491718,520
2026-02-17 02:29:31.499717,510
2026-02-17 02:29:31.507698,516
2026-02-17 02:29:31.515732,509
2026-02-17 02:29:31.523713,515
2026-02-17 02:29:31.531725,521
2026-02-17 02:29:31.539730,512
2026-02-17 02:29:31.547712,511
2026-02-17 02:29:31.555726,513
2026-02-17 02:29:31.563718,511
2026-02-17 02:29:31.571731,512
2026-02-17 02:29:31.579745,507
2026-02-17 02:29:31.587691,512
2026-02-17 02:29:31.595700,510
2026-02-17 02:29:31.603776,509
2026-02-17 02:29:31.611742,512
2026-02-17 02:29:31.619757,500
2026-02-17 02:29:31.627764,510
2026-02-17 02:29:31.635738,508
2026-02-17 02:29:31.643737,508
2026-02-17 02:29:31.651724,511
2026-02-17 02:29:31.659821,513
2026-02-17 02:29:31.667784,510
2026-02-17 02:29:31.675667,509
2026-02-17 02:29:31.683708,511
2026-02-17 02:29:31.691733,517
2026-02-17 02:29:31.699833,508
2026-02-17 02:29:31.707734,518
2026-02-17 02:29:31.715737,507
2026-02-17 02:29:31.723769,508
2026-02-17 02:29:31.731743,518
2026-02-17 02:29:31.739750,511
2026-02-17 02:29:31.747824,507
2026-02-17 02:29:31.755727,513
2026-02-17 02:29:31.763745,508
2026-02-17 02:29:31.771720,515
2026-02-17 02:29:31.779742,504
2026-02-17 02:29:31.787727,520
2026-02-17 02:29:31.795724,524
2026-02-17 02:29:31.803732,508
2026-02-17 02:29:31.811745,509
2026-02-17 02:29:31.819729,510
2026-02-17 02:29:31.827732,512
2026-02-17 02:29:31.835677,525
2026-02-17 02:29:31.843683,522
2026-02-17 02:29:31.851805,508
2026-02-17 02:29:31.859767,506
2026-02-17 02:29:31.867890,508
2026-02-17 02:29:31.875809,521
2026-02-17 02:29:31.883748,521
2026-02-17 02:29:31.891768,519
2026-02-17 02:29:31.899774,507
2026-02-17 02:29:31.907731,519
2026-02-17 02:29:31.915721,521
2026-02-17 02:29:31.923740,516
2026-02-17 02:29:31.931775,512
2026-02-17 02:29:31.939770,520
2026-02-17 02:29:31.947726,509
2026-02-17 02:29:31.955738,514
2026-02-17 02:29:31.963748,513
2026-02-17 02:29:31.971737,518
2026-02-17 02:29:31.979724,504
2026-02-17 02:29:31.987726,509
2026-02-17 02:29:31.995733,507
2026-02-17 02:29:32.003802,513
2026-02-17 02:29:32.011857,515
2026-02-17 02:29:32.019814,511
2026-02-17 02:29:32.027740,512
2026-02-17 02:29:32.035767,506
2026-02-17 02:29:32.043816,509
2026-02-17 02:29:32.051699,509
2026-02-17 02:29:32.059729,514
2026-02-17 02:29:32.067722,519
2026-02-17 02:29:32.075831,522
2026-02-17 02:29:32.083811,505
2026-02-17 02:29:32.091789,508
2026-02-17 02:29:32.099820,514
2026-02-17 02:29:32.107745,510
2026-02-17 02:29:32.115741,515
2026-02-17 02:29:32.123724,517
2026-02-17 02:29:32.131731,519
2026-02-17 02:29:32.139740,508
2026-02-17 02:29:32.147782,512
2026-02-17 02:29:32.155795,508
2026-02-17 02:29:32.163725,511
2026-02-17 02:29:32.171710,514
2026-02-17 02:29:32.179817,507
2026-02-17 02:29:32.187823,506
2026-02-17 02:29:32.195764,516
2026-02-17 02:29:32.203739,509
2026-02-17 02:29:32.211751,512
2026-02-17 02:29:32.219729,509
2026-02-17 02:29:32.227789,510
2026-02-17 02:29:32.235780,501
2026-02-17 02:29:32.243732,517
2026-02-17 02:29:32.251733,526
2026-02-17 02:29:32.259729,507
2026-02-17 02:29:32.267780,496
2026-02-17 02:29:32.275729,501
2026-02-17 02:29:32.283736,500
2026-02-17 02:29:32.291734,518
2026-02-17 02:29:32.299729,507
2026-02-17 02:29:32.307716,506
2026-02-17 02:29:32.315744,505
2026-02-17 02:29:32.323787,514
2026-02-17 02:29:32.331727,522
2026-02-17 02:29:32.339727,513
2026-02-17 02:29:32.347740,517
2026-02-17 02:29:32.355741,509
2026-02-17 02:29:32.363739,506
2026-02-17 02:29:32.371730,511
2026-02-17 02:29:32.379745,516
2026-02-17 02:29:32.387721,518
2026-02-17 02:29:32.395731,508
2026-02-17 02:29:32.403732,511
2026-02-17 02:29:32.411738,520
2026-02-17 02:29:32.419777,500
2026-02-17 02:29:32.427722,512
2026-02-17 02:29:32.435732,506
2026-02-17 02:29:32.443749,515
2026-02-17 02:29:32.451730,523
2026-02-17 02:29:32.459733,512
2026-02-17 02:29:32.467725,510
2026-02-17 02:29:32.475732,518
2026-02-17 02:29:32.483721,505
2026-02-17 02:29:32.491726,516
2026-02-17 02:29:32.499719,515
2026-02-17 02:29:32.507685,508
2026-02-17 02:29:32.515692,516
2026-02-17 02:29:32.523738,508
2026-02-17 02:29:32.531734,517
2026-02-17 02:29:32.539734,509
2026-02-17 02:29:32.547725,518
2026-02-17 02:29:32.555732,515
2026-02-17 02:29:32.563726,513
2026-02-17 02:29:32.571738,527
2026-02-17 02:29:32.579739,506
2026-02-17 02:29:32.587692,510
2026-02-17 02:29:32.595743,517
2026-02-17 02:29:32.603778,516
2026-02-17 02:29:32.611748,513
2026-02-17 02:29:32.619732,517
2026-02-17 02:29:32.627719,514
2026-02-17 02:29:32.635740,509
2026-02-17 02:29:32.643736,516
2026-02-17 02:29:32.651735,514
2026-02-17 02:29:32.659924,512
2026-02-17 02:29:32.667796,516
2026-02-17 02:29:32.675795,514
2026-02-17 02:29:32.683735,503
2026-02-17 02:29:32.691773,525
2026-02-17 02:29:32.699759,505
2026-02-17 02:29:32.707735,502
2026-02-17 02:29:32.715736,516
2026-02-17 02:29:32.723736,508
2026-02-17 02:29:32.731732,518
2026-02-17 02:29:32.739733,509
2026-02-17 02:29:32.747735,512
2026-02-17 02:29:32.755750,509
2026-02-17 02:29:32.763737,504
2026-02-17 02:29:32.771748,516
2026-02-17 02:29:32.779734,517
2026-02-17 02:29:32.787733,516
2026-02-17 02:29:32.795729,513
2026-02-17 02:29:32.803740,515
2026-02-17 02:29:32.811740,510
2026-02-17 02:29:32.819784,513
2026-02-17 02:29:32.827724,510
2026-02-17 02:29:32.835750,513
2026-02-17 02:29:32.843677,513
2026-02-17 02:29:32.851823,514
2026-02-17 02:29:32.859752,510
2026-02-17 02:29:32.867787,511
2026-02-17 02:29:32.875742,517
2026-02-17 02:29:32.883760,504
2026-02-17 02:29:32.891775,515
2026-02-17 02:29:32.899912,509
2026-02-17 02:29:32.907905,514
2026-02-17 02:29:32.915832,515
2026-02-17 02:29:32.923766,513
2026-02-17 02:29:32.931774,513
2026-02-17 02:29:32.939767,514
2026-02-17 02:29:32.947737,516
2026-02-17 02:29:32.955750,511
2026-02-17 02:29:32.963731,516
2026-02-17 02:29:32.971724,509
2026-02-17 02:29:32.979725,510
2026-02-17 02:29:32.987733,510
2026-02-17 02:29:32.995741,501
2026-02-17 02:29:33.003738,508
2026-02-17 02:29:33.011851,519
2026-02-17 02:29:33.019866,511
2026-02-17 02:29:33.027773,503
2026-02-17 02:29:33.035773,513
2026-02-17 02:29:33.043748,520
2026-02-17 02:29:33.051725,517
2026-02-17 02:29:33.059775,509
2026-02-17 02:29:33.067717,506
2026-02-17 02:29:33.075735,498
2026-02-17 02:29:33.083843,506
2026-02-17 02:29:33.091771,515
2026-02-17 02:29:33.099752,514
2026-02-17 02:29:33.107798,512
2026-02-17 02:29:33.115786,515
2026-02-17 02:29:33.123736,507
2026-02-17 02:29:33.131742,518
2026-02-17 02:29:33.139725,508
2026-02-17 02:29:33.147725,506
2026-02-17 02:29:33.155713,511
2026-02-17 02:29:33.163777,509
2026-02-17 02:29:33.171782,507
2026-02-17 02:29:33.179831,514
2026-02-17 02:29:33.187696,506
2026-02-17 02:29:33.195728,516
2026-02-17 02:29:33.203733,508
2026-02-17 02:29:33.211758,516
2026-02-17 02:29:33.219757,519
2026-02-17 02:29:33.227750,518
2026-02-17 02:29:33.235734,512
2026-02-17 02:29:33.243814,499
2026-02-17 02:29:33.251817,506
2026-02-17 02:29:33.259785,502
2026-02-17 02:29:33.267747,510
2026-02-17 02:29:33.275739,516
2026-02-17 02:29:33.283735,506
2026-02-17 02:29:33.291742,515
2026-02-17 02:29:33.299775,514
2026-02-17 02:29:33.307732,514
2026-02-17 02:29:33.315740,513
2026-02-17 02:29:33.323740,506
2026-02-17 02:29:33.331729,524
2026-02-17 02:29:33.339745,509
2026-02-17 02:29:33.347784,505
2026-02-17 02:29:33.355735,508
2026-02-17 02:29:33.363741,508
2026-02-17 02:29:33.371725,505
2026-02-17 02:29:33.379735,507
2026-02-17 02:29:33.387751,514
2026-02-17 02:29:33.395722,513
2026-02-17 02:29:33.403773,513
2026-02-17 02:29:33.411750,508
2026-02-17 02:29:33.419736,513
2026-02-17 02:29:33.427734,513
2026-02-17 02:29:33.435779,518
2026-02-17 02:29:33.443780,514
2026-02-17 02:29:33.451728,517
2026-02-17 02:29:33.459733,518
2026-02-17 02:29:33.467771,513
2026-02-17 02:29:33.475734,515
2026-02-17 02:29:33.483739,523
2026-02-17 02:29:33.491730,518
2026-02-17 02:29:33.499731,514
2026-02-17 02:29:33.507709,510
2026-02-17 02:29:33.515735,513
2026-02-17 02:29:33.523742,508
2026-02-17 02:29:33.531740,515
2026-02-17 02:29:33.539748,516
2026-02-17 02:29:33.547735,514
2026-02-17 02:29:33.555748,507
2026-02-17 02:29:33.563739,507
2026-02-17 02:29:33.571737,515
2026-02-17 02:29:33.579747,515
2026-02-17 02:29:33.587800,510
2026-02-17 02:29:33.595722,509
2026-02-17 02:29:33.603752,505
2026-02-17 02:29:33.611802,514
2026-02-17 02:29:33.619743,519
2026-02-17 02:29:33.627748,515
2026-02-17 02:29:33.635756,517
2026-02-17 02:29:33.643744,509
2026-02-17 02:29:33.651739,517
2026-02-17 02:29:33.659772,512
2026-02-17 02:29:33.667692,515
2026-02-17 02:29:33.675775,516
2026-02-17 02:29:33.683745,506
2026-02-17 02:29:33.691732,511
2026-02-17 02:29:33.699838,510
2026-02-17 02:29:33.707740,518
2026-02-17 02:29:33.715825,510
2026-02-17 02:29:33.723759,519
2026-02-17 02:29:33.731726,512
2026-02-17 02:29:33.739735,509
2026-02-17 02:29:33.747806,518
2026-02-17 02:29:33.755738,510
2026-02-17 02:29:33.763743,508
2026-02-17 02:29:33.771744,522
2026-02-17 02:29:33.779744,510
2026-02-17 02:29:33.787740,510
2026-02-17 02:29:33.795754,507
2026-02-17 02:29:33.803736,512
2026-02-17 02:29:33.811739,524
2026-02-17 02:29:33.819793,507
2026-02-17 02:29:33.827786,508
2026-02-17 02:29:33.835756,515
2026-02-17 02:29:33.843706,504
2026-02-17 02:29:33.851861,507
2026-02-17 02:29:33.859826,507
2026-02-17 02:29:33.867831,510
2026-02-17 02:29:33.875762,514
2026-02-17 02:29:33.883771,513
2026-02-17 02:29:33.891767,517
2026-02-17 02:29:33.899786,511
2026-02-17 02:29:33.907773,506
2026-02-17 02:29:33.915735,507
2026-02-17 02:29:33.923747,506
2026-02-17 02:29:33.931755,510
2026-02-17 02:29:33.939781,510
2026-02-17 02:29:33.947734,516
2026-02-17 02:29:33.955738,519
2026-02-17 02:29:33.963733,511
2026-02-17 02:29:33.971728,508
2026-02-17 02:29:33.979746,503
2026-02-17 02:29:33.987735,506
2026-02-17 02:29:33.995727,507
2026-02-17 02:29:34.003731,517
2026-02-17 02:29:34.011745,511
2026-02-17 02:29:34.019870,500
2026-02-17 02:29:34.027813,504
2026-02-17 02:29:34.035725,511
2026-02-17 02:29:34.043713,513
2026-02-17 02:29:34.051899,525
2026-02-17 02:29:34.059787,512
2026-02-17 02:29:34.067785,514
2026-02-17 02:29:34.075823,511
2026-02-17 02:29:34.083857,501
2026-02-17 02:29:34.091906,510
2026-02-17 02:29:34.099828,508
2026-02-17 02:29:34.107681,518
2026-02-17 02:29:34.115750,512
2026-02-17 02:29:34.123805,504
2026-02-17 02:29:34.131830,512
2026-02-17 02:29:34.139880,511
2026-02-17 02:29:34.147799,517
2026-02-17 02:29:34.155915,518
2026-02-17 02:29:34.163829,500
2026-02-17 02:29:34.171777,518
2026-02-17 02:29:34.179790,503
2026-02-17 02:29:34.187795,511
2026-02-17 02:29:34.195783,500
2026-02-17 02:29:34.203782,509
2026-02-17 02:29:34.211781,516
2026-02-17 02:29:34.219781,508
2026-02-17 02:29:34.227780,509
2026-02-17 02:29:34.235781,501
2026-02-17 02:29:34.243768,501
2026-02-17 02:29:34.251781,517
2026-02-17 02:29:34.259786,510
2026-02-17 02:29:34.267790,502
2026-02-17 02:29:34.275800,503
2026-02-17 02:29:34.283863,503
2026-02-17 02:29:34.291829,522
2026-02-17 02:29:34.299760,522
2026-02-17 02:29:34.307740,519
2026-02-17 02:29:34.315769,524
2026-02-17 02:29:34.323788,500
2026-02-17 02:29:34.331790,521
2026-02-17 02:29:34.339773,526
2026-02-17 02:29:34.347772,522
2026-02-17 02:29:34.355763,514
2026-02-17 02:29:34.363776,519
2026-02-17 02:29:34.371759,518
2026-02-17 02:29:34.379781,508
2026-02-17 02:29:34.387768,521
2026-02-17 02:29:34.395780,517
2026-02-17 02:29:34.403772,517
2026-02-17 02:29:34.411776,526
2026-02-17 02:29:34.419785,513
2026-02-17 02:29:34.427785,508
2026-02-17 02:29:34.435801,510
2026-02-17 02:29:34.443777,508
2026-02-17 02:29:34.451765,520
2026-02-17 02:29:34.459763,516
2026-02-17 02:29:34.467756,510
2026-02-17 02:29:34.475786,515
2026-02-17 02:29:34.483817,513
2026-02-17 02:29:34.491768,525
2026-02-17 02:29:34.499870,513
2026-02-17 02:29:34.507800,514
2026-02-17 02:29:34.515884,520
2026-02-17 02:29:34.523756,513
2026-02-17 02:29:34.531892,524
2026-02-17 02:29:34.539859,516
2026-02-17 02:29:34.547868,518
2026-02-17 02:29:34.555877,517
2026-02-17 02:29:34.563780,508
2026-02-17 02:29:34.571861,503
2026-02-17 02:29:34.579849,504
2026-02-17 02:29:34.587829,508
2026-02-17 02:29:34.595808,518
2026-02-17 02:29:34.603826,512
2026-02-17 02:29:34.611845,507
2026-02-17 02:29:34.619819,505
2026-02-17 02:29:34.627903,504
2026-02-17 02:29:34.635847,515
2026-02-17 02:29:34.643821,515
2026-02-17 02:29:34.651853,513
2026-02-17 02:29:34.659981,508
2026-02-17 02:29:34.667864,510
2026-02-17 02:29:34.675852,516
2026-02-17 02:29:34.683838,499
2026-02-17 02:29:34.691846,508
2026-02-17 02:29:34.699860,512
2026-02-17 02:29:34.707877,516
2026-02-17 02:29:34.715802,514
2026-02-17 02:29:34.723819,509
2026-02-17 02:29:34.731771,515
2026-02-17 02:29:34.739846,509
2026-02-17 02:29:34.747878,511
2026-02-17 02:29:34.755881,511
2026-02-17 02:29:34.763853,520
2026-02-17 02:29:34.771871,523
2026-02-17 02:29:34.779863,512
2026-02-17 02:29:34.787860,500
2026-02-17 02:29:34.795832,499
2026-02-17 02:29:34.803839,506
2026-02-17 02:29:34.811831,511
2026-02-17 02:29:34.819865,510
2026-02-17 02:29:34.827853,504
2026-02-17 02:29:34.835849,511
2026-02-17 02:29:34.843872,518
2026-02-17 02:29:34.851797,519
2026-02-17 02:29:34.859790,507
2026-02-17 02:29:34.867881,506
2026-02-17 02:29:34.875848,517
2026-02-17 02:29:34.883859,516
2026-02-17 02:29:34.891822,524
2026-02-17 02:29:34.899894,513
2026-02-17 02:29:34.907829,511
2026-02-17 02:29:34.915855,502
2026-02-17 02:29:34.923840,510
2026-02-17 02:29:34.931828,521
2026-02-17 02:29:34.939822,515
2026-02-17 02:29:34.947847,509
2026-02-17 02:29:34.955766,506
2026-02-17 02:29:34.963772,506
2026-02-17 02:29:34.971743,517
2026-02-17 02:29:34.979751,507
2026-02-17 02:29:34.987766,517
2026-02-17 02:29:34.995749,513
2026-02-17 02:29:35.003752,504
2026-02-17 02:29:35.011771,512
2026-02-17 02:29:35.019816,512
2026-02-17 02:29:35.027844,515
2026-02-17 02:29:35.035711,499
2026-02-17 02:29:35.043795,513
2026-02-17 02:29:35.051889,517
2026-02-17 02:29:35.059857,514
2026-02-17 02:29:35.067748,515
2026-02-17 02:29:35.075751,512
2026-02-17 02:29:35.083846,508
2026-02-17 02:29:35.091758,514
2026-02-17 02:29:35.099825,517
2026-02-17 02:29:35.107748,515
2026-02-17 02:29:35.115749,519
2026-02-17 02:29:35.123746,511
2026-02-17 02:29:35.131750,509
2026-02-17 02:29:35.139744,512
2026-02-17 02:29:35.147739,515
2026-02-17 02:29:35.155897,509
2026-02-17 02:29:35.163833,511
2026-02-17 02:29:35.171795,516
2026-02-17 02:29:35.179821,503
2026-02-17 02:29:35.187823,506
2026-02-17 02:29:35.195790,508
2026-02-17 02:29:35.203746,514
2026-02-17 02:29:35.211764,515
2026-02-17 02:29:35.219783,502
2026-02-17 02:29:35.227728,513
2026-02-17 02:29:35.235841,509
2026-02-17 02:29:35.243790,513
2026-02-17 02:29:35.251713,519
2026-02-17 02:29:35.259749,505
2026-02-17 02:29:35.267748,508
2026-02-17 02:29:35.275713,513
2026-02-17 02:29:35.283736,511
2026-02-17 02:29:35.291751,510
2026-02-17 02:29:35.299771,513
2026-02-17 02:29:35.307805,504
2026-02-17 02:29:35.315750,518
2026-02-17 02:29:35.323743,522
2026-02-17 02:29:35.331763,518
2026-02-17 02:29:35.339766,508
2026-02-17 02:29:35.347707,515
2026-02-17 02:29:35.355742,502
2026-02-17 02:29:35.363725,510
2026-02-17 02:29:35.371758,517
2026-02-17 02:29:35.379755,510
2026-02-17 02:29:35.387748,504
2026-02-17 02:29:35.395731,509
2026-02-17 02:29:35.403737,514
2026-02-17 02:29:35.411749,509
2026-02-17 02:29:35.419748,511
2026-02-17 02:29:35.427828,519
2026-02-17 02:29:35.435769,519
2026-02-17 02:29:35.443808,506
2026-02-17 02:29:35.451772,523
2026-02-17 02:29:35.459744,500
2026-02-17 02:29:35.467761,520
2026-02-17 02:29:35.475800,517
2026-02-17 02:29:35.483861,523
2026-02-17 02:29:35.491813,511
2026-02-17 02:29:35.499793,510
2026-02-17 02:29:35.507733,517
2026-02-17 02:29:35.515726,523
2026-02-17 02:29:35.523809,508
2026-02-17 02:29:35.531750,515
2026-02-17 02:29:35.539793,507
2026-02-17 02:29:35.547748,512
2026-02-17 02:29:35.555745,508
2026-02-17 02:29:35.563765,503
2026-02-17 02:29:35.571750,505
2026-02-17 02:29:35.579744,512
2026-02-17 02:29:35.587703,512
2026-02-17 02:29:35.595762,516
2026-02-17 02:29:35.603736,514
2026-02-17 02:29:35.611750,517
2026-02-17 02:29:35.619788,499
2026-02-17 02:29:35.627801,516
2026-02-17 02:29:35.635745,519
2026-02-17 02:29:35.643760,514
2026-02-17 02:29:35.651797,519
2026-02-17 02:29:35.659841,518
2026-02-17 02:29:35.667766,521
2026-02-17 02:29:35.675754,518
2026-02-17 02:29:35.683805,507
2026-02-17 02:29:35.691799,522
2026-02-17 02:29:35.699815,512
2026-02-17 02:29:35.707793,519
2026-02-17 02:29:35.715752,512
2026-02-17 02:29:35.723747,513
2026-02-17 02:29:35.731751,508
2026-02-17 02:29:35.739697,508
2026-02-17 02:29:35.747804,522
2026-02-17 02:29:35.755760,522
2026-02-17 02:29:35.763809,511
2026-02-17 02:29:35.771757,519
2026-02-17 02:29:35.779814,498
2026-02-17 02:29:35.787768,502
2026-02-17 02:29:35.795745,523
2026-02-17 02:29:35.803755,512
2026-02-17 02:29:35.811758,518
2026-02-17 02:29:35.819794,510
2026-02-17 02:29:35.827815,513
2026-02-17 02:29:35.835755,511
2026-02-17 02:29:35.843751,515
2026-02-17 02:29:35.851867,515
2026-02-17 02:29:35.859796,511
2026-02-17 02:29:35.867765,517
2026-02-17 02:29:35.875762,503
2026-02-17 02:29:35.883771,504
2026-02-17 02:29:35.891757,526
2026-02-17 02:29:35.899771,513
2026-02-17 02:29:35.907757,513
2026-02-17 02:29:35.915755,515
2026-02-17 02:29:35.923792,507
2026-02-17 02:29:35.931748,519
2026-02-17 02:29:35.939757,515
2026-02-17 02:29:35.947759,517
2026-02-17 02:29:35.955751,516
2026-02-17 02:29:35.963754,502
2026-02-17 02:29:35.971779,505
2026-02-17 02:29:35.979804,510
2026-02-17 02:29:35.987755,510
2026-02-17 02:29:35.995745,508
2026-02-17 02:29:36.003753,513
2026-02-17 02:29:36.011718,506
2026-02-17 02:29:36.019891,497
2026-02-17 02:29:36.027895,514
2026-02-17 02:29:36.035748,520
2026-02-17 02:29:36.043873,514
2026-02-17 02:29:36.051870,519
2026-02-17 02:29:36.059849,499
2026-02-17 02:29:36.067767,500
2026-02-17 02:29:36.075768,510
2026-02-17 02:29:36.083826,511
2026-02-17 02:29:36.091840,517
2026-02-17 02:29:36.099807,511
2026-02-17 02:29:36.107767,518
2026-02-17 02:29:36.115760,514
2026-02-17 02:29:36.123758,513
2026-02-17 02:29:36.131794,520
2026-02-17 02:29:36.139778,512
2026-02-17 02:29:36.147747,515
2026-02-17 02:29:36.155836,510
2026-02-17 02:29:36.163762,506
2026-02-17 02:29:36.171810,520
2026-02-17 02:29:36.179800,510
2026-02-17 02:29:36.187837,505
2026-02-17 02:29:36.195804,505
2026-02-17 02:29:36.203773,504
2026-02-17 02:29:36.211756,516
2026-02-17 02:29:36.219773,516
2026-02-17 02:29:36.227889,515
2026-02-17 02:29:36.235813,512
2026-02-17 02:29:36.243842,504
2026-02-17 02:29:36.251790,519
2026-02-17 02:29:36.259805,507
2026-02-17 02:29:36.267783,515
2026-02-17 02:29:36.275762,517
2026-02-17 02:29:36.283776,506
2026-02-17 02:29:36.291798,514
2026-02-17 02:29:36.299707,497
2026-02-17 02:29:36.307758,501
2026-02-17 02:29:36.315783,509
2026-02-17 02:29:36.323793,510
2026-02-17 02:29:36.331756,508
2026-02-17 02:29:36.339771,499
2026-02-17 02:29:36.347747,511
2026-02-17 02:29:36.355751,521
2026-02-17 02:29:36.363751,519
2026-02-17 02:29:36.371754,517
2026-02-17 02:29:36.379773,516
2026-02-17 02:29:36.387805,505
2026-02-17 02:29:36.395772,506
2026-02-17 02:29:36.403767,515
2026-02-17 02:29:36.411753,526
2026-02-17 02:29:36.419761,524
2026-02-17 02:29:36.427811,515
2026-02-17 02:29:36.435763,510
2026-02-17 02:29:36.443766,517
2026-02-17 02:29:36.451753,515
2026-02-17 02:29:36.459749,521
2026-02-17 02:29:36.467916,515
2026-02-17 02:29:36.475871,507
2026-02-17 02:29:36.483816,507
2026-02-17 02:29:36.491778,517
2026-02-17 02:29:36.499771,511
2026-02-17 02:29:36.507848,507
2026-02-17 02:29:36.515756,508
2026-02-17 02:29:36.523832,515
2026-02-17 02:29:36.531834,515
2026-02-17 02:29:36.539727,515
2026-02-17 02:29:36.547782,514
2026-02-17 02:29:36.555789,514
2026-02-17 02:29:36.563758,506
2026-02-17 02:29:36.571782,513
2026-02-17 02:29:36.579795,510
2026-02-17 02:29:36.587722,525
2026-02-17 02:29:36.595774,515
2026-02-17 02:29:36.603837,509
2026-02-17 02:29:36.611813,521
2026-02-17 02:29:36.619776,510
2026-02-17 02:29:36.627838,514
2026-02-17 02:29:36.635762,523
2026-02-17 02:29:36.643830,513
2026-02-17 02:29:36.651767,523
2026-02-17 02:29:36.659893,511
2026-02-17 02:29:36.667826,512
2026-02-17 02:29:36.675816,500
2026-02-17 02:29:36.683815,509
2026-02-17 02:29:36.691801,511
2026-02-17 02:29:36.699796,502
2026-02-17 02:29:36.707748,516
2026-02-17 02:29:36.715774,513
2026-02-17 02:29:36.723776,510
2026-02-17 02:29:36.731766,515
2026-02-17 02:29:36.739761,507
2026-02-17 02:29:36.747768,519
2026-02-17 02:29:36.755800,514
2026-02-17 02:29:36.763728,516
2026-02-17 02:29:36.771747,515
2026-02-17 02:29:36.779743,513
2026-02-17 02:29:36.787777,506
2026-02-17 02:29:36.795771,508
2026-02-17 02:29:36.803764,503
2026-02-17 02:29:36.811774,503
2026-02-17 02:29:36.819814,511
2026-02-17 02:29:36.827779,509
2026-02-17 02:29:36.835774,511
2026-02-17 02:29:36.843758,513
2026-02-17 02:29:36.851965,510
2026-02-17 02:29:36.859760,511
2026-02-17 02:29:36.867815,513
2026-02-17 02:29:36.875755,513
2026-02-17 02:29:36.883795,514
2026-02-17 02:29:36.891774,510
2026-02-17 02:29:36.899751,513
2026-02-17 02:29:36.907776,507
2026-02-17 02:29:36.915849,514
2026-02-17 02:29:36.923782,516
2026-02-17 02:29:36.931816,522
2026-02-17 02:29:36.939888,510
2026-02-17 02:29:36.947880,523
2026-02-17 02:29:36.955787,502
2026-02-17 02:29:36.963869,512
2026-02-17 02:29:36.971875,521
2026-02-17 02:29:36.979827,512
2026-02-17 02:29:36.987841,522
2026-02-17 02:29:36.995839,516
2026-02-17 02:29:37.003843,501
2026-02-17 02:29:37.011867,519
2026-02-17 02:29:37.019835,515
2026-02-17 02:29:37.027888,513
2026-02-17 02:29:37.035777,512
2026-02-17 02:29:37.043897,509
2026-02-17 02:29:37.051857,506
2026-02-17 02:29:37.059837,504
2026-02-17 02:29:37.067916,510
2026-02-17 02:29:37.075865,513
2026-02-17 02:29:37.083997,519
2026-02-17 02:29:37.091898,514
2026-02-17 02:29:37.099878,504
2026-02-17 02:29:37.107894,510
2026-02-17 02:29:37.117281,506
2026-02-17 02:29:37.123958,515
2026-02-17 02:29:37.131885,522
2026-02-17 02:29:37.139855,520
2026-02-17 02:29:37.147824,521
2026-02-17 02:29:37.155853,521
2026-02-17 02:29:37.163877,514
2026-02-17 02:29:37.171907,512
2026-02-17 02:29:37.179835,514
2026-02-17 02:29:37.187858,521
2026-02-17 02:29:37.195832,521
2026-02-17 02:29:37.203898,501
2026-02-17 02:29:37.211880,518
2026-02-17 02:29:37.219902,510
2026-02-17 02:29:37.227849,515
2026-02-17 02:29:37.235861,514
2026-02-17 02:29:37.243827,515
2026-02-17 02:29:37.252060,505
2026-02-17 02:29:37.259896,501
2026-02-17 02:29:37.267921,519
2026-02-17 02:29:37.275870,512
2026-02-17 02:29:37.283932,506
2026-02-17 02:29:37.291811,509
2026-02-17 02:29:37.299840,495
2026-02-17 02:29:37.307936,521
2026-02-17 02:29:37.315858,514
2026-02-17 02:29:37.323861,514
2026-02-17 02:29:37.331895,520
2026-02-17 02:29:37.339912,506
2026-02-17 02:29:37.347935,511
2026-02-17 02:29:37.355881,518
2026-02-17 02:29:37.363851,519
2026-02-17 02:29:37.371842,519
2026-02-17 02:29:37.379849,508
2026-02-17 02:29:37.387843,506
2026-02-17 02:29:37.395865,519
2026-02-17 02:29:37.403845,511
2026-02-17 02:29:37.411841,521
2026-02-17 02:29:37.419819,510
2026-02-17 02:29:37.428182,516
2026-02-17 02:29:37.435765,505
2026-02-17 02:29:37.443775,521
2026-02-17 02:29:37.451791,522
2026-02-17 02:29:37.459803,509
2026-02-17 02:29:37.467807,526
2026-02-17 02:29:37.475831,504
2026-02-17 02:29:37.483812,504
2026-02-17 02:29:37.491848,522
2026-02-17 02:29:37.499911,513
2026-02-17 02:29:37.507815,524
2026-02-17 02:29:37.515819,518
2026-02-17 02:29:37.523868,512
2026-02-17 02:29:37.531882,496
2026-02-17 02:29:37.539855,505
2026-02-17 02:29:37.547861,513
2026-02-17 02:29:37.555858,521
2026-02-17 02:29:37.563879,509
2026-02-17 02:29:37.571837,511
2026-02-17 02:29:37.579822,499
2026-02-17 02:29:37.587814,507
2026-02-17 02:29:37.595883,512
2026-02-17 02:29:37.603890,519
2026-02-17 02:29:37.611847,526
2026-02-17 02:29:37.619881,506
2026-02-17 02:29:37.627901,510
2026-02-17 02:29:37.635844,515
2026-02-17 02:29:37.643838,512
2026-02-17 02:29:37.651890,509
2026-02-17 02:29:37.659847,505
2026-02-17 02:29:37.667869,502
2026-02-17 02:29:37.675864,506
2026-02-17 02:29:37.683878,513
2026-02-17 02:29:37.691903,515
2026-02-17 02:29:37.699894,512
2026-02-17 02:29:37.707840,520
2026-02-17 02:29:37.715828,516
2026-02-17 02:29:37.724370,504
2026-02-17 02:29:37.731917,513
2026-02-17 02:29:37.739909,516
2026-02-17 02:29:37.747849,526
2026-02-17 02:29:37.755841,518
2026-02-17 02:29:37.763842,514
2026-02-17 02:29:37.771829,516
2026-02-17 02:29:37.779878,501
2026-02-17 02:29:37.787791,515
2026-02-17 02:29:37.795804,514
2026-02-17 02:29:37.803772,513
2026-02-17 02:29:37.811773,519
2026-02-17 02:29:37.819831,497
2026-02-17 02:29:37.827764,497
2026-02-17 02:29:37.835787,502
2026-02-17 02:29:37.843785,495
2026-02-17 02:29:37.851903,517
2026-02-17 02:29:37.859747,509
2026-02-17 02:29:37.867836,514
2026-02-17 02:29:37.875767,506
2026-02-17 02:29:37.883768,519
2026-02-17 02:29:37.891767,516
2026-02-17 02:29:37.899765,510
2026-02-17 02:29:37.907761,512
2026-02-17 02:29:37.915762,516
2026-02-17 02:29:37.923764,516
2026-02-17 02:29:37.931812,528
2026-02-17 02:29:37.939763,521
2026-02-17 02:29:37.947777,520
2026-02-17 02:29:37.955769,514
2026-02-17 02:29:37.963801,517
2026-02-17 02:29:37.971760,521
2026-02-17 02:29:37.979774,503
2026-02-17 02:29:37.987766,509
2026-02-17 02:29:37.995790,511
2026-02-17 02:29:38.003769,511
2026-02-17 02:29:38.011753,512
2026-02-17 02:29:38.019922,511
2026-02-17 02:29:38.027887,512
2026-02-17 02:29:38.035812,509
2026-02-17 02:29:38.043860,499
2026-02-17 02:29:38.051887,510
2026-02-17 02:29:38.059871,508
2026-02-17 02:29:38.067853,515
2026-02-17 02:29:38.075870,514
2026-02-17 02:29:38.083852,503
2026-02-17 02:29:38.091827,505
2026-02-17 02:29:38.099831,507
2026-02-17 02:29:38.107776,503
2026-02-17 02:29:38.115776,511
2026-02-17 02:29:38.123984,513
2026-02-17 02:29:38.131863,518
2026-02-17 02:29:38.139853,516
2026-02-17 02:29:38.147837,522
2026-02-17 02:29:38.155835,518
2026-02-17 02:29:38.163834,514
2026-02-17 02:29:38.171802,506
2026-02-17 02:29:38.179786,510
2026-02-17 02:29:38.187910,519
2026-02-17 02:29:38.195808,524
2026-02-17 02:29:38.203803,517
2026-02-17 02:29:38.211824,513
2026-02-17 02:29:38.219777,492
2026-02-17 02:29:38.227770,515
2026-02-17 02:29:38.235785,510
2026-02-17 02:29:38.243838,508
2026-02-17 02:29:38.251770,516
2026-02-17 02:29:38.259764,498
2026-02-17 02:29:38.267771,508
2026-02-17 02:29:38.275758,504
2026-02-17 02:29:38.283786,514
2026-02-17 02:29:38.291768,511
2026-02-17 02:29:38.299731,508
2026-02-17 02:29:38.307796,512
2026-02-17 02:29:38.315726,517
2026-02-17 02:29:38.323746,518
2026-02-17 02:29:38.332242,523
2026-02-17 02:29:38.339847,510
2026-02-17 02:29:38.347795,516
2026-02-17 02:29:38.355841,516
2026-02-17 02:29:38.363769,508
2026-02-17 02:29:38.371825,520
2026-02-17 02:29:38.379793,516
2026-02-17 02:29:38.387731,517
2026-02-17 02:29:38.395747,511
2026-02-17 02:29:38.403786,512
2026-02-17 02:29:38.411816,521
2026-02-17 02:29:38.419802,507
2026-02-17 02:29:38.427773,516
2026-02-17 02:29:38.435827,510
2026-02-17 02:29:38.443794,508
2026-02-17 02:29:38.451775,506
2026-02-17 02:29:38.459808,507
2026-02-17 02:29:38.467768,513
2026-02-17 02:29:38.475758,508
2026-02-17 02:29:38.483772,511
2026-02-17 02:29:38.491773,515
2026-02-17 02:29:38.499769,501
2026-02-17 02:29:38.507766,511
2026-02-17 02:29:38.515724,507
2026-02-17 02:29:38.523743,513
2026-02-17 02:29:38.531772,522
2026-02-17 02:29:38.539825,515
2026-02-17 02:29:38.547767,519
2026-02-17 02:29:38.555778,517
2026-02-17 02:29:38.563775,515
2026-02-17 02:29:38.571770,513
2026-02-17 02:29:38.579779,511
2026-02-17 02:29:38.587728,519
2026-02-17 02:29:38.595716,512
2026-02-17 02:29:38.603787,514
2026-02-17 02:29:38.611773,520
2026-02-17 02:29:38.619772,504
2026-02-17 02:29:38.627771,496
2026-02-17 02:29:38.635800,502
2026-02-17 02:29:38.643780,497
2026-02-17 02:29:38.651784,516
2026-02-17 02:29:38.659872,507
2026-02-17 02:29:38.667830,519
2026-02-17 02:29:38.675773,515
2026-02-17 02:29:38.683819,508
2026-02-17 02:29:38.691849,508
2026-02-17 02:29:38.699838,507
2026-02-17 02:29:38.707843,519
2026-02-17 02:29:38.715765,516
2026-02-17 02:29:38.723794,503
2026-02-17 02:29:38.731811,509
2026-02-17 02:29:38.739774,511
2026-02-17 02:29:38.747781,511
2026-02-17 02:29:38.755775,517
2026-02-17 02:29:38.763773,511
2026-02-17 02:29:38.771777,516
2026-02-17 02:29:38.779776,515
2026-02-17 02:29:38.787779,516
2026-02-17 02:29:38.795789,522
2026-02-17 02:29:38.803792,513
2026-02-17 02:29:38.811822,516
2026-02-17 02:29:38.819793,512
2026-02-17 02:29:38.827725,511
2026-02-17 02:29:38.835792,507
2026-02-17 02:29:38.843772,509
2026-02-17 02:29:38.851809,512
2026-02-17 02:29:38.859721,513
2026-02-17 02:29:38.867728,523
2026-02-17 02:29:38.875753,508
2026-02-17 02:29:38.883792,511
2026-02-17 02:29:38.891786,514
2026-02-17 02:29:38.899774,512
2026-02-17 02:29:38.907855,509
2026-02-17 02:29:38.915789,513
2026-02-17 02:29:38.923781,516
2026-02-17 02:29:38.931784,521
2026-02-17 02:29:38.939774,513
2026-02-17 02:29:38.947795,515
2026-02-17 02:29:38.955775,512
2026-02-17 02:29:38.963780,508
2026-02-17 02:29:38.971813,507
2026-02-17 02:29:38.979771,513
2026-02-17 02:29:38.987776,526
2026-02-17 02:29:38.995773,512
2026-02-17 02:29:39.003772,516
2026-02-17 02:29:39.011806,508
2026-02-17 02:29:39.019864,503
2026-02-17 02:29:39.027834,507
2026-02-17 02:29:39.035735,511
2026-02-17 02:29:39.043925,516
2026-02-17 02:29:39.051922,519
2026-02-17 02:29:39.059870,517
2026-02-17 02:29:39.067823,502
2026-02-17 02:29:39.075838,513
2026-02-17 02:29:39.083746,511
2026-02-17 02:29:39.091771,517
2026-02-17 02:29:39.099767,507
2026-02-17 02:29:39.107742,507
2026-02-17 02:29:39.115789,517
2026-02-17 02:29:39.123768,512
2026-02-17 02:29:39.131776,510
2026-02-17 02:29:39.139772,504
2026-02-17 02:29:39.147789,517
2026-02-17 02:29:39.155940,514
2026-02-17 02:29:39.163816,506
2026-02-17 02:29:39.171830,520
2026-02-17 02:29:39.179775,507
2026-02-17 02:29:39.187883,508
2026-02-17 02:29:39.195832,519
2026-02-17 02:29:39.203825,512
2026-02-17 02:29:39.211814,507
2026-02-17 02:29:39.220073,515
2026-02-17 02:29:39.227873,513
2026-02-17 02:29:39.235841,505
2026-02-17 02:29:39.243866,515
2026-02-17 02:29:39.251904,516
2026-02-17 02:29:39.259782,519
2026-02-17 02:29:39.267805,516
2026-02-17 02:29:39.275817,516
2026-02-17 02:29:39.283791,507
2026-02-17 02:29:39.291785,519
2026-02-17 02:29:39.299779,501
2026-02-17 02:29:39.307880,520
2026-02-17 02:29:39.315911,503
2026-02-17 02:29:39.323862,505
2026-02-17 02:29:39.331882,515
2026-02-17 02:29:39.339815,510
2026-02-17 02:29:39.347786,507
2026-02-17 02:29:39.355847,513
2026-02-17 02:29:39.363768,522
2026-02-17 02:29:39.371859,520
2026-02-17 02:29:39.379787,515
2026-02-17 02:29:39.387795,508
2026-02-17 02:29:39.395802,506
2026-02-17 02:29:39.403785,509
2026-02-17 02:29:39.411783,514
2026-02-17 02:29:39.419765,498
2026-02-17 02:29:39.427779,506
2026-02-17 02:29:39.435769,502
2026-02-17 02:29:39.443820,505
2026-02-17 02:29:39.451815,500
2026-02-17 02:29:39.459784,513
2026-02-17 02:29:39.467784,519
2026-02-17 02:29:39.475775,515
2026-02-17 02:29:39.483776,519
2026-02-17 02:29:39.491780,523
2026-02-17 02:29:39.499787,509
2026-02-17 02:29:39.507830,521
2026-02-17 02:29:39.515803,517
2026-02-17 02:29:39.523855,517
2026-02-17 02:29:39.531836,520
2026-02-17 02:29:39.539794,514
2026-02-17 02:29:39.547770,512
2026-02-17 02:29:39.555769,510
2026-02-17 02:29:39.563793,515
2026-02-17 02:29:39.571784,509
2026-02-17 02:29:39.579797,514
2026-02-17 02:29:39.587749,516
2026-02-17 02:29:39.595794,513
2026-02-17 02:29:39.603793,515
2026-02-17 02:29:39.611778,511
2026-02-17 02:29:39.619776,515
2026-02-17 02:29:39.627769,514
2026-02-17 02:29:39.635781,506
2026-02-17 02:29:39.643817,499
2026-02-17 02:29:39.651830,511
2026-02-17 02:29:39.659895,507
2026-02-17 02:29:39.667851,511
2026-02-17 02:29:39.675826,496
2026-02-17 02:29:39.683785,505
2026-02-17 02:29:39.691855,517
2026-02-17 02:29:39.699782,510
2026-02-17 02:29:39.707833,517
2026-02-17 02:29:39.715778,512
2026-02-17 02:29:39.723779,511
2026-02-17 02:29:39.731779,510
2026-02-17 02:29:39.739780,516
2026-02-17 02:29:39.747782,520
2026-02-17 02:29:39.755787,518
2026-02-17 02:29:39.763795,519
2026-02-17 02:29:39.771784,513
2026-02-17 02:29:39.779777,512
2026-02-17 02:29:39.787781,514
2026-02-17 02:29:39.795784,515
2026-02-17 02:29:39.803780,518
2026-02-17 02:29:39.811777,522
2026-02-17 02:29:39.819850,520
2026-02-17 02:29:39.827770,512
2026-02-17 02:29:39.835782,515
2026-02-17 02:29:39.843804,514
2026-02-17 02:29:39.851913,514
2026-02-17 02:29:39.859857,514
2026-02-17 02:29:39.867767,523
2026-02-17 02:29:39.875783,507
2026-02-17 02:29:39.883809,508
2026-02-17 02:29:39.891825,520
2026-02-17 02:29:39.899779,506
2026-02-17 02:29:39.907776,516
2026-02-17 02:29:39.915807,508
2026-02-17 02:29:39.923779,508
2026-02-17 02:29:39.931780,508
2026-02-17 02:29:39.939786,499
2026-02-17 02:29:39.947778,498
2026-02-17 02:29:39.955778,503
2026-02-17 02:29:39.963799,505
2026-02-17 02:29:39.971793,513
2026-02-17 02:29:39.979784,506
2026-02-17 02:29:39.987821,514
2026-02-17 02:29:39.995778,514
2026-02-17 02:29:40.003787,508
2026-02-17 02:29:40.011857,502
2026-02-17 02:29:40.019881,510
2026-02-17 02:29:40.027814,516
2026-02-17 02:29:40.035892,515
2026-02-17 02:29:40.043829,512
2026-02-17 02:29:40.051885,517
2026-02-17 02:29:40.059876,512
2026-02-17 02:29:40.067837,513
2026-02-17 02:29:40.075779,509
2026-02-17 02:29:40.083768,511
2026-02-17 02:29:40.091822,520
2026-02-17 02:29:40.099831,513
2026-02-17 02:29:40.107786,519
2026-02-17 02:29:40.115821,517
2026-02-17 02:29:40.123768,508
2026-02-17 02:29:40.131771,514
2026-02-17 02:29:40.139780,517
2026-02-17 02:29:40.147798,520
2026-02-17 02:29:40.155920,507
2026-02-17 02:29:40.163811,510
2026-02-17 02:29:40.171819,510
2026-02-17 02:29:40.179784,503
2026-02-17 02:29:40.187909,502
2026-02-17 02:29:40.195848,511
2026-02-17 02:29:40.203787,509
2026-02-17 02:29:40.211791,509
2026-02-17 02:29:40.219862,511
2026-02-17 02:29:40.227867,517
2026-02-17 02:29:40.235785,514
2026-02-17 02:29:40.243842,513
2026-02-17 02:29:40.251782,523
2026-02-17 02:29:40.259803,506
2026-02-17 02:29:40.267765,498
2026-02-17 02:29:40.275792,500
2026-02-17 02:29:40.283758,503
2026-02-17 02:29:40.291745,513
2026-02-17 02:29:40.299801,506
2026-02-17 02:29:40.307739,516
2026-02-17 02:29:40.315724,515
2026-02-17 02:29:40.323716,519
2026-02-17 02:29:40.331724,516
2026-02-17 02:29:40.339725,516
2026-02-17 02:29:40.347776,514
2026-02-17 02:29:40.355765,515
2026-02-17 02:29:40.363782,522
2026-02-17 02:29:40.371761,517
2026-02-17 02:29:40.379753,510
2026-02-17 02:29:40.387751,506
2026-02-17 02:29:40.395760,508
2026-02-17 02:29:40.403797,511
2026-02-17 02:29:40.411837,516
2026-02-17 02:29:40.419746,506
2026-02-17 02:29:40.427825,517
2026-02-17 02:29:40.435775,520
2026-02-17 02:29:40.443811,504
2026-02-17 02:29:40.451802,509
2026-02-17 02:29:40.459805,509
2026-02-17 02:29:40.467788,515
2026-02-17 02:29:40.475800,508
2026-02-17 02:29:40.483784,508
2026-02-17 02:29:40.491788,516
2026-02-17 02:29:40.499950,506
2026-02-17 02:29:40.507871,514
2026-02-17 02:29:40.515748,518
2026-02-17 02:29:40.523821,512
2026-02-17 02:29:40.531746,512
2026-02-17 02:29:40.539846,510
2026-02-17 02:29:40.547828,510
2026-02-17 02:29:40.555832,504
2026-02-17 02:29:40.563776,513
2026-02-17 02:29:40.571792,517
2026-02-17 02:29:40.579794,511
2026-02-17 02:29:40.587749,518
2026-02-17 02:29:40.595823,511
2026-02-17 02:29:40.603839,506
2026-02-17 02:29:40.611820,514
2026-02-17 02:29:40.619782,510
2026-02-17 02:29:40.627777,526
2026-02-17 02:29:40.635799,517
2026-02-17 02:29:40.643810,516
2026-02-17 02:29:40.651794,510
2026-02-17 02:29:40.659886,502
2026-02-17 02:29:40.667838,521
2026-02-17 02:29:40.675772,514
2026-02-17 02:29:40.683839,513
2026-02-17 02:29:40.691869,514
2026-02-17 02:29:40.699783,514
2026-02-17 02:29:40.707795,520
2026-02-17 02:29:40.715821,512
2026-02-17 02:29:40.723835,519
2026-02-17 02:29:40.731833,527
2026-02-17 02:29:40.739840,526
2026-02-17 02:29:40.747852,526
2026-02-17 02:29:40.755842,505
2026-02-17 02:29:40.763779,513
2026-02-17 02:29:40.771797,515
2026-02-17 02:29:40.779824,512
2026-02-17 02:29:40.787802,509
2026-02-17 02:29:40.795788,517
2026-02-17 02:29:40.803826,513
2026-02-17 02:29:40.811790,511
2026-02-17 02:29:40.819789,516
2026-02-17 02:29:40.827830,524
2026-02-17 02:29:40.835788,513
2026-02-17 02:29:40.843785,507
2026-02-17 02:29:40.851842,511
2026-02-17 02:29:40.859783,514
2026-02-17 02:29:40.867800,520
2026-02-17 02:29:40.875732,506
2026-02-17 02:29:40.883837,517
2026-02-17 02:29:40.891825,514
2026-02-17 02:29:40.899809,514
2026-02-17 02:29:40.907799,526
2026-02-17 02:29:40.915776,512
2026-02-17 02:29:40.923779,515
2026-02-17 02:29:40.931915,516
2026-02-17 02:29:40.939851,499
2026-02-17 02:29:40.947852,508
2026-02-17 02:29:40.955824,507
2026-02-17 02:29:40.963775,507
2026-02-17 02:29:40.971776,510
2026-02-17 02:29:40.979786,508
2026-02-17 02:29:40.987799,510
2026-02-17 02:29:40.995784,505
2026-02-17 02:29:41.003799,509
2026-02-17 02:29:41.011817,518
2026-02-17 02:29:41.019891,510
2026-02-17 02:29:41.027830,513
2026-02-17 02:29:41.035801,509
2026-02-17 02:29:41.043926,509
2026-02-17 02:29:41.051901,520
2026-02-17 02:29:41.059930,516
2026-02-17 02:29:41.067885,523
2026-02-17 02:29:41.075822,516
2026-02-17 02:29:41.083838,517
2026-02-17 02:29:41.091886,507
2026-02-17 02:29:41.099783,504
2026-02-17 02:29:41.107820,514
2026-02-17 02:29:41.115794,515
2026-02-17 02:29:41.123790,508
2026-02-17 02:29:41.131801,500
2026-02-17 02:29:41.139798,505
2026-02-17 02:29:41.147787,510
2026-02-17 02:29:41.155912,509
2026-02-17 02:29:41.163847,519
2026-02-17 02:29:41.171820,511
2026-02-17 02:29:41.179832,515
2026-02-17 02:29:41.187875,514
2026-02-17 02:29:41.195848,509
2026-02-17 02:29:41.203842,510
2026-02-17 02:29:41.211780,508
2026-02-17 02:29:41.219792,505
2026-02-17 02:29:41.227792,526
2026-02-17 02:29:41.235783,507
2026-02-17 02:29:41.243800,508
2026-02-17 02:29:41.251809,509
2026-02-17 02:29:41.259787,512
2026-02-17 02:29:41.267788,518
2026-02-17 02:29:41.275786,509
2026-02-17 02:29:41.283794,514
2026-02-17 02:29:41.291840,517
2026-02-17 02:29:41.299780,511
2026-02-17 02:29:41.307786,512
2026-02-17 02:29:41.315783,512
2026-02-17 02:29:41.323789,500
2026-02-17 02:29:41.331852,507
2026-02-17 02:29:41.339833,501
2026-02-17 02:29:41.347770,506
2026-02-17 02:29:41.355740,508
2026-02-17 02:29:41.363839,512
2026-02-17 02:29:41.371793,514
2026-02-17 02:29:41.379819,513
2026-02-17 02:29:41.387795,513
2026-02-17 02:29:41.395851,507
2026-02-17 02:29:41.403791,512
2026-02-17 02:29:41.411789,515
2026-02-17 02:29:41.419799,513
2026-02-17 02:29:41.427832,512
2026-02-17 02:29:41.435787,520
2026-02-17 02:29:41.443841,521
2026-02-17 02:29:41.451812,525
2026-02-17 02:29:41.459789,522
2026-02-17 02:29:41.467792,519
2026-02-17 02:29:41.475786,512
2026-02-17 02:29:41.483804,509
2026-02-17 02:29:41.491795,517
2026-02-17 02:29:41.499785,516
2026-02-17 02:29:41.507790,523
2026-02-17 02:29:41.515754,512
2026-02-17 02:29:41.523745,523
2026-02-17 02:29:41.531787,507
2026-02-17 02:29:41.539834,514
2026-02-17 02:29:41.547789,523
2026-02-17 02:29:41.555801,513
2026-02-17 02:29:41.563793,516
2026-02-17 02:29:41.571824,527
2026-02-17 02:29:41.579777,517
2026-02-17 02:29:41.587759,519
2026-02-17 02:29:41.595806,511
2026-02-17 02:29:41.603807,517
2026-02-17 02:29:41.611806,518
2026-02-17 02:29:41.619798,505
2026-02-17 02:29:41.627802,520
2026-02-17 02:29:41.635830,510
2026-02-17 02:29:41.643845,523
2026-02-17 02:29:41.651949,515
2026-02-17 02:29:41.659933,500
2026-02-17 02:29:41.667861,519
2026-02-17 02:29:41.675838,519
2026-02-17 02:29:41.683828,517
2026-02-17 02:29:41.691887,518
2026-02-17 02:29:41.699840,508
2026-02-17 02:29:41.707803,511
2026-02-17 02:29:41.715786,496
2026-02-17 02:29:41.723802,512
2026-02-17 02:29:41.731793,520
2026-02-17 02:29:41.739835,513
2026-02-17 02:29:41.747797,524
2026-02-17 02:29:41.755798,510
2026-02-17 02:29:41.763788,502
2026-02-17 02:29:41.771792,521
2026-02-17 02:29:41.779779,511
2026-02-17 02:29:41.787817,508
2026-02-17 02:29:41.795795,501
2026-02-17 02:29:41.803794,502
2026-02-17 02:29:41.811799,511
2026-02-17 02:29:41.819798,502
2026-02-17 02:29:41.827795,517
2026-02-17 02:29:41.835800,515
2026-02-17 02:29:41.843790,501
2026-02-17 02:29:41.851924,499
2026-02-17 02:29:41.859823,518
2026-02-17 02:29:41.867871,518
2026-02-17 02:29:41.875745,505
2026-02-17 02:29:41.883867,513
2026-02-17 02:29:41.891794,510
2026-02-17 02:29:41.899861,505
2026-02-17 02:29:41.907790,526
2026-02-17 02:29:41.915804,517
2026-02-17 02:29:41.923882,512
2026-02-17 02:29:41.931927,503
2026-02-17 02:29:41.939866,499
2026-02-17 02:29:41.947828,512
2026-02-17 02:29:41.955816,517
2026-02-17 02:29:41.963844,520
2026-02-17 02:29:41.971805,517
2026-02-17 02:29:41.979802,515
2026-02-17 02:29:41.987792,514
2026-02-17 02:29:41.995822,516
2026-02-17 02:29:42.003807,515
2026-02-17 02:29:42.011761,514
2026-02-17 02:29:42.019914,512
2026-02-17 02:29:42.027874,514
2026-02-17 02:29:42.035790,502
2026-02-17 02:29:42.043777,508
2026-02-17 02:29:42.051957,509
2026-02-17 02:29:42.059917,502
2026-02-17 02:29:42.067912,506
2026-02-17 02:29:42.075882,508
2026-02-17 02:29:42.083841,527
2026-02-17 02:29:42.091888,508
2026-02-17 02:29:42.099770,505
2026-02-17 02:29:42.107808,508
2026-02-17 02:29:42.115756,515
2026-02-17 02:29:42.123794,517
2026-02-17 02:29:42.131782,511
2026-02-17 02:29:42.139798,505
2026-02-17 02:29:42.147796,508
2026-02-17 02:29:42.155937,507
2026-02-17 02:29:42.163889,513
2026-02-17 02:29:42.171861,524
2026-02-17 02:29:42.179820,511
2026-02-17 02:29:42.187883,520
2026-02-17 02:29:42.195824,515
2026-02-17 02:29:42.203802,517
2026-02-17 02:29:42.211856,513
2026-02-17 02:29:42.219958,503
2026-02-17 02:29:42.227817,508
2026-02-17 02:29:42.235843,509
2026-02-17 02:29:42.243819,520
2026-02-17 02:29:42.251813,516
2026-02-17 02:29:42.259816,509
2026-02-17 02:29:42.267797,517
2026-02-17 02:29:42.275801,507
2026-02-17 02:29:42.283811,512
2026-02-17 02:29:42.291815,512
2026-02-17 02:29:42.299766,511
2026-02-17 02:29:42.307844,517
2026-02-17 02:29:42.315856,514
2026-02-17 02:29:42.323821,522
2026-02-17 02:29:42.331883,516
2026-02-17 02:29:42.339886,520
2026-02-17 02:29:42.347816,523
2026-02-17 02:29:42.355816,509
2026-02-17 02:29:42.363871,507
2026-02-17 02:29:42.371801,517
2026-02-17 02:29:42.379795,505
2026-02-17 02:29:42.387809,522
2026-02-17 02:29:42.395818,510
2026-02-17 02:29:42.403813,519
2026-02-17 02:29:42.411778,506
2026-02-17 02:29:42.419772,506
2026-02-17 02:29:42.427876,516
2026-02-17 02:29:42.435861,505
2026-02-17 02:29:42.443794,516
2026-02-17 02:29:42.451871,507
2026-02-17 02:29:42.459789,508
2026-02-17 02:29:42.467798,520
2026-02-17 02:29:42.475796,513
2026-02-17 02:29:42.483787,511
2026-02-17 02:29:42.491792,511
2026-02-17 02:29:42.499799,501
2026-02-17 02:29:42.507830,516
2026-02-17 02:29:42.515758,510
2026-02-17 02:29:42.523845,513
2026-02-17 02:29:42.531800,513
2026-02-17 02:29:42.539914,511
2026-02-17 02:29:42.547868,515
2026-02-17 02:29:42.555809,513
2026-02-17 02:29:42.563741,511
2026-02-17 02:29:42.571827,508
2026-02-17 02:29:42.579862,506
2026-02-17 02:29:42.587755,515
2026-02-17 02:29:42.595835,519
2026-02-17 02:29:42.603797,513
2026-02-17 02:29:42.611795,511
2026-02-17 02:29:42.619828,509
2026-02-17 02:29:42.627798,520
2026-02-17 02:29:42.635803,503
2026-02-17 02:29:42.643802,516
2026-02-17 02:29:42.651811,516
2026-02-17 02:29:42.659858,519
2026-02-17 02:29:42.667811,518
2026-02-17 02:29:42.675857,507
2026-02-17 02:29:42.683805,512
2026-02-17 02:29:42.691888,508
2026-02-17 02:29:42.699852,518
2026-02-17 02:29:42.707798,514
2026-02-17 02:29:42.715792,502
2026-02-17 02:29:42.723792,520
2026-02-17 02:29:42.731811,507
2026-02-17 02:29:42.739832,505
2026-02-17 02:29:42.747791,518
2026-02-17 02:29:42.755833,513
2026-02-17 02:29:42.763786,509
2026-02-17 02:29:42.771797,507
2026-02-17 02:29:42.779804,516
2026-02-17 02:29:42.787791,512
2026-02-17 02:29:42.795806,510
2026-02-17 02:29:42.803797,509
2026-02-17 02:29:42.811787,510
2026-02-17 02:29:42.819800,515
2026-02-17 02:29:42.827902,519
2026-02-17 02:29:42.835809,510
2026-02-17 02:29:42.843826,517
2026-02-17 02:29:42.851991,509
2026-02-17 02:29:42.859810,505
2026-02-17 02:29:42.867836,511
2026-02-17 02:29:42.875932,501
2026-02-17 02:29:42.883961,504
2026-02-17 02:29:42.891851,510
2026-02-17 02:29:42.899792,509
2026-02-17 02:29:42.907832,509
2026-02-17 02:29:42.915830,504
2026-02-17 02:29:42.923800,513
2026-02-17 02:29:42.931807,501
2026-02-17 02:29:42.939804,492
2026-02-17 02:29:42.947795,509
2026-02-17 02:29:42.955803,507
2026-02-17 02:29:42.963797,503
2026-02-17 02:29:42.971841,508
2026-02-17 02:29:42.979817,507
2026-02-17 02:29:42.987798,516
2026-02-17 02:29:42.995796,503
2026-02-17 02:29:43.003793,507
2026-02-17 02:29:43.011851,512
2026-02-17 02:29:43.019911,516
2026-02-17 02:29:43.027838,519
2026-02-17 02:29:43.035839,516
2026-02-17 02:29:43.043805,516
2026-02-17 02:29:43.051824,525
2026-02-17 02:29:43.059836,512
2026-02-17 02:29:43.067872,515
2026-02-17 02:29:43.075824,512
2026-02-17 02:29:43.083850,523
2026-02-17 02:29:43.091811,509
2026-02-17 02:29:43.099751,514
2026-02-17 02:29:43.107795,524
2026-02-17 02:29:43.115896,510
2026-02-17 02:29:43.123854,519
2026-02-17 02:29:43.131866,519
2026-02-17 02:29:43.139909,499
2026-02-17 02:29:43.147841,511
2026-02-17 02:29:43.155961,518
2026-02-17 02:29:43.163864,513
2026-02-17 02:29:43.171892,514
2026-02-17 02:29:43.179820,512
2026-02-17 02:29:43.187893,519
2026-02-17 02:29:43.195878,502
2026-02-17 02:29:43.203832,507
2026-02-17 02:29:43.211805,516
2026-02-17 02:29:43.219793,513
2026-02-17 02:29:43.227846,514
2026-02-17 02:29:43.235809,518
2026-02-17 02:29:43.243815,517
2026-02-17 02:29:43.251806,514
2026-02-17 02:29:43.259860,504
2026-02-17 02:29:43.267795,512
2026-02-17 02:29:43.275803,520
2026-02-17 02:29:43.283823,523
2026-02-17 02:29:43.291828,509
2026-02-17 02:29:43.299824,514
2026-02-17 02:29:43.307805,514
2026-02-17 02:29:43.315786,510
2026-02-17 02:29:43.323804,508
2026-02-17 02:29:43.331818,514
2026-02-17 02:29:43.339801,513
2026-02-17 02:29:43.347803,517
2026-02-17 02:29:43.355848,518
2026-02-17 02:29:43.363804,512
2026-02-17 02:29:43.371799,504
2026-02-17 02:29:43.379772,504
2026-02-17 02:29:43.387755,520
2026-02-17 02:29:43.395798,516
2026-02-17 02:29:43.403821,520
2026-02-17 02:29:43.411854,516
2026-02-17 02:29:43.419793,510
2026-02-17 02:29:43.427818,518
2026-02-17 02:29:43.435829,500
2026-02-17 02:29:43.443803,520
2026-02-17 02:29:43.451806,518
2026-02-17 02:29:43.459804,513
2026-02-17 02:29:43.467792,520
2026-02-17 02:29:43.475794,515
2026-02-17 02:29:43.483791,511
2026-02-17 02:29:43.491803,516
2026-02-17 02:29:43.499801,507
2026-02-17 02:29:43.507813,516
2026-02-17 02:29:43.515743,520
2026-02-17 02:29:43.523798,514
2026-02-17 02:29:43.531764,510
2026-02-17 02:29:43.539766,511
2026-02-17 02:29:43.547801,518
2026-02-17 02:29:43.555830,509
2026-02-17 02:29:43.563807,511
2026-02-17 02:29:43.571804,500
2026-02-17 02:29:43.579801,492
2026-02-17 02:29:43.587765,492
2026-02-17 02:29:43.595820,476
2026-02-17 02:29:43.603813,495
2026-02-17 02:29:43.611822,483
2026-02-17 02:29:43.619820,479
2026-02-17 02:29:43.627856,498
2026-02-17 02:29:43.635891,505
2026-02-17 02:29:43.643754,504
2026-02-17 02:29:43.651753,512
2026-02-17 02:29:43.659924,500
2026-02-17 02:29:43.667760,515
2026-02-17 02:29:43.675823,502
2026-02-17 02:29:43.683748,514
2026-02-17 02:29:43.691816,518
2026-02-17 02:29:43.699850,514
2026-02-17 02:29:43.707876,515
2026-02-17 02:29:43.715846,514
2026-02-17 02:29:43.723819,508
2026-02-17 02:29:43.731814,513
2026-02-17 02:29:43.739760,503
2026-02-17 02:29:43.747796,504
2026-02-17 02:29:43.755866,507
2026-02-17 02:29:43.763813,519
2026-02-17 02:29:43.771735,505
2026-02-17 02:29:43.779769,497
2026-02-17 02:29:43.787796,501
2026-02-17 02:29:43.795836,501
2026-02-17 02:29:43.803816,503
2026-02-17 02:29:43.811838,506
2026-02-17 02:29:43.819816,501
2026-02-17 02:29:43.827848,502
2026-02-17 02:29:43.835808,502
2026-02-17 02:29:43.843804,511
2026-02-17 02:29:43.851874,504
2026-02-17 02:29:43.859820,504
2026-02-17 02:29:43.867801,514
2026-02-17 02:29:43.875857,509
2026-02-17 02:29:43.883752,513
2026-02-17 02:29:43.891813,510
2026-02-17 02:29:43.899806,516
2026-02-17 02:29:43.907819,516
2026-02-17 02:29:43.915803,516
2026-02-17 02:29:43.923796,511
2026-02-17 02:29:43.931800,509
2026-02-17 02:29:43.939825,510
2026-02-17 02:29:43.947819,508
2026-02-17 02:29:43.955866,498
2026-02-17 02:29:43.963808,511
2026-02-17 02:29:43.971748,512
2026-02-17 02:29:43.979772,510
2026-02-17 02:29:43.987782,510
2026-02-17 02:29:43.995804,509
2026-02-17 02:29:44.003822,511
2026-02-17 02:29:44.011849,512
2026-02-17 02:29:44.019904,514
2026-02-17 02:29:44.027878,515
2026-02-17 02:29:44.035797,506
2026-02-17 02:29:44.043827,514
2026-02-17 02:29:44.051947,518
2026-02-17 02:29:44.059956,511
2026-02-17 02:29:44.067933,512
2026-02-17 02:29:44.075975,516
2026-02-17 02:29:44.083863,523
2026-02-17 02:29:44.091865,516
2026-02-17 02:29:44.099880,524
2026-02-17 02:29:44.107761,515
2026-02-17 02:29:44.115762,509
2026-02-17 02:29:44.123803,518
2026-02-17 02:29:44.131754,518
2026-02-17 02:29:44.139800,515
2026-02-17 02:29:44.147838,515
2026-02-17 02:29:44.155887,502
2026-02-17 02:29:44.163870,499
2026-02-17 02:29:44.171817,511
2026-02-17 02:29:44.179814,511
2026-02-17 02:29:44.187851,516
2026-02-17 02:29:44.195867,507
2026-02-17 02:29:44.203818,514
2026-02-17 02:29:44.211810,501
2026-02-17 02:29:44.219858,505
2026-02-17 02:29:44.227812,517
2026-02-17 02:29:44.235807,508
2026-02-17 02:29:44.243811,510
2026-02-17 02:29:44.251817,515
2026-02-17 02:29:44.259837,509
2026-02-17 02:29:44.267820,516
2026-02-17 02:29:44.275873,510
2026-02-17 02:29:44.283809,519
2026-02-17 02:29:44.291825,514
2026-02-17 02:29:44.299809,520
2026-02-17 02:29:44.307808,516
2026-02-17 02:29:44.315804,503
2026-02-17 02:29:44.323813,507
2026-02-17 02:29:44.331826,520
2026-02-17 02:29:44.339815,515
2026-02-17 02:29:44.347815,519
2026-02-17 02:29:44.355828,509
2026-02-17 02:29:44.363789,513
2026-02-17 02:29:44.371808,506
2026-02-17 02:29:44.379808,512
2026-02-17 02:29:44.387803,529
2026-02-17 02:29:44.395791,522
2026-02-17 02:29:44.403861,511
2026-02-17 02:29:44.411815,512
2026-02-17 02:29:44.419829,510
2026-02-17 02:29:44.427824,523
2026-02-17 02:29:44.435833,521
2026-02-17 02:29:44.443813,519
2026-02-17 02:29:44.451822,519
2026-02-17 02:29:44.459822,509
2026-02-17 02:29:44.467818,501
2026-02-17 02:29:44.475796,507
2026-02-17 02:29:44.483806,514
2026-02-17 02:29:44.491799,508
2026-02-17 02:29:44.499872,514
2026-02-17 02:29:44.507814,510
2026-02-17 02:29:44.515864,513
2026-02-17 02:29:44.523844,519
2026-02-17 02:29:44.531892,509
2026-02-17 02:29:44.539830,504
2026-02-17 02:29:44.547829,498
2026-02-17 02:29:44.555817,505
2026-02-17 02:29:44.563835,493
2026-02-17 02:29:44.571806,496
2026-02-17 02:29:44.579867,485
2026-02-17 02:29:44.587763,490
2026-02-17 02:29:44.595890,479
2026-02-17 02:29:44.603881,481
2026-02-17 02:29:44.611810,492
2026-02-17 02:29:44.619833,486
2026-02-17 02:29:44.627831,499
2026-02-17 02:29:44.635833,496
2026-02-17 02:29:44.643850,500
2026-02-17 02:29:44.651886,510
2026-02-17 02:29:44.659999,514
2026-02-17 02:29:44.667856,521
2026-02-17 02:29:44.675839,515
2026-02-17 02:29:44.683822,524
2026-02-17 02:29:44.691866,521
2026-02-17 02:29:44.699860,524
2026-02-17 02:29:44.707820,525
2026-02-17 02:29:44.715813,520
2026-02-17 02:29:44.723816,533
2026-02-17 02:29:44.731806,527
2026-02-17 02:29:44.739819,517
2026-02-17 02:29:44.747813,529
2026-02-17 02:29:44.755808,523
2026-02-17 02:29:44.763814,525
2026-02-17 02:29:44.771804,523
2026-02-17 02:29:44.779814,517
2026-02-17 02:29:44.787808,523
2026-02-17 02:29:44.795813,511
2026-02-17 02:29:44.803828,518
2026-02-17 02:29:44.811815,519
2026-02-17 02:29:44.819813,521
2026-02-17 02:29:44.827815,514
2026-02-17 02:29:44.835854,511
2026-02-17 02:29:44.843809,526
2026-02-17 02:29:44.851873,523
2026-02-17 02:29:44.859927,524
2026-02-17 02:29:44.867846,524
2026-02-17 02:29:44.875921,517
2026-02-17 02:29:44.883919,516
2026-02-17 02:29:44.891844,521
2026-02-17 02:29:44.899925,525
2026-02-17 02:29:44.907912,530
2026-02-17 02:29:44.915883,527
2026-02-17 02:29:44.923818,526
2026-02-17 02:29:44.931861,516
2026-02-17 02:29:44.939857,513
2026-02-17 02:29:44.947819,519
2026-02-17 02:29:44.955823,519
2026-02-17 02:29:44.963817,515
2026-02-17 02:29:44.971811,514
2026-02-17 02:29:44.979828,507
2026-02-17 02:29:44.987845,524
2026-02-17 02:29:44.995790,531
2026-02-17 02:29:45.003812,515
2026-02-17 02:29:45.011881,521
2026-02-17 02:29:45.019923,512
2026-02-17 02:29:45.027844,520
2026-02-17 02:29:45.035861,506
2026-02-17 02:29:45.043854,512
2026-02-17 02:29:45.051923,510
2026-02-17 02:29:45.059888,516
2026-02-17 02:29:45.067853,517
2026-02-17 02:29:45.075865,514
2026-02-17 02:29:45.083829,520
2026-02-17 02:29:45.091820,509
2026-02-17 02:29:45.099871,511
2026-02-17 02:29:45.107802,518
2026-02-17 02:29:45.115882,512
2026-02-17 02:29:45.123840,517
2026-02-17 02:29:45.131857,505
2026-02-17 02:29:45.139823,509
2026-02-17 02:29:45.147813,507
2026-02-17 02:29:45.155882,504
2026-02-17 02:29:45.163996,512
2026-02-17 02:29:45.171926,513
2026-02-17 02:29:45.179896,514
2026-02-17 02:29:45.187872,512
2026-02-17 02:29:45.195846,509
2026-02-17 02:29:45.203813,525
2026-02-17 02:29:45.211823,499
2026-02-17 02:29:45.219815,518
2026-02-17 02:29:45.227812,526
2026-02-17 02:29:45.235814,509
2026-02-17 02:29:45.243905,516
2026-02-17 02:29:45.251887,519
2026-02-17 02:29:45.259852,506
2026-02-17 02:29:45.267808,517
2026-02-17 02:29:45.275824,513
2026-02-17 02:29:45.283785,515
2026-02-17 02:29:45.291788,513
2026-02-17 02:29:45.299804,515
2026-02-17 02:29:45.307792,530
2026-02-17 02:29:45.315808,519
2026-02-17 02:29:45.323808,509
2026-02-17 02:29:45.331804,510
2026-02-17 02:29:45.339790,508
2026-02-17 02:29:45.347797,518
2026-02-17 02:29:45.355800,506
2026-02-17 02:29:45.363831,517
2026-02-17 02:29:45.371798,520
2026-02-17 02:29:45.379800,521
2026-02-17 02:29:45.387802,510
2026-02-17 02:29:45.395800,510
2026-02-17 02:29:45.403804,522
2026-02-17 02:29:45.411776,524
2026-02-17 02:29:45.419855,516
2026-02-17 02:29:45.427786,518
2026-02-17 02:29:45.435819,508
2026-02-17 02:29:45.443893,521
2026-02-17 02:29:45.451788,520
2026-02-17 02:29:45.459830,518
2026-02-17 02:29:45.467919,509
2026-02-17 02:29:45.475872,510
2026-02-17 02:29:45.483839,508
2026-02-17 02:29:45.491840,511
2026-02-17 02:29:45.499822,515
2026-02-17 02:29:45.507956,516
2026-02-17 02:29:45.515962,514
2026-02-17 02:29:45.523910,516
2026-02-17 02:29:45.531868,518
2026-02-17 02:29:45.539819,501
2026-02-17 02:29:45.547836,512
2026-02-17 02:29:45.555815,511
2026-02-17 02:29:45.563816,508
2026-02-17 02:29:45.571826,515
2026-02-17 02:29:45.579819,517
2026-02-17 02:29:45.587773,518
2026-02-17 02:29:45.595829,506
2026-02-17 02:29:45.603786,518
2026-02-17 02:29:45.611822,524
2026-02-17 02:29:45.619810,512
2026-02-17 02:29:45.627819,514
2026-02-17 02:29:45.635832,521
2026-02-17 02:29:45.643821,506
2026-02-17 02:29:45.651819,511
2026-02-17 02:29:45.659884,501
2026-02-17 02:29:45.667879,502
2026-02-17 02:29:45.675872,484
2026-02-17 02:29:45.683816,497
2026-02-17 02:29:45.691886,498
2026-02-17 02:29:45.699849,500
2026-02-17 02:29:45.707848,513
2026-02-17 02:29:45.715816,499
2026-02-17 02:29:45.723819,511
2026-02-17 02:29:45.731815,506
2026-02-17 02:29:45.739817,510
2026-02-17 02:29:45.747816,524
2026-02-17 02:29:45.755818,512
2026-02-17 02:29:45.763811,519
2026-02-17 02:29:45.771806,517
2026-02-17 02:29:45.779816,505
2026-02-17 02:29:45.787818,514
2026-02-17 02:29:45.795916,513
2026-02-17 02:29:45.803879,510
2026-02-17 02:29:45.811854,503
2026-02-17 02:29:45.819827,504
2026-02-17 02:29:45.827825,516
2026-02-17 02:29:45.835820,501
2026-02-17 02:29:45.843829,513
2026-02-17 02:29:45.851937,506
2026-02-17 02:29:45.859828,507
2026-02-17 02:29:45.867923,511
2026-02-17 02:29:45.875834,509
2026-02-17 02:29:45.883842,507
2026-02-17 02:29:45.891793,513
2026-02-17 02:29:45.899841,499
2026-02-17 02:29:45.907815,500
2026-02-17 02:29:45.915829,504
2026-02-17 02:29:45.923783,515
2026-02-17 02:29:45.931769,509
2026-02-17 02:29:45.939821,510
2026-02-17 02:29:45.947820,515
2026-02-17 02:29:45.955870,506
2026-02-17 02:29:45.963807,508
2026-02-17 02:29:45.971798,514
2026-02-17 02:29:45.979833,516
2026-02-17 02:29:45.987858,517
2026-02-17 02:29:45.995817,504
2026-02-17 02:29:46.003873,503
2026-02-17 02:29:46.011819,514
2026-02-17 02:29:46.019882,512
2026-02-17 02:29:46.027868,518
2026-02-17 02:29:46.035866,518
2026-02-17 02:29:46.043825,512
2026-02-17 02:29:46.051856,504
2026-02-17 02:29:46.059856,515
2026-02-17 02:29:46.067835,521
2026-02-17 02:29:46.075813,512
2026-02-17 02:29:46.083819,522
2026-02-17 02:29:46.091905,509
2026-02-17 02:29:46.099866,504
2026-02-17 02:29:46.107817,515
2026-02-17 02:29:46.115855,507
2026-02-17 02:29:46.123841,512
2026-02-17 02:29:46.131809,524
2026-02-17 02:29:46.139839,507
2026-02-17 02:29:46.147770,507
2026-02-17 02:29:46.155835,511
2026-02-17 02:29:46.163771,521
2026-02-17 02:29:46.171787,522
2026-02-17 02:29:46.179916,503
2026-02-17 02:29:46.187830,509
2026-02-17 02:29:46.195825,501
2026-02-17 02:29:46.203827,511
2026-02-17 02:29:46.211875,516
2026-02-17 02:29:46.219835,507
2026-02-17 02:29:46.227821,513
2026-02-17 02:29:46.235825,502
2026-02-17 02:29:46.243869,513
2026-02-17 02:29:46.251760,522
2026-02-17 02:29:46.259825,521
2026-02-17 02:29:46.267840,521
2026-02-17 02:29:46.275830,503
2026-02-17 02:29:46.283810,504
2026-02-17 02:29:46.291867,508
2026-02-17 02:29:46.299815,517
2026-02-17 02:29:46.307852,523
2026-02-17 02:29:46.315820,506
2026-02-17 02:29:46.323819,515
2026-02-17 02:29:46.331822,517
2026-02-17 02:29:46.339818,515
2026-02-17 02:29:46.347818,506
2026-02-17 02:29:46.355827,505
2026-02-17 02:29:46.363809,511
2026-02-17 02:29:46.371815,509
2026-02-17 02:29:46.379820,514
2026-02-17 02:29:46.387821,514
2026-02-17 02:29:46.395809,514
2026-02-17 02:29:46.403822,511
2026-02-17 02:29:46.411835,509
2026-02-17 02:29:46.419824,517
2026-02-17 02:29:46.427825,520
2026-02-17 02:29:46.435779,514
2026-02-17 02:29:46.443888,516
2026-02-17 02:29:46.451817,518
2026-02-17 02:29:46.459843,516
2026-02-17 02:29:46.467890,507
2026-02-17 02:29:46.475871,506
2026-02-17 02:29:46.483861,521
2026-02-17 02:29:46.491837,517
2026-02-17 02:29:46.499819,506
2026-02-17 02:29:46.507825,519
2026-02-17 02:29:46.515774,508
2026-02-17 02:29:46.523773,510
2026-02-17 02:29:46.531775,501
2026-02-17 02:29:46.539813,507
2026-02-17 02:29:46.547821,512
2026-02-17 02:29:46.555832,512
2026-02-17 02:29:46.563817,514
2026-02-17 02:29:46.571843,513
2026-02-17 02:29:46.579880,508
2026-02-17 02:29:46.587787,505
2026-02-17 02:29:46.595861,504
2026-02-17 02:29:46.603838,518
2026-02-17 02:29:46.611845,517
2026-02-17 02:29:46.619868,514
2026-02-17 02:29:46.627837,518
2026-02-17 02:29:46.635824,503
2026-02-17 02:29:46.643803,512
2026-02-17 02:29:46.651825,514
2026-02-17 02:29:46.659943,515
2026-02-17 02:29:46.667907,519
2026-02-17 02:29:46.675880,507
2026-02-17 02:29:46.683896,515
2026-02-17 02:29:46.691981,514
2026-02-17 02:29:46.699880,507
2026-02-17 02:29:46.707819,509
2026-02-17 02:29:46.715768,514
2026-02-17 02:29:46.723858,510
2026-02-17 02:29:46.731850,499
2026-02-17 02:29:46.739826,509
2026-02-17 02:29:46.747823,523
2026-02-17 02:29:46.755831,513
2026-02-17 02:29:46.763850,518
2026-02-17 02:29:46.771828,516
2026-02-17 02:29:46.779825,522
2026-02-17 02:29:46.787838,514
2026-02-17 02:29:46.795817,510
2026-02-17 02:29:46.803813,506
2026-02-17 02:29:46.811849,512
2026-02-17 02:29:46.819831,519
2026-02-17 02:29:46.827824,516
2026-02-17 02:29:46.835818,508
2026-02-17 02:29:46.843816,515
2026-02-17 02:29:46.851835,500
2026-02-17 02:29:46.859821,516
2026-02-17 02:29:46.867851,506
2026-02-17 02:29:46.875851,498
2026-02-17 02:29:46.883871,509
2026-02-17 02:29:46.891832,505
2026-02-17 02:29:46.899773,507
2026-02-17 02:29:46.907828,515
2026-02-17 02:29:46.915852,512
2026-02-17 02:29:46.923801,515
2026-02-17 02:29:46.931908,504
2026-02-17 02:29:46.939820,514
2026-02-17 02:29:46.947806,515
2026-02-17 02:29:46.955844,513
2026-02-17 02:29:46.963846,520
2026-02-17 02:29:46.971827,522
2026-02-17 02:29:46.979904,515
2026-02-17 02:29:46.987831,518
2026-02-17 02:29:46.995853,509
2026-02-17 02:29:47.003856,516
2026-02-17 02:29:47.011884,505
2026-02-17 02:29:47.019864,513
2026-02-17 02:29:47.027905,518
2026-02-17 02:29:47.035824,518
2026-02-17 02:29:47.043850,522
2026-02-17 02:29:47.051855,511
2026-02-17 02:29:47.059896,513
2026-02-17 02:29:47.067902,518
2026-02-17 02:29:47.075875,500
2026-02-17 02:29:47.083900,512
2026-02-17 02:29:47.091825,514
2026-02-17 02:29:47.099767,508
2026-02-17 02:29:47.107780,517
2026-02-17 02:29:47.115780,510
2026-02-17 02:29:47.123817,516
2026-02-17 02:29:47.131838,515
2026-02-17 02:29:47.139832,515
2026-02-17 02:29:47.147864,518
2026-02-17 02:29:47.155941,506
2026-02-17 02:29:47.163864,528
2026-02-17 02:29:47.171870,522
2026-02-17 02:29:47.179845,512
2026-02-17 02:29:47.187829,511
2026-02-17 02:29:47.195838,505
2026-02-17 02:29:47.203829,520
2026-02-17 02:29:47.211830,513
2026-02-17 02:29:47.219820,511
2026-02-17 02:29:47.227825,516
2026-02-17 02:29:47.235841,508
2026-02-17 02:29:47.243830,520
2026-02-17 02:29:47.251854,512
2026-02-17 02:29:47.259826,514
2026-02-17 02:29:47.267810,517
2026-02-17 02:29:47.275849,503
2026-02-17 02:29:47.283847,517
2026-02-17 02:29:47.291908,506
2026-02-17 02:29:47.299836,507
2026-02-17 02:29:47.307839,510
2026-02-17 02:29:47.315830,508
2026-02-17 02:29:47.323822,510
2026-02-17 02:29:47.331829,506
2026-02-17 02:29:47.339828,516
2026-02-17 02:29:47.347829,517
2026-02-17 02:29:47.355873,508
2026-02-17 02:29:47.363827,521
2026-02-17 02:29:47.371829,516
2026-02-17 02:29:47.379832,510
2026-02-17 02:29:47.387837,510
2026-02-17 02:29:47.395826,511
2026-02-17 02:29:47.403830,515
2026-02-17 02:29:47.411828,511
2026-02-17 02:29:47.419862,512
2026-02-17 02:29:47.427829,516
2026-02-17 02:29:47.435884,509
2026-02-17 02:29:47.443828,519
2026-02-17 02:29:47.451912,512
2026-02-17 02:29:47.459815,519
2026-02-17 02:29:47.467845,519
2026-02-17 02:29:47.475818,517
2026-02-17 02:29:47.483821,503
2026-02-17 02:29:47.491883,498
2026-02-17 02:29:47.499834,515
2026-02-17 02:29:47.507825,515
2026-02-17 02:29:47.515804,501
2026-02-17 02:29:47.523841,506
2026-02-17 02:29:47.531848,510
2026-02-17 02:29:47.539833,510
2026-02-17 02:29:47.547831,516
2026-02-17 02:29:47.555823,505
2026-02-17 02:29:47.563812,504
2026-02-17 02:29:47.571833,512
2026-02-17 02:29:47.579851,514
2026-02-17 02:29:47.587784,518
2026-02-17 02:29:47.595899,513
2026-02-17 02:29:47.603857,512
2026-02-17 02:29:47.611837,510
2026-02-17 02:29:47.619818,518
2026-02-17 02:29:47.627820,521
2026-02-17 02:29:47.635848,507
2026-02-17 02:29:47.643821,509
2026-02-17 02:29:47.651833,509
2026-02-17 02:29:47.659952,514
2026-02-17 02:29:47.667853,514
2026-02-17 02:29:47.675858,508
2026-02-17 02:29:47.683833,521
2026-02-17 02:29:47.691833,522
2026-02-17 02:29:47.699901,513
2026-02-17 02:29:47.707845,518
2026-02-17 02:29:47.715868,514
2026-02-17 02:29:47.723828,513
2026-02-17 02:29:47.731889,514
2026-02-17 02:29:47.739861,511
2026-02-17 02:29:47.747864,513
2026-02-17 02:29:47.755887,509
2026-02-17 02:29:47.763837,521
2026-02-17 02:29:47.771829,514
2026-02-17 02:29:47.779845,521
2026-02-17 02:29:47.787835,524
2026-02-17 02:29:47.795820,516
2026-02-17 02:29:47.803831,511
2026-02-17 02:29:47.811818,497
2026-02-17 02:29:47.819835,509
2026-02-17 02:29:47.827825,513
2026-02-17 02:29:47.835837,514
2026-02-17 02:29:47.843818,523
2026-02-17 02:29:47.851897,508
2026-02-17 02:29:47.859857,505
2026-02-17 02:29:47.867836,505
2026-02-17 02:29:47.875885,511
2026-02-17 02:29:47.883835,518
2026-02-17 02:29:47.891920,516
2026-02-17 02:29:47.899922,507
2026-02-17 02:29:47.907788,515
2026-02-17 02:29:47.915848,515
2026-02-17 02:29:47.923875,519
2026-02-17 02:29:47.931827,517
2026-02-17 02:29:47.939840,513
2026-02-17 02:29:47.947836,516
2026-02-17 02:29:47.955846,511
2026-02-17 02:29:47.963845,517
2026-02-17 02:29:47.971828,514
2026-02-17 02:29:47.979873,504
2026-02-17 02:29:47.987832,510
2026-02-17 02:29:47.995959,513
2026-02-17 02:29:48.003902,526
2026-02-17 02:29:48.011909,514
2026-02-17 02:29:48.019902,520
2026-02-17 02:29:48.027822,509
2026-02-17 02:29:48.035792,514
2026-02-17 02:29:48.043778,516
2026-02-17 02:29:48.051834,510
2026-02-17 02:29:48.059817,523
2026-02-17 02:29:48.067792,501
2026-02-17 02:29:48.075818,507
2026-02-17 02:29:48.083853,523
2026-02-17 02:29:48.091917,523
2026-02-17 02:29:48.099779,524
2026-02-17 02:29:48.107868,525
2026-02-17 02:29:48.115903,502
2026-02-17 02:29:48.123850,505
2026-02-17 02:29:48.131836,514
2026-02-17 02:29:48.139827,507
2026-02-17 02:29:48.147893,517
2026-02-17 02:29:48.155808,509
2026-02-17 02:29:48.163837,512
2026-02-17 02:29:48.171938,517
2026-02-17 02:29:48.179900,499
2026-02-17 02:29:48.187902,514
2026-02-17 02:29:48.195826,514
2026-02-17 02:29:48.203881,518
2026-02-17 02:29:48.211854,508
2026-02-17 02:29:48.219827,506
2026-02-17 02:29:48.227836,502
2026-02-17 02:29:48.235828,507
2026-02-17 02:29:48.243834,509
2026-02-17 02:29:48.251791,507
2026-02-17 02:29:48.259802,515
2026-02-17 02:29:48.267832,510
2026-02-17 02:29:48.275855,500
2026-02-17 02:29:48.283803,500
2026-02-17 02:29:48.291853,512
2026-02-17 02:29:48.299840,518
2026-02-17 02:29:48.307847,513
2026-02-17 02:29:48.315852,506
2026-02-17 02:29:48.323838,514
2026-02-17 02:29:48.331849,509
2026-02-17 02:29:48.339795,508
2026-02-17 02:29:48.347846,514
2026-02-17 02:29:48.355842,513
2026-02-17 02:29:48.363912,518
2026-02-17 02:29:48.371856,502
2026-02-17 02:29:48.379810,509
2026-02-17 02:29:48.387779,505
2026-02-17 02:29:48.395836,515
2026-02-17 02:29:48.403827,511
2026-02-17 02:29:48.411829,518
2026-02-17 02:29:48.419843,517
2026-02-17 02:29:48.427823,512
2026-02-17 02:29:48.435821,500
2026-02-17 02:29:48.443822,505
2026-02-17 02:29:48.451824,500
2026-02-17 02:29:48.459847,518
2026-02-17 02:29:48.467852,513
2026-02-17 02:29:48.475811,512
2026-02-17 02:29:48.483854,527
2026-02-17 02:29:48.491858,511
2026-02-17 02:29:48.499843,520
2026-02-17 02:29:48.507838,526
2026-02-17 02:29:48.515862,517
2026-02-17 02:29:48.523846,522
2026-02-17 02:29:48.531855,512
2026-02-17 02:29:48.539828,512
2026-02-17 02:29:48.547831,518
2026-02-17 02:29:48.555829,505
2026-02-17 02:29:48.563860,510
2026-02-17 02:29:48.571837,507
2026-02-17 02:29:48.579835,503
2026-02-17 02:29:48.587839,514
2026-02-17 02:29:48.595830,514
2026-02-17 02:29:48.603820,504
2026-02-17 02:29:48.611820,504
2026-02-17 02:29:48.619849,511
2026-02-17 02:29:48.627836,507
2026-02-17 02:29:48.635826,506
2026-02-17 02:29:48.643825,516
2026-02-17 02:29:48.651843,520
2026-02-17 02:29:48.659925,502
2026-02-17 02:29:48.667849,506
2026-02-17 02:29:48.675770,505
2026-02-17 02:29:48.683847,518
2026-02-17 02:29:48.691844,510
2026-02-17 02:29:48.699856,515
2026-02-17 02:29:48.707849,518
2026-02-17 02:29:48.715973,509
2026-02-17 02:29:48.723928,510
2026-02-17 02:29:48.731904,510
2026-02-17 02:29:48.739829,514
2026-02-17 02:29:48.747829,517
2026-02-17 02:29:48.755826,511
2026-02-17 02:29:48.763779,521
2026-02-17 02:29:48.771869,502
2026-02-17 02:29:48.779790,506
2026-02-17 02:29:48.787811,520
2026-02-17 02:29:48.795782,507
2026-02-17 02:29:48.803854,512
2026-02-17 02:29:48.811782,509
2026-02-17 02:29:48.819783,503
2026-02-17 02:29:48.827815,510
2026-02-17 02:29:48.835783,514
2026-02-17 02:29:48.843841,521
2026-02-17 02:29:48.851901,511
2026-02-17 02:29:48.859862,513
2026-02-17 02:29:48.867901,513
2026-02-17 02:29:48.875881,511
2026-02-17 02:29:48.883897,510
2026-02-17 02:29:48.891817,516
2026-02-17 02:29:48.899858,515
2026-02-17 02:29:48.907775,518
2026-02-17 02:29:48.915844,506
2026-02-17 02:29:48.923906,514
2026-02-17 02:29:48.931848,525
2026-02-17 02:29:48.939837,517
2026-02-17 02:29:48.947843,515
2026-02-17 02:29:48.955875,512
2026-02-17 02:29:48.963851,519
2026-02-17 02:29:48.971872,509
2026-02-17 02:29:48.979788,525
2026-02-17 02:29:48.987926,516
2026-02-17 02:29:48.995821,517
2026-02-17 02:29:49.003845,514
2026-02-17 02:29:49.011948,510
2026-02-17 02:29:49.019923,508
2026-02-17 02:29:49.027890,523
2026-02-17 02:29:49.035844,518
2026-02-17 02:29:49.043853,508
2026-02-17 02:29:49.051793,518
2026-02-17 02:29:49.059948,519
2026-02-17 02:29:49.067834,511
2026-02-17 02:29:49.075817,510
2026-02-17 02:29:49.083819,522
2026-02-17 02:29:49.091803,518
2026-02-17 02:29:49.099790,512
2026-02-17 02:29:49.107904,509
2026-02-17 02:29:49.115865,511
2026-02-17 02:29:49.123907,495
2026-02-17 02:29:49.131881,513
2026-02-17 02:29:49.139923,510
2026-02-17 02:29:49.147894,512
2026-02-17 02:29:49.155922,510
2026-02-17 02:29:49.163888,518
2026-02-17 02:29:49.171893,506
2026-02-17 02:29:49.179912,507
2026-02-17 02:29:49.187849,510
2026-02-17 02:29:49.195876,507
2026-02-17 02:29:49.203842,517
2026-02-17 02:29:49.211864,503
2026-02-17 02:29:49.219852,509
2026-02-17 02:29:49.227837,521
2026-02-17 02:29:49.235834,509
2026-02-17 02:29:49.243833,506
2026-02-17 02:29:49.251826,497
2026-02-17 02:29:49.259824,514
2026-02-17 02:29:49.267855,505
2026-02-17 02:29:49.275841,514
2026-02-17 02:29:49.283844,517
2026-02-17 02:29:49.291992,506
2026-02-17 02:29:49.299832,511
2026-02-17 02:29:49.307835,524
2026-02-17 02:29:49.315835,506
2026-02-17 02:29:49.323839,514
2026-02-17 02:29:49.331894,511
2026-02-17 02:29:49.339844,509
2026-02-17 02:29:49.347840,514
2026-02-17 02:29:49.355836,513
2026-02-17 02:29:49.363834,508
2026-02-17 02:29:49.371835,516
2026-02-17 02:29:49.379925,510
2026-02-17 02:29:49.387868,516
2026-02-17 02:29:49.395846,510
2026-02-17 02:29:49.403828,513
2026-02-17 02:29:49.411853,512
2026-02-17 02:29:49.419841,514
2026-02-17 02:29:49.427840,514
2026-02-17 02:29:49.435839,506
2026-02-17 02:29:49.443847,511
2026-02-17 02:29:49.451834,510
2026-02-17 02:29:49.459913,512
2026-02-17 02:29:49.467824,518
2026-02-17 02:29:49.475859,503
2026-02-17 02:29:49.483842,522
2026-02-17 02:29:49.491844,515
2026-02-17 02:29:49.499874,508
2026-02-17 02:29:49.507849,511
2026-02-17 02:29:49.515859,507
2026-02-17 02:29:49.523811,507
2026-02-17 02:29:49.531861,506
2026-02-17 02:29:49.539842,503
2026-02-17 02:29:49.547847,503
2026-02-17 02:29:49.555854,508
2026-02-17 02:29:49.563854,517
2026-02-17 02:29:49.571843,512
2026-02-17 02:29:49.579851,514
2026-02-17 02:29:49.587864,520
2026-02-17 02:29:49.595846,515
2026-02-17 02:29:49.603839,515
2026-02-17 02:29:49.611837,510
2026-02-17 02:29:49.619835,516
2026-02-17 02:29:49.627861,510
2026-02-17 02:29:49.635844,506
2026-02-17 02:29:49.643843,527
2026-02-17 02:29:49.651791,507
2026-02-17 02:29:49.659952,511
2026-02-17 02:29:49.667888,509
2026-02-17 02:29:49.675923,511
2026-02-17 02:29:49.683956,518
2026-02-17 02:29:49.691923,514
2026-02-17 02:29:49.699914,508
2026-02-17 02:29:49.707903,515
2026-02-17 02:29:49.715878,505
2026-02-17 02:29:49.723797,520
2026-02-17 02:29:49.731886,517
2026-02-17 02:29:49.739901,516
2026-02-17 02:29:49.747843,516
2026-02-17 02:29:49.755846,502
2026-02-17 02:29:49.763840,511
2026-02-17 02:29:49.771844,505
2026-02-17 02:29:49.779847,510
2026-02-17 02:29:49.787853,514
2026-02-17 02:29:49.795793,509
2026-02-17 02:29:49.803781,514
2026-02-17 02:29:49.811782,512
2026-02-17 02:29:49.819781,514
2026-02-17 02:29:49.827783,512
2026-02-17 02:29:49.835786,503
2026-02-17 02:29:49.843782,512
2026-02-17 02:29:49.851779,508
2026-02-17 02:29:49.859784,512
2026-02-17 02:29:49.867781,514
2026-02-17 02:29:49.875783,517
2026-02-17 02:29:49.883870,515
2026-02-17 02:29:49.891965,512
2026-02-17 02:29:49.899853,499
2026-02-17 02:29:49.907814,521
2026-02-17 02:29:49.915885,521
2026-02-17 02:29:49.923956,530
2026-02-17 02:29:49.936901,518
2026-02-17 02:29:49.939960,513
2026-02-17 02:29:49.948190,510
2026-02-17 02:29:49.956108,505
2026-02-17 02:29:49.964230,518
2026-02-17 02:29:49.971953,510
2026-02-17 02:29:49.979919,506
2026-02-17 02:29:49.987887,523
2026-02-17 02:29:49.995864,503
2026-02-17 02:29:50.003861,510
2026-02-17 02:29:50.011928,515
2026-02-17 02:29:50.019857,517
2026-02-17 02:29:50.027806,516
2026-02-17 02:29:50.035873,515
2026-02-17 02:29:50.043876,514
2026-02-17 02:29:50.051948,520
2026-02-17 02:29:50.060005,509
2026-02-17 02:29:50.067976,511
2026-02-17 02:29:50.075993,514
2026-02-17 02:29:50.083944,518
2026-02-17 02:29:50.091919,503
2026-02-17 02:29:50.099926,513
2026-02-17 02:29:50.107908,517
2026-02-17 02:29:50.115891,512
2026-02-17 02:29:50.123873,507
2026-02-17 02:29:50.131793,506
2026-02-17 02:29:50.139837,499
2026-02-17 02:29:50.147871,496
2026-02-17 02:29:50.155926,507
2026-02-17 02:29:50.163850,514
2026-02-17 02:29:50.171841,496
2026-02-17 02:29:50.179975,507
2026-02-17 02:29:50.187926,511
2026-02-17 02:29:50.195875,515
2026-02-17 02:29:50.203867,513
2026-02-17 02:29:50.211846,515
2026-02-17 02:29:50.219926,518
2026-02-17 02:29:50.227934,513
2026-02-17 02:29:50.235893,502
2026-02-17 02:29:50.243924,514
2026-02-17 02:29:50.251843,509
2026-02-17 02:29:50.259870,509
2026-02-17 02:29:50.267856,515
2026-02-17 02:29:50.275868,511
2026-02-17 02:29:50.283843,521
2026-02-17 02:29:50.291815,511
2026-02-17 02:29:50.299800,516
2026-02-17 02:29:50.307882,513
2026-02-17 02:29:50.315835,506
2026-02-17 02:29:50.323826,517
2026-02-17 02:29:50.331893,514
2026-02-17 02:29:50.339892,509
2026-02-17 02:29:50.347833,508
2026-02-17 02:29:50.355845,516
2026-02-17 02:29:50.363808,519
2026-02-17 02:29:50.371874,515
2026-02-17 02:29:50.379890,517
2026-02-17 02:29:50.387871,521
2026-02-17 02:29:50.395846,506
2026-02-17 02:29:50.403847,520
2026-02-17 02:29:50.411866,509
2026-02-17 02:29:50.419877,516
2026-02-17 02:29:50.427897,515
2026-02-17 02:29:50.435931,511
2026-02-17 02:29:50.443888,512
2026-02-17 02:29:50.451922,508
2026-02-17 02:29:50.459859,514
2026-02-17 02:29:50.467930,514
2026-02-17 02:29:50.475899,516
2026-02-17 02:29:50.484017,519
2026-02-17 02:29:50.491931,507
2026-02-17 02:29:50.499969,516
2026-02-17 02:29:50.507931,503
2026-02-17 02:29:50.515894,507
2026-02-17 02:29:50.523876,512
2026-02-17 02:29:50.531864,506
2026-02-17 02:29:50.539891,508
2026-02-17 02:29:50.547803,505
2026-02-17 02:29:50.555794,503
2026-02-17 02:29:50.563804,510
2026-02-17 02:29:50.571861,504
2026-02-17 02:29:50.579915,505
2026-02-17 02:29:50.587935,524
2026-02-17 02:29:50.595820,517
2026-02-17 02:29:50.603827,519
2026-02-17 02:29:50.611831,510
2026-02-17 02:29:50.619832,495
2026-02-17 02:29:50.627830,510
2026-02-17 02:29:50.635817,513
2026-02-17 02:29:50.643807,522
2026-02-17 02:29:50.651840,504
2026-02-17 02:29:50.659834,502
2026-02-17 02:29:50.667856,517
2026-02-17 02:29:50.675821,514
2026-02-17 02:29:50.683874,512
2026-02-17 02:29:50.691864,516
2026-02-17 02:29:50.699891,521
2026-02-17 02:29:50.707830,521
2026-02-17 02:29:50.715795,505
2026-02-17 02:29:50.723805,517
2026-02-17 02:29:50.731840,510
2026-02-17 02:29:50.739917,517
2026-02-17 02:29:50.747850,511
2026-02-17 02:29:50.755850,519
2026-02-17 02:29:50.763850,512
2026-02-17 02:29:50.771860,508
2026-02-17 02:29:50.779832,515
2026-02-17 02:29:50.787821,521
2026-02-17 02:29:50.795827,502
2026-02-17 02:29:50.803813,502
2026-02-17 02:29:50.811814,511
2026-02-17 02:29:50.819824,514
2026-02-17 02:29:50.827891,522
2026-02-17 02:29:50.835859,503
2026-02-17 02:29:50.843827,514
2026-02-17 02:29:50.851884,513
2026-02-17 02:29:50.859861,513
2026-02-17 02:29:50.867842,506
2026-02-17 02:29:50.875837,512
2026-02-17 02:29:50.883838,512
2026-02-17 02:29:50.891873,511
2026-02-17 02:29:50.899889,516
2026-02-17 02:29:50.907893,510
2026-02-17 02:29:50.915851,506
2026-02-17 02:29:50.923838,514
2026-02-17 02:29:50.931879,515
2026-02-17 02:29:50.939873,515
2026-02-17 02:29:50.947940,510
2026-02-17 02:29:50.955910,505
2026-02-17 02:29:50.963866,520
2026-02-17 02:29:50.971867,511
2026-02-17 02:29:50.979842,505
2026-02-17 02:29:50.987827,512
2026-02-17 02:29:50.995917,497
2026-02-17 02:29:51.003860,508
2026-02-17 02:29:51.011948,509
2026-02-17 02:29:51.019919,509
2026-02-17 02:29:51.027855,521
2026-02-17 02:29:51.035837,512
2026-02-17 02:29:51.043897,527
2026-02-17 02:29:51.051894,511
2026-02-17 02:29:51.059954,514
2026-02-17 02:29:51.067999,518
2026-02-17 02:29:51.075921,508
2026-02-17 02:29:51.083910,516
2026-02-17 02:29:51.091905,508
2026-02-17 02:29:51.099867,512
2026-02-17 02:29:51.107862,522
2026-02-17 02:29:51.115852,512
2026-02-17 02:29:51.123862,525
2026-02-17 02:29:51.131854,525
2026-02-17 02:29:51.139857,516
2026-02-17 02:29:51.147854,514
2026-02-17 02:29:51.155947,500
2026-02-17 02:29:51.163848,508
2026-02-17 02:29:51.171872,508
2026-02-17 02:29:51.180028,516
2026-02-17 02:29:51.187969,517
2026-02-17 02:29:51.195956,508
2026-02-17 02:29:51.203943,517
2026-02-17 02:29:51.211863,512
2026-02-17 02:29:51.219861,512
2026-02-17 02:29:51.227860,514
2026-02-17 02:29:51.235859,509
2026-02-17 02:29:51.243852,515
2026-02-17 02:29:51.251856,516
2026-02-17 02:29:51.259853,519
2026-02-17 02:29:51.267873,521
2026-02-17 02:29:51.275849,512
2026-02-17 02:29:51.283860,519
2026-02-17 02:29:51.291864,506
2026-02-17 02:29:51.299881,522
2026-02-17 02:29:51.307857,518
2026-02-17 02:29:51.315856,517
2026-02-17 02:29:51.323858,514
2026-02-17 02:29:51.331899,510
2026-02-17 02:29:51.339849,508
2026-02-17 02:29:51.347869,510
2026-02-17 02:29:51.355849,508
2026-02-17 02:29:51.363852,518
2026-02-17 02:29:51.371911,513
2026-02-17 02:29:51.379856,516
2026-02-17 02:29:51.387852,509
2026-02-17 02:29:51.395841,509
2026-02-17 02:29:51.403866,517
2026-02-17 02:29:51.411854,510
2026-02-17 02:29:51.419861,504
2026-02-17 02:29:51.427895,510
2026-02-17 02:29:51.435850,515
2026-02-17 02:29:51.443858,508
2026-02-17 02:29:51.451857,507
2026-02-17 02:29:51.459858,515
2026-02-17 02:29:51.467893,511
2026-02-17 02:29:51.476031,505
2026-02-17 02:29:51.483950,513
2026-02-17 02:29:51.491894,513
2026-02-17 02:29:51.499874,517
2026-02-17 02:29:51.507878,515
2026-02-17 02:29:51.515813,510
2026-02-17 02:29:51.523878,516
2026-02-17 02:29:51.531883,493
2026-02-17 02:29:51.539922,507
2026-02-17 02:29:51.547855,516
2026-02-17 02:29:51.555891,517
2026-02-17 02:29:51.563860,516
2026-02-17 02:29:51.571889,519
2026-02-17 02:29:51.579883,514
2026-02-17 02:29:51.587859,512
2026-02-17 02:29:51.595892,508
2026-02-17 02:29:51.603849,517
2026-02-17 02:29:51.611856,512
2026-02-17 02:29:51.619866,514
2026-02-17 02:29:51.627859,515
2026-02-17 02:29:51.635858,500
2026-02-17 02:29:51.643893,506
2026-02-17 02:29:51.651852,517
2026-02-17 02:29:51.659971,506
2026-02-17 02:29:51.667872,513
2026-02-17 02:29:51.675861,523
2026-02-17 02:29:51.683866,520
2026-02-17 02:29:51.691915,502
2026-02-17 02:29:51.699935,509
2026-02-17 02:29:51.707904,520
2026-02-17 02:29:51.715853,512
2026-02-17 02:29:51.723913,520
2026-02-17 02:29:51.731878,500
2026-02-17 02:29:51.739905,505
2026-02-17 02:29:51.747848,514
2026-02-17 02:29:51.755861,513
2026-02-17 02:29:51.763879,518
2026-02-17 02:29:51.771914,510
2026-02-17 02:29:51.779866,514
2026-02-17 02:29:51.787877,511
2026-02-17 02:29:51.795862,507
2026-02-17 02:29:51.803852,525
2026-02-17 02:29:51.811874,504
2026-02-17 02:29:51.819864,512
2026-02-17 02:29:51.827859,515
2026-02-17 02:29:51.835862,513
2026-02-17 02:29:51.843871,512
2026-02-17 02:29:51.851981,511
2026-02-17 02:29:51.859925,521
2026-02-17 02:29:51.867921,519
2026-02-17 02:29:51.875884,509
2026-02-17 02:29:51.883872,513
2026-02-17 02:29:51.891806,518
2026-02-17 02:29:51.899867,505
2026-02-17 02:29:51.907865,510
2026-02-17 02:29:51.915817,506
2026-02-17 02:29:51.923863,503
2026-02-17 02:29:51.931857,505
2026-02-17 02:29:51.939910,512
2026-02-17 02:29:51.947864,513
2026-02-17 02:29:51.955858,510
2026-02-17 02:29:51.963866,515
2026-02-17 02:29:51.971856,512
2026-02-17 02:29:51.979865,510
2026-02-17 02:29:51.987859,513
2026-02-17 02:29:51.995868,512
2026-02-17 02:29:52.003900,515
2026-02-17 02:29:52.011907,504
2026-02-17 02:29:52.019908,505
2026-02-17 02:29:52.027884,512
2026-02-17 02:29:52.035941,508
2026-02-17 02:29:52.043851,519
2026-02-17 02:29:52.051862,513
2026-02-17 02:29:52.059959,517
2026-02-17 02:29:52.067976,520
2026-02-17 02:29:52.075934,498
2026-02-17 02:29:52.083952,512
2026-02-17 02:29:52.091935,517
2026-02-17 02:29:52.099986,522
2026-02-17 02:29:52.107990,521
2026-02-17 02:29:52.115927,496
2026-02-17 02:29:52.123887,513
2026-02-17 02:29:52.131933,519
2026-02-17 02:29:52.139868,522
2026-02-17 02:29:52.147934,520
2026-02-17 02:29:52.155927,501
2026-02-17 02:29:52.163955,517
2026-02-17 02:29:52.171897,506
2026-02-17 02:29:52.179944,514
2026-02-17 02:29:52.187933,517
2026-02-17 02:29:52.195901,505
2026-02-17 02:29:52.203877,506
2026-02-17 02:29:52.211862,507
2026-02-17 02:29:52.219870,510
2026-02-17 02:29:52.227885,513
2026-02-17 02:29:52.235862,511
2026-02-17 02:29:52.243857,513
2026-02-17 02:29:52.251871,517
2026-02-17 02:29:52.259900,516
2026-02-17 02:29:52.267865,513
2026-02-17 02:29:52.275859,508
2026-02-17 02:29:52.283859,520
2026-02-17 02:29:52.291923,506
2026-02-17 02:29:52.299915,510
2026-02-17 02:29:52.307885,515
2026-02-17 02:29:52.315864,499
2026-02-17 02:29:52.323859,517
2026-02-17 02:29:52.331867,511
2026-02-17 02:29:52.339892,515
2026-02-17 02:29:52.347871,515
2026-02-17 02:29:52.355910,503
2026-02-17 02:29:52.363924,510
2026-02-17 02:29:52.371912,514
2026-02-17 02:29:52.379946,520
2026-02-17 02:29:52.387911,522
2026-02-17 02:29:52.395858,509
2026-02-17 02:29:52.403918,512
2026-02-17 02:29:52.411858,510
2026-02-17 02:29:52.419886,507
2026-02-17 02:29:52.427859,505
2026-02-17 02:29:52.435861,516
2026-02-17 02:29:52.443872,513
2026-02-17 02:29:52.451863,512
2026-02-17 02:29:52.459871,512
2026-02-17 02:29:52.467863,512
2026-02-17 02:29:52.475856,503
2026-02-17 02:29:52.483842,513
2026-02-17 02:29:52.491914,508
2026-02-17 02:29:52.499860,514
2026-02-17 02:29:52.507858,519
2026-02-17 02:29:52.515866,506
2026-02-17 02:29:52.523914,518
2026-02-17 02:29:52.531947,511
2026-02-17 02:29:52.539900,514
2026-02-17 02:29:52.547955,509
2026-02-17 02:29:52.555919,511
2026-02-17 02:29:52.563836,508
2026-02-17 02:29:52.571865,503
2026-02-17 02:29:52.579908,508
2026-02-17 02:29:52.587855,504
2026-02-17 02:29:52.595895,500
2026-02-17 02:29:52.603870,501
2026-02-17 02:29:52.611860,508
2026-02-17 02:29:52.619866,516
2026-02-17 02:29:52.627871,519
2026-02-17 02:29:52.635871,514
2026-02-17 02:29:52.643858,526
2026-02-17 02:29:52.651862,516
2026-02-17 02:29:52.659966,511
2026-02-17 02:29:52.667937,511
2026-02-17 02:29:52.675861,511
2026-02-17 02:29:52.683995,519
2026-02-17 02:29:52.691968,523
2026-02-17 02:29:52.700044,511
2026-02-17 02:29:52.707921,516
2026-02-17 02:29:52.715878,507
2026-02-17 02:29:52.723923,522
2026-02-17 02:29:52.731903,519
2026-02-17 02:29:52.739862,524
2026-02-17 02:29:52.747865,509
2026-02-17 02:29:52.755882,504
2026-02-17 02:29:52.763861,511
2026-02-17 02:29:52.771858,509
2026-02-17 02:29:52.779855,508
2026-02-17 02:29:52.787854,515
2026-02-17 02:29:52.795907,506
2026-02-17 02:29:52.803931,512
2026-02-17 02:29:52.811943,498
2026-02-17 02:29:52.819939,516
2026-02-17 02:29:52.827933,506
2026-02-17 02:29:52.835875,510
2026-02-17 02:29:52.843869,519
2026-02-17 02:29:52.851892,505
2026-02-17 02:29:52.859893,512
2026-02-17 02:29:52.867865,512
2026-02-17 02:29:52.875865,512
2026-02-17 02:29:52.883862,521
2026-02-17 02:29:52.891872,516
2026-02-17 02:29:52.899884,512
2026-02-17 02:29:52.907869,518
2026-02-17 02:29:52.915869,512
2026-02-17 02:29:52.923828,517
2026-02-17 02:29:52.931822,513
2026-02-17 02:29:52.939878,518
2026-02-17 02:29:52.947864,510
2026-02-17 02:29:52.955988,511
2026-02-17 02:29:52.963908,521
2026-02-17 02:29:52.971884,517
2026-02-17 02:29:52.979885,520
2026-02-17 02:29:52.987891,505
2026-02-17 02:29:52.995906,515
2026-02-17 02:29:53.003900,521
2026-02-17 02:29:53.012015,507
2026-02-17 02:29:53.019943,518
2026-02-17 02:29:53.027943,506
2026-02-17 02:29:53.035835,513
2026-02-17 02:29:53.043890,520
2026-02-17 02:29:53.051922,517
2026-02-17 02:29:53.059867,508
2026-02-17 02:29:53.067863,515
2026-02-17 02:29:53.075966,505
2026-02-17 02:29:53.083922,515
2026-02-17 02:29:53.091910,515
2026-02-17 02:29:53.099899,509
2026-02-17 02:29:53.107904,516
2026-02-17 02:29:53.115905,514
2026-02-17 02:29:53.123914,516
2026-02-17 02:29:53.131891,508
2026-02-17 02:29:53.139873,512
2026-02-17 02:29:53.147867,514
2026-02-17 02:29:53.155965,513
2026-02-17 02:29:53.163850,509
2026-02-17 02:29:53.171876,506
2026-02-17 02:29:53.179943,514
2026-02-17 02:29:53.187941,509
2026-02-17 02:29:53.195891,508
2026-02-17 02:29:53.203892,516
2026-02-17 02:29:53.211907,517
2026-02-17 02:29:53.219867,521
2026-02-17 02:29:53.227876,504
2026-02-17 02:29:53.235862,516
2026-02-17 02:29:53.243890,506
2026-02-17 02:29:53.251911,507
2026-02-17 02:29:53.259893,516
2026-02-17 02:29:53.267981,522
2026-02-17 02:29:53.275918,511
2026-02-17 02:29:53.283944,514
2026-02-17 02:29:53.292074,509
2026-02-17 02:29:53.299943,522
2026-02-17 02:29:53.307913,513
2026-02-17 02:29:53.315899,507
2026-02-17 02:29:53.323908,519
2026-02-17 02:29:53.331882,510
2026-02-17 02:29:53.339941,517
2026-02-17 02:29:53.347872,510
2026-02-17 02:29:53.355862,504
2026-02-17 02:29:53.363886,499
2026-02-17 02:29:53.371869,506
2026-02-17 02:29:53.379866,506
2026-02-17 02:29:53.387872,520
2026-02-17 02:29:53.395868,520
2026-02-17 02:29:53.403904,516
2026-02-17 02:29:53.411896,509
2026-02-17 02:29:53.419872,512
2026-02-17 02:29:53.427885,513
2026-02-17 02:29:53.435864,515
2026-02-17 02:29:53.443867,526
2026-02-17 02:29:53.451864,507
2026-02-17 02:29:53.459873,517
2026-02-17 02:29:53.467870,506
2026-02-17 02:29:53.475865,518
2026-02-17 02:29:53.483865,531
2026-02-17 02:29:53.491866,518
2026-02-17 02:29:53.499887,517
2026-02-17 02:29:53.507874,515
2026-02-17 02:29:53.515879,509
2026-02-17 02:29:53.523928,517
2026-02-17 02:29:53.531898,511
2026-02-17 02:29:53.539834,513
2026-02-17 02:29:53.547861,520
2026-02-17 02:29:53.555926,508
2026-02-17 02:29:53.563942,514
2026-02-17 02:29:53.571833,517
2026-02-17 02:29:53.579886,513
2026-02-17 02:29:53.587924,516
2026-02-17 02:29:53.595949,512
2026-02-17 02:29:53.603872,513
2026-02-17 02:29:53.611879,512
2026-02-17 02:29:53.619931,519
2026-02-17 02:29:53.627907,520
2026-02-17 02:29:53.635909,505
2026-02-17 02:29:53.643908,513
2026-02-17 02:29:53.651861,504
2026-02-17 02:29:53.659939,515
2026-02-17 02:29:53.667893,521
2026-02-17 02:29:53.675913,518
2026-02-17 02:29:53.683872,510
2026-02-17 02:29:53.691903,506
2026-02-17 02:29:53.700001,521
2026-02-17 02:29:53.707898,522
2026-02-17 02:29:53.715927,511
2026-02-17 02:29:53.723880,514
2026-02-17 02:29:53.731922,510
2026-02-17 02:29:53.739919,507
2026-02-17 02:29:53.747976,511
2026-02-17 02:29:53.755900,523
2026-02-17 02:29:53.763943,516
2026-02-17 02:29:53.771872,512
2026-02-17 02:29:53.779875,518
2026-02-17 02:29:53.787885,515
2026-02-17 02:29:53.795863,516
2026-02-17 02:29:53.803873,515
2026-02-17 02:29:53.811887,517
2026-02-17 02:29:53.819878,513
2026-02-17 02:29:53.827914,515
2026-02-17 02:29:53.835875,503
2026-02-17 02:29:53.843867,518
2026-02-17 02:29:53.852060,504
2026-02-17 02:29:53.859878,508
2026-02-17 02:29:53.867959,513
2026-02-17 02:29:53.875919,515
2026-02-17 02:29:53.883930,515
2026-02-17 02:29:53.891873,509
2026-02-17 02:29:53.899943,509
2026-02-17 02:29:53.907928,517
2026-02-17 02:29:53.915870,512
2026-02-17 02:29:53.923827,509
2026-02-17 02:29:53.931881,502
2026-02-17 02:29:53.939956,515
2026-02-17 02:29:53.947868,516
2026-02-17 02:29:53.955872,507
2026-02-17 02:29:53.963892,517
2026-02-17 02:29:53.971876,505
2026-02-17 02:29:53.979874,505
2026-02-17 02:29:53.987876,512
2026-02-17 02:29:53.995907,512
2026-02-17 02:29:54.003931,518
2026-02-17 02:29:54.011946,519
2026-02-17 02:29:54.019973,507
2026-02-17 02:29:54.027913,507
2026-02-17 02:29:54.035869,507
2026-02-17 02:29:54.043883,512
2026-02-17 02:29:54.051884,501
2026-02-17 02:29:54.059932,511
2026-02-17 02:29:54.068031,525
2026-02-17 02:29:54.075843,508
2026-02-17 02:29:54.083952,521
2026-02-17 02:29:54.091922,504
2026-02-17 02:29:54.099835,508
2026-02-17 02:29:54.107950,507
2026-02-17 02:29:54.115951,511
2026-02-17 02:29:54.123923,522
2026-02-17 02:29:54.131941,507
2026-02-17 02:29:54.139923,516
2026-02-17 02:29:54.147891,507
2026-02-17 02:29:54.155960,503
2026-02-17 02:29:54.163823,511
2026-02-17 02:29:54.171862,509
2026-02-17 02:29:54.179912,515
2026-02-17 02:29:54.187933,509
2026-02-17 02:29:54.195897,519
2026-02-17 02:29:54.203875,522
2026-02-17 02:29:54.211930,508
2026-02-17 02:29:54.219864,519
2026-02-17 02:29:54.227834,498
2026-02-17 02:29:54.235884,505
2026-02-17 02:29:54.243876,518
2026-02-17 02:29:54.251897,508
2026-02-17 02:29:54.259855,513
2026-02-17 02:29:54.267874,515
2026-02-17 02:29:54.275869,506
2026-02-17 02:29:54.283871,518
2026-02-17 02:29:54.291872,504
2026-02-17 02:29:54.299883,509
2026-02-17 02:29:54.307881,512
2026-02-17 02:29:54.315879,512
2026-02-17 02:29:54.323875,517
2026-02-17 02:29:54.331873,511
2026-02-17 02:29:54.339875,502
2026-02-17 02:29:54.347881,509
2026-02-17 02:29:54.355869,499
2026-02-17 02:29:54.363864,514
2026-02-17 02:29:54.371866,514
2026-02-17 02:29:54.379860,521
2026-02-17 02:29:54.387876,507
2026-02-17 02:29:54.395878,503
2026-02-17 02:29:54.403872,514
2026-02-17 02:29:54.411876,503
2026-02-17 02:29:54.419874,513
2026-02-17 02:29:54.427890,512
2026-02-17 02:29:54.435923,504
2026-02-17 02:29:54.443871,526
2026-02-17 02:29:54.451876,511
2026-02-17 02:29:54.459876,510
2026-02-17 02:29:54.467912,514
2026-02-17 02:29:54.475875,513
2026-02-17 02:29:54.483882,520
2026-02-17 02:29:54.491862,518
2026-02-17 02:29:54.499861,513
2026-02-17 02:29:54.507895,519
2026-02-17 02:29:54.515913,511
2026-02-17 02:29:54.523857,518
2026-02-17 02:29:54.532009,506
2026-02-17 02:29:54.539857,522
2026-02-17 02:29:54.547835,520
2026-02-17 02:29:54.555863,512
2026-02-17 02:29:54.563821,517
2026-02-17 02:29:54.571834,507
2026-02-17 02:29:54.579906,513
2026-02-17 02:29:54.587832,518
2026-02-17 02:29:54.595890,518
2026-02-17 02:29:54.603881,523
2026-02-17 02:29:54.611913,511
2026-02-17 02:29:54.619877,517
2026-02-17 02:29:54.627905,508
2026-02-17 02:29:54.635886,508
2026-02-17 02:29:54.643877,514
2026-02-17 02:29:54.651890,510
2026-02-17 02:29:54.660036,518
2026-02-17 02:29:54.667933,511
2026-02-17 02:29:54.675898,517
2026-02-17 02:29:54.683912,517
2026-02-17 02:29:54.691934,503
2026-02-17 02:29:54.699946,513
2026-02-17 02:29:54.707904,518
2026-02-17 02:29:54.715922,498
2026-02-17 02:29:54.723887,514
2026-02-17 02:29:54.731880,504
2026-02-17 02:29:54.739871,519
2026-02-17 02:29:54.747877,511
2026-02-17 02:29:54.755892,518
2026-02-17 02:29:54.763888,517
2026-02-17 02:29:54.771918,501
2026-02-17 02:29:54.779880,512
2026-02-17 02:29:54.787919,518
2026-02-17 02:29:54.795880,511
2026-02-17 02:29:54.803890,513
2026-02-17 02:29:54.811880,495
2026-02-17 02:29:54.819873,510
2026-02-17 02:29:54.827880,506
2026-02-17 02:29:54.835921,512
2026-02-17 02:29:54.843882,514
2026-02-17 02:29:54.852004,510
2026-02-17 02:29:54.859943,503
2026-02-17 02:29:54.867954,508
2026-02-17 02:29:54.875963,522
2026-02-17 02:29:54.884013,522
2026-02-17 02:29:54.892002,506
2026-02-17 02:29:54.900017,517
2026-02-17 02:29:54.908060,517
2026-02-17 02:29:54.916012,503
2026-02-17 02:29:54.924003,494
2026-02-17 02:29:54.931962,506
2026-02-17 02:29:54.940066,516
2026-02-17 02:29:54.948624,520
2026-02-17 02:29:54.956098,508
2026-02-17 02:29:54.964033,514
2026-02-17 02:29:54.971980,515
2026-02-17 02:29:54.979982,522
2026-02-17 02:29:54.988031,522
2026-02-17 02:29:54.995990,513
2026-02-17 02:29:55.004023,517
2026-02-17 02:29:55.012097,499
2026-02-17 02:29:55.019980,512
2026-02-17 02:29:55.027964,514
2026-02-17 02:29:55.035947,513
2026-02-17 02:29:55.043955,515
2026-02-17 02:29:55.051951,513
2026-02-17 02:29:55.059908,501
2026-02-17 02:29:55.067926,511
2026-02-17 02:29:55.075969,511
2026-02-17 02:29:55.083933,515
2026-02-17 02:29:55.092048,514
2026-02-17 02:29:55.099998,508
2026-02-17 02:29:55.107990,510
2026-02-17 02:29:55.115952,491
2026-02-17 02:29:55.123972,501
2026-02-17 02:29:55.131973,509
2026-02-17 02:29:55.139966,523
2026-02-17 02:29:55.147936,514
2026-02-17 02:29:55.155995,511
2026-02-17 02:29:55.163947,519
2026-02-17 02:29:55.171896,511
2026-02-17 02:29:55.179917,515
2026-02-17 02:29:55.187959,507
2026-02-17 02:29:55.195913,512
2026-02-17 02:29:55.203909,515
2026-02-17 02:29:55.211924,519
2026-02-17 02:29:55.219889,515
2026-02-17 02:29:55.227894,518
2026-02-17 02:29:55.235880,504
2026-02-17 02:29:55.243932,518
2026-02-17 02:29:55.251927,513
2026-02-17 02:29:55.259916,504
2026-02-17 02:29:55.267896,515
2026-02-17 02:29:55.275866,514
2026-02-17 02:29:55.283845,523
2026-02-17 02:29:55.291860,509
2026-02-17 02:29:55.299841,517
2026-02-17 02:29:55.307943,513
2026-02-17 02:29:55.315853,499
2026-02-17 02:29:55.323840,513
2026-02-17 02:29:55.331874,512
2026-02-17 02:29:55.339878,515
2026-02-17 02:29:55.347862,509
2026-02-17 02:29:55.355854,515
2026-02-17 02:29:55.363858,528
2026-02-17 02:29:55.371876,506
2026-02-17 02:29:55.379883,504
2026-02-17 02:29:55.387838,516
2026-02-17 02:29:55.395881,520
2026-02-17 02:29:55.403871,514
2026-02-17 02:29:55.411853,502
2026-02-17 02:29:55.419880,514
2026-02-17 02:29:55.427881,514
2026-02-17 02:29:55.435884,504
2026-02-17 02:29:55.443910,513
2026-02-17 02:29:55.451853,512
2026-02-17 02:29:55.459911,507
2026-02-17 02:29:55.467884,517
2026-02-17 02:29:55.475901,516
2026-02-17 02:29:55.483881,503
2026-02-17 02:29:55.491869,504
2026-02-17 02:29:55.499882,508
2026-02-17 02:29:55.507962,505
2026-02-17 02:29:55.516015,508
2026-02-17 02:29:55.524032,516
2026-02-17 02:29:55.532040,504
2026-02-17 02:29:55.540012,517
2026-02-17 02:29:55.547985,508
2026-02-17 02:29:55.555967,506
2026-02-17 02:29:55.563872,520
2026-02-17 02:29:55.571858,506
2026-02-17 02:29:55.579930,512
2026-02-17 02:29:55.587987,512
2026-02-17 02:29:55.596079,515
2026-02-17 02:29:55.604111,520
2026-02-17 02:29:55.611992,509
2026-02-17 02:29:55.619943,514
2026-02-17 02:29:55.627906,512
2026-02-17 02:29:55.635843,519
2026-02-17 02:29:55.643980,511
2026-02-17 02:29:55.651894,515
2026-02-17 02:29:55.659950,515
2026-02-17 02:29:55.667981,516
2026-02-17 02:29:55.675960,507
2026-02-17 02:29:55.683988,509
2026-02-17 02:29:55.691958,511
2026-02-17 02:29:55.699925,506
2026-02-17 02:29:55.707906,503
2026-02-17 02:29:55.715924,512
2026-02-17 02:29:55.723877,513
2026-02-17 02:29:55.731908,504
2026-02-17 02:29:55.739901,509
2026-02-17 02:29:55.747882,516
2026-02-17 02:29:55.755894,510
2026-02-17 02:29:55.763893,514
2026-02-17 02:29:55.771873,501
2026-02-17 02:29:55.779889,507
2026-02-17 02:29:55.787912,515
2026-02-17 02:29:55.795925,512
2026-02-17 02:29:55.803978,520
2026-02-17 02:29:55.811890,505
2026-02-17 02:29:55.819922,513
2026-02-17 02:29:55.827883,510
2026-02-17 02:29:55.835897,502
2026-02-17 02:29:55.843931,514
2026-02-17 02:29:55.852024,511
2026-02-17 02:29:55.859967,511
2026-02-17 02:29:55.867896,514
2026-02-17 02:29:55.875875,510
2026-02-17 02:29:55.883911,508
2026-02-17 02:29:55.891891,511
2026-02-17 02:29:55.899936,516
2026-02-17 02:29:55.907917,499
2026-02-17 02:29:55.915927,507
2026-02-17 02:29:55.923883,515
2026-02-17 02:29:55.931842,510
2026-02-17 02:29:55.939836,511
2026-02-17 02:29:55.947890,509
2026-02-17 02:29:55.955901,512
2026-02-17 02:29:55.963928,517
2026-02-17 02:29:55.971873,505
2026-02-17 02:29:55.979971,514
2026-02-17 02:29:55.987899,516
2026-02-17 02:29:55.995899,528
2026-02-17 02:29:56.003899,519
2026-02-17 02:29:56.011949,516
2026-02-17 02:29:56.019976,512
2026-02-17 02:29:56.027965,513
2026-02-17 02:29:56.035870,513
2026-02-17 02:29:56.043920,523
2026-02-17 02:29:56.051909,522
2026-02-17 02:29:56.059914,520
2026-02-17 02:29:56.067898,520
2026-02-17 02:29:56.075903,503
2026-02-17 02:29:56.083892,519
2026-02-17 02:29:56.091948,516
2026-02-17 02:29:56.099914,515
2026-02-17 02:29:56.107953,511
2026-02-17 02:29:56.115881,517
2026-02-17 02:29:56.123912,509
2026-02-17 02:29:56.131940,507
2026-02-17 02:29:56.139824,509
2026-02-17 02:29:56.148005,515
2026-02-17 02:29:56.155943,516
2026-02-17 02:29:56.163939,507
2026-02-17 02:29:56.171926,507
2026-02-17 02:29:56.179963,519
2026-02-17 02:29:56.187960,513
2026-02-17 02:29:56.195893,521
2026-02-17 02:29:56.203891,514
2026-02-17 02:29:56.211901,501
2026-02-17 02:29:56.219890,511
2026-02-17 02:29:56.227917,517
2026-02-17 02:29:56.235893,513
2026-02-17 02:29:56.243913,517
2026-02-17 02:29:56.251903,507
2026-02-17 02:29:56.259936,505
2026-02-17 02:29:56.267878,514
2026-02-17 02:29:56.275908,506
2026-02-17 02:29:56.283904,522
2026-02-17 02:29:56.291912,510
2026-02-17 02:29:56.299887,514
2026-02-17 02:29:56.307935,500
2026-02-17 02:29:56.315894,503
2026-02-17 02:29:56.323905,509
2026-02-17 02:29:56.331926,510
2026-02-17 02:29:56.339878,516
2026-02-17 02:29:56.347929,503
2026-02-17 02:29:56.355894,500
2026-02-17 02:29:56.363936,512
2026-02-17 02:29:56.371900,508
2026-02-17 02:29:56.379902,522
2026-02-17 02:29:56.387891,516
2026-02-17 02:29:56.395875,508
2026-02-17 02:29:56.403874,512
2026-02-17 02:29:56.411893,506
2026-02-17 02:29:56.419918,504
2026-02-17 02:29:56.427885,511
2026-02-17 02:29:56.435887,512
2026-02-17 02:29:56.443889,512
2026-02-17 02:29:56.451893,503
2026-02-17 02:29:56.459880,513
2026-02-17 02:29:56.467891,509
2026-02-17 02:29:56.475892,500
2026-02-17 02:29:56.483889,515
2026-02-17 02:29:56.491878,505
2026-02-17 02:29:56.499882,504
2026-02-17 02:29:56.507915,507
2026-02-17 02:29:56.515897,509
2026-02-17 02:29:56.523875,514
2026-02-17 02:29:56.531967,509
2026-02-17 02:29:56.539912,514
2026-02-17 02:29:56.547835,511
2026-02-17 02:29:56.555891,515
2026-02-17 02:29:56.563943,519
2026-02-17 02:29:56.571899,517
2026-02-17 02:29:56.579886,527
2026-02-17 02:29:56.587912,516
2026-02-17 02:29:56.595957,503
2026-02-17 02:29:56.603882,517
2026-02-17 02:29:56.611931,516
2026-02-17 02:29:56.619913,516
2026-02-17 02:29:56.627894,520
2026-02-17 02:29:56.635890,507
2026-02-17 02:29:56.643898,508
2026-02-17 02:29:56.651934,514
2026-02-17 02:29:56.659948,514
2026-02-17 02:29:56.667961,510
2026-02-17 02:29:56.675935,512
2026-02-17 02:29:56.683962,518
2026-02-17 02:29:56.691893,503
2026-02-17 02:29:56.699953,513
2026-02-17 02:29:56.707934,507
2026-02-17 02:29:56.715937,510
2026-02-17 02:29:56.723891,513
2026-02-17 02:29:56.731909,511
2026-02-17 02:29:56.739888,517
2026-02-17 02:29:56.747892,518
2026-02-17 02:29:56.755889,519
2026-02-17 02:29:56.763894,519
2026-02-17 02:29:56.771892,505
2026-02-17 02:29:56.779890,516
2026-02-17 02:29:56.787878,516
2026-02-17 02:29:56.795893,518
2026-02-17 02:29:56.803886,520
2026-02-17 02:29:56.811894,508
2026-02-17 02:29:56.819888,521
2026-02-17 02:29:56.827894,516
2026-02-17 02:29:56.835888,515
2026-02-17 02:29:56.843886,507
2026-02-17 02:29:56.852007,510
2026-02-17 02:29:56.859941,512
2026-02-17 02:29:56.867951,516
2026-02-17 02:29:56.875979,517
2026-02-17 02:29:56.883938,519
2026-02-17 02:29:56.891908,514
2026-02-17 02:29:56.899893,515
2026-02-17 02:29:56.907908,507
2026-02-17 02:29:56.915909,508
2026-02-17 02:29:56.923894,522
2026-02-17 02:29:56.931896,513
2026-02-17 02:29:56.939832,514
2026-02-17 02:29:56.947894,515
2026-02-17 02:29:56.955906,513
2026-02-17 02:29:56.963884,509
2026-02-17 02:29:56.971907,515
2026-02-17 02:29:56.979936,523
2026-02-17 02:29:56.987909,506
2026-02-17 02:29:56.995894,508
2026-02-17 02:29:57.003890,522
2026-02-17 02:29:57.011860,506
2026-02-17 02:29:57.020014,515
2026-02-17 02:29:57.027937,506
2026-02-17 02:29:57.035890,505
2026-02-17 02:29:57.043916,508
2026-02-17 02:29:57.051854,517
2026-02-17 02:29:57.059978,519
2026-02-17 02:29:57.067889,512
2026-02-17 02:29:57.075881,513
2026-02-17 02:29:57.084010,503
2026-02-17 02:29:57.091957,504
2026-02-17 02:29:57.099922,502
2026-02-17 02:29:57.107888,504
2026-02-17 02:29:57.115932,513
2026-02-17 02:29:57.123934,520
2026-02-17 02:29:57.131910,500
2026-02-17 02:29:57.139899,509
2026-02-17 02:29:57.147922,509
2026-02-17 02:29:57.155928,511
2026-02-17 02:29:57.163951,518
2026-02-17 02:29:57.171932,508
2026-02-17 02:29:57.179946,498
2026-02-17 02:29:57.187964,502
2026-02-17 02:29:57.195936,513
2026-02-17 02:29:57.203906,508
2026-02-17 02:29:57.211934,504
2026-02-17 02:29:57.219889,510
2026-02-17 02:29:57.227898,521
2026-02-17 02:29:57.235894,521
2026-02-17 02:29:57.243919,505
2026-02-17 02:29:57.251898,498
2026-02-17 02:29:57.259885,514
2026-02-17 02:29:57.267898,501
2026-02-17 02:29:57.275934,504
2026-02-17 02:29:57.283904,518
2026-02-17 02:29:57.291887,511
2026-02-17 02:29:57.299907,515
2026-02-17 02:29:57.307893,512
2026-02-17 02:29:57.315952,515
2026-02-17 02:29:57.323918,513
2026-02-17 02:29:57.331926,510
2026-02-17 02:29:57.339967,515
2026-02-17 02:29:57.347983,513
2026-02-17 02:29:57.355965,510
2026-02-17 02:29:57.363915,515
2026-02-17 02:29:57.371892,506
2026-02-17 02:29:57.379908,506
2026-02-17 02:29:57.387895,508
2026-02-17 02:29:57.395958,514
2026-02-17 02:29:57.403877,516
2026-02-17 02:29:57.411907,507
2026-02-17 02:29:57.419901,514
2026-02-17 02:29:57.427921,515
2026-02-17 02:29:57.435891,513
2026-02-17 02:29:57.443895,519
2026-02-17 02:29:57.451936,516
2026-02-17 02:29:57.459904,522
2026-02-17 02:29:57.467902,512
2026-02-17 02:29:57.475895,506
2026-02-17 02:29:57.483897,514
2026-02-17 02:29:57.491910,518
2026-02-17 02:29:57.499891,524
2026-02-17 02:29:57.507891,511
2026-02-17 02:29:57.515956,509
2026-02-17 02:29:57.523909,525
2026-02-17 02:29:57.531862,514
2026-02-17 02:29:57.539860,516
2026-02-17 02:29:57.547882,514
2026-02-17 02:29:57.555898,508
2026-02-17 02:29:57.563892,516
2026-02-17 02:29:57.571888,514
2026-02-17 02:29:57.579908,524
2026-02-17 02:29:57.587840,510
2026-02-17 02:29:57.595838,516
2026-02-17 02:29:57.603885,505
2026-02-17 02:29:57.611842,513
2026-02-17 02:29:57.619849,516
2026-02-17 02:29:57.627841,508
2026-02-17 02:29:57.635842,515
2026-02-17 02:29:57.643840,518
2026-02-17 02:29:57.651861,496
2026-02-17 02:29:57.659968,509
2026-02-17 02:29:57.667942,519
2026-02-17 02:29:57.675950,513
2026-02-17 02:29:57.683953,519
2026-02-17 02:29:57.691938,505
2026-02-17 02:29:57.699898,508
2026-02-17 02:29:57.707947,512
2026-02-17 02:29:57.715901,520
2026-02-17 02:29:57.723904,521
2026-02-17 02:29:57.731960,508
2026-02-17 02:29:57.739902,510
2026-02-17 02:29:57.747898,501
2026-02-17 02:29:57.755936,508
2026-02-17 02:29:57.763896,510
2026-02-17 02:29:57.771949,504
2026-02-17 02:29:57.779900,513
2026-02-17 02:29:57.787908,513
2026-02-17 02:29:57.795926,506
2026-02-17 02:29:57.803922,512
2026-02-17 02:29:57.811900,519
2026-02-17 02:29:57.819896,519
2026-02-17 02:29:57.827906,513
2026-02-17 02:29:57.835901,520
2026-02-17 02:29:57.843905,517
2026-02-17 02:29:57.852007,509
2026-02-17 02:29:57.859938,515
2026-02-17 02:29:57.867932,512
2026-02-17 02:29:57.875922,507
2026-02-17 02:29:57.883920,510
2026-02-17 02:29:57.891901,510
2026-02-17 02:29:57.899903,517
2026-02-17 02:29:57.907909,516
2026-02-17 02:29:57.915962,515
2026-02-17 02:29:57.923925,519
2026-02-17 02:29:57.931909,513
2026-02-17 02:29:57.939896,513
2026-02-17 02:29:57.947843,511
2026-02-17 02:29:57.955899,523
2026-02-17 02:29:57.963922,517
2026-02-17 02:29:57.971895,508
2026-02-17 02:29:57.979954,519
2026-02-17 02:29:57.987899,521
2026-02-17 02:29:57.995894,514
2026-02-17 02:29:58.003889,514
2026-02-17 02:29:58.011887,504
2026-02-17 02:29:58.020020,519
2026-02-17 02:29:58.027942,517
2026-02-17 02:29:58.035884,513
2026-02-17 02:29:58.043866,508
2026-02-17 02:29:58.051922,514
2026-02-17 02:29:58.059966,514
2026-02-17 02:29:58.067918,503
2026-02-17 02:29:58.075971,502
2026-02-17 02:29:58.083966,504
2026-02-17 02:29:58.091924,502
2026-02-17 02:29:58.099975,512
2026-02-17 02:29:58.107952,513
2026-02-17 02:29:58.115999,515
2026-02-17 02:29:58.123911,505
2026-02-17 02:29:58.131893,506
2026-02-17 02:29:58.139969,517
2026-02-17 02:29:58.147922,517
2026-02-17 02:29:58.156051,504
2026-02-17 02:29:58.163963,507
2026-02-17 02:29:58.171957,505
2026-02-17 02:29:58.179894,517
2026-02-17 02:29:58.188017,520
2026-02-17 02:29:58.195927,519
2026-02-17 02:29:58.203911,515
2026-02-17 02:29:58.211902,501
2026-02-17 02:29:58.219899,517
2026-02-17 02:29:58.227856,512
2026-02-17 02:29:58.235963,513
2026-02-17 02:29:58.243904,511
2026-02-17 02:29:58.251904,514
2026-02-17 02:29:58.259913,518
2026-02-17 02:29:58.267899,514
2026-02-17 02:29:58.275902,506
2026-02-17 02:29:58.283901,510
2026-02-17 02:29:58.291898,504
2026-02-17 02:29:58.299900,517
2026-02-17 02:29:58.307911,520
2026-02-17 02:29:58.315897,514
2026-02-17 02:29:58.323917,514
2026-02-17 02:29:58.331951,506
2026-02-17 02:29:58.339916,517
2026-02-17 02:29:58.347904,511
2026-02-17 02:29:58.355889,516
2026-02-17 02:29:58.363968,521
2026-02-17 02:29:58.371913,511
2026-02-17 02:29:58.379944,520
2026-02-17 02:29:58.387951,523
2026-02-17 02:29:58.395906,504
2026-02-17 02:29:58.403948,520
2026-02-17 02:29:58.411901,508
2026-02-17 02:29:58.419914,513
2026-02-17 02:29:58.427897,524
2026-02-17 02:29:58.435905,517
2026-02-17 02:29:58.443939,513
2026-02-17 02:29:58.451904,513
2026-02-17 02:29:58.459898,512
2026-02-17 02:29:58.467921,511
2026-02-17 02:29:58.475901,504
2026-02-17 02:29:58.483893,513
2026-02-17 02:29:58.491906,510
2026-02-17 02:29:58.499898,512
2026-02-17 02:29:58.507898,512
2026-02-17 02:29:58.515894,511
2026-02-17 02:29:58.523909,505
2026-02-17 02:29:58.531895,509
2026-02-17 02:29:58.539846,516
2026-02-17 02:29:58.547872,508
2026-02-17 02:29:58.555914,512
2026-02-17 02:29:58.563906,515
2026-02-17 02:29:58.571916,506
2026-02-17 02:29:58.579902,515
2026-02-17 02:29:58.587873,508
2026-02-17 02:29:58.595970,518
2026-02-17 02:29:58.603917,511
2026-02-17 02:29:58.611956,508
2026-02-17 02:29:58.619910,515
2026-02-17 02:29:58.627896,514
2026-02-17 02:29:58.635945,511
2026-02-17 02:29:58.643864,515
2026-02-17 02:29:58.651892,498
2026-02-17 02:29:58.660015,512
2026-02-17 02:29:58.667932,510
2026-02-17 02:29:58.675945,511
2026-02-17 02:29:58.683992,516
2026-02-17 02:29:58.691963,517
2026-02-17 02:29:58.699899,517
2026-02-17 02:29:58.707933,502
2026-02-17 02:29:58.715893,508
2026-02-17 02:29:58.723914,513
2026-02-17 02:29:58.731901,516
2026-02-17 02:29:58.739973,512
2026-02-17 02:29:58.747955,512
2026-02-17 02:29:58.755917,510
2026-02-17 02:29:58.763905,518
2026-02-17 02:29:58.771903,504
2026-02-17 02:29:58.779901,507
2026-02-17 02:29:58.787906,513
2026-02-17 02:29:58.795917,526
2026-02-17 02:29:58.803903,519
2026-02-17 02:29:58.811911,509
2026-02-17 02:29:58.819907,506
2026-02-17 02:29:58.827913,501
2026-02-17 02:29:58.835907,519
2026-02-17 02:29:58.843905,525
2026-02-17 02:29:58.851914,511
2026-02-17 02:29:58.859900,522
2026-02-17 02:29:58.867910,510
2026-02-17 02:29:58.875898,503
2026-02-17 02:29:58.883900,507
2026-02-17 02:29:58.891903,491
2026-02-17 02:29:58.899901,502
2026-02-17 02:29:58.907922,509
2026-02-17 02:29:58.915906,514
2026-02-17 02:29:58.923917,521
2026-02-17 02:29:58.931909,508
2026-02-17 02:29:58.939907,521
2026-02-17 02:29:58.947910,514
2026-02-17 02:29:58.955901,518
2026-02-17 02:29:58.963991,506
2026-02-17 02:29:58.971947,516
2026-02-17 02:29:58.980063,522
2026-02-17 02:29:58.988013,516
2026-02-17 02:29:58.995997,505
2026-02-17 02:29:59.003948,508
2026-02-17 02:29:59.011994,510
2026-02-17 02:29:59.020038,514
2026-02-17 02:29:59.027992,515
2026-02-17 02:29:59.035917,507
2026-02-17 02:29:59.043949,513
2026-02-17 02:29:59.051928,510
2026-02-17 02:29:59.060071,525
2026-02-17 02:29:59.067934,515
2026-02-17 02:29:59.075977,519
2026-02-17 02:29:59.084000,510
2026-02-17 02:29:59.092074,510
2026-02-17 02:29:59.099983,516
2026-02-17 02:29:59.107979,499
2026-02-17 02:29:59.115917,506
2026-02-17 02:29:59.123970,519
2026-02-17 02:29:59.131975,510
2026-02-17 02:29:59.139957,515
2026-02-17 02:29:59.147905,519
2026-02-17 02:29:59.156040,506
2026-02-17 02:29:59.163901,518
2026-02-17 02:29:59.171961,507
2026-02-17 02:29:59.179866,519
2026-02-17 02:29:59.188022,514
2026-02-17 02:29:59.195941,512
2026-02-17 02:29:59.203925,515
2026-02-17 02:29:59.211906,512
2026-02-17 02:29:59.219914,512
2026-02-17 02:29:59.227906,516
2026-02-17 02:29:59.235914,508
2026-02-17 02:29:59.243903,516
2026-02-17 02:29:59.251937,507
2026-02-17 02:29:59.259982,514
2026-02-17 02:29:59.267973,509
2026-02-17 02:29:59.275927,505
2026-02-17 02:29:59.284085,517
2026-02-17 02:29:59.292080,511
2026-02-17 02:29:59.300030,508
2026-02-17 02:29:59.308030,509
2026-02-17 02:29:59.315963,515
2026-02-17 02:29:59.324027,521
2026-02-17 02:29:59.331964,511
2026-02-17 02:29:59.340018,511
2026-02-17 02:29:59.348087,504
2026-02-17 02:29:59.355999,511
2026-02-17 02:29:59.363962,505
2026-02-17 02:29:59.371958,511
2026-02-17 02:29:59.379934,515
2026-02-17 02:29:59.387929,513
2026-02-17 02:29:59.395913,506
2026-02-17 02:29:59.403944,509
2026-02-17 02:29:59.411996,505
2026-02-17 02:29:59.419979,501
2026-02-17 02:29:59.427954,511
2026-02-17 02:29:59.435919,521
2026-02-17 02:29:59.443910,517
2026-02-17 02:29:59.451973,512
2026-02-17 02:29:59.459912,513
2026-02-17 02:29:59.467910,509
2026-02-17 02:29:59.475916,516
2026-02-17 02:29:59.483911,520
2026-02-17 02:29:59.491906,509
2026-02-17 02:29:59.499916,509
2026-02-17 02:29:59.507899,512
2026-02-17 02:29:59.515992,517
2026-02-17 02:29:59.524045,518
2026-02-17 02:29:59.532036,526
2026-02-17 02:29:59.539869,513
2026-02-17 02:29:59.547976,498
2026-02-17 02:29:59.555944,511
2026-02-17 02:29:59.563980,518
2026-02-17 02:29:59.571966,502
2026-02-17 02:29:59.579922,512
2026-02-17 02:29:59.587863,512
2026-02-17 02:29:59.595920,512
2026-02-17 02:29:59.603890,524
2026-02-17 02:29:59.611942,510
2026-02-17 02:29:59.619919,512
2026-02-17 02:29:59.627928,513
2026-02-17 02:29:59.635913,516
2026-02-17 02:29:59.643905,509
2026-02-17 02:29:59.651912,514
2026-02-17 02:29:59.660066,506
2026-02-17 02:29:59.667920,500
2026-02-17 02:29:59.675881,506
2026-02-17 02:29:59.683856,515
2026-02-17 02:29:59.691994,501
2026-02-17 02:29:59.699948,511
2026-02-17 02:29:59.707929,508
2026-02-17 02:29:59.715952,519
2026-02-17 02:29:59.723952,520
2026-02-17 02:29:59.731937,508
2026-02-17 02:29:59.739914,523
2026-02-17 02:29:59.747914,519
2026-02-17 02:29:59.755915,507
2026-02-17 02:29:59.763905,513
2026-02-17 02:29:59.771910,509
2026-02-17 02:29:59.779939,528
2026-02-17 02:29:59.787900,517
2026-02-17 02:29:59.795909,510
2026-02-17 02:29:59.803900,507
2026-02-17 02:29:59.811903,505
2026-02-17 02:29:59.819912,514
2026-02-17 02:29:59.827909,511
2026-02-17 02:29:59.835903,521
2026-02-17 02:29:59.843908,517
2026-02-17 02:29:59.852023,515
2026-02-17 02:29:59.859987,511
2026-02-17 02:29:59.867938,510
2026-02-17 02:29:59.875929,513
2026-02-17 02:29:59.883931,507
2026-02-17 02:29:59.891922,504
2026-02-17 02:29:59.899916,516
2026-02-17 02:29:59.907914,512
2026-02-17 02:29:59.915942,515
2026-02-17 02:29:59.923922,511
2026-02-17 02:29:59.931967,512
2026-02-17 02:29:59.939929,513
2026-02-17 02:29:59.947914,506
2026-02-17 02:29:59.955948,503
2026-02-17 02:29:59.963934,514
2026-02-17 02:29:59.971956,512
2026-02-17 02:29:59.979958,523
2026-02-17 02:29:59.987911,522
2026-02-17 02:29:59.995864,505
2026-02-17 02:30:00.004001,518
2026-02-17 02:30:00.012097,516
2026-02-17 02:30:00.020060,523
2026-02-17 02:30:00.027990,510
2026-02-17 02:30:00.035885,506
2026-02-17 02:30:00.043980,520
2026-02-17 02:30:00.052061,516
2026-02-17 02:30:00.059984,514
2026-02-17 02:30:00.067934,515
2026-02-17 02:30:00.075873,509
2026-02-17 02:30:00.083851,515
2026-02-17 02:30:00.091947,513
2026-02-17 02:30:00.099853,512
2026-02-17 02:30:00.107914,504
2026-02-17 02:30:00.115921,505
2026-02-17 02:30:00.123857,519
2026-02-17 02:30:00.131859,521
2026-02-17 02:30:00.139964,525
2026-02-17 02:30:00.147967,503
2026-02-17 02:30:00.156009,507
2026-02-17 02:30:00.163978,516
2026-02-17 02:30:00.171874,511
2026-02-17 02:30:00.179907,524
2026-02-17 02:30:00.188040,509
2026-02-17 02:30:00.196010,506
2026-02-17 02:30:00.203932,508
2026-02-17 02:30:00.211919,503
2026-02-17 02:30:00.219916,515
2026-02-17 02:30:00.227953,513
2026-02-17 02:30:00.235911,511
2026-02-17 02:30:00.243874,508
2026-02-17 02:30:00.251991,507
2026-02-17 02:30:00.259900,518
2026-02-17 02:30:00.267922,510
2026-02-17 02:30:00.275876,514
2026-02-17 02:30:00.283894,507
2026-02-17 02:30:00.291878,507
2026-02-17 02:30:00.299892,511
2026-02-17 02:30:00.307888,507
2026-02-17 02:30:00.315914,509
2026-02-17 02:30:00.323956,522
2026-02-17 02:30:00.331912,513
2026-02-17 02:30:00.339895,517
2026-02-17 02:30:00.347911,507
2026-02-17 02:30:00.355901,511
2026-02-17 02:30:00.363905,523
2026-02-17 02:30:00.371888,513
2026-02-17 02:30:00.379898,514
2026-02-17 02:30:00.387889,510
2026-02-17 02:30:00.395898,521
2026-02-17 02:30:00.403872,506
2026-02-17 02:30:00.411898,501
2026-02-17 02:30:00.419890,509
2026-02-17 02:30:00.427912,506
2026-02-17 02:30:00.435909,507
2026-02-17 02:30:00.443936,516
2026-02-17 02:30:00.451876,505
2026-02-17 02:30:00.459928,512
2026-02-17 02:30:00.467997,512
2026-02-17 02:30:00.475978,499
2026-02-17 02:30:00.483917,500
2026-02-17 02:30:00.491913,509
2026-02-17 02:30:00.499907,514
2026-02-17 02:30:00.507934,505
2026-02-17 02:30:00.515943,508
2026-02-17 02:30:00.523914,506
2026-02-17 02:30:00.532024,509
2026-02-17 02:30:00.539894,514
2026-02-17 02:30:00.547913,511
2026-02-17 02:30:00.556019,514
2026-02-17 02:30:00.564010,517
2026-02-17 02:30:00.571927,508
2026-02-17 02:30:00.579947,512
2026-02-17 02:30:00.587865,515
2026-02-17 02:30:00.595958,513
2026-02-17 02:30:00.603913,523
2026-02-17 02:30:00.611906,517
2026-02-17 02:30:00.619932,511
2026-02-17 02:30:00.627907,518
2026-02-17 02:30:00.635929,523
2026-02-17 02:30:00.643940,515
2026-02-17 02:30:00.651919,510
2026-02-17 02:30:00.660015,512
2026-02-17 02:30:00.667938,507
2026-02-17 02:30:00.675971,517
2026-02-17 02:30:00.683897,510
2026-02-17 02:30:00.692089,509
2026-02-17 02:30:00.699986,512
2026-02-17 02:30:00.707899,503
2026-02-17 02:30:00.715934,517
2026-02-17 02:30:00.723935,517
2026-02-17 02:30:00.731986,503
2026-02-17 02:30:00.739932,513
2026-02-17 02:30:00.747954,517
2026-02-17 02:30:00.755924,505
2026-02-17 02:30:00.764031,506
2026-02-17 02:30:00.771932,510
2026-02-17 02:30:00.779967,517
2026-02-17 02:30:00.787931,509
2026-02-17 02:30:00.795903,516
2026-02-17 02:30:00.803928,508
2026-02-17 02:30:00.811913,509
2026-02-17 02:30:00.819961,515
2026-02-17 02:30:00.827922,512
2026-02-17 02:30:00.835924,512
2026-02-17 02:30:00.843932,512
2026-02-17 02:30:00.852002,511
2026-02-17 02:30:00.859989,517
2026-02-17 02:30:00.867967,508
2026-02-17 02:30:00.875905,510
2026-02-17 02:30:00.884143,505
2026-02-17 02:30:00.891974,509
2026-02-17 02:30:00.900027,519
2026-02-17 02:30:00.907897,513
2026-02-17 02:30:00.915880,516
2026-02-17 02:30:00.923857,514
2026-02-17 02:30:00.931934,508
2026-02-17 02:30:00.939871,511
2026-02-17 02:30:00.947974,509
2026-02-17 02:30:00.955889,515
2026-02-17 02:30:00.963873,515
2026-02-17 02:30:00.971912,521
2026-02-17 02:30:00.979852,509
2026-02-17 02:30:00.987857,496
2026-02-17 02:30:00.995856,507
2026-02-17 02:30:01.003905,525
2026-02-17 02:30:01.011976,518
2026-02-17 02:30:01.019992,524
2026-02-17 02:30:01.027944,513
2026-02-17 02:30:01.035989,510
2026-02-17 02:30:01.043873,513
2026-02-17 02:30:01.051950,507
2026-02-17 02:30:01.059996,521
2026-02-17 02:30:01.067990,516
2026-02-17 02:30:01.075899,515
2026-02-17 02:30:01.083952,510
2026-02-17 02:30:01.091982,509
2026-02-17 02:30:01.099871,514
2026-02-17 02:30:01.107973,516
2026-02-17 02:30:01.115906,515
2026-02-17 02:30:01.123897,518
2026-02-17 02:30:01.131860,513
2026-02-17 02:30:01.139917,520
2026-02-17 02:30:01.147983,511
2026-02-17 02:30:01.156121,510
2026-02-17 02:30:01.164019,510
2026-02-17 02:30:01.171938,513
2026-02-17 02:30:01.179919,517
2026-02-17 02:30:01.188092,517
2026-02-17 02:30:01.195906,506
2026-02-17 02:30:01.203958,514
2026-02-17 02:30:01.211924,516
2026-02-17 02:30:01.219914,512
2026-02-17 02:30:01.227935,516
2026-02-17 02:30:01.235912,511
2026-02-17 02:30:01.243930,512
2026-02-17 02:30:01.251871,515
2026-02-17 02:30:01.259921,513
2026-02-17 02:30:01.267975,512
2026-02-17 02:30:01.275929,508
2026-02-17 02:30:01.283956,510
2026-02-17 02:30:01.291917,505
2026-02-17 02:30:01.299958,512
2026-02-17 02:30:01.307917,512
2026-02-17 02:30:01.315921,515
2026-02-17 02:30:01.323922,514
2026-02-17 02:30:01.331931,499
2026-02-17 02:30:01.339926,520
2026-02-17 02:30:01.347918,521
2026-02-17 02:30:01.356061,520
2026-02-17 02:30:01.363983,515
2026-02-17 02:30:01.371973,512
2026-02-17 02:30:01.380000,517
2026-02-17 02:30:01.387945,515
2026-02-17 02:30:01.395944,519
2026-02-17 02:30:01.403929,512
2026-02-17 02:30:01.411922,512
2026-02-17 02:30:01.419929,515
2026-02-17 02:30:01.427918,519
2026-02-17 02:30:01.435913,515
2026-02-17 02:30:01.443916,524
2026-02-17 02:30:01.451937,499
2026-02-17 02:30:01.459963,507
2026-02-17 02:30:01.467960,504
2026-02-17 02:30:01.475914,512
2026-02-17 02:30:01.483947,519
2026-02-17 02:30:01.491912,516
2026-02-17 02:30:01.499917,515
2026-02-17 02:30:01.507922,505
2026-02-17 02:30:01.515923,504
2026-02-17 02:30:01.523922,518
2026-02-17 02:30:01.531969,515
2026-02-17 02:30:01.539880,511
2026-02-17 02:30:01.547899,518
2026-02-17 02:30:01.555928,515
2026-02-17 02:30:01.563946,505
2026-02-17 02:30:01.571960,510
2026-02-17 02:30:01.579925,529
2026-02-17 02:30:01.587868,517
2026-02-17 02:30:01.595939,499
2026-02-17 02:30:01.603896,506
2026-02-17 02:30:01.611928,509
2026-02-17 02:30:01.619980,523
2026-02-17 02:30:01.627923,515
2026-02-17 02:30:01.635935,516
2026-02-17 02:30:01.643904,504
2026-02-17 02:30:01.651926,509
2026-02-17 02:30:01.659995,517
2026-02-17 02:30:01.667961,509
2026-02-17 02:30:01.676006,511
2026-02-17 02:30:01.683990,508
2026-02-17 02:30:01.692034,509
2026-02-17 02:30:01.699910,505
2026-02-17 02:30:01.707930,511
2026-02-17 02:30:01.715976,509
2026-02-17 02:30:01.723975,515
2026-02-17 02:30:01.731988,509
2026-02-17 02:30:01.739945,511
2026-02-17 02:30:01.747938,507
2026-02-17 02:30:01.755940,512
2026-02-17 02:30:01.763985,520
2026-02-17 02:30:01.771922,507
2026-02-17 02:30:01.779929,520
2026-02-17 02:30:01.787934,518
2026-02-17 02:30:01.795919,508
2026-02-17 02:30:01.803926,509
2026-02-17 02:30:01.811922,511
2026-02-17 02:30:01.819928,517
2026-02-17 02:30:01.827957,512
2026-02-17 02:30:01.835914,509
2026-02-17 02:30:01.843922,519
2026-02-17 02:30:01.852044,512
2026-02-17 02:30:01.859935,518
2026-02-17 02:30:01.867978,515
2026-02-17 02:30:01.875951,507
2026-02-17 02:30:01.883998,516
2026-02-17 02:30:01.891969,514
2026-02-17 02:30:01.899927,514
2026-02-17 02:30:01.907920,509
2026-02-17 02:30:01.915941,516
2026-02-17 02:30:01.923919,523
2026-02-17 02:30:01.931987,514
2026-02-17 02:30:01.939930,510
2026-02-17 02:30:01.947921,504
2026-02-17 02:30:01.955928,518
2026-02-17 02:30:01.963873,514
2026-02-17 02:30:01.971994,506
2026-02-17 02:30:01.980013,517
2026-02-17 02:30:01.988000,505
2026-02-17 02:30:01.995990,503
2026-02-17 02:30:02.003963,513
2026-02-17 02:30:02.012009,515
2026-02-17 02:30:02.020054,512
2026-02-17 02:30:02.027942,507
2026-02-17 02:30:02.035913,509
2026-02-17 02:30:02.043910,512
2026-02-17 02:30:02.052036,515
2026-02-17 02:30:02.060026,512
2026-02-17 02:30:02.068000,505
2026-02-17 02:30:02.075978,512
2026-02-17 02:30:02.083945,504
2026-02-17 02:30:02.092080,506
2026-02-17 02:30:02.099908,510
2026-02-17 02:30:02.107927,512
2026-02-17 02:30:02.115871,511
2026-02-17 02:30:02.123933,507
2026-02-17 02:30:02.131883,505
2026-02-17 02:30:02.139936,516
2026-02-17 02:30:02.147932,503
2026-02-17 02:30:02.156067,512
2026-02-17 02:30:02.163997,522
2026-02-17 02:30:02.171991,506
2026-02-17 02:30:02.179936,525
2026-02-17 02:30:02.187990,506
2026-02-17 02:30:02.195972,508
2026-02-17 02:30:02.203937,518
2026-02-17 02:30:02.211882,505
2026-02-17 02:30:02.219882,518
2026-02-17 02:30:02.227879,517
2026-02-17 02:30:02.235940,517
2026-02-17 02:30:02.243935,520
2026-02-17 02:30:02.251965,512
2026-02-17 02:30:02.260087,509
2026-02-17 02:30:02.268055,505
2026-02-17 02:30:02.275941,497
2026-02-17 02:30:02.283923,510
2026-02-17 02:30:02.292006,513
2026-02-17 02:30:02.299927,516
2026-02-17 02:30:02.307948,511
2026-02-17 02:30:02.315936,510
2026-02-17 02:30:02.323926,517
2026-02-17 02:30:02.331925,509
2026-02-17 02:30:02.339987,525
2026-02-17 02:30:02.347921,515
2026-02-17 02:30:02.355935,513
2026-02-17 02:30:02.363935,504
2026-02-17 02:30:02.371945,508
2026-02-17 02:30:02.379990,504
2026-02-17 02:30:02.387962,515
2026-02-17 02:30:02.395936,518
2026-02-17 02:30:02.403928,529
2026-02-17 02:30:02.411929,504
2026-02-17 02:30:02.419953,520
2026-02-17 02:30:02.427936,505
2026-02-17 02:30:02.435923,516
2026-02-17 02:30:02.443921,518
2026-02-17 02:30:02.451932,509
2026-02-17 02:30:02.459939,515
2026-02-17 02:30:02.467926,519
2026-02-17 02:30:02.475927,505
2026-02-17 02:30:02.483927,509
2026-02-17 02:30:02.491923,514
2026-02-17 02:30:02.499918,517
2026-02-17 02:30:02.507950,508
2026-02-17 02:30:02.515969,511
2026-02-17 02:30:02.523996,513
2026-02-17 02:30:02.532020,507
2026-02-17 02:30:02.539991,513
2026-02-17 02:30:02.547983,510
2026-02-17 02:30:02.556001,511
2026-02-17 02:30:02.563931,522
2026-02-17 02:30:02.571953,513
2026-02-17 02:30:02.579956,516
2026-02-17 02:30:02.587947,504
2026-02-17 02:30:02.595892,517
2026-02-17 02:30:02.603938,511
2026-02-17 02:30:02.611931,513
2026-02-17 02:30:02.619934,515
2026-02-17 02:30:02.627947,509
2026-02-17 02:30:02.635964,510
2026-02-17 02:30:02.643922,513
2026-02-17 02:30:02.651942,506
2026-02-17 02:30:02.659986,521
2026-02-17 02:30:02.667949,521
2026-02-17 02:30:02.675937,515
2026-02-17 02:30:02.683930,513
2026-02-17 02:30:02.692008,508
2026-02-17 02:30:02.699935,503
2026-02-17 02:30:02.707926,513
2026-02-17 02:30:02.715938,520
2026-02-17 02:30:02.723936,503
2026-02-17 02:30:02.731959,506
2026-02-17 02:30:02.739979,513
2026-02-17 02:30:02.747938,499
2026-02-17 02:30:02.755943,507
2026-02-17 02:30:02.763931,514
2026-02-17 02:30:02.771934,508
2026-02-17 02:30:02.779971,512
2026-02-17 02:30:02.787931,516
2026-02-17 02:30:02.795945,511
2026-02-17 02:30:02.803935,500
2026-02-17 02:30:02.811922,500
2026-02-17 02:30:02.819928,518
2026-02-17 02:30:02.827934,513
2026-02-17 02:30:02.835927,516
2026-02-17 02:30:02.843931,521
2026-02-17 02:30:02.851942,505
2026-02-17 02:30:02.859890,516
2026-02-17 02:30:02.867952,518
2026-02-17 02:30:02.875954,515
2026-02-17 02:30:02.884122,508
2026-02-17 02:30:02.892004,506
2026-02-17 02:30:02.899933,522
2026-02-17 02:30:02.907920,506
2026-02-17 02:30:02.915947,514
2026-02-17 02:30:02.923934,505
2026-02-17 02:30:02.931942,508
2026-02-17 02:30:02.939958,523
2026-02-17 02:30:02.947938,517
2026-02-17 02:30:02.955929,515
2026-02-17 02:30:02.963947,515
2026-02-17 02:30:02.971875,512
2026-02-17 02:30:02.979988,515
2026-02-17 02:30:02.987941,512
2026-02-17 02:30:02.995954,521
2026-02-17 02:30:03.004012,524
2026-02-17 02:30:03.012001,505
2026-02-17 02:30:03.020000,511
2026-02-17 02:30:03.027973,504
2026-02-17 02:30:03.035938,515
2026-02-17 02:30:03.043870,519
2026-02-17 02:30:03.051930,505
2026-02-17 02:30:03.059946,512
2026-02-17 02:30:03.067904,509
2026-02-17 02:30:03.075970,509
2026-02-17 02:30:03.083973,514
2026-02-17 02:30:03.092069,508
2026-02-17 02:30:03.099900,511
2026-02-17 02:30:03.107899,496
2026-02-17 02:30:03.115886,505
2026-02-17 02:30:03.123918,509
2026-02-17 02:30:03.131928,505
2026-02-17 02:30:03.139892,514
2026-02-17 02:30:03.147950,501
2026-02-17 02:30:03.156118,518
2026-02-17 02:30:03.164024,518
2026-02-17 02:30:03.172034,504
2026-02-17 02:30:03.180109,519
2026-02-17 02:30:03.187990,511
2026-02-17 02:30:03.196041,514
2026-02-17 02:30:03.203975,515
2026-02-17 02:30:03.211998,511
2026-02-17 02:30:03.219978,513
2026-02-17 02:30:03.227907,508
2026-02-17 02:30:03.235902,516
2026-02-17 02:30:03.243953,499
2026-02-17 02:30:03.251875,514
2026-02-17 02:30:03.259951,523
2026-02-17 02:30:03.267989,503
2026-02-17 02:30:03.275940,513
2026-02-17 02:30:03.283941,508
2026-02-17 02:30:03.291969,516
2026-02-17 02:30:03.299933,524
2026-02-17 02:30:03.307971,515
2026-02-17 02:30:03.315917,511
2026-02-17 02:30:03.323936,511
2026-02-17 02:30:03.331935,518
2026-02-17 02:30:03.339988,509
2026-02-17 02:30:03.347925,511
2026-02-17 02:30:03.355952,517
2026-02-17 02:30:03.364018,520
2026-02-17 02:30:03.372013,509
2026-02-17 02:30:03.380010,512
2026-02-17 02:30:03.387985,504
2026-02-17 02:30:03.395962,518
2026-02-17 02:30:03.403940,517
2026-02-17 02:30:03.411929,506
2026-02-17 02:30:03.419925,511
2026-02-17 02:30:03.427937,504
2026-02-17 02:30:03.435922,511
2026-02-17 02:30:03.443936,511
2026-02-17 02:30:03.451973,507
2026-02-17 02:30:03.459934,522
2026-02-17 02:30:03.467948,514
2026-02-17 02:30:03.475929,507
2026-02-17 02:30:03.483922,514
2026-02-17 02:30:03.491925,516
2026-02-17 02:30:03.499935,520
2026-02-17 02:30:03.507939,518
2026-02-17 02:30:03.515930,516
2026-02-17 02:30:03.523927,513
2026-02-17 02:30:03.531924,504
2026-02-17 02:30:03.539944,508
2026-02-17 02:30:03.547887,521
2026-02-17 02:30:03.555936,521
2026-02-17 02:30:03.563931,513
2026-02-17 02:30:03.571951,514
2026-02-17 02:30:03.579936,513
2026-02-17 02:30:03.587885,512
2026-02-17 02:30:03.595942,523
2026-02-17 02:30:03.603918,519
2026-02-17 02:30:03.611958,516
2026-02-17 02:30:03.619946,503
2026-02-17 02:30:03.627937,518
2026-02-17 02:30:03.635928,519
2026-02-17 02:30:03.643928,514
2026-02-17 02:30:03.651940,496
2026-02-17 02:30:03.659978,519
2026-02-17 02:30:03.667948,508
2026-02-17 02:30:03.676002,522
2026-02-17 02:30:03.683979,527
2026-02-17 02:30:03.692007,512
2026-02-17 02:30:03.699976,507
2026-02-17 02:30:03.707969,515
2026-02-17 02:30:03.715944,518
2026-02-17 02:30:03.723934,515
2026-02-17 02:30:03.731944,511
2026-02-17 02:30:03.739996,505
2026-02-17 02:30:03.747920,506
2026-02-17 02:30:03.755941,513
2026-02-17 02:30:03.763959,516
2026-02-17 02:30:03.771952,514
2026-02-17 02:30:03.780009,517
2026-02-17 02:30:03.787994,498
2026-02-17 02:30:03.795966,509
2026-02-17 02:30:03.803946,515
2026-02-17 02:30:03.811925,507
2026-02-17 02:30:03.819937,509
2026-02-17 02:30:03.827972,501
2026-02-17 02:30:03.835943,514
2026-02-17 02:30:03.843939,513
2026-02-17 02:30:03.852039,518
2026-02-17 02:30:03.859906,507
2026-02-17 02:30:03.867947,516
2026-02-17 02:30:03.876014,522
2026-02-17 02:30:03.883945,506
2026-02-17 02:30:03.891958,507
2026-02-17 02:30:03.899954,523
2026-02-17 02:30:03.907961,513
2026-02-17 02:30:03.915964,515
2026-02-17 02:30:03.923942,507
2026-02-17 02:30:03.931941,505
2026-02-17 02:30:03.939978,513
2026-02-17 02:30:03.947947,522
2026-02-17 02:30:03.955949,521
2026-02-17 02:30:03.963942,522
2026-02-17 02:30:03.971900,515
2026-02-17 02:30:03.979896,519
2026-02-17 02:30:03.987937,507
2026-02-17 02:30:03.996002,519
2026-02-17 02:30:04.003956,519
2026-02-17 02:30:04.011907,501
2026-02-17 02:30:04.020024,516
2026-02-17 02:30:04.027964,518
2026-02-17 02:30:04.036025,511
2026-02-17 02:30:04.043930,519
2026-02-17 02:30:04.051959,517
2026-02-17 02:30:04.060029,514
2026-02-17 02:30:04.067998,518
2026-02-17 02:30:04.075999,513
2026-02-17 02:30:04.084017,510
2026-02-17 02:30:04.091903,503
2026-02-17 02:30:04.099899,520
2026-02-17 02:30:04.107924,517
2026-02-17 02:30:04.115947,513
2026-02-17 02:30:04.123942,512
2026-02-17 02:30:04.131943,512
2026-02-17 02:30:04.139938,512
2026-02-17 02:30:04.147898,522
2026-02-17 02:30:04.156143,514
2026-02-17 02:30:04.164012,518
2026-02-17 02:30:04.172001,503
2026-02-17 02:30:04.180000,505
2026-02-17 02:30:04.187939,510
2026-02-17 02:30:04.195999,513
2026-02-17 02:30:04.203952,512
2026-02-17 02:30:04.211990,517
2026-02-17 02:30:04.219944,509
2026-02-17 02:30:04.227943,515
2026-02-17 02:30:04.235938,522
2026-02-17 02:30:04.243945,513
2026-02-17 02:30:04.251920,505
2026-02-17 02:30:04.259884,521
2026-02-17 02:30:04.268008,520
2026-02-17 02:30:04.275950,512
2026-02-17 02:30:04.283973,504
2026-02-17 02:30:04.291959,503
2026-02-17 02:30:04.299933,516
2026-02-17 02:30:04.307985,511
2026-02-17 02:30:04.315940,507
2026-02-17 02:30:04.323960,513
2026-02-17 02:30:04.331939,504
2026-02-17 02:30:04.339939,513
2026-02-17 02:30:04.347953,510
2026-02-17 02:30:04.355941,510
2026-02-17 02:30:04.363945,519
2026-02-17 02:30:04.371932,511
2026-02-17 02:30:04.380110,505
2026-02-17 02:30:04.388023,509
2026-02-17 02:30:04.395998,519
2026-02-17 02:30:04.403998,509
2026-02-17 02:30:04.411926,510
2026-02-17 02:30:04.419975,509
2026-02-17 02:30:04.427942,504
2026-02-17 02:30:04.435934,514
2026-02-17 02:30:04.443985,506
2026-02-17 02:30:04.451938,520
2026-02-17 02:30:04.459955,516
2026-02-17 02:30:04.467934,513
2026-02-17 02:30:04.475940,521
2026-02-17 02:30:04.483987,519
2026-02-17 02:30:04.491934,504
2026-02-17 02:30:04.499935,508
2026-02-17 02:30:04.507981,510
2026-02-17 02:30:04.515990,512
2026-02-17 02:30:04.523939,503
2026-02-17 02:30:04.531960,506
2026-02-17 02:30:04.539949,516
2026-02-17 02:30:04.547912,510
2026-02-17 02:30:04.556010,508
2026-02-17 02:30:04.563943,508
2026-02-17 02:30:04.571979,506
2026-02-17 02:30:04.579943,511
2026-02-17 02:30:04.587893,506
2026-02-17 02:30:04.595990,506
2026-02-17 02:30:04.603928,506
2026-02-17 02:30:04.611984,502
2026-02-17 02:30:04.620039,516
2026-02-17 02:30:04.627941,514
2026-02-17 02:30:04.635960,512
2026-02-17 02:30:04.643937,519
2026-02-17 02:30:04.651946,506
2026-02-17 02:30:04.660040,510
2026-02-17 02:30:04.667949,510
2026-02-17 02:30:04.676027,515
2026-02-17 02:30:04.683969,518
2026-02-17 02:30:04.692035,503
2026-02-17 02:30:04.700009,512
2026-02-17 02:30:04.708010,510
2026-02-17 02:30:04.716018,515
2026-02-17 02:30:04.723951,513
2026-02-17 02:30:04.731953,515
2026-02-17 02:30:04.739946,515
2026-02-17 02:30:04.747953,510
2026-02-17 02:30:04.755952,513
2026-02-17 02:30:04.763901,519
2026-02-17 02:30:04.771957,510
2026-02-17 02:30:04.779940,517
2026-02-17 02:30:04.787950,511
2026-02-17 02:30:04.795985,506
2026-02-17 02:30:04.803933,518
2026-02-17 02:30:04.811954,518
2026-02-17 02:30:04.819949,523
2026-02-17 02:30:04.827942,516
2026-02-17 02:30:04.835934,510
2026-02-17 02:30:04.843991,509
2026-02-17 02:30:04.851992,508
2026-02-17 02:30:04.859953,512
2026-02-17 02:30:04.867943,513
2026-02-17 02:30:04.875937,516
2026-02-17 02:30:04.883946,515
2026-02-17 02:30:04.891992,504
2026-02-17 02:30:04.899945,510
2026-02-17 02:30:04.907946,510
2026-02-17 02:30:04.915947,512
2026-02-17 02:30:04.923944,505
2026-02-17 02:30:04.931938,513
2026-02-17 02:30:04.939979,519
2026-02-17 02:30:04.947964,512
2026-02-17 02:30:04.955949,515
2026-02-17 02:30:04.963950,510
2026-02-17 02:30:04.971950,512
2026-02-17 02:30:04.979890,523
2026-02-17 02:30:04.987950,505
2026-02-17 02:30:04.995908,512
2026-02-17 02:30:05.003953,519
2026-02-17 02:30:05.011947,511
2026-02-17 02:30:05.020028,501
2026-02-17 02:30:05.027964,505
2026-02-17 02:30:05.035992,510
2026-02-17 02:30:05.043926,519
2026-02-17 02:30:05.051948,512
2026-02-17 02:30:05.060078,520
2026-02-17 02:30:05.068073,503
2026-02-17 02:30:05.076021,514
2026-02-17 02:30:05.083955,510
2026-02-17 02:30:05.091901,511
2026-02-17 02:30:05.099916,519
2026-02-17 02:30:05.107907,508
2026-02-17 02:30:05.115946,505
2026-02-17 02:30:05.123945,511
2026-02-17 02:30:05.131969,515
2026-02-17 02:30:05.139985,519
2026-02-17 02:30:05.147908,515
2026-02-17 02:30:05.156104,521
2026-02-17 02:30:05.163971,506
2026-02-17 02:30:05.171948,497
2026-02-17 02:30:05.180008,517
2026-02-17 02:30:05.188008,501
2026-02-17 02:30:05.195955,503
2026-02-17 02:30:05.203987,507
2026-02-17 02:30:05.212007,494
2026-02-17 02:30:05.219955,516
2026-02-17 02:30:05.227952,507
2026-02-17 02:30:05.235945,510
2026-02-17 02:30:05.243922,519
2026-02-17 02:30:05.251976,511
2026-02-17 02:30:05.259923,512
2026-02-17 02:30:05.267899,518
2026-02-17 02:30:05.275904,511
2026-02-17 02:30:05.283931,521
2026-02-17 02:30:05.291970,514
2026-02-17 02:30:05.299929,521
2026-02-17 02:30:05.307918,507
2026-02-17 02:30:05.315939,513
2026-02-17 02:30:05.323914,511
2026-02-17 02:30:05.331933,522
2026-02-17 02:30:05.339930,526
2026-02-17 02:30:05.347914,513
2026-02-17 02:30:05.355924,518
2026-02-17 02:30:05.363928,511
2026-02-17 02:30:05.372021,505
2026-02-17 02:30:05.379970,516
2026-02-17 02:30:05.387949,509
2026-02-17 02:30:05.395944,519
2026-02-17 02:30:05.403954,509
2026-02-17 02:30:05.411984,509
2026-02-17 02:30:05.419926,523
2026-02-17 02:30:05.427937,518
2026-02-17 02:30:05.436037,515
2026-02-17 02:30:05.443957,514
2026-02-17 02:30:05.451999,518
2026-02-17 02:30:05.460003,519
2026-02-17 02:30:05.467960,517
2026-02-17 02:30:05.475963,513
2026-02-17 02:30:05.483951,508
2026-02-17 02:30:05.491947,509
2026-02-17 02:30:05.499938,511
2026-02-17 02:30:05.507984,517
2026-02-17 02:30:05.516117,519
2026-02-17 02:30:05.524029,512
2026-02-17 02:30:05.531977,514
2026-02-17 02:30:05.539940,516
2026-02-17 02:30:05.547898,512
2026-02-17 02:30:05.556043,515
2026-02-17 02:30:05.564053,509
2026-02-17 02:30:05.571972,512
2026-02-17 02:30:05.580124,517
2026-02-17 02:30:05.587942,511
2026-02-17 02:30:05.595984,514
2026-02-17 02:30:05.603997,504
2026-02-17 02:30:05.611943,508
2026-02-17 02:30:05.619951,515
2026-02-17 02:30:05.627982,517
2026-02-17 02:30:05.635995,511
2026-02-17 02:30:05.644024,513
2026-02-17 02:30:05.651987,504
2026-02-17 02:30:05.660076,510
2026-02-17 02:30:05.667987,510
2026-02-17 02:30:05.676031,517
2026-02-17 02:30:05.684034,513
2026-02-17 02:30:05.692023,505
2026-02-17 02:30:05.699980,514
2026-02-17 02:30:05.708022,509
2026-02-17 02:30:05.715994,511
2026-02-17 02:30:05.723911,511
2026-02-17 02:30:05.732002,513
2026-02-17 02:30:05.739955,517
2026-02-17 02:30:05.748119,510
2026-02-17 02:30:05.755976,510
2026-02-17 02:30:05.764017,511
2026-02-17 02:30:05.771979,506
2026-02-17 02:30:05.780014,514
2026-02-17 02:30:05.787952,517
2026-02-17 02:30:05.795907,516
2026-02-17 02:30:05.803901,511
2026-02-17 02:30:05.811885,512
2026-02-17 02:30:05.819947,514
2026-02-17 02:30:05.828069,512
2026-02-17 02:30:05.835899,524
2026-02-17 02:30:05.843972,497
2026-02-17 02:30:05.852040,504
2026-02-17 02:30:05.859958,513
2026-02-17 02:30:05.867893,510
2026-02-17 02:30:05.875913,516
2026-02-17 02:30:05.884044,509
2026-02-17 02:30:05.891920,514
2026-02-17 02:30:05.899911,523
2026-02-17 02:30:05.908004,513
2026-02-17 02:30:05.916033,521
2026-02-17 02:30:05.924004,512
2026-02-17 02:30:05.931971,510
2026-02-17 02:30:05.939954,515
2026-02-17 02:30:05.947998,511
2026-02-17 02:30:05.955972,509
2026-02-17 02:30:05.963949,497
2026-02-17 02:30:05.971940,491
2026-02-17 02:30:05.979965,512
2026-02-17 02:30:05.987895,512
2026-02-17 02:30:05.995949,508
2026-02-17 02:30:06.003950,507
2026-02-17 02:30:06.012067,515
2026-02-17 02:30:06.019982,514
2026-02-17 02:30:06.027968,519
2026-02-17 02:30:06.035958,514
2026-02-17 02:30:06.043990,514
2026-02-17 02:30:06.051987,514
2026-02-17 02:30:06.060025,521
2026-02-17 02:30:06.068057,513
2026-02-17 02:30:06.076040,507
2026-02-17 02:30:06.084082,506
2026-02-17 02:30:06.091962,513
2026-02-17 02:30:06.100017,513
2026-02-17 02:30:06.108049,504
2026-02-17 02:30:06.116084,514
2026-02-17 02:30:06.123971,505
2026-02-17 02:30:06.131969,505
2026-02-17 02:30:06.139963,517
2026-02-17 02:30:06.148533,517
2026-02-17 02:30:06.156141,515
2026-02-17 02:30:06.164018,513
2026-02-17 02:30:06.171950,511
2026-02-17 02:30:06.180088,510
2026-02-17 02:30:06.188026,514
2026-02-17 02:30:06.196020,511
2026-02-17 02:30:06.204078,512
2026-02-17 02:30:06.211959,520
2026-02-17 02:30:06.220155,523
2026-02-17 02:30:06.228014,512
2026-02-17 02:30:06.236027,514
2026-02-17 02:30:06.244030,501
2026-02-17 02:30:06.251989,509
2026-02-17 02:30:06.259967,519
2026-02-17 02:30:06.267966,508
2026-02-17 02:30:06.276059,519
2026-02-17 02:30:06.284065,513
2026-02-17 02:30:06.292053,510
2026-02-17 02:30:06.300054,520
2026-02-17 02:30:06.308007,509
2026-02-17 02:30:06.315988,513
2026-02-17 02:30:06.323960,510
2026-02-17 02:30:06.331960,505
2026-02-17 02:30:06.339941,507
2026-02-17 02:30:06.347951,509
2026-02-17 02:30:06.356068,517
2026-02-17 02:30:06.363977,514
2026-02-17 02:30:06.372052,507
2026-02-17 02:30:06.380095,516
2026-02-17 02:30:06.388057,515
2026-02-17 02:30:06.396083,516
2026-02-17 02:30:06.404030,516
2026-02-17 02:30:06.411985,519
2026-02-17 02:30:06.419945,529
2026-02-17 02:30:06.427946,524
2026-02-17 02:30:06.435950,523
2026-02-17 02:30:06.443945,507
2026-02-17 02:30:06.451987,511
2026-02-17 02:30:06.459955,517
2026-02-17 02:30:06.467957,517
2026-02-17 02:30:06.476059,521
2026-02-17 02:30:06.484095,518
2026-02-17 02:30:06.492059,504
2026-02-17 02:30:06.500049,511
2026-02-17 02:30:06.508078,505
2026-02-17 02:30:06.516192,520
2026-02-17 02:30:06.524097,515
2026-02-17 02:30:06.532070,509
2026-02-17 02:30:06.540008,515
2026-02-17 02:30:06.548028,506
2026-02-17 02:30:06.556034,516
2026-02-17 02:30:06.564154,508
2026-02-17 02:30:06.572146,521
2026-02-17 02:30:06.580128,516
2026-02-17 02:30:06.588061,515
2026-02-17 02:30:06.596008,520
2026-02-17 02:30:06.604024,516
2026-02-17 02:30:06.611986,500
2026-02-17 02:30:06.620041,516
2026-02-17 02:30:06.628011,495
2026-02-17 02:30:06.636033,505
2026-02-17 02:30:06.644030,525
2026-02-17 02:30:06.652057,509
2026-02-17 02:30:06.660056,511
2026-02-17 02:30:06.667980,508
2026-02-17 02:30:06.676001,510
2026-02-17 02:30:06.684000,508
2026-02-17 02:30:06.692126,515
2026-02-17 02:30:06.700037,515
2026-02-17 02:30:06.708065,508
2026-02-17 02:30:06.716093,506
2026-02-17 02:30:06.723980,499
2026-02-17 02:30:06.731976,503
2026-02-17 02:30:06.739995,526
2026-02-17 02:30:06.748013,507
2026-02-17 02:30:06.756054,507
2026-02-17 02:30:06.764029,512
2026-02-17 02:30:06.772121,511
2026-02-17 02:30:06.779993,522
2026-02-17 02:30:06.787981,508
2026-02-17 02:30:06.796005,516
2026-02-17 02:30:06.803990,506
2026-02-17 02:30:06.811997,504
2026-02-17 02:30:06.819965,517
2026-02-17 02:30:06.828013,507
2026-02-17 02:30:06.835972,511
2026-02-17 02:30:06.843997,512
2026-02-17 02:30:06.852058,509
2026-02-17 02:30:06.860049,517
2026-02-17 02:30:06.868024,498
2026-02-17 02:30:06.876035,510
2026-02-17 02:30:06.884026,524
2026-02-17 02:30:06.892064,511
2026-02-17 02:30:06.900053,516
2026-02-17 02:30:06.907959,511
2026-02-17 02:30:06.915960,513
2026-02-17 02:30:06.923982,516
2026-02-17 02:30:06.931952,508
2026-02-17 02:30:06.940053,506
2026-02-17 02:30:06.947974,517
2026-02-17 02:30:06.956037,519
2026-02-17 02:30:06.963950,518
2026-02-17 02:30:06.971962,510
2026-02-17 02:30:06.979962,511
2026-02-17 02:30:06.987985,520
2026-02-17 02:30:06.996060,517
2026-02-17 02:30:07.003978,508
2026-02-17 02:30:07.012009,510
2026-02-17 02:30:07.020011,522
2026-02-17 02:30:07.028052,505
2026-02-17 02:30:07.035996,510
2026-02-17 02:30:07.043996,524
2026-02-17 02:30:07.052029,519
2026-02-17 02:30:07.059923,519
2026-02-17 02:30:07.067969,521
2026-02-17 02:30:07.075978,520
2026-02-17 02:30:07.084033,502
2026-02-17 02:30:07.091944,500
2026-02-17 02:30:07.099953,519
2026-02-17 02:30:07.107985,520
2026-02-17 02:30:07.115897,518
2026-02-17 02:30:07.123939,518
2026-02-17 02:30:07.131966,505
2026-02-17 02:30:07.139953,511
2026-02-17 02:30:07.147959,521
2026-02-17 02:30:07.156114,521
2026-02-17 02:30:07.164033,524
2026-02-17 02:30:07.171950,510
2026-02-17 02:30:07.180060,515
2026-02-17 02:30:07.188049,516
2026-02-17 02:30:07.195963,516
2026-02-17 02:30:07.204032,517
2026-02-17 02:30:07.211966,510
2026-02-17 02:30:07.219974,518
2026-02-17 02:30:07.227964,520
2026-02-17 02:30:07.235957,529
2026-02-17 02:30:07.243959,520
2026-02-17 02:30:07.251955,515
2026-02-17 02:30:07.259953,528
2026-02-17 02:30:07.267951,520
2026-02-17 02:30:07.275952,513
2026-02-17 02:30:07.283948,526
2026-02-17 02:30:07.291942,523
2026-02-17 02:30:07.299972,531
2026-02-17 02:30:07.307961,532
2026-02-17 02:30:07.316083,525
2026-02-17 02:30:07.324047,521
2026-02-17 02:30:07.331929,525
2026-02-17 02:30:07.339977,524
2026-02-17 02:30:07.347990,516
2026-02-17 02:30:07.356029,522
2026-02-17 02:30:07.363991,520
2026-02-17 02:30:07.371943,506
2026-02-17 02:30:07.380075,508
2026-02-17 02:30:07.388034,515
2026-02-17 02:30:07.396035,501
2026-02-17 02:30:07.403977,509
2026-02-17 02:30:07.411993,504
2026-02-17 02:30:07.420098,512
2026-02-17 02:30:07.427936,506
2026-02-17 02:30:07.436009,507
2026-02-17 02:30:07.444110,515
2026-02-17 02:30:07.452061,503
2026-02-17 02:30:07.460747,511
2026-02-17 02:30:07.468016,512
2026-02-17 02:30:07.476081,515
2026-02-17 02:30:07.484033,505
2026-02-17 02:30:07.491981,498
2026-02-17 02:30:07.499978,504
2026-02-17 02:30:07.507984,509
2026-02-17 02:30:07.515968,512
2026-02-17 02:30:07.523965,525
2026-02-17 02:30:07.531947,502
2026-02-17 02:30:07.539926,517
2026-02-17 02:30:07.547909,514
2026-02-17 02:30:07.556063,506
2026-02-17 02:30:07.564013,512
2026-02-17 02:30:07.571951,516
2026-02-17 02:30:07.579966,514
2026-02-17 02:30:07.587933,520
2026-02-17 02:30:07.595985,511
2026-02-17 02:30:07.604027,511
2026-02-17 02:30:07.611966,514
2026-02-17 02:30:07.619949,514
2026-02-17 02:30:07.627947,516
2026-02-17 02:30:07.635964,508
2026-02-17 02:30:07.643972,511
2026-02-17 02:30:07.652122,502
2026-02-17 02:30:07.660090,507
2026-02-17 02:30:07.668041,505
2026-02-17 02:30:07.676041,513
2026-02-17 02:30:07.683949,513
2026-02-17 02:30:07.692057,502
2026-02-17 02:30:07.700032,502
2026-02-17 02:30:07.707955,503
2026-02-17 02:30:07.715954,512
2026-02-17 02:30:07.723962,512
2026-02-17 02:30:07.731963,506
2026-02-17 02:30:07.739971,512
2026-02-17 02:30:07.747988,501
2026-02-17 02:30:07.756091,504
2026-02-17 02:30:07.764029,514
2026-02-17 02:30:07.771961,521
2026-02-17 02:30:07.779964,529
2026-02-17 02:30:07.787971,505
2026-02-17 02:30:07.795969,517
2026-02-17 02:30:07.803958,518
2026-02-17 02:30:07.811918,518
2026-02-17 02:30:07.819927,514
2026-02-17 02:30:07.827962,511
2026-02-17 02:30:07.835952,524
2026-02-17 02:30:07.843915,514
2026-02-17 02:30:07.852106,518
2026-02-17 02:30:07.860034,520
2026-02-17 02:30:07.868041,503
2026-02-17 02:30:07.875981,517
2026-02-17 02:30:07.883959,509
2026-02-17 02:30:07.892068,517
2026-02-17 02:30:07.899985,520
2026-02-17 02:30:07.907986,507
2026-02-17 02:30:07.915961,517
2026-02-17 02:30:07.923956,518
2026-02-17 02:30:07.931971,509
2026-02-17 02:30:07.939995,510
2026-02-17 02:30:07.947963,519
2026-02-17 02:30:07.955991,511
2026-02-17 02:30:07.964040,522
2026-02-17 02:30:07.971971,517
2026-02-17 02:30:07.979954,524
2026-02-17 02:30:07.987959,518
2026-02-17 02:30:07.995924,518
2026-02-17 02:30:08.003958,512
2026-02-17 02:30:08.012044,514
2026-02-17 02:30:08.020027,520
2026-02-17 02:30:08.027935,505
2026-02-17 02:30:08.036022,510
2026-02-17 02:30:08.043958,503
2026-02-17 02:30:08.052019,511
2026-02-17 02:30:08.059944,514
2026-02-17 02:30:08.067989,509
2026-02-17 02:30:08.075966,518
2026-02-17 02:30:08.083956,516
2026-02-17 02:30:08.092015,500
2026-02-17 02:30:08.099990,518
2026-02-17 02:30:08.107958,517
2026-02-17 02:30:08.116125,513
2026-02-17 02:30:08.123957,514
2026-02-17 02:30:08.131970,512
2026-02-17 02:30:08.139949,504
2026-02-17 02:30:08.147956,508
2026-02-17 02:30:08.156088,521
2026-02-17 02:30:08.164109,509
2026-02-17 02:30:08.171987,515
2026-02-17 02:30:08.180073,520
2026-02-17 02:30:08.188040,503
2026-02-17 02:30:08.196051,513
2026-02-17 02:30:08.203969,526
2026-02-17 02:30:08.211985,515
2026-02-17 02:30:08.219960,513
2026-02-17 02:30:08.227964,508
2026-02-17 02:30:08.235963,510
2026-02-17 02:30:08.243961,520
2026-02-17 02:30:08.252052,516
2026-02-17 02:30:08.260048,504
2026-02-17 02:30:08.268042,508
2026-02-17 02:30:08.275985,504
2026-02-17 02:30:08.283955,491
2026-02-17 02:30:08.291946,496
2026-02-17 02:30:08.299970,511
2026-02-17 02:30:08.308009,501
2026-02-17 02:30:08.315980,498
2026-02-17 02:30:08.324076,508
2026-02-17 02:30:08.332019,502
2026-02-17 02:30:08.340027,501
2026-02-17 02:30:08.348028,493
2026-02-17 02:30:08.355972,497
2026-02-17 02:30:08.363998,503
2026-02-17 02:30:08.372037,503
2026-02-17 02:30:08.379974,510
2026-02-17 02:30:08.387994,509
2026-02-17 02:30:08.396043,509
2026-02-17 02:30:08.404007,514
2026-02-17 02:30:08.411993,499
2026-02-17 02:30:08.419968,516
2026-02-17 02:30:08.427985,505
2026-02-17 02:30:08.435963,513
2026-02-17 02:30:08.443953,515
2026-02-17 02:30:08.451952,513
2026-02-17 02:30:08.459960,519
2026-02-17 02:30:08.468057,509
2026-02-17 02:30:08.475931,514
2026-02-17 02:30:08.484038,515
2026-02-17 02:30:08.491967,509
2026-02-17 02:30:08.499958,513
2026-02-17 02:30:08.507965,503
2026-02-17 02:30:08.515958,508
2026-02-17 02:30:08.523956,518
2026-02-17 02:30:08.531976,514
2026-02-17 02:30:08.539969,513
2026-02-17 02:30:08.548016,511
2026-02-17 02:30:08.555926,504
2026-02-17 02:30:08.563972,508
2026-02-17 02:30:08.572046,509
2026-02-17 02:30:08.580079,521
2026-02-17 02:30:08.588119,506
2026-02-17 02:30:08.596058,500
2026-02-17 02:30:08.604047,507
2026-02-17 02:30:08.612056,513
2026-02-17 02:30:08.619976,520
2026-02-17 02:30:08.627979,509
2026-02-17 02:30:08.635983,509
2026-02-17 02:30:08.644046,514
2026-02-17 02:30:08.651973,510
2026-02-17 02:30:08.660095,518
2026-02-17 02:30:08.668031,526
2026-02-17 02:30:08.675997,519
2026-02-17 02:30:08.683992,518
2026-02-17 02:30:08.691978,511
2026-02-17 02:30:08.700057,514
2026-02-17 02:30:08.707969,520
2026-02-17 02:30:08.716020,519
2026-02-17 02:30:08.723971,507
2026-02-17 02:30:08.731961,508
2026-02-17 02:30:08.740090,517
2026-02-17 02:30:08.747986,506
2026-02-17 02:30:08.756017,515
2026-02-17 02:30:08.764043,513
2026-02-17 02:30:08.771971,516
2026-02-17 02:30:08.779967,518
2026-02-17 02:30:08.787975,511
2026-02-17 02:30:08.795926,504
2026-02-17 02:30:08.803958,515
2026-02-17 02:30:08.811973,517
2026-02-17 02:30:08.819963,525
2026-02-17 02:30:08.827980,511
2026-02-17 02:30:08.835922,506
2026-02-17 02:30:08.844101,506
2026-02-17 02:30:08.852016,517
2026-02-17 02:30:08.859955,517
2026-02-17 02:30:08.868024,516
2026-02-17 02:30:08.876056,514
2026-02-17 02:30:08.883961,513
2026-02-17 02:30:08.891998,508
2026-02-17 02:30:08.899957,520
2026-02-17 02:30:08.907980,517
2026-02-17 02:30:08.915967,521
2026-02-17 02:30:08.923996,523
2026-02-17 02:30:08.931964,495
2026-02-17 02:30:08.939964,510
2026-02-17 02:30:08.947960,509
2026-02-17 02:30:08.955977,519
2026-02-17 02:30:08.963991,517
2026-02-17 02:30:08.971977,520
2026-02-17 02:30:08.979960,522
2026-02-17 02:30:08.987951,497
2026-02-17 02:30:08.996055,508
2026-02-17 02:30:09.004098,515
2026-02-17 02:30:09.012076,514
2026-02-17 02:30:09.020114,528
2026-02-17 02:30:09.027987,501
2026-02-17 02:30:09.035948,501
2026-02-17 02:30:09.044013,508
2026-02-17 02:30:09.052020,504
2026-02-17 02:30:09.060086,518
2026-02-17 02:30:09.067955,512
2026-02-17 02:30:09.075981,502
2026-02-17 02:30:09.083973,508
2026-02-17 02:30:09.091984,511
2026-02-17 02:30:09.100080,520
2026-02-17 02:30:09.108076,508
2026-02-17 02:30:09.116112,499
2026-02-17 02:30:09.124002,509
2026-02-17 02:30:09.132067,513
2026-02-17 02:30:09.140096,510
2026-02-17 02:30:09.148003,517
2026-02-17 02:30:09.156116,511
2026-02-17 02:30:09.164121,513
2026-02-17 02:30:09.172036,510
2026-02-17 02:30:09.180067,504
2026-02-17 02:30:09.188033,500
2026-02-17 02:30:09.196027,512
2026-02-17 02:30:09.203994,526
2026-02-17 02:30:09.211959,515
2026-02-17 02:30:09.219973,519
2026-02-17 02:30:09.227968,515
2026-02-17 02:30:09.236012,506
2026-02-17 02:30:09.243958,514
2026-02-17 02:30:09.251970,514
2026-02-17 02:30:09.259956,514
2026-02-17 02:30:09.267954,504
2026-02-17 02:30:09.275997,514
2026-02-17 02:30:09.284062,514
2026-02-17 02:30:09.291968,517
2026-02-17 02:30:09.300066,510
2026-02-17 02:30:09.307978,508
2026-02-17 02:30:09.315972,517
2026-02-17 02:30:09.323959,519
2026-02-17 02:30:09.331974,523
2026-02-17 02:30:09.340018,516
2026-02-17 02:30:09.348064,506
2026-02-17 02:30:09.356066,508
2026-02-17 02:30:09.364065,514
2026-02-17 02:30:09.371978,515
2026-02-17 02:30:09.379980,520
2026-02-17 02:30:09.388040,514
2026-02-17 02:30:09.396056,512
2026-02-17 02:30:09.404166,516
2026-02-17 02:30:09.412054,516
2026-02-17 02:30:09.419989,514
2026-02-17 02:30:09.428001,518
2026-02-17 02:30:09.436072,509
2026-02-17 02:30:09.444067,518
2026-02-17 02:30:09.451991,516
2026-02-17 02:30:09.459977,521
2026-02-17 02:30:09.467974,513
2026-02-17 02:30:09.475959,509
2026-02-17 02:30:09.483965,517
2026-02-17 02:30:09.491966,521
2026-02-17 02:30:09.499992,518
2026-02-17 02:30:09.507999,517
2026-02-17 02:30:09.515976,513
2026-02-17 02:30:09.523961,501
2026-02-17 02:30:09.531970,499
2026-02-17 02:30:09.539934,517
2026-02-17 02:30:09.547922,519
2026-02-17 02:30:09.556086,516
2026-02-17 02:30:09.564037,511
2026-02-17 02:30:09.572043,514
2026-02-17 02:30:09.579969,525
2026-02-17 02:30:09.587940,503
2026-02-17 02:30:09.596045,518
2026-02-17 02:30:09.603986,522
2026-02-17 02:30:09.611992,513
2026-02-17 02:30:09.619980,528
2026-02-17 02:30:09.627977,508
2026-02-17 02:30:09.635973,514
2026-02-17 02:30:09.643960,508
2026-02-17 02:30:09.651963,509
2026-02-17 02:30:09.660053,519
2026-02-17 02:30:09.667983,515
2026-02-17 02:30:09.676039,515
2026-02-17 02:30:09.683984,506
2026-02-17 02:30:09.691972,504
2026-02-17 02:30:09.700084,517
2026-02-17 02:30:09.708017,511
2026-02-17 02:30:09.716029,502
2026-02-17 02:30:09.723968,510
2026-02-17 02:30:09.731991,513
2026-02-17 02:30:09.740052,514
2026-02-17 02:30:09.748097,515
2026-02-17 02:30:09.756071,515
2026-02-17 02:30:09.764051,510
2026-02-17 02:30:09.772014,507
2026-02-17 02:30:09.779973,513
2026-02-17 02:30:09.787988,503
2026-02-17 02:30:09.795985,506
2026-02-17 02:30:09.803972,514
2026-02-17 02:30:09.811988,492
2026-02-17 02:30:09.819970,502
2026-02-17 02:30:09.827969,503
2026-02-17 02:30:09.835988,497
2026-02-17 02:30:09.843962,503
2026-02-17 02:30:09.852102,503
2026-02-17 02:30:09.860138,510
2026-02-17 02:30:09.868109,501
2026-02-17 02:30:09.876069,504
2026-02-17 02:30:09.884069,511
2026-02-17 02:30:09.892053,504
2026-02-17 02:30:09.899982,524
2026-02-17 02:30:09.907986,508
2026-02-17 02:30:09.915980,496
2026-02-17 02:30:09.923971,504
2026-02-17 02:30:09.932001,520
2026-02-17 02:30:09.939971,520
2026-02-17 02:30:09.947957,511
2026-02-17 02:30:09.955962,509
2026-02-17 02:30:09.963975,507
2026-02-17 02:30:09.972000,515
2026-02-17 02:30:09.980024,527
2026-02-17 02:30:09.988055,508
2026-02-17 02:30:09.996035,513
2026-02-17 02:30:10.004073,512
2026-02-17 02:30:10.012196,507
2026-02-17 02:30:10.020078,508
2026-02-17 02:30:10.027985,502
2026-02-17 02:30:10.036003,513
2026-02-17 02:30:10.043998,511
2026-02-17 02:30:10.051996,510
2026-02-17 02:30:10.060135,509
2026-02-17 02:30:10.068075,506
2026-02-17 02:30:10.075991,516
2026-02-17 02:30:10.084004,516
2026-02-17 02:30:10.092053,514
2026-02-17 02:30:10.099991,522
2026-02-17 02:30:10.108004,503
2026-02-17 02:30:10.116000,514
2026-02-17 02:30:10.123981,517
2026-02-17 02:30:10.132047,523
2026-02-17 02:30:10.139976,524
2026-02-17 02:30:10.147971,510
2026-02-17 02:30:10.156042,513
2026-02-17 02:30:10.164098,503
2026-02-17 02:30:10.171996,507
2026-02-17 02:30:10.180101,522
2026-02-17 02:30:10.187977,510
2026-02-17 02:30:10.196008,507
2026-02-17 02:30:10.203975,501
2026-02-17 02:30:10.211973,504
2026-02-17 02:30:10.220033,517
2026-02-17 02:30:10.227998,504
2026-02-17 02:30:10.235985,519
2026-02-17 02:30:10.243993,521
2026-02-17 02:30:10.251933,506
2026-02-17 02:30:10.260052,511
2026-02-17 02:30:10.268016,515
2026-02-17 02:30:10.275941,512
2026-02-17 02:30:10.283956,515
2026-02-17 02:30:10.291958,518
2026-02-17 02:30:10.299969,522
2026-02-17 02:30:10.307952,518
2026-02-17 02:30:10.315951,511
2026-02-17 02:30:10.323967,511
2026-02-17 02:30:10.331961,518
2026-02-17 02:30:10.339952,518
2026-02-17 02:30:10.347954,513
2026-02-17 02:30:10.356005,522
2026-02-17 02:30:10.363981,510
2026-02-17 02:30:10.371989,519
2026-02-17 02:30:10.379947,531
2026-02-17 02:30:10.388038,497
2026-02-17 02:30:10.396006,515
2026-02-17 02:30:10.403963,511
2026-02-17 02:30:10.411967,517
2026-02-17 02:30:10.419959,522
2026-02-17 02:30:10.427959,515
2026-02-17 02:30:10.435957,521
2026-02-17 02:30:10.443951,508
2026-02-17 02:30:10.452046,505
2026-02-17 02:30:10.459987,525
2026-02-17 02:30:10.467979,511
2026-02-17 02:30:10.476006,520
2026-02-17 02:30:10.483996,515
2026-02-17 02:30:10.491965,521
2026-02-17 02:30:10.500019,517
2026-02-17 02:30:10.508037,518
2026-02-17 02:30:10.515966,518
2026-02-17 02:30:10.523989,512
2026-02-17 02:30:10.531972,520
2026-02-17 02:30:10.539948,519
2026-02-17 02:30:10.548024,511
2026-02-17 02:30:10.556038,514
2026-02-17 02:30:10.563976,512
2026-02-17 02:30:10.571998,513
2026-02-17 02:30:10.579983,514
2026-02-17 02:30:10.587965,514
2026-02-17 02:30:10.596156,516
2026-02-17 02:30:10.604077,504
2026-02-17 02:30:10.611991,509
2026-02-17 02:30:10.619970,521
2026-02-17 02:30:10.627971,508
2026-02-17 02:30:10.635953,514
2026-02-17 02:30:10.643968,500
2026-02-17 02:30:10.651980,509
2026-02-17 02:30:10.660132,517
2026-02-17 02:30:10.668047,508
2026-02-17 02:30:10.676068,504
2026-02-17 02:30:10.684033,503
2026-02-17 02:30:10.691982,503
2026-02-17 02:30:10.700073,518
2026-02-17 02:30:10.708031,502
2026-02-17 02:30:10.715977,501
2026-02-17 02:30:10.724001,500
2026-02-17 02:30:10.731999,501
2026-02-17 02:30:10.739971,512
2026-02-17 02:30:10.747996,512
2026-02-17 02:30:10.755964,511
2026-02-17 02:30:10.763974,511
2026-02-17 02:30:10.771995,511
2026-02-17 02:30:10.779971,522
2026-02-17 02:30:10.787971,498
2026-02-17 02:30:10.795978,508
2026-02-17 02:30:10.803965,516
2026-02-17 02:30:10.811964,510
2026-02-17 02:30:10.819969,519
2026-02-17 02:30:10.827971,509
2026-02-17 02:30:10.836060,515
2026-02-17 02:30:10.844016,513
2026-02-17 02:30:10.852001,510
2026-02-17 02:30:10.859971,519
2026-02-17 02:30:10.867975,514
2026-02-17 02:30:10.875986,511
2026-02-17 02:30:10.884036,514
2026-02-17 02:30:10.891951,518
2026-02-17 02:30:10.899972,521
2026-02-17 02:30:10.907978,506
2026-02-17 02:30:10.915967,504
2026-02-17 02:30:10.923970,512
2026-02-17 02:30:10.932056,509
2026-02-17 02:30:10.939972,515
2026-02-17 02:30:10.948136,508
2026-02-17 02:30:10.955983,509
2026-02-17 02:30:10.963997,512
2026-02-17 02:30:10.972002,504
2026-02-17 02:30:10.979981,514
2026-02-17 02:30:10.987975,518
2026-02-17 02:30:10.996168,516
2026-02-17 02:30:11.004112,515
2026-02-17 02:30:11.012121,515
2026-02-17 02:30:11.020083,506
2026-02-17 02:30:11.027976,518
2026-02-17 02:30:11.036037,520
2026-02-17 02:30:11.044023,519
2026-02-17 02:30:11.052049,520
2026-02-17 02:30:11.060126,514
2026-02-17 02:30:11.068052,511
2026-02-17 02:30:11.076039,513
2026-02-17 02:30:11.084071,521
2026-02-17 02:30:11.092050,514
2026-02-17 02:30:11.100017,518
2026-02-17 02:30:11.107986,503
2026-02-17 02:30:11.115990,505
2026-02-17 02:30:11.123973,510
2026-02-17 02:30:11.131987,513
2026-02-17 02:30:11.139984,523
2026-02-17 02:30:11.147991,506
2026-02-17 02:30:11.156040,510
2026-02-17 02:30:11.163932,520
2026-02-17 02:30:11.171984,512
2026-02-17 02:30:11.180084,519
2026-02-17 02:30:11.188006,509
2026-02-17 02:30:11.196000,512
2026-02-17 02:30:11.203977,508
2026-02-17 02:30:11.211972,505
2026-02-17 02:30:11.220078,523
2026-02-17 02:30:11.228069,522
2026-02-17 02:30:11.236044,502
2026-02-17 02:30:11.243982,508
2026-02-17 02:30:11.252115,511
2026-02-17 02:30:11.260009,520
2026-02-17 02:30:11.268002,512
2026-02-17 02:30:11.276007,517
2026-02-17 02:30:11.283989,509
2026-02-17 02:30:11.291990,505
2026-02-17 02:30:11.299985,522
2026-02-17 02:30:11.307984,516
2026-02-17 02:30:11.315977,516
2026-02-17 02:30:11.323974,516
2026-02-17 02:30:11.331972,507
2026-02-17 02:30:11.339974,517
2026-02-17 02:30:11.348095,521
2026-02-17 02:30:11.356048,510
2026-02-17 02:30:11.364126,501
2026-02-17 02:30:11.372077,502
2026-02-17 02:30:11.380004,494
2026-02-17 02:30:11.388064,505
2026-02-17 02:30:11.396160,519
2026-02-17 02:30:11.404088,510
2026-02-17 02:30:11.412069,515
2026-02-17 02:30:11.419996,519
2026-02-17 02:30:11.427997,511
2026-02-17 02:30:11.435985,508
2026-02-17 02:30:11.443972,515
2026-02-17 02:30:11.451979,513
2026-02-17 02:30:11.459986,518
2026-02-17 02:30:11.467962,514
2026-02-17 02:30:11.475968,513
2026-02-17 02:30:11.483994,506
2026-02-17 02:30:11.491971,496
2026-02-17 02:30:11.499960,491
2026-02-17 02:30:11.508113,479
2026-02-17 02:30:11.516039,490
2026-02-17 02:30:11.524095,490
2026-02-17 02:30:11.532125,495
2026-02-17 02:30:11.540007,491
2026-02-17 02:30:11.547977,503
2026-02-17 02:30:11.555989,496
2026-02-17 02:30:11.563985,508
2026-02-17 02:30:11.572063,513
2026-02-17 02:30:11.579983,513
2026-02-17 02:30:11.587933,511
2026-02-17 02:30:11.596058,516
2026-02-17 02:30:11.603946,516
2026-02-17 02:30:11.611951,507
2026-02-17 02:30:11.619976,520
2026-02-17 02:30:11.627993,519
2026-02-17 02:30:11.636154,507
2026-02-17 02:30:11.644007,519
2026-02-17 02:30:11.652072,523
2026-02-17 02:30:11.660102,513
2026-02-17 02:30:11.667990,502
2026-02-17 02:30:11.675992,510
2026-02-17 02:30:11.684037,493
2026-02-17 02:30:11.691986,493
2026-02-17 02:30:11.700107,512
2026-02-17 02:30:11.707996,510
2026-02-17 02:30:11.716024,499
2026-02-17 02:30:11.724018,500
2026-02-17 02:30:11.731990,509
2026-02-17 02:30:11.739974,513
2026-02-17 02:30:11.748009,515
2026-02-17 02:30:11.756097,512
2026-02-17 02:30:11.764015,504
2026-02-17 02:30:11.772068,516
2026-02-17 02:30:11.779997,519
2026-02-17 02:30:11.787986,512
2026-02-17 02:30:11.796078,515
2026-02-17 02:30:11.804021,518
2026-02-17 02:30:11.812010,507
2026-02-17 02:30:11.819984,507
2026-02-17 02:30:11.827994,508
2026-02-17 02:30:11.836038,511
2026-02-17 02:30:11.844014,515
2026-02-17 02:30:11.852171,515
2026-02-17 02:30:11.860086,519
2026-02-17 02:30:11.868106,514
2026-02-17 02:30:11.876072,516
2026-02-17 02:30:11.883987,505
2026-02-17 02:30:11.892035,504
2026-02-17 02:30:11.900026,516
2026-02-17 02:30:11.908024,506
2026-02-17 02:30:11.916016,506
2026-02-17 02:30:11.923965,505
2026-02-17 02:30:11.931998,507
2026-02-17 02:30:11.940083,506
2026-02-17 02:30:11.948048,507
2026-02-17 02:30:11.956056,517
2026-02-17 02:30:11.963983,513
2026-02-17 02:30:11.972024,506
2026-02-17 02:30:11.980071,506
2026-02-17 02:30:11.988073,506
2026-02-17 02:30:11.996016,524
2026-02-17 02:30:12.004018,519
2026-02-17 02:30:12.011998,523
2026-02-17 02:30:12.020064,509
2026-02-17 02:30:12.028043,513
2026-02-17 02:30:12.035995,520
2026-02-17 02:30:12.044006,519
2026-02-17 02:30:12.052183,519
2026-02-17 02:30:12.060150,520
2026-02-17 02:30:12.068109,509
2026-02-17 02:30:12.076085,520
2026-02-17 02:30:12.084002,512
2026-02-17 02:30:12.092231,512
2026-02-17 02:30:12.100143,515
2026-02-17 02:30:12.108187,496
2026-02-17 02:30:12.116203,508
2026-02-17 02:30:12.124132,514
2026-02-17 02:30:12.132166,507
2026-02-17 02:30:12.140221,508
2026-02-17 02:30:12.148191,514
2026-02-17 02:30:12.156138,508
2026-02-17 02:30:12.164478,515
2026-02-17 02:30:12.172176,496
2026-02-17 02:30:12.180212,511
2026-02-17 02:30:12.188170,518
2026-02-17 02:30:12.196174,517
2026-02-17 02:30:12.204137,513
2026-02-17 02:30:12.212133,511
2026-02-17 02:30:12.220173,506
2026-02-17 02:30:12.228184,505
2026-02-17 02:30:12.236154,519
2026-02-17 02:30:12.244129,507
2026-02-17 02:30:12.252171,502
2026-02-17 02:30:12.260150,510
2026-02-17 02:30:12.268244,509
2026-02-17 02:30:12.276157,511
2026-02-17 02:30:12.284163,513
2026-02-17 02:30:12.292095,503
2026-02-17 02:30:12.300071,515
2026-02-17 02:30:12.308054,514
2026-02-17 02:30:12.316051,519
2026-02-17 02:30:12.324009,506
2026-02-17 02:30:12.332070,498
2026-02-17 02:30:12.339982,505
2026-02-17 02:30:12.348013,499
2026-02-17 02:30:12.355997,510
2026-02-17 02:30:12.364064,522
2026-02-17 02:30:12.371992,502
2026-02-17 02:30:12.380079,511
2026-02-17 02:30:12.387999,504
2026-02-17 02:30:12.396003,509
2026-02-17 02:30:12.404051,518
2026-02-17 02:30:12.412040,510
2026-02-17 02:30:12.420047,518
2026-02-17 02:30:12.427990,516
2026-02-17 02:30:12.436049,515
2026-02-17 02:30:12.444136,506
2026-02-17 02:30:12.452107,519
2026-02-17 02:30:12.460107,515
2026-02-17 02:30:12.468120,513
2026-02-17 02:30:12.476025,516
2026-02-17 02:30:12.484001,520
2026-02-17 02:30:12.491990,517
2026-02-17 02:30:12.499934,516
2026-02-17 02:30:12.507983,512
2026-02-17 02:30:12.515996,500
2026-02-17 02:30:12.523998,504
2026-02-17 02:30:12.532081,508
2026-02-17 02:30:12.540085,526
2026-02-17 02:30:12.548068,513
2026-02-17 02:30:12.556096,505
2026-02-17 02:30:12.563999,509
2026-02-17 02:30:12.572022,511
2026-02-17 02:30:12.580121,519
2026-02-17 02:30:12.588033,520
2026-02-17 02:30:12.596085,523
2026-02-17 02:30:12.604101,508
2026-02-17 02:30:12.612097,516
2026-02-17 02:30:12.620046,523
2026-02-17 02:30:12.628145,509
2026-02-17 02:30:12.636057,512
2026-02-17 02:30:12.644098,514
2026-02-17 02:30:12.652090,509
2026-02-17 02:30:12.660149,519
2026-02-17 02:30:12.668037,519
2026-02-17 02:30:12.676095,520
2026-02-17 02:30:12.684090,511
2026-02-17 02:30:12.692107,512
2026-02-17 02:30:12.700108,513
2026-02-17 02:30:12.708110,503
2026-02-17 02:30:12.716102,513
2026-02-17 02:30:12.724090,501
2026-02-17 02:30:12.732154,498
2026-02-17 02:30:12.740123,488
2026-02-17 02:30:12.748027,485
2026-02-17 02:30:12.756065,492
2026-02-17 02:30:12.764024,490
2026-02-17 02:30:12.772076,489
2026-02-17 02:30:12.780092,481
2026-02-17 02:30:12.788063,483
2026-02-17 02:30:12.796045,500
2026-02-17 02:30:12.804139,495
2026-02-17 02:30:12.812076,496
2026-02-17 02:30:12.820086,504
2026-02-17 02:30:12.828083,505
2026-02-17 02:30:12.836078,519
2026-02-17 02:30:12.844089,522
2026-02-17 02:30:12.852123,525
2026-02-17 02:30:12.860056,531
2026-02-17 02:30:12.868095,521
2026-02-17 02:30:12.876032,532
2026-02-17 02:30:12.884189,524
2026-02-17 02:30:12.892075,529
2026-02-17 02:30:12.900112,531
2026-02-17 02:30:12.908082,529
2026-02-17 02:30:12.916079,521
2026-02-17 02:30:12.924264,526
2026-02-17 02:30:12.932173,524
2026-02-17 02:30:12.940098,527
2026-02-17 02:30:12.948205,528
2026-02-17 02:30:12.956154,528
2026-02-17 02:30:12.964105,524
2026-02-17 02:30:12.972012,534
2026-02-17 02:30:12.980170,537
2026-02-17 02:30:12.988146,520
2026-02-17 02:30:12.996075,525
2026-02-17 02:30:13.004062,520
2026-02-17 02:30:13.012064,517
2026-02-17 02:30:13.020074,526
2026-02-17 02:30:13.028051,520
2026-02-17 02:30:13.036100,513
2026-02-17 02:30:13.044045,517
2026-02-17 02:30:13.052045,523
2026-02-17 02:30:13.059966,521
2026-02-17 02:30:13.068045,502
2026-02-17 02:30:13.075945,517
2026-02-17 02:30:13.083947,521
2026-02-17 02:30:13.091939,511
2026-02-17 02:30:13.099938,512
2026-02-17 02:30:13.107937,512
2026-02-17 02:30:13.115941,510
2026-02-17 02:30:13.123936,499
2026-02-17 02:30:13.131946,502
2026-02-17 02:30:13.139941,511
2026-02-17 02:30:13.147940,503
2026-02-17 02:30:13.156028,522
2026-02-17 02:30:13.163936,519
2026-02-17 02:30:13.171941,519
2026-02-17 02:30:13.180064,510
2026-02-17 02:30:13.187952,510
2026-02-17 02:30:13.195956,512
2026-02-17 02:30:13.203939,515
2026-02-17 02:30:13.211937,515
2026-02-17 02:30:13.219940,524
2026-02-17 02:30:13.227942,505
2026-02-17 02:30:13.235938,520
2026-02-17 02:30:13.243938,523
2026-02-17 02:30:13.251935,518
2026-02-17 02:30:13.259936,513
2026-02-17 02:30:13.267937,518
2026-02-17 02:30:13.275942,508
2026-02-17 02:30:13.283963,509
2026-02-17 02:30:13.292017,521
2026-02-17 02:30:13.299944,522
2026-02-17 02:30:13.307939,516
2026-02-17 02:30:13.315941,515
2026-02-17 02:30:13.323937,517
2026-02-17 02:30:13.331953,524
2026-02-17 02:30:13.339940,516
2026-02-17 02:30:13.347942,524
2026-02-17 02:30:13.355943,525
2026-02-17 02:30:13.364211,525
2026-02-17 02:30:13.372056,522
2026-02-17 02:30:13.380073,528
2026-02-17 02:30:13.388078,509
2026-02-17 02:30:13.396046,516
2026-02-17 02:30:13.404079,519
2026-02-17 02:30:13.412056,516
2026-02-17 02:30:13.420010,518
2026-02-17 02:30:13.428000,516
2026-02-17 02:30:13.436064,512
2026-02-17 02:30:13.444011,516
2026-02-17 02:30:13.452072,521
2026-02-17 02:30:13.460023,517
2026-02-17 02:30:13.467999,519
2026-02-17 02:30:13.475943,510
2026-02-17 02:30:13.483997,514
2026-02-17 02:30:13.492004,516
2026-02-17 02:30:13.499997,523
2026-02-17 02:30:13.508010,513
2026-02-17 02:30:13.516014,518
2026-02-17 02:30:13.523994,508
2026-02-17 02:30:13.532045,504
2026-02-17 02:30:13.539994,521
2026-02-17 02:30:13.547951,513
2026-02-17 02:30:13.555992,523
2026-02-17 02:30:13.564027,507
2026-02-17 02:30:13.572002,508
2026-02-17 02:30:13.580022,515
2026-02-17 02:30:13.588003,510
2026-02-17 02:30:13.596045,511
2026-02-17 02:30:13.604017,499
2026-02-17 02:30:13.611998,503
2026-02-17 02:30:13.620002,504
2026-02-17 02:30:13.628022,503
2026-02-17 02:30:13.636239,513
2026-02-17 02:30:13.644130,506
2026-02-17 02:30:13.652027,511
2026-02-17 02:30:13.660091,505
2026-02-17 02:30:13.668066,505
2026-02-17 02:30:13.676046,521
2026-02-17 02:30:13.684019,515
2026-02-17 02:30:13.692035,512
2026-02-17 02:30:13.700148,512
2026-02-17 02:30:13.708029,516
2026-02-17 02:30:13.716001,518
2026-02-17 02:30:13.723999,514
2026-02-17 02:30:13.732000,511
2026-02-17 02:30:13.739987,523
2026-02-17 02:30:13.747999,509
2026-02-17 02:30:13.755999,516
2026-02-17 02:30:13.763992,520
2026-02-17 02:30:13.772004,515
2026-02-17 02:30:13.780038,508
2026-02-17 02:30:13.788068,507
2026-02-17 02:30:13.796057,512
2026-02-17 02:30:13.804005,510
2026-02-17 02:30:13.811994,514
2026-02-17 02:30:13.820001,519
2026-02-17 02:30:13.827991,509
2026-02-17 02:30:13.836010,514
2026-02-17 02:30:13.844002,520
2026-02-17 02:30:13.852140,520
2026-02-17 02:30:13.860011,513
2026-02-17 02:30:13.868012,513
2026-02-17 02:30:13.876009,516
2026-02-17 02:30:13.883989,516
2026-02-17 02:30:13.892020,511
2026-02-17 02:30:13.900003,511
2026-02-17 02:30:13.908002,502
2026-02-17 02:30:13.915996,510
2026-02-17 02:30:13.923992,506
2026-02-17 02:30:13.931959,511
2026-02-17 02:30:13.940025,527
2026-02-17 02:30:13.948063,516
2026-02-17 02:30:13.956098,514
2026-02-17 02:30:13.964026,519
2026-02-17 02:30:13.972026,498
2026-02-17 02:30:13.980053,516
2026-02-17 02:30:13.988034,508
2026-02-17 02:30:13.996017,507
2026-02-17 02:30:14.004014,509
2026-02-17 02:30:14.012076,507
2026-02-17 02:30:14.020133,513
2026-02-17 02:30:14.028067,514
2026-02-17 02:30:14.035980,517
2026-02-17 02:30:14.044080,516
2026-02-17 02:30:14.052027,514
2026-02-17 02:30:14.060136,524
2026-02-17 02:30:14.068037,512
2026-02-17 02:30:14.076019,509
2026-02-17 02:30:14.084087,513
2026-02-17 02:30:14.092091,517
2026-02-17 02:30:14.099954,520
2026-02-17 02:30:14.107947,515
2026-02-17 02:30:14.116012,517
2026-02-17 02:30:14.123986,517
2026-02-17 02:30:14.132070,506
2026-02-17 02:30:14.140017,509
2026-02-17 02:30:14.148022,514
2026-02-17 02:30:14.156173,524
2026-02-17 02:30:14.164078,514
2026-02-17 02:30:14.172040,511
2026-02-17 02:30:14.180172,513
2026-02-17 02:30:14.188102,502
2026-02-17 02:30:14.196068,514
2026-02-17 02:30:14.204055,519
2026-02-17 02:30:14.212075,517
2026-02-17 02:30:14.220026,531
2026-02-17 02:30:14.228048,510
2026-02-17 02:30:14.235979,525
2026-02-17 02:30:14.244057,515
2026-02-17 02:30:14.252032,515
2026-02-17 02:30:14.260067,521
2026-02-17 02:30:14.267963,514
2026-02-17 02:30:14.276020,507
2026-02-17 02:30:14.284006,507
2026-02-17 02:30:14.292006,517
2026-02-17 02:30:14.300026,521
2026-02-17 02:30:14.308022,508
2026-02-17 02:30:14.316047,511
2026-02-17 02:30:14.324026,505
2026-02-17 02:30:14.332061,503
2026-02-17 02:30:14.340006,512
2026-02-17 02:30:14.348007,512
2026-02-17 02:30:14.356004,516
2026-02-17 02:30:14.364009,504
2026-02-17 02:30:14.372003,496
2026-02-17 02:30:14.379994,497
2026-02-17 02:30:14.388069,500
2026-02-17 02:30:14.396023,516
2026-02-17 02:30:14.404014,508
2026-02-17 02:30:14.412042,511
2026-02-17 02:30:14.420005,518
2026-02-17 02:30:14.428000,517
2026-02-17 02:30:14.435999,518
2026-02-17 02:30:14.443955,508
2026-02-17 02:30:14.451963,515
2026-02-17 02:30:14.460021,516
2026-02-17 02:30:14.467950,510
2026-02-17 02:30:14.476156,518
2026-02-17 02:30:14.484122,512
2026-02-17 02:30:14.492111,519
2026-02-17 02:30:14.500054,518
2026-02-17 02:30:14.507961,515
2026-02-17 02:30:14.516068,516
2026-02-17 02:30:14.523964,509
2026-02-17 02:30:14.532066,511
2026-02-17 02:30:14.540030,510
2026-02-17 02:30:14.548042,510
2026-02-17 02:30:14.556083,509
2026-02-17 02:30:14.564009,511
2026-02-17 02:30:14.572082,514
2026-02-17 02:30:14.580044,516
2026-02-17 02:30:14.588115,509
2026-02-17 02:30:14.596031,518
2026-02-17 02:30:14.603972,516
2026-02-17 02:30:14.612037,519
2026-02-17 02:30:14.620006,522
2026-02-17 02:30:14.628022,501
2026-02-17 02:30:14.635956,501
2026-02-17 02:30:14.643996,503
2026-02-17 02:30:14.651988,509
2026-02-17 02:30:14.660133,502
2026-02-17 02:30:14.668014,496
2026-02-17 02:30:14.676007,512
2026-02-17 02:30:14.684167,505
2026-02-17 02:30:14.692046,511
2026-02-17 02:30:14.700107,506
2026-02-17 02:30:14.708077,500
2026-02-17 02:30:14.716123,519
2026-02-17 02:30:14.724076,515
2026-02-17 02:30:14.732092,511
2026-02-17 02:30:14.740081,510
2026-02-17 02:30:14.748134,508
2026-02-17 02:30:14.756150,502
2026-02-17 02:30:14.764083,519
2026-02-17 02:30:14.772040,513
2026-02-17 02:30:14.780057,515
2026-02-17 02:30:14.788132,508
2026-02-17 02:30:14.796161,514
2026-02-17 02:30:14.804098,516
2026-02-17 02:30:14.812155,510
2026-02-17 02:30:14.820098,521
2026-02-17 02:30:14.828137,508
2026-02-17 02:30:14.836085,510
2026-02-17 02:30:14.844145,510
2026-02-17 02:30:14.852136,507
2026-02-17 02:30:14.860080,511
2026-02-17 02:30:14.868120,514
2026-02-17 02:30:14.876107,521
2026-02-17 02:30:14.884205,518
2026-02-17 02:30:14.892123,501
2026-02-17 02:30:14.900157,514
2026-02-17 02:30:14.908121,513
2026-02-17 02:30:14.916055,513
2026-02-17 02:30:14.924107,523
2026-02-17 02:30:14.932158,525
2026-02-17 02:30:14.940045,526
2026-02-17 02:30:14.948037,511
2026-02-17 02:30:14.956052,520
2026-02-17 02:30:14.964043,517
2026-02-17 02:30:14.972019,506
2026-02-17 02:30:14.980032,521
2026-02-17 02:30:14.988036,515
2026-02-17 02:30:14.996038,525
2026-02-17 02:30:15.004033,524
2026-02-17 02:30:15.012056,507
2026-02-17 02:30:15.020059,512
2026-02-17 02:30:15.028046,504
2026-02-17 02:30:15.036017,529
2026-02-17 02:30:15.044069,509
2026-02-17 02:30:15.052063,506
2026-02-17 02:30:15.060029,520
2026-02-17 02:30:15.068049,510
2026-02-17 02:30:15.076077,502
2026-02-17 02:30:15.084151,512
2026-02-17 02:30:15.092050,514
2026-02-17 02:30:15.100114,511
2026-02-17 02:30:15.108026,511
2026-02-17 02:30:15.116162,509
2026-02-17 02:30:15.124040,513
2026-02-17 02:30:15.132041,514
2026-02-17 02:30:15.140076,508
2026-02-17 02:30:15.148046,503
2026-02-17 02:30:15.156070,517
2026-02-17 02:30:15.164043,515
2026-02-17 02:30:15.172001,508
2026-02-17 02:30:15.180062,517
2026-02-17 02:30:15.188060,504
2026-02-17 02:30:15.196045,514
2026-02-17 02:30:15.204060,510
2026-02-17 02:30:15.212057,512
2026-02-17 02:30:15.220031,505
2026-02-17 02:30:15.228045,510
2026-02-17 02:30:15.236040,522
2026-02-17 02:30:15.244033,510
2026-02-17 02:30:15.252061,505
2026-02-17 02:30:15.260020,508
2026-02-17 02:30:15.268097,505
2026-02-17 02:30:15.276003,514
2026-02-17 02:30:15.284006,513
2026-02-17 02:30:15.291970,511
2026-02-17 02:30:15.300001,515
2026-02-17 02:30:15.308010,508
2026-02-17 02:30:15.316015,516
2026-02-17 02:30:15.324003,523
2026-02-17 02:30:15.331998,510
2026-02-17 02:30:15.340005,513
2026-02-17 02:30:15.347968,501
2026-02-17 02:30:15.356035,512
2026-02-17 02:30:15.363972,514
2026-02-17 02:30:15.371991,522
2026-02-17 02:30:15.379997,525
2026-02-17 02:30:15.388007,519
2026-02-17 02:30:15.395997,508
2026-02-17 02:30:15.404001,505
2026-02-17 02:30:15.412004,510
2026-02-17 02:30:15.420043,523
2026-02-17 02:30:15.428013,520
2026-02-17 02:30:15.436004,508
2026-02-17 02:30:15.444009,514
2026-02-17 02:30:15.452148,516
2026-02-17 02:30:15.460145,518
2026-02-17 02:30:15.468005,514
2026-02-17 02:30:15.475961,510
2026-02-17 02:30:15.484016,517
2026-02-17 02:30:15.492024,502
2026-02-17 02:30:15.500041,506
2026-02-17 02:30:15.508009,507
2026-02-17 02:30:15.516087,516
2026-02-17 02:30:15.524046,519
2026-02-17 02:30:15.532059,517
2026-02-17 02:30:15.540037,513
2026-02-17 02:30:15.547992,512
2026-02-17 02:30:15.556005,524
2026-02-17 02:30:15.564015,512
2026-02-17 02:30:15.572063,513
2026-02-17 02:30:15.580018,516
2026-02-17 02:30:15.588039,512
2026-02-17 02:30:15.596051,509
2026-02-17 02:30:15.604033,503
2026-02-17 02:30:15.612020,512
2026-02-17 02:30:15.620133,517
2026-02-17 02:30:15.628102,514
2026-02-17 02:30:15.636021,519
2026-02-17 02:30:15.644026,502
2026-02-17 02:30:15.652024,510
2026-02-17 02:30:15.660128,508
2026-02-17 02:30:15.668028,513
2026-02-17 02:30:15.676009,517
2026-02-17 02:30:15.684066,512
2026-02-17 02:30:15.692019,522
2026-02-17 02:30:15.700016,513
2026-02-17 02:30:15.708027,506
2026-02-17 02:30:15.716000,517
2026-02-17 02:30:15.723950,519
2026-02-17 02:30:15.732090,516
2026-02-17 02:30:15.740226,515
2026-02-17 02:30:15.748147,515
2026-02-17 02:30:15.756039,508
2026-02-17 02:30:15.764037,504
2026-02-17 02:30:15.772070,509
2026-02-17 02:30:15.780048,520
2026-02-17 02:30:15.788065,513
2026-02-17 02:30:15.796094,511
2026-02-17 02:30:15.804033,517
2026-02-17 02:30:15.812036,517
2026-02-17 02:30:15.820012,524
2026-02-17 02:30:15.828011,503
2026-02-17 02:30:15.836063,508
2026-02-17 02:30:15.844012,514
2026-02-17 02:30:15.852073,516
2026-02-17 02:30:15.860022,524
2026-02-17 02:30:15.868094,504
2026-02-17 02:30:15.876070,513
2026-02-17 02:30:15.884061,517
2026-02-17 02:30:15.892017,503
2026-02-17 02:30:15.900066,511
2026-02-17 02:30:15.908068,504
2026-02-17 02:30:15.916019,517
2026-02-17 02:30:15.923966,506
2026-02-17 02:30:15.932054,502
2026-02-17 02:30:15.940023,506
2026-02-17 02:30:15.948016,516
2026-02-17 02:30:15.956006,514
2026-02-17 02:30:15.964013,520
2026-02-17 02:30:15.971972,510
2026-02-17 02:30:15.979966,513
2026-02-17 02:30:15.988071,511
2026-02-17 02:30:15.996077,521
2026-02-17 02:30:16.004027,516
2026-02-17 02:30:16.012017,510
2026-02-17 02:30:16.020074,509
2026-02-17 02:30:16.028015,508
2026-02-17 02:30:16.035982,515
2026-02-17 02:30:16.044098,513
2026-02-17 02:30:16.052010,510
2026-02-17 02:30:16.060082,513
2026-02-17 02:30:16.068120,506
2026-02-17 02:30:16.076048,511
2026-02-17 02:30:16.084054,515
2026-02-17 02:30:16.092028,521
2026-02-17 02:30:16.100002,506
2026-02-17 02:30:16.107981,502
2026-02-17 02:30:16.115988,516
2026-02-17 02:30:16.124013,514
2026-02-17 02:30:16.132014,512
2026-02-17 02:30:16.140008,521
2026-02-17 02:30:16.148129,513
2026-02-17 02:30:16.156135,512
2026-02-17 02:30:16.164044,506
2026-02-17 02:30:16.172042,506
2026-02-17 02:30:16.180026,514
2026-02-17 02:30:16.188065,515
2026-02-17 02:30:16.196029,521
2026-02-17 02:30:16.204019,515
2026-02-17 02:30:16.212031,510
2026-02-17 02:30:16.220029,523
2026-02-17 02:30:16.228013,506
2026-02-17 02:30:16.236018,506
2026-02-17 02:30:16.244044,504
2026-02-17 02:30:16.252034,512
2026-02-17 02:30:16.260018,518
2026-02-17 02:30:16.268023,511
2026-02-17 02:30:16.276017,513
2026-02-17 02:30:16.284017,498
2026-02-17 02:30:16.292026,505
2026-02-17 02:30:16.300025,497
2026-02-17 02:30:16.308022,494
2026-02-17 02:30:16.316021,491
2026-02-17 02:30:16.324016,494
2026-02-17 02:30:16.332013,489
2026-02-17 02:30:16.340011,489
2026-02-17 02:30:16.348016,486
2026-02-17 02:30:16.356013,491
2026-02-17 02:30:16.364013,496
2026-02-17 02:30:16.372018,495
2026-02-17 02:30:16.380020,502
2026-02-17 02:30:16.388021,493
2026-02-17 02:30:16.396040,504
2026-02-17 02:30:16.404064,507
2026-02-17 02:30:16.412026,511
2026-02-17 02:30:16.420009,515
2026-02-17 02:30:16.428008,503
2026-02-17 02:30:16.436028,519
2026-02-17 02:30:16.444040,509
2026-02-17 02:30:16.452032,519
2026-02-17 02:30:16.460014,514
2026-02-17 02:30:16.468025,519
2026-02-17 02:30:16.476035,523
2026-02-17 02:30:16.484009,520
2026-02-17 02:30:16.492023,518
2026-02-17 02:30:16.500005,508
2026-02-17 02:30:16.508035,511
2026-02-17 02:30:16.516023,523
2026-02-17 02:30:16.524030,511
2026-02-17 02:30:16.532064,522
2026-02-17 02:30:16.540028,514
2026-02-17 02:30:16.548042,509
2026-02-17 02:30:16.556069,520
2026-02-17 02:30:16.564008,508
2026-02-17 02:30:16.572035,511
2026-02-17 02:30:16.580072,522
2026-02-17 02:30:16.588070,505
2026-02-17 02:30:16.596055,509
2026-02-17 02:30:16.604036,506
2026-02-17 02:30:16.612083,512
2026-02-17 02:30:16.620019,519
2026-02-17 02:30:16.628042,509
2026-02-17 02:30:16.636014,521
2026-02-17 02:30:16.644087,514
2026-02-17 02:30:16.652062,517
2026-02-17 02:30:16.660173,511
2026-02-17 02:30:16.668092,518
2026-02-17 02:30:16.676077,515
2026-02-17 02:30:16.684079,515
2026-02-17 02:30:16.692033,509
2026-02-17 02:30:16.700024,512
2026-02-17 02:30:16.708051,507
2026-02-17 02:30:16.716036,512
2026-02-17 02:30:16.724019,502
2026-02-17 02:30:16.732024,506
2026-02-17 02:30:16.740020,520
2026-02-17 02:30:16.748017,510
2026-02-17 02:30:16.756025,517
2026-02-17 02:30:16.764026,511
2026-02-17 02:30:16.772020,504
2026-02-17 02:30:16.780035,514
2026-02-17 02:30:16.788066,511
2026-02-17 02:30:16.796072,522
2026-02-17 02:30:16.804030,513
2026-02-17 02:30:16.812068,509
2026-02-17 02:30:16.820022,516
2026-02-17 02:30:16.828021,509
2026-02-17 02:30:16.836028,512
2026-02-17 02:30:16.844017,513
2026-02-17 02:30:16.852069,524
2026-02-17 02:30:16.860030,506
2026-02-17 02:30:16.868026,504
2026-02-17 02:30:16.876012,515
2026-02-17 02:30:16.884060,513
2026-02-17 02:30:16.892019,517
2026-02-17 02:30:16.900082,510
2026-02-17 02:30:16.908025,500
2026-02-17 02:30:16.916028,503
2026-02-17 02:30:16.924019,512
2026-02-17 02:30:16.932012,504
2026-02-17 02:30:16.940154,515
2026-02-17 02:30:16.948088,512
2026-02-17 02:30:16.956036,505
2026-02-17 02:30:16.963968,508
2026-02-17 02:30:16.971963,510
2026-02-17 02:30:16.979958,512
2026-02-17 02:30:16.987991,502
2026-02-17 02:30:16.996059,515
2026-02-17 02:30:17.003974,518
2026-02-17 02:30:17.012034,503
2026-02-17 02:30:17.020085,504
2026-02-17 02:30:17.028115,507
2026-02-17 02:30:17.036044,517
2026-02-17 02:30:17.044095,518
2026-02-17 02:30:17.052130,515
2026-02-17 02:30:17.060039,509
2026-02-17 02:30:17.067992,514
2026-02-17 02:30:17.075965,520
2026-02-17 02:30:17.084116,521
2026-02-17 02:30:17.091968,507
2026-02-17 02:30:17.099964,504
2026-02-17 02:30:17.107979,505
2026-02-17 02:30:17.115970,518
2026-02-17 02:30:17.123963,513
2026-02-17 02:30:17.132045,508
2026-02-17 02:30:17.139964,512
2026-02-17 02:30:17.147960,516
2026-02-17 02:30:17.156087,500
2026-02-17 02:30:17.163965,509
2026-02-17 02:30:17.171973,513
2026-02-17 02:30:17.179969,513
2026-02-17 02:30:17.187981,514
2026-02-17 02:30:17.195974,523
2026-02-17 02:30:17.203971,512
2026-02-17 02:30:17.211964,516
2026-02-17 02:30:17.219969,515
2026-02-17 02:30:17.227960,517
2026-02-17 02:30:17.235962,521
2026-02-17 02:30:17.244020,514
2026-02-17 02:30:17.252029,517
2026-02-17 02:30:17.259968,507
2026-02-17 02:30:17.268127,509
2026-02-17 02:30:17.276077,510
2026-02-17 02:30:17.284085,516
2026-02-17 02:30:17.292051,512
2026-02-17 02:30:17.300164,518
2026-02-17 02:30:17.308096,498
2026-02-17 02:30:17.316034,500
2026-02-17 02:30:17.324026,509
2026-02-17 02:30:17.332039,514
2026-02-17 02:30:17.340034,515
2026-02-17 02:30:17.348024,509
2026-02-17 02:30:17.356023,512
2026-02-17 02:30:17.364040,517
2026-02-17 02:30:17.372063,519
2026-02-17 02:30:17.380062,520
2026-02-17 02:30:17.388038,507
2026-02-17 02:30:17.396041,512
2026-02-17 02:30:17.404031,512
2026-02-17 02:30:17.412050,514
2026-02-17 02:30:17.420105,517
2026-02-17 02:30:17.428110,519
2026-02-17 02:30:17.436030,516
2026-02-17 02:30:17.444077,515
2026-02-17 02:30:17.452040,507
2026-02-17 02:30:17.460053,512
2026-02-17 02:30:17.468030,514
2026-02-17 02:30:17.476075,514
2026-02-17 02:30:17.484028,523
2026-02-17 02:30:17.492016,514
2026-02-17 02:30:17.500028,523
2026-02-17 02:30:17.508057,505
2026-02-17 02:30:17.516055,505
2026-02-17 02:30:17.524061,503
2026-02-17 02:30:17.532086,513
2026-02-17 02:30:17.540043,515
2026-02-17 02:30:17.548040,507
2026-02-17 02:30:17.556075,517
2026-02-17 02:30:17.564100,503
2026-02-17 02:30:17.572040,512
2026-02-17 02:30:17.580034,507
2026-02-17 02:30:17.587992,507
2026-02-17 02:30:17.596120,521
2026-02-17 02:30:17.604098,515
2026-02-17 02:30:17.612073,511
2026-02-17 02:30:17.620057,512
2026-02-17 02:30:17.628042,499
2026-02-17 02:30:17.636025,505
2026-02-17 02:30:17.644066,513
2026-02-17 02:30:17.652083,514
2026-02-17 02:30:17.660139,512
2026-02-17 02:30:17.668084,508
2026-02-17 02:30:17.676038,504
2026-02-17 02:30:17.684088,505
2026-02-17 02:30:17.692063,509
2026-02-17 02:30:17.700035,518
2026-02-17 02:30:17.708027,513
2026-02-17 02:30:17.716069,514
2026-02-17 02:30:17.724024,507
2026-02-17 02:30:17.732067,500
2026-02-17 02:30:17.740023,515
2026-02-17 02:30:17.748013,516
2026-02-17 02:30:17.756030,516
2026-02-17 02:30:17.764064,517
2026-02-17 02:30:17.772016,516
2026-02-17 02:30:17.780032,518
2026-02-17 02:30:17.788033,513
2026-02-17 02:30:17.796031,510
2026-02-17 02:30:17.804086,515
2026-02-17 02:30:17.812018,508
2026-02-17 02:30:17.820036,520
2026-02-17 02:30:17.828038,509
2026-02-17 02:30:17.836033,521
2026-02-17 02:30:17.844024,511
2026-02-17 02:30:17.852095,513
2026-02-17 02:30:17.860081,509
2026-02-17 02:30:17.868028,504
2026-02-17 02:30:17.876034,510
2026-02-17 02:30:17.884046,503
2026-02-17 02:30:17.892063,507
2026-02-17 02:30:17.900012,513
2026-02-17 02:30:17.908073,505
2026-02-17 02:30:17.916080,514
2026-02-17 02:30:17.924048,501
2026-02-17 02:30:17.932025,518
2026-02-17 02:30:17.940024,517
2026-02-17 02:30:17.948070,507
2026-02-17 02:30:17.956028,516
2026-02-17 02:30:17.964065,513
2026-02-17 02:30:17.972018,509
2026-02-17 02:30:17.980029,515
2026-02-17 02:30:17.988032,510
2026-02-17 02:30:17.996031,510
2026-02-17 02:30:18.004100,518
2026-02-17 02:30:18.012081,515
2026-02-17 02:30:18.020164,515
2026-02-17 02:30:18.028093,508
2026-02-17 02:30:18.036064,505
2026-02-17 02:30:18.044066,516
2026-02-17 02:30:18.052175,506
2026-02-17 02:30:18.060068,524
2026-02-17 02:30:18.068062,513
2026-02-17 02:30:18.076042,510
2026-02-17 02:30:18.084120,506
2026-02-17 02:30:18.092043,505
2026-02-17 02:30:18.100007,518
2026-02-17 02:30:18.108046,515
2026-02-17 02:30:18.116012,521
2026-02-17 02:30:18.124020,504
2026-02-17 02:30:18.132028,515
2026-02-17 02:30:18.140073,510
2026-02-17 02:30:18.148027,508
2026-02-17 02:30:18.156242,520
2026-02-17 02:30:18.164129,514
2026-02-17 02:30:18.172061,523
2026-02-17 02:30:18.180047,515
2026-02-17 02:30:18.188142,514
2026-02-17 02:30:18.196065,514
2026-02-17 02:30:18.204089,515
2026-02-17 02:30:18.212051,513
2026-02-17 02:30:18.220040,514
2026-02-17 02:30:18.228030,515
2026-02-17 02:30:18.236044,520
2026-02-17 02:30:18.244033,518
2026-02-17 02:30:18.252027,517
2026-02-17 02:30:18.260022,523
2026-02-17 02:30:18.268025,516
2026-02-17 02:30:18.276034,513
2026-02-17 02:30:18.284026,509
2026-02-17 02:30:18.292027,512
2026-02-17 02:30:18.300043,508
2026-02-17 02:30:18.308037,507
2026-02-17 02:30:18.316061,515
2026-02-17 02:30:18.324029,514
2026-02-17 02:30:18.332062,511
2026-02-17 02:30:18.340039,511
2026-02-17 02:30:18.348030,510
2026-02-17 02:30:18.356026,501
2026-02-17 02:30:18.364012,513
2026-02-17 02:30:18.372020,515
2026-02-17 02:30:18.380043,527
2026-02-17 02:30:18.388034,511
2026-02-17 02:30:18.396027,504
2026-02-17 02:30:18.404078,510
2026-02-17 02:30:18.412097,513
2026-02-17 02:30:18.420080,517
2026-02-17 02:30:18.428042,515
2026-02-17 02:30:18.436031,514
2026-02-17 02:30:18.444032,506
2026-02-17 02:30:18.452032,502
2026-02-17 02:30:18.460060,498
2026-02-17 02:30:18.468040,510
2026-02-17 02:30:18.476031,528
2026-02-17 02:30:18.484028,512
2026-02-17 02:30:18.492044,512
2026-02-17 02:30:18.500042,510
2026-02-17 02:30:18.508037,513
2026-02-17 02:30:18.515984,519
2026-02-17 02:30:18.523971,519
2026-02-17 02:30:18.532056,517
2026-02-17 02:30:18.540078,516
2026-02-17 02:30:18.548058,512
2026-02-17 02:30:18.556034,512
2026-02-17 02:30:18.564039,517
2026-02-17 02:30:18.572053,522
2026-02-17 02:30:18.580025,511
2026-02-17 02:30:18.588031,509
2026-02-17 02:30:18.596060,511
2026-02-17 02:30:18.604054,510
2026-02-17 02:30:18.612055,508
2026-02-17 02:30:18.620038,508
2026-02-17 02:30:18.628025,512
2026-02-17 02:30:18.636025,514
2026-02-17 02:30:18.644041,505
2026-02-17 02:30:18.652040,511
2026-02-17 02:30:18.660107,505
2026-02-17 02:30:18.668074,506
2026-02-17 02:30:18.676090,512
2026-02-17 02:30:18.684103,507
2026-02-17 02:30:18.692059,520
2026-02-17 02:30:18.700130,520
2026-02-17 02:30:18.708121,504
2026-02-17 02:30:18.716114,520
2026-02-17 02:30:18.724058,513
2026-02-17 02:30:18.732046,516
2026-02-17 02:30:18.740062,517
2026-02-17 02:30:18.748228,506
2026-02-17 02:30:18.756149,518
2026-02-17 02:30:18.764124,513
2026-02-17 02:30:18.772108,527
2026-02-17 02:30:18.780094,515
2026-02-17 02:30:18.788083,519
2026-02-17 02:30:18.796051,511
2026-02-17 02:30:18.804101,510
2026-02-17 02:30:18.812066,506
2026-02-17 02:30:18.820063,515
2026-02-17 02:30:18.828075,517
2026-02-17 02:30:18.836043,515
2026-02-17 02:30:18.843973,509
2026-02-17 02:30:18.852107,522
2026-02-17 02:30:18.860170,520
2026-02-17 02:30:18.868107,515
2026-02-17 02:30:18.876050,512
2026-02-17 02:30:18.884041,511
2026-02-17 02:30:18.892047,510
2026-02-17 02:30:18.900050,497
2026-02-17 02:30:18.908039,503
2026-02-17 02:30:18.916049,520
2026-02-17 02:30:18.924032,512
2026-02-17 02:30:18.932036,512
2026-02-17 02:30:18.940024,517
2026-02-17 02:30:18.948022,512
2026-02-17 02:30:18.956029,514
2026-02-17 02:30:18.964044,511
2026-02-17 02:30:18.972036,511
2026-02-17 02:30:18.980026,518
2026-02-17 02:30:18.988048,509
2026-02-17 02:30:18.996059,518
2026-02-17 02:30:19.004115,515
2026-02-17 02:30:19.012112,523
2026-02-17 02:30:19.020056,520
2026-02-17 02:30:19.028041,511
2026-02-17 02:30:19.036042,503
2026-02-17 02:30:19.044103,505
2026-02-17 02:30:19.052052,508
2026-02-17 02:30:19.060026,519
2026-02-17 02:30:19.068023,511
2026-02-17 02:30:19.076152,512
2026-02-17 02:30:19.084021,502
2026-02-17 02:30:19.092135,510
2026-02-17 02:30:19.100101,518
2026-02-17 02:30:19.108067,507
2026-02-17 02:30:19.116026,512
2026-02-17 02:30:19.124017,519
2026-02-17 02:30:19.132085,515
2026-02-17 02:30:19.139982,506
2026-02-17 02:30:19.147976,512
2026-02-17 02:30:19.155998,520
2026-02-17 02:30:19.164127,507
2026-02-17 02:30:19.172175,502
2026-02-17 02:30:19.180090,508
2026-02-17 02:30:19.188094,513
2026-02-17 02:30:19.196035,516
2026-02-17 02:30:19.204035,509
2026-02-17 02:30:19.211985,511
2026-02-17 02:30:19.220013,520
2026-02-17 02:30:19.227992,489
2026-02-17 02:30:19.236029,505
2026-02-17 02:30:19.243995,501
2026-02-17 02:30:19.251992,500
2026-02-17 02:30:19.259980,507
2026-02-17 02:30:19.268007,500
2026-02-17 02:30:19.276080,508
2026-02-17 02:30:19.283978,506
2026-02-17 02:30:19.291970,510
2026-02-17 02:30:19.300036,508
2026-02-17 02:30:19.308032,511
2026-02-17 02:30:19.316040,520
2026-02-17 02:30:19.324028,505
2026-02-17 02:30:19.332042,515
2026-02-17 02:30:19.340049,511
2026-02-17 02:30:19.348044,510
2026-02-17 02:30:19.356051,505
2026-02-17 02:30:19.364040,512
2026-02-17 02:30:19.372039,513
2026-02-17 02:30:19.380035,514
2026-02-17 02:30:19.388030,507
2026-02-17 02:30:19.395972,513
2026-02-17 02:30:19.404035,514
2026-02-17 02:30:19.412072,509
2026-02-17 02:30:19.420046,513
2026-02-17 02:30:19.428056,507
2026-02-17 02:30:19.436110,510
2026-02-17 02:30:19.444044,508
2026-02-17 02:30:19.452085,519
2026-02-17 02:30:19.460029,511
2026-02-17 02:30:19.468035,510
2026-02-17 02:30:19.476067,514
2026-02-17 02:30:19.484030,510
2026-02-17 02:30:19.491973,517
2026-02-17 02:30:19.499980,514
2026-02-17 02:30:19.508018,515
2026-02-17 02:30:19.516027,514
2026-02-17 02:30:19.524037,513
2026-02-17 02:30:19.532043,519
2026-02-17 02:30:19.540031,520
2026-02-17 02:30:19.547997,507
2026-02-17 02:30:19.556024,521
2026-02-17 02:30:19.564021,508
2026-02-17 02:30:19.572040,510
2026-02-17 02:30:19.580038,521
2026-02-17 02:30:19.587973,510
2026-02-17 02:30:19.595982,514
2026-02-17 02:30:19.604037,506
2026-02-17 02:30:19.612055,510
2026-02-17 02:30:19.620042,514
2026-02-17 02:30:19.628022,512
2026-02-17 02:30:19.636101,522
2026-02-17 02:30:19.644044,514
2026-02-17 02:30:19.652122,506
2026-02-17 02:30:19.660116,520
2026-02-17 02:30:19.667981,514
2026-02-17 02:30:19.676090,511
2026-02-17 02:30:19.684065,508
2026-02-17 02:30:19.692099,508
2026-02-17 02:30:19.700055,506
2026-02-17 02:30:19.708026,511
2026-02-17 02:30:19.716049,512
2026-02-17 02:30:19.724037,514
2026-02-17 02:30:19.732035,503
2026-02-17 02:30:19.740029,516
2026-02-17 02:30:19.748027,517
2026-02-17 02:30:19.756024,511
2026-02-17 02:30:19.764030,513
2026-02-17 02:30:19.772025,513
2026-02-17 02:30:19.779979,515
2026-02-17 02:30:19.787974,505
2026-02-17 02:30:19.796021,513
2026-02-17 02:30:19.804067,525
2026-02-17 02:30:19.812058,513
2026-02-17 02:30:19.820042,517
2026-02-17 02:30:19.828029,512
2026-02-17 02:30:19.836035,522
2026-02-17 02:30:19.844032,521
2026-02-17 02:30:19.852037,505
2026-02-17 02:30:19.859983,502
2026-02-17 02:30:19.868060,501
2026-02-17 02:30:19.876043,524
2026-02-17 02:30:19.884003,520
2026-02-17 02:30:19.891987,521
2026-02-17 02:30:19.900037,516
2026-02-17 02:30:19.908008,513
2026-02-17 02:30:19.916016,513
2026-02-17 02:30:19.924048,500
2026-02-17 02:30:19.932038,510
2026-02-17 02:30:19.940039,517
2026-02-17 02:30:19.948011,516
2026-02-17 02:30:19.956004,522
2026-02-17 02:30:19.964003,515
2026-02-17 02:30:19.972052,518
2026-02-17 02:30:19.980068,519
2026-02-17 02:30:19.988055,505
2026-02-17 02:30:19.996033,513
2026-02-17 02:30:20.004027,519
2026-02-17 02:30:20.012205,516
2026-02-17 02:30:20.020124,519
2026-02-17 02:30:20.028057,509
2026-02-17 02:30:20.036015,514
2026-02-17 02:30:20.044053,516
2026-02-17 02:30:20.052109,506
2026-02-17 02:30:20.060130,505
2026-02-17 02:30:20.068105,507
2026-02-17 02:30:20.076086,512
2026-02-17 02:30:20.084025,516
2026-02-17 02:30:20.092114,518
2026-02-17 02:30:20.100093,519
2026-02-17 02:30:20.108046,516
2026-02-17 02:30:20.116112,522
2026-02-17 02:30:20.124028,500
2026-02-17 02:30:20.132029,508
2026-02-17 02:30:20.139990,514
2026-02-17 02:30:20.148070,511
2026-02-17 02:30:20.156170,510
2026-02-17 02:30:20.164085,509
2026-02-17 02:30:20.172022,500
2026-02-17 02:30:20.180021,508
2026-02-17 02:30:20.188198,515
2026-02-17 02:30:20.196076,515
2026-02-17 02:30:20.204045,515
2026-02-17 02:30:20.212042,512
2026-02-17 02:30:20.220092,508
2026-02-17 02:30:20.228091,500
2026-02-17 02:30:20.236047,513
2026-02-17 02:30:20.244060,506
2026-02-17 02:30:20.252093,512
2026-02-17 02:30:20.260160,513
2026-02-17 02:30:20.268108,511
2026-02-17 02:30:20.276009,506
2026-02-17 02:30:20.284047,497
2026-02-17 02:30:20.292029,508
2026-02-17 02:30:20.299997,508
2026-02-17 02:30:20.308024,503
2026-02-17 02:30:20.316017,508
2026-02-17 02:30:20.324004,509
2026-02-17 02:30:20.332015,516
2026-02-17 02:30:20.340021,514
2026-02-17 02:30:20.348010,511
2026-02-17 02:30:20.356039,525
2026-02-17 02:30:20.364057,522
2026-02-17 02:30:20.372061,516
2026-02-17 02:30:20.380026,522
2026-02-17 02:30:20.388036,516
2026-02-17 02:30:20.396032,519
2026-02-17 02:30:20.404033,519
2026-02-17 02:30:20.412023,511
2026-02-17 02:30:20.420027,513
2026-02-17 02:30:20.428038,510
2026-02-17 02:30:20.436040,503
2026-02-17 02:30:20.444038,509
2026-02-17 02:30:20.452129,510
2026-02-17 02:30:20.460065,502
2026-02-17 02:30:20.468004,512
2026-02-17 02:30:20.476066,520
2026-02-17 02:30:20.484043,510
2026-02-17 02:30:20.492039,503
2026-02-17 02:30:20.500050,501
2026-02-17 02:30:20.508091,506
2026-02-17 02:30:20.516096,519
2026-02-17 02:30:20.524045,511
2026-02-17 02:30:20.532037,516
2026-02-17 02:30:20.539992,507
2026-02-17 02:30:20.548126,507
2026-02-17 02:30:20.556070,521
2026-02-17 02:30:20.564114,512
2026-02-17 02:30:20.572096,507
2026-02-17 02:30:20.580054,516
2026-02-17 02:30:20.588024,505
2026-02-17 02:30:20.596068,510
2026-02-17 02:30:20.604050,502
2026-02-17 02:30:20.612077,503
2026-02-17 02:30:20.620098,515
2026-02-17 02:30:20.628087,501
2026-02-17 02:30:20.636155,516
2026-02-17 02:30:20.644087,514
2026-02-17 02:30:20.652058,508
2026-02-17 02:30:20.660153,511
2026-02-17 02:30:20.668130,504
2026-02-17 02:30:20.676094,514
2026-02-17 02:30:20.684110,522
2026-02-17 02:30:20.692103,509
2026-02-17 02:30:20.700056,515
2026-02-17 02:30:20.708049,502
2026-02-17 02:30:20.716045,509
2026-02-17 02:30:20.724052,510
2026-02-17 02:30:20.732089,516
2026-02-17 02:30:20.740048,513
2026-02-17 02:30:20.748044,509
2026-02-17 02:30:20.756046,521
2026-02-17 02:30:20.764038,509
2026-02-17 02:30:20.772046,512
2026-02-17 02:30:20.780043,519
2026-02-17 02:30:20.788070,511
2026-02-17 02:30:20.796034,517
2026-02-17 02:30:20.804051,508
2026-02-17 02:30:20.812060,507
2026-02-17 02:30:20.820052,503
2026-02-17 02:30:20.828045,501
2026-02-17 02:30:20.836039,507
2026-02-17 02:30:20.844046,511
2026-02-17 02:30:20.852147,512
2026-02-17 02:30:20.860143,512
2026-02-17 02:30:20.868112,507
2026-02-17 02:30:20.876113,509
2026-02-17 02:30:20.884037,503
2026-02-17 02:30:20.892148,516
2026-02-17 02:30:20.900125,516
2026-02-17 02:30:20.908112,514
2026-02-17 02:30:20.916060,525
2026-02-17 02:30:20.924055,506
2026-02-17 02:30:20.932024,514
2026-02-17 02:30:20.939988,513
2026-02-17 02:30:20.947983,509
2026-02-17 02:30:20.955984,511
2026-02-17 02:30:20.963982,516
2026-02-17 02:30:20.971988,515
2026-02-17 02:30:20.979986,515
2026-02-17 02:30:20.987984,509
2026-02-17 02:30:20.995985,510
2026-02-17 02:30:21.003980,514
2026-02-17 02:30:21.012041,514
2026-02-17 02:30:21.020031,523
2026-02-17 02:30:21.028067,497
2026-02-17 02:30:21.036089,513
2026-02-17 02:30:21.044079,510
2026-02-17 02:30:21.052082,512
2026-02-17 02:30:21.060150,510
2026-02-17 02:30:21.068058,511
2026-02-17 02:30:21.076017,509
2026-02-17 02:30:21.084024,505
2026-02-17 02:30:21.092114,516
2026-02-17 02:30:21.100024,516
2026-02-17 02:30:21.108040,518
2026-02-17 02:30:21.116047,525
2026-02-17 02:30:21.124045,505
2026-02-17 02:30:21.132002,507
2026-02-17 02:30:21.139992,520
2026-02-17 02:30:21.147987,517
2026-02-17 02:30:21.156038,519
2026-02-17 02:30:21.163992,515
2026-02-17 02:30:21.172047,507
2026-02-17 02:30:21.180051,513
2026-02-17 02:30:21.187998,512
2026-02-17 02:30:21.196069,515
2026-02-17 02:30:21.204047,507
2026-02-17 02:30:21.212068,511
2026-02-17 02:30:21.220096,520
2026-02-17 02:30:21.228100,508
2026-02-17 02:30:21.236026,519
2026-02-17 02:30:21.244050,510
2026-02-17 02:30:21.252063,516
2026-02-17 02:30:21.260075,513
2026-02-17 02:30:21.268045,522
2026-02-17 02:30:21.276035,517
2026-02-17 02:30:21.284034,506
2026-02-17 02:30:21.292053,513
2026-02-17 02:30:21.300057,516
2026-02-17 02:30:21.308053,515
2026-02-17 02:30:21.316049,519
2026-02-17 02:30:21.324044,511
2026-02-17 02:30:21.332197,506
2026-02-17 02:30:21.340124,516
2026-02-17 02:30:21.348047,518
2026-02-17 02:30:21.356062,518
2026-02-17 02:30:21.364079,509
2026-02-17 02:30:21.372059,516
2026-02-17 02:30:21.380054,510
2026-02-17 02:30:21.388052,510
2026-02-17 02:30:21.396053,516
2026-02-17 02:30:21.404103,521
2026-02-17 02:30:21.412060,521
2026-02-17 02:30:21.420085,507
2026-02-17 02:30:21.428069,513
2026-02-17 02:30:21.436138,512
2026-02-17 02:30:21.444137,515
2026-02-17 02:30:21.452119,507
2026-02-17 02:30:21.460103,510
2026-02-17 02:30:21.468093,508
2026-02-17 02:30:21.476043,514
2026-02-17 02:30:21.484073,523
2026-02-17 02:30:21.492094,506
2026-02-17 02:30:21.500031,518
2026-02-17 02:30:21.508060,506
2026-02-17 02:30:21.516050,509
2026-02-17 02:30:21.524051,516
2026-02-17 02:30:21.532084,511
2026-02-17 02:30:21.540053,507
2026-02-17 02:30:21.548039,507
2026-02-17 02:30:21.556138,511
2026-02-17 02:30:21.564047,507
2026-02-17 02:30:21.572095,504
2026-02-17 02:30:21.580105,501
2026-02-17 02:30:21.588077,509
2026-02-17 02:30:21.596095,507
2026-02-17 02:30:21.604080,506
2026-02-17 02:30:21.612047,510
2026-02-17 02:30:21.620075,511
2026-02-17 02:30:21.628089,492
2026-02-17 02:30:21.636073,510
2026-02-17 02:30:21.644055,512
2026-02-17 02:30:21.652059,505
2026-02-17 02:30:21.660089,515
2026-02-17 02:30:21.668132,509
2026-02-17 02:30:21.676064,507
2026-02-17 02:30:21.684079,511
2026-02-17 02:30:21.692112,518
2026-02-17 02:30:21.700062,524
2026-02-17 02:30:21.708095,514
2026-02-17 02:30:21.716052,520
2026-02-17 02:30:21.724050,498
2026-02-17 02:30:21.732125,508
2026-02-17 02:30:21.740061,518
2026-02-17 02:30:21.748069,510
2026-02-17 02:30:21.756055,518
2026-02-17 02:30:21.764157,507
2026-02-17 02:30:21.772087,512
2026-02-17 02:30:21.780077,508
2026-02-17 02:30:21.788098,513
2026-02-17 02:30:21.796092,521
2026-02-17 02:30:21.804058,523
2026-02-17 02:30:21.812061,511
2026-02-17 02:30:21.820067,520
2026-02-17 02:30:21.828061,518
2026-02-17 02:30:21.836063,515
2026-02-17 02:30:21.844055,503
2026-02-17 02:30:21.852162,508
2026-02-17 02:30:21.860123,527
2026-02-17 02:30:21.868116,507
2026-02-17 02:30:21.876145,514
2026-02-17 02:30:21.884085,516
2026-02-17 02:30:21.892025,512
2026-02-17 02:30:21.899983,516
2026-02-17 02:30:21.908113,506
2026-02-17 02:30:21.916069,525
2026-02-17 02:30:21.924052,520
2026-02-17 02:30:21.932091,515
2026-02-17 02:30:21.940071,518
2026-02-17 02:30:21.948049,505
2026-02-17 02:30:21.956046,518
2026-02-17 02:30:21.964033,519
2026-02-17 02:30:21.972058,508
2026-02-17 02:30:21.980048,512
2026-02-17 02:30:21.988107,511
2026-02-17 02:30:21.996051,519
2026-02-17 02:30:22.004047,507
2026-02-17 02:30:22.012114,507
2026-02-17 02:30:22.020113,516
2026-02-17 02:30:22.028113,513
2026-02-17 02:30:22.036095,521
2026-02-17 02:30:22.044176,504
2026-02-17 02:30:22.052208,503
2026-02-17 02:30:22.062518,506
2026-02-17 02:30:22.068571,519
2026-02-17 02:30:22.076150,517
2026-02-17 02:30:22.084234,508
2026-02-17 02:30:22.092308,506
2026-02-17 02:30:22.100168,494
2026-02-17 02:30:22.108147,506
2026-02-17 02:30:22.116104,528
2026-02-17 02:30:22.124114,524
2026-02-17 02:30:22.132096,506
2026-02-17 02:30:22.140094,505
2026-02-17 02:30:22.148092,508
2026-02-17 02:30:22.156121,515
2026-02-17 02:30:22.164071,506
2026-02-17 02:30:22.172101,516
2026-02-17 02:30:22.180103,518
2026-02-17 02:30:22.188113,502
2026-02-17 02:30:22.196085,509
2026-02-17 02:30:22.204087,513
2026-02-17 02:30:22.212075,518
2026-02-17 02:30:22.220088,519
2026-02-17 02:30:22.228080,512
2026-02-17 02:30:22.236077,515
2026-02-17 02:30:22.244065,508
2026-02-17 02:30:22.252100,519
2026-02-17 02:30:22.260042,521
2026-02-17 02:30:22.268078,517
2026-02-17 02:30:22.276141,515
2026-02-17 02:30:22.284103,518
2026-02-17 02:30:22.292179,509
2026-02-17 02:30:22.300081,510
2026-02-17 02:30:22.308148,501
2026-02-17 02:30:22.316069,514
2026-02-17 02:30:22.324175,520
2026-02-17 02:30:22.332083,510
2026-02-17 02:30:22.340093,513
2026-02-17 02:30:22.348095,495
2026-02-17 02:30:22.356089,518
2026-02-17 02:30:22.364092,510
2026-02-17 02:30:22.372083,505
2026-02-17 02:30:22.380071,507
2026-02-17 02:30:22.388203,489
2026-02-17 02:30:22.396070,505
2026-02-17 02:30:22.404095,512
2026-02-17 02:30:22.412096,516
2026-02-17 02:30:22.420089,522
2026-02-17 02:30:22.428101,510
2026-02-17 02:30:22.436081,509
2026-02-17 02:30:22.444123,510
2026-02-17 02:30:22.452092,517
2026-02-17 02:30:22.460092,518
2026-02-17 02:30:22.468066,518
2026-02-17 02:30:22.476159,509
2026-02-17 02:30:22.484095,514
2026-02-17 02:30:22.492136,507
2026-02-17 02:30:22.500213,520
2026-02-17 02:30:22.508206,515
2026-02-17 02:30:22.516150,512
2026-02-17 02:30:22.524159,507
2026-02-17 02:30:22.532179,503
2026-02-17 02:30:22.540163,509
2026-02-17 02:30:22.548139,521
2026-02-17 02:30:22.556123,519
2026-02-17 02:30:22.564190,506
2026-02-17 02:30:22.572190,511
2026-02-17 02:30:22.580116,508
2026-02-17 02:30:22.588139,506
2026-02-17 02:30:22.596195,519
2026-02-17 02:30:22.604159,511
2026-02-17 02:30:22.612144,512
2026-02-17 02:30:22.620232,515
2026-02-17 02:30:22.628160,499
2026-02-17 02:30:22.636214,515
2026-02-17 02:30:22.644216,516
2026-02-17 02:30:22.652297,519
2026-02-17 02:30:22.660222,518
2026-02-17 02:30:22.668170,522
2026-02-17 02:30:22.676182,504
2026-02-17 02:30:22.684155,509
2026-02-17 02:30:22.692183,512
2026-02-17 02:30:22.700142,518
2026-02-17 02:30:22.708124,509
2026-02-17 02:30:22.716166,518
2026-02-17 02:30:22.724196,518
2026-02-17 02:30:22.732149,504
2026-02-17 02:30:22.740158,504
2026-02-17 02:30:22.748156,507
2026-02-17 02:30:22.756150,518
2026-02-17 02:30:22.764172,518
2026-02-17 02:30:22.772135,515
2026-02-17 02:30:22.780150,513
2026-02-17 02:30:22.788158,502
2026-02-17 02:30:22.796187,506
2026-02-17 02:30:22.804196,510
2026-02-17 02:30:22.812180,517
2026-02-17 02:30:22.820206,519
2026-02-17 02:30:22.828161,507
2026-02-17 02:30:22.836136,518
2026-02-17 02:30:22.844127,503
2026-02-17 02:30:22.852111,518
2026-02-17 02:30:22.860205,518
2026-02-17 02:30:22.868168,507
2026-02-17 02:30:22.876163,514
2026-02-17 02:30:22.884185,510
2026-02-17 02:30:22.892119,506
2026-02-17 02:30:22.900082,500
2026-02-17 02:30:22.908140,504
2026-02-17 02:30:22.916103,513
2026-02-17 02:30:22.924076,514
2026-02-17 02:30:22.932200,512
2026-02-17 02:30:22.940132,507
2026-02-17 02:30:22.948170,513
2026-02-17 02:30:22.956222,505
2026-02-17 02:30:22.964262,511
2026-02-17 02:30:22.972143,501
2026-02-17 02:30:22.980109,510
2026-02-17 02:30:22.988097,511
2026-02-17 02:30:22.996061,519
2026-02-17 02:30:23.004062,522
2026-02-17 02:30:23.012121,518
2026-02-17 02:30:23.020066,511
2026-02-17 02:30:23.028156,509
2026-02-17 02:30:23.036104,514
2026-02-17 02:30:23.044076,514
2026-02-17 02:30:23.052136,510
2026-02-17 02:30:23.060105,512
2026-02-17 02:30:23.068199,509
2026-02-17 02:30:23.076053,514
2026-02-17 02:30:23.084049,506
2026-02-17 02:30:23.092154,512
2026-02-17 02:30:23.100014,513
2026-02-17 02:30:23.108246,507
2026-02-17 02:30:23.116080,509
2026-02-17 02:30:23.124105,509
2026-02-17 02:30:23.132101,518
2026-02-17 02:30:23.140065,512
2026-02-17 02:30:23.148073,495
2026-02-17 02:30:23.156180,491
2026-02-17 02:30:23.164109,497
2026-02-17 02:30:23.172066,501
2026-02-17 02:30:23.180099,510
2026-02-17 02:30:23.188154,511
2026-02-17 02:30:23.196078,505
2026-02-17 02:30:23.204116,514
2026-02-17 02:30:23.212063,512
2026-02-17 02:30:23.220151,508
2026-02-17 02:30:23.228114,512
2026-02-17 02:30:23.236068,517
2026-02-17 02:30:23.244082,513
2026-02-17 02:30:23.252075,522
2026-02-17 02:30:23.260085,520
2026-02-17 02:30:23.268078,512
2026-02-17 02:30:23.276080,511
2026-02-17 02:30:23.284068,512
2026-02-17 02:30:23.292068,513
2026-02-17 02:30:23.300064,522
2026-02-17 02:30:23.308070,514
2026-02-17 02:30:23.316062,508
2026-02-17 02:30:23.324065,498
2026-02-17 02:30:23.332107,516
2026-02-17 02:30:23.340059,514
2026-02-17 02:30:23.348056,513
2026-02-17 02:30:23.356069,521
2026-02-17 02:30:23.364065,509
2026-02-17 02:30:23.372071,511
2026-02-17 02:30:23.380081,511
2026-02-17 02:30:23.388068,510
2026-02-17 02:30:23.396063,517
2026-02-17 02:30:23.404062,510
2026-02-17 02:30:23.412069,511
2026-02-17 02:30:23.420059,507
2026-02-17 02:30:23.428099,497
2026-02-17 02:30:23.436054,512
2026-02-17 02:30:23.444089,518
2026-02-17 02:30:23.452158,513
2026-02-17 02:30:23.460136,523
2026-02-17 02:30:23.468065,515
2026-02-17 02:30:23.476068,519
2026-02-17 02:30:23.484072,513
2026-02-17 02:30:23.492061,515
2026-02-17 02:30:23.500065,514
2026-02-17 02:30:23.508064,507
2026-02-17 02:30:23.516067,512
2026-02-17 02:30:23.524061,519
2026-02-17 02:30:23.532103,513
2026-02-17 02:30:23.540069,512
2026-02-17 02:30:23.548059,502
2026-02-17 02:30:23.556105,517
2026-02-17 02:30:23.564082,513
2026-02-17 02:30:23.572043,515
2026-02-17 02:30:23.580074,519
2026-02-17 02:30:23.588087,520
2026-02-17 02:30:23.596020,511
2026-02-17 02:30:23.604032,512
2026-02-17 02:30:23.612135,516
2026-02-17 02:30:23.620073,516
2026-02-17 02:30:23.628169,523
2026-02-17 02:30:23.636076,526
2026-02-17 02:30:23.644116,502
2026-02-17 02:30:23.652140,508
2026-02-17 02:30:23.660232,521
2026-02-17 02:30:23.668127,505
2026-02-17 02:30:23.676145,514
2026-02-17 02:30:23.684071,513
2026-02-17 02:30:23.692084,522
2026-02-17 02:30:23.700064,519
2026-02-17 02:30:23.708173,510
2026-02-17 02:30:23.716087,511
2026-02-17 02:30:23.724068,508
2026-02-17 02:30:23.732116,513
2026-02-17 02:30:23.740059,516
2026-02-17 02:30:23.748120,511
2026-02-17 02:30:23.756083,513
2026-02-17 02:30:23.764102,513
2026-02-17 02:30:23.772066,517
2026-02-17 02:30:23.780091,515
2026-02-17 02:30:23.788075,513
2026-02-17 02:30:23.796084,511
2026-02-17 02:30:23.804033,517
2026-02-17 02:30:23.812123,517
2026-02-17 02:30:23.820054,519
2026-02-17 02:30:23.828006,502
2026-02-17 02:30:23.836114,518
2026-02-17 02:30:23.844141,508
2026-02-17 02:30:23.852126,519
2026-02-17 02:30:23.860086,511
2026-02-17 02:30:23.868068,511
2026-02-17 02:30:23.876071,514
2026-02-17 02:30:23.884115,515
2026-02-17 02:30:23.892066,518
2026-02-17 02:30:23.900085,516
2026-02-17 02:30:23.908072,512
2026-02-17 02:30:23.916083,501
2026-02-17 02:30:23.924071,489
2026-02-17 02:30:23.932067,501
2026-02-17 02:30:23.940069,504
2026-02-17 02:30:23.948072,510
2026-02-17 02:30:23.956066,511
2026-02-17 02:30:23.964065,509
2026-02-17 02:30:23.972068,521
2026-02-17 02:30:23.980077,516
2026-02-17 02:30:23.988073,513
2026-02-17 02:30:23.996060,528
2026-02-17 02:30:24.004071,514
2026-02-17 02:30:24.012123,518
2026-02-17 02:30:24.020140,516
2026-02-17 02:30:24.028102,516
2026-02-17 02:30:24.036111,515
2026-02-17 02:30:24.044041,506
2026-02-17 02:30:24.052109,504
2026-02-17 02:30:24.060124,506
2026-02-17 02:30:24.068172,515
2026-02-17 02:30:24.076111,518
2026-02-17 02:30:24.084084,511
2026-02-17 02:30:24.092137,511
2026-02-17 02:30:24.100143,515
2026-02-17 02:30:24.108086,507
2026-02-17 02:30:24.116095,508
2026-02-17 02:30:24.124132,513
2026-02-17 02:30:24.132124,511
2026-02-17 02:30:24.140161,507
2026-02-17 02:30:24.148128,515
2026-02-17 02:30:24.156303,509
2026-02-17 02:30:24.164162,501
2026-02-17 02:30:24.172114,508
2026-02-17 02:30:24.180091,515
2026-02-17 02:30:24.188142,513
2026-02-17 02:30:24.196170,522
2026-02-17 02:30:24.204114,503
2026-02-17 02:30:24.212122,508
2026-02-17 02:30:24.220130,511
2026-02-17 02:30:24.228129,510
2026-02-17 02:30:24.236083,514
2026-02-17 02:30:24.244101,514
2026-02-17 02:30:24.252079,521
2026-02-17 02:30:24.260083,512
2026-02-17 02:30:24.268081,508
2026-02-17 02:30:24.276079,524
2026-02-17 02:30:24.284069,514
2026-02-17 02:30:24.292070,502
2026-02-17 02:30:24.300070,512
2026-02-17 02:30:24.308071,510
2026-02-17 02:30:24.316075,516
2026-02-17 02:30:24.324071,508
2026-02-17 02:30:24.332066,510
2026-02-17 02:30:24.340077,506
2026-02-17 02:30:24.348071,503
2026-02-17 02:30:24.356067,519
2026-02-17 02:30:24.364069,509
2026-02-17 02:30:24.372065,509
2026-02-17 02:30:24.380078,520
2026-02-17 02:30:24.388125,520
2026-02-17 02:30:24.396099,527
2026-02-17 02:30:24.404068,507
2026-02-17 02:30:24.412057,515
2026-02-17 02:30:24.420064,520
2026-02-17 02:30:24.428087,515
2026-02-17 02:30:24.436365,515
2026-02-17 02:30:24.444177,515
2026-02-17 02:30:24.452097,512
2026-02-17 02:30:24.460139,507
2026-02-17 02:30:24.468139,507
2026-02-17 02:30:24.476078,516
2026-02-17 02:30:24.484089,520
2026-02-17 02:30:24.492079,509
2026-02-17 02:30:24.500067,503
2026-02-17 02:30:24.508068,512
2026-02-17 02:30:24.516059,525
2026-02-17 02:30:24.524080,515
2026-02-17 02:30:24.532097,510
2026-02-17 02:30:24.540123,513
2026-02-17 02:30:24.548057,504
2026-02-17 02:30:24.556077,517
2026-02-17 02:30:24.564035,508
2026-02-17 02:30:24.572124,503
2026-02-17 02:30:24.580082,509
2026-02-17 02:30:24.588039,509
2026-02-17 02:30:24.596109,512
2026-02-17 02:30:24.604076,503
2026-02-17 02:30:24.612047,521
2026-02-17 02:30:24.620066,513
2026-02-17 02:30:24.628166,509
2026-02-17 02:30:24.636086,520
2026-02-17 02:30:24.644085,500
2026-02-17 02:30:24.652082,512
2026-02-17 02:30:24.660247,505
2026-02-17 02:30:24.668120,503
2026-02-17 02:30:24.676188,507
2026-02-17 02:30:24.684142,508
2026-02-17 02:30:24.692076,517
2026-02-17 02:30:24.700072,504
2026-02-17 02:30:24.708193,500
2026-02-17 02:30:24.716127,519
2026-02-17 02:30:24.724074,523
2026-02-17 02:30:24.732107,518
2026-02-17 02:30:24.740091,509
2026-02-17 02:30:24.748204,515
2026-02-17 02:30:24.756136,521
2026-02-17 02:30:24.764086,502
2026-02-17 02:30:24.772098,514
2026-02-17 02:30:24.780085,514
2026-02-17 02:30:24.788107,511
2026-02-17 02:30:24.796080,512
2026-02-17 02:30:24.804098,514
2026-02-17 02:30:24.812089,495
2026-02-17 02:30:24.820074,514
2026-02-17 02:30:24.828129,508
2026-02-17 02:30:24.836083,518
2026-02-17 02:30:24.844082,517
2026-02-17 02:30:24.852220,509
2026-02-17 02:30:24.860147,517
2026-02-17 02:30:24.868134,518
2026-02-17 02:30:24.876241,509
2026-02-17 02:30:24.884239,508
2026-02-17 02:30:24.892171,511
2026-02-17 02:30:24.900207,511
2026-02-17 02:30:24.908162,515
2026-02-17 02:30:24.916229,511
2026-02-17 02:30:24.924265,507
2026-02-17 02:30:24.932212,510
2026-02-17 02:30:24.940228,507
2026-02-17 02:30:24.948226,516
2026-02-17 02:30:24.956215,521
2026-02-17 02:30:24.964248,521
2026-02-17 02:30:24.972229,506
2026-02-17 02:30:24.980261,506
2026-02-17 02:30:24.988209,506
2026-02-17 02:30:24.996198,516
2026-02-17 02:30:25.004238,521
2026-02-17 02:30:25.012265,525
2026-02-17 02:30:25.020136,522
2026-02-17 02:30:25.028185,506
2026-02-17 02:30:25.036131,516
2026-02-17 02:30:25.044287,513
2026-02-17 02:30:25.052249,512
2026-02-17 02:30:25.060245,523
2026-02-17 02:30:25.068158,510
2026-02-17 02:30:25.076303,511
2026-02-17 02:30:25.084192,519
2026-02-17 02:30:25.092185,505
2026-02-17 02:30:25.100168,515
2026-02-17 02:30:25.108185,514
2026-02-17 02:30:25.116151,506
2026-02-17 02:30:25.124124,514
2026-02-17 02:30:25.132119,515
2026-02-17 02:30:25.140156,511
2026-02-17 02:30:25.148175,506
2026-02-17 02:30:25.156150,509
2026-02-17 02:30:25.164144,512
2026-02-17 02:30:25.172208,515
2026-02-17 02:30:25.180136,518
2026-02-17 02:30:25.188125,510
2026-02-17 02:30:25.196142,516
2026-02-17 02:30:25.204133,506
2026-02-17 02:30:25.212135,516
2026-02-17 02:30:25.220152,516
2026-02-17 02:30:25.228132,520
2026-02-17 02:30:25.236157,505
2026-02-17 02:30:25.244137,508
2026-02-17 02:30:25.252205,517
2026-02-17 02:30:25.260131,520
2026-02-17 02:30:25.268114,499
2026-02-17 02:30:25.276103,520
2026-02-17 02:30:25.284067,515
2026-02-17 02:30:25.292066,512
2026-02-17 02:30:25.300082,518
2026-02-17 02:30:25.308051,510
2026-02-17 02:30:25.316074,509
2026-02-17 02:30:25.324057,505
2026-02-17 02:30:25.332146,510
2026-02-17 02:30:25.340099,513
2026-02-17 02:30:25.348161,508
2026-02-17 02:30:25.356087,510
2026-02-17 02:30:25.364139,507
2026-02-17 02:30:25.372056,505
2026-02-17 02:30:25.380125,511
2026-02-17 02:30:25.388119,511
2026-02-17 02:30:25.396108,517
2026-02-17 02:30:25.404131,511
2026-02-17 02:30:25.412121,498
2026-02-17 02:30:25.420132,498
2026-02-17 02:30:25.428143,516
2026-02-17 02:30:25.436136,522
2026-02-17 02:30:25.444127,516
2026-02-17 02:30:25.452153,518
2026-02-17 02:30:25.460169,508
2026-02-17 02:30:25.468145,514
2026-02-17 02:30:25.476196,522
2026-02-17 02:30:25.484150,517
2026-02-17 02:30:25.492169,516
2026-02-17 02:30:25.500161,514
2026-02-17 02:30:25.508205,509
2026-02-17 02:30:25.516209,518
2026-02-17 02:30:25.524224,513
2026-02-17 02:30:25.532176,511
2026-02-17 02:30:25.540192,516
2026-02-17 02:30:25.548198,501
2026-02-17 02:30:25.556146,523
2026-02-17 02:30:25.564194,514
2026-02-17 02:30:25.572187,510
2026-02-17 02:30:25.580210,513
2026-02-17 02:30:25.588139,502
2026-02-17 02:30:25.596206,501
2026-02-17 02:30:25.604202,509
2026-02-17 02:30:25.612180,505
2026-02-17 02:30:25.620170,511
2026-02-17 02:30:25.628209,507
2026-02-17 02:30:25.636133,504
2026-02-17 02:30:25.644218,508
2026-02-17 02:30:25.652144,508
2026-02-17 02:30:25.660245,507
2026-02-17 02:30:25.668201,509
2026-02-17 02:30:25.676216,513
2026-02-17 02:30:25.684164,503
2026-02-17 02:30:25.692216,512
2026-02-17 02:30:25.700119,520
2026-02-17 02:30:25.708105,516
2026-02-17 02:30:25.716129,522
2026-02-17 02:30:25.724082,517
2026-02-17 02:30:25.732091,516
2026-02-17 02:30:25.740074,525
2026-02-17 02:30:25.748101,519
2026-02-17 02:30:25.756087,515
2026-02-17 02:30:25.764093,512
2026-02-17 02:30:25.772089,511
2026-02-17 02:30:25.780130,509
2026-02-17 02:30:25.788099,516
2026-02-17 02:30:25.796080,526
2026-02-17 02:30:25.804132,517
2026-02-17 02:30:25.812120,511
2026-02-17 02:30:25.820062,514
2026-02-17 02:30:25.828142,504
2026-02-17 02:30:25.836135,507
2026-02-17 02:30:25.844093,512
2026-02-17 02:30:25.852078,517
2026-02-17 02:30:25.860028,515
2026-02-17 02:30:25.868155,512
2026-02-17 02:30:25.876086,522
2026-02-17 02:30:25.884100,509
2026-02-17 02:30:25.892078,519
2026-02-17 02:30:25.900109,510
2026-02-17 02:30:25.908082,513
2026-02-17 02:30:25.916085,513
2026-02-17 02:30:25.924089,507
2026-02-17 02:30:25.932078,514
2026-02-17 02:30:25.940097,512
2026-02-17 02:30:25.948086,504
2026-02-17 02:30:25.956093,502
2026-02-17 02:30:25.964138,505
2026-02-17 02:30:25.972102,512
2026-02-17 02:30:25.980100,512
2026-02-17 02:30:25.988068,508
2026-02-17 02:30:25.996093,514
2026-02-17 02:30:26.004090,501
2026-02-17 02:30:26.012133,507
2026-02-17 02:30:26.020079,510
2026-02-17 02:30:26.028121,518
2026-02-17 02:30:26.036121,522
2026-02-17 02:30:26.044167,511
2026-02-17 02:30:26.052037,497
2026-02-17 02:30:26.060059,516
2026-02-17 02:30:26.068122,516
2026-02-17 02:30:26.076052,518
2026-02-17 02:30:26.084073,499
2026-02-17 02:30:26.092062,516
2026-02-17 02:30:26.100062,516
2026-02-17 02:30:26.108089,507
2026-02-17 02:30:26.116174,517
2026-02-17 02:30:26.124094,508
2026-02-17 02:30:26.132103,513
2026-02-17 02:30:26.140107,516
2026-02-17 02:30:26.148106,509
2026-02-17 02:30:26.156114,509
2026-02-17 02:30:26.164152,500
2026-02-17 02:30:26.172120,510
2026-02-17 02:30:26.180167,517
2026-02-17 02:30:26.188134,506
2026-02-17 02:30:26.196084,519
2026-02-17 02:30:26.204081,516
2026-02-17 02:30:26.212133,517
2026-02-17 02:30:26.220115,513
2026-02-17 02:30:26.228106,516
2026-02-17 02:30:26.236129,524
2026-02-17 02:30:26.244151,517
2026-02-17 02:30:26.252142,511
2026-02-17 02:30:26.260050,521
2026-02-17 02:30:26.268085,502
2026-02-17 02:30:26.276105,520
2026-02-17 02:30:26.284090,512
2026-02-17 02:30:26.292137,517
2026-02-17 02:30:26.300090,514
2026-02-17 02:30:26.308084,513
2026-02-17 02:30:26.316080,523
2026-02-17 02:30:26.324080,494
2026-02-17 02:30:26.332112,514
2026-02-17 02:30:26.340099,514
2026-02-17 02:30:26.348104,512
2026-02-17 02:30:26.356118,513
2026-02-17 02:30:26.364080,509
2026-02-17 02:30:26.372091,510
2026-02-17 02:30:26.380145,508
2026-02-17 02:30:26.388092,510
2026-02-17 02:30:26.396133,515
2026-02-17 02:30:26.404134,509
2026-02-17 02:30:26.412113,508
2026-02-17 02:30:26.420083,508
2026-02-17 02:30:26.428091,518
2026-02-17 02:30:26.436126,517
2026-02-17 02:30:26.444132,508
2026-02-17 02:30:26.452084,513
2026-02-17 02:30:26.460103,515
2026-02-17 02:30:26.468087,503
2026-02-17 02:30:26.476084,511
2026-02-17 02:30:26.484085,518
2026-02-17 02:30:26.492091,507
2026-02-17 02:30:26.500071,518
2026-02-17 02:30:26.508245,509
2026-02-17 02:30:26.516176,512
2026-02-17 02:30:26.524154,510
2026-02-17 02:30:26.532126,513
2026-02-17 02:30:26.540131,509
2026-02-17 02:30:26.548159,500
2026-02-17 02:30:26.556111,515
2026-02-17 02:30:26.564175,519
2026-02-17 02:30:26.572120,507
2026-02-17 02:30:26.580127,510
2026-02-17 02:30:26.588040,509
2026-02-17 02:30:26.596093,517
2026-02-17 02:30:26.604042,516
2026-02-17 02:30:26.612057,506
2026-02-17 02:30:26.620126,517
2026-02-17 02:30:26.628123,508
2026-02-17 02:30:26.636151,520
2026-02-17 02:30:26.644137,508
2026-02-17 02:30:26.652095,499
2026-02-17 02:30:26.660186,514
2026-02-17 02:30:26.668181,503
2026-02-17 02:30:26.676045,514
2026-02-17 02:30:26.684095,510
2026-02-17 02:30:26.692198,515
2026-02-17 02:30:26.700145,518
2026-02-17 02:30:26.708093,508
2026-02-17 02:30:26.716095,516
2026-02-17 02:30:26.724091,509
2026-02-17 02:30:26.732092,507
2026-02-17 02:30:26.740083,513
2026-02-17 02:30:26.748095,502
2026-02-17 02:30:26.756125,518
2026-02-17 02:30:26.764090,511
2026-02-17 02:30:26.772088,514
2026-02-17 02:30:26.780130,510
2026-02-17 02:30:26.788085,509
2026-02-17 02:30:26.796085,522
2026-02-17 02:30:26.804083,514
2026-02-17 02:30:26.812102,514
2026-02-17 02:30:26.820085,506
2026-02-17 02:30:26.828192,512
2026-02-17 02:30:26.836173,511
2026-02-17 02:30:26.844194,515
2026-02-17 02:30:26.852156,507
2026-02-17 02:30:26.860179,519
2026-02-17 02:30:26.868106,516
2026-02-17 02:30:26.876094,511
2026-02-17 02:30:26.884091,516
2026-02-17 02:30:26.892094,512
2026-02-17 02:30:26.900091,512
2026-02-17 02:30:26.908083,512
2026-02-17 02:30:26.916127,525
2026-02-17 02:30:26.924142,512
2026-02-17 02:30:26.932097,496
2026-02-17 02:30:26.940096,510
2026-02-17 02:30:26.948083,506
2026-02-17 02:30:26.956103,512
2026-02-17 02:30:26.964080,507
2026-02-17 02:30:26.972081,520
2026-02-17 02:30:26.980102,508
2026-02-17 02:30:26.988089,512
2026-02-17 02:30:26.996074,515
2026-02-17 02:30:27.004084,514
2026-02-17 02:30:27.012095,515
2026-02-17 02:30:27.020138,521
2026-02-17 02:30:27.028081,511
2026-02-17 02:30:27.036110,507
2026-02-17 02:30:27.044096,500
2026-02-17 02:30:27.052097,514
2026-02-17 02:30:27.060074,517
2026-02-17 02:30:27.068061,513
2026-02-17 02:30:27.076032,519
2026-02-17 02:30:27.084146,503
2026-02-17 02:30:27.092090,517
2026-02-17 02:30:27.100136,516
2026-02-17 02:30:27.108050,509
2026-02-17 02:30:27.116242,512
2026-02-17 02:30:27.124190,513
2026-02-17 02:30:27.132248,500
2026-02-17 02:30:27.140200,505
2026-02-17 02:30:27.148150,507
2026-02-17 02:30:27.156114,505
2026-02-17 02:30:27.164138,505
2026-02-17 02:30:27.172102,517
2026-02-17 02:30:27.180107,516
2026-02-17 02:30:27.188100,510
2026-02-17 02:30:27.196144,509
2026-02-17 02:30:27.204121,501
2026-02-17 02:30:27.212092,514
2026-02-17 02:30:27.220129,515
2026-02-17 02:30:27.228090,515
2026-02-17 02:30:27.236093,519
2026-02-17 02:30:27.244144,522
2026-02-17 02:30:27.252152,505
2026-02-17 02:30:27.260151,515
2026-02-17 02:30:27.268072,517
2026-02-17 02:30:27.276091,526
2026-02-17 02:30:27.284091,512
2026-02-17 02:30:27.292097,515
2026-02-17 02:30:27.300095,514
2026-02-17 02:30:27.308093,514
2026-02-17 02:30:27.316087,512
2026-02-17 02:30:27.324084,513
2026-02-17 02:30:27.332092,521
2026-02-17 02:30:27.340110,516
2026-02-17 02:30:27.348090,507
2026-02-17 02:30:27.356090,508
2026-02-17 02:30:27.364099,514
2026-02-17 02:30:27.372095,513
2026-02-17 02:30:27.380099,513
2026-02-17 02:30:27.388087,513
2026-02-17 02:30:27.396092,515
2026-02-17 02:30:27.404094,517
2026-02-17 02:30:27.412095,499
2026-02-17 02:30:27.420093,506
2026-02-17 02:30:27.428084,511
2026-02-17 02:30:27.436093,510
2026-02-17 02:30:27.444172,519
2026-02-17 02:30:27.452104,504
2026-02-17 02:30:27.460101,512
2026-02-17 02:30:27.468093,499
2026-02-17 02:30:27.476098,515
2026-02-17 02:30:27.484096,510
2026-02-17 02:30:27.492094,511
2026-02-17 02:30:27.500091,505
2026-02-17 02:30:27.508085,504
2026-02-17 02:30:27.516130,519
2026-02-17 02:30:27.524065,508
2026-02-17 02:30:27.532073,514
2026-02-17 02:30:27.540098,517
2026-02-17 02:30:27.548092,506
2026-02-17 02:30:27.556087,510
2026-02-17 02:30:27.564037,518
2026-02-17 02:30:27.572086,515
2026-02-17 02:30:27.580091,514
2026-02-17 02:30:27.588071,505
2026-02-17 02:30:27.596124,514
2026-02-17 02:30:27.604116,516
2026-02-17 02:30:27.612134,512
2026-02-17 02:30:27.620097,512
2026-02-17 02:30:27.628090,517
2026-02-17 02:30:27.636094,519
2026-02-17 02:30:27.644104,507
2026-02-17 02:30:27.652107,512
2026-02-17 02:30:27.660225,515
2026-02-17 02:30:27.668161,503
2026-02-17 02:30:27.676107,512
2026-02-17 02:30:27.684145,503
2026-02-17 02:30:27.692181,505
2026-02-17 02:30:27.700054,520
2026-02-17 02:30:27.708094,512
2026-02-17 02:30:27.716115,505
2026-02-17 02:30:27.724095,510
2026-02-17 02:30:27.732117,501
2026-02-17 02:30:27.740151,504
2026-02-17 02:30:27.748169,504
2026-02-17 02:30:27.756151,516
2026-02-17 02:30:27.764109,516
2026-02-17 02:30:27.772138,515
2026-02-17 02:30:27.780119,505
2026-02-17 02:30:27.788094,505
2026-02-17 02:30:27.796104,523
2026-02-17 02:30:27.804100,517
2026-02-17 02:30:27.812096,522
2026-02-17 02:30:27.820100,525
2026-02-17 02:30:27.828087,510
2026-02-17 02:30:27.836091,522
2026-02-17 02:30:27.844108,516
2026-02-17 02:30:27.852216,505
2026-02-17 02:30:27.860226,513
2026-02-17 02:30:27.868156,517
2026-02-17 02:30:27.876172,522
2026-02-17 02:30:27.884127,505
2026-02-17 02:30:27.892104,516
2026-02-17 02:30:27.900098,510
2026-02-17 02:30:27.908108,513
2026-02-17 02:30:27.916081,520
2026-02-17 02:30:27.924092,515
2026-02-17 02:30:27.932102,510
2026-02-17 02:30:27.940098,502
2026-02-17 02:30:27.948098,505
2026-02-17 02:30:27.956094,522
2026-02-17 02:30:27.964093,506
2026-02-17 02:30:27.972096,515
2026-02-17 02:30:27.980100,510
2026-02-17 02:30:27.988091,507
2026-02-17 02:30:27.996099,515
2026-02-17 02:30:28.004105,517
2026-02-17 02:30:28.012095,502
2026-02-17 02:30:28.020165,519
2026-02-17 02:30:28.028076,506
2026-02-17 02:30:28.036114,516
2026-02-17 02:30:28.044146,515
2026-02-17 02:30:28.052140,507
2026-02-17 02:30:28.060097,516
2026-02-17 02:30:28.068116,513
2026-02-17 02:30:28.076097,517
2026-02-17 02:30:28.084076,509
2026-02-17 02:30:28.092219,519
2026-02-17 02:30:28.100073,529
2026-02-17 02:30:28.108055,513
2026-02-17 02:30:28.116105,516
2026-02-17 02:30:28.124101,507
2026-02-17 02:30:28.132095,512
2026-02-17 02:30:28.140133,508
2026-02-17 02:30:28.148105,503
2026-02-17 02:30:28.156188,512
2026-02-17 02:30:28.164144,510
2026-02-17 02:30:28.172108,516
2026-02-17 02:30:28.180140,514
2026-02-17 02:30:28.188081,513
2026-02-17 02:30:28.196147,527
2026-02-17 02:30:28.204126,511
2026-02-17 02:30:28.212091,513
2026-02-17 02:30:28.220098,520
2026-02-17 02:30:28.228090,510
2026-02-17 02:30:28.236106,519
2026-02-17 02:30:28.244135,519
2026-02-17 02:30:28.252098,520
2026-02-17 02:30:28.260105,520
2026-02-17 02:30:28.268114,513
2026-02-17 02:30:28.276153,520
2026-02-17 02:30:28.284139,509
2026-02-17 02:30:28.292090,499
2026-02-17 02:30:28.300111,507
2026-02-17 02:30:28.308101,518
2026-02-17 02:30:28.316095,526
2026-02-17 02:30:28.324095,518
2026-02-17 02:30:28.332102,516
2026-02-17 02:30:28.340104,516
2026-02-17 02:30:28.348105,506
2026-02-17 02:30:28.356086,501
2026-02-17 02:30:28.364174,508
2026-02-17 02:30:28.372110,507
2026-02-17 02:30:28.380110,509
2026-02-17 02:30:28.388099,511
2026-02-17 02:30:28.396104,506
2026-02-17 02:30:28.404113,503
2026-02-17 02:30:28.412081,513
2026-02-17 02:30:28.420103,523
2026-02-17 02:30:28.428135,514
2026-02-17 02:30:28.436100,518
2026-02-17 02:30:28.444170,511
2026-02-17 02:30:28.452139,524
2026-02-17 02:30:28.460105,522
2026-02-17 02:30:28.468130,501
2026-02-17 02:30:28.476102,509
2026-02-17 02:30:28.484101,508
2026-02-17 02:30:28.492121,513
2026-02-17 02:30:28.500090,510
2026-02-17 02:30:28.508092,504
2026-02-17 02:30:28.516099,507
2026-02-17 02:30:28.524087,504
2026-02-17 02:30:28.532081,515
2026-02-17 02:30:28.540103,515
2026-02-17 02:30:28.548088,502
2026-02-17 02:30:28.556132,511
2026-02-17 02:30:28.564100,503
2026-02-17 02:30:28.572142,518
2026-02-17 02:30:28.580160,512
2026-02-17 02:30:28.588114,515
2026-02-17 02:30:28.596147,519
2026-02-17 02:30:28.604095,508
2026-02-17 02:30:28.612104,510
2026-02-17 02:30:28.620116,519
2026-02-17 02:30:28.628104,524
2026-02-17 02:30:28.636162,519
2026-02-17 02:30:28.644272,517
2026-02-17 02:30:28.652160,506
2026-02-17 02:30:28.660265,509
2026-02-17 02:30:28.668189,496
2026-02-17 02:30:28.676142,517
2026-02-17 02:30:28.684141,516
2026-02-17 02:30:28.692056,510
2026-02-17 02:30:28.700160,516
2026-02-17 02:30:28.708111,504
2026-02-17 02:30:28.716109,505
2026-02-17 02:30:28.724133,499
2026-02-17 02:30:28.732108,512
2026-02-17 02:30:28.740101,501
2026-02-17 02:30:28.748146,512
2026-02-17 02:30:28.756158,520
2026-02-17 02:30:28.764184,513
2026-02-17 02:30:28.772159,525
2026-02-17 02:30:28.780140,530
2026-02-17 02:30:28.788162,526
2026-02-17 02:30:28.796108,536
2026-02-17 02:30:28.804103,523
2026-02-17 02:30:28.812105,514
2026-02-17 02:30:28.820098,517
2026-02-17 02:30:28.828138,510
2026-02-17 02:30:28.836110,524
2026-02-17 02:30:28.844108,518
2026-02-17 02:30:28.852187,527
2026-02-17 02:30:28.860224,516
2026-02-17 02:30:28.868159,521
2026-02-17 02:30:28.876178,525
2026-02-17 02:30:28.884163,517
2026-02-17 02:30:28.892131,518
2026-02-17 02:30:28.900107,521
2026-02-17 02:30:28.908115,518
2026-02-17 02:30:28.916126,523
2026-02-17 02:30:28.924119,492
2026-02-17 02:30:28.932075,503
2026-02-17 02:30:28.940186,521
2026-02-17 02:30:28.948131,518
2026-02-17 02:30:28.956140,525
2026-02-17 02:30:28.964205,514
2026-02-17 02:30:28.972162,510
2026-02-17 02:30:28.980155,517
2026-02-17 02:30:28.988110,515
2026-02-17 02:30:28.996121,525
2026-02-17 02:30:29.004118,521
2026-02-17 02:30:29.012173,514
2026-02-17 02:30:29.020172,509
2026-02-17 02:30:29.028127,512
2026-02-17 02:30:29.036094,516
2026-02-17 02:30:29.044116,511
2026-02-17 02:30:29.052162,519
2026-02-17 02:30:29.060184,519
2026-02-17 02:30:29.068089,509
2026-02-17 02:30:29.076095,518
2026-02-17 02:30:29.084080,506
2026-02-17 02:30:29.092179,500
2026-02-17 02:30:29.100082,505
2026-02-17 02:30:29.108143,510
2026-02-17 02:30:29.116098,506
2026-02-17 02:30:29.124141,514
2026-02-17 02:30:29.132161,515
2026-02-17 02:30:29.140147,505
2026-02-17 02:30:29.148127,500
2026-02-17 02:30:29.156262,505
2026-02-17 02:30:29.164157,511
2026-02-17 02:30:29.172154,515
2026-02-17 02:30:29.180208,518
2026-02-17 02:30:29.188146,504
2026-02-17 02:30:29.196115,513
2026-02-17 02:30:29.204107,506
2026-02-17 02:30:29.212131,513
2026-02-17 02:30:29.220162,520
2026-02-17 02:30:29.228068,517
2026-02-17 02:30:29.236173,516
2026-02-17 02:30:29.244145,503
2026-02-17 02:30:29.252196,512
2026-02-17 02:30:29.260202,505
2026-02-17 02:30:29.268111,509
2026-02-17 02:30:29.276112,510
2026-02-17 02:30:29.284163,507
2026-02-17 02:30:29.292150,501
2026-02-17 02:30:29.300121,489
2026-02-17 02:30:29.308124,489
2026-02-17 02:30:29.316097,507
2026-02-17 02:30:29.324092,508
2026-02-17 02:30:29.332107,510
2026-02-17 02:30:29.340109,513
2026-02-17 02:30:29.348104,513
2026-02-17 02:30:29.356110,526
2026-02-17 02:30:29.364106,519
2026-02-17 02:30:29.372103,517
2026-02-17 02:30:29.380107,516
2026-02-17 02:30:29.388136,507
2026-02-17 02:30:29.396135,526
2026-02-17 02:30:29.404107,528
2026-02-17 02:30:29.412102,514
2026-02-17 02:30:29.420103,515
2026-02-17 02:30:29.428100,508
2026-02-17 02:30:29.436106,511
2026-02-17 02:30:29.444111,511
2026-02-17 02:30:29.452157,507
2026-02-17 02:30:29.460113,520
2026-02-17 02:30:29.468111,502
2026-02-17 02:30:29.476103,507
2026-02-17 02:30:29.484101,495
2026-02-17 02:30:29.492104,492
2026-02-17 02:30:29.500155,507
2026-02-17 02:30:29.508112,510
2026-02-17 02:30:29.516096,505
2026-02-17 02:30:29.524096,508
2026-02-17 02:30:29.532110,506
2026-02-17 02:30:29.540112,514
2026-02-17 02:30:29.548156,515
2026-02-17 02:30:29.556178,511
2026-02-17 02:30:29.564250,517
2026-02-17 02:30:29.572145,516
2026-02-17 02:30:29.580107,524
2026-02-17 02:30:29.588121,517
2026-02-17 02:30:29.596116,520
2026-02-17 02:30:29.604105,509
2026-02-17 02:30:29.612160,531
2026-02-17 02:30:29.620102,520
2026-02-17 02:30:29.628166,509
2026-02-17 02:30:29.636148,511
2026-02-17 02:30:29.644111,519
2026-02-17 02:30:29.652118,520
2026-02-17 02:30:29.660171,516
2026-02-17 02:30:29.668156,504
2026-02-17 02:30:29.676170,512
2026-02-17 02:30:29.684140,522
2026-02-17 02:30:29.692121,498
2026-02-17 02:30:29.700178,505
2026-02-17 02:30:29.708144,488
2026-02-17 02:30:29.716115,488
2026-02-17 02:30:29.724063,484
2026-02-17 02:30:29.732112,485
2026-02-17 02:30:29.740117,482
2026-02-17 02:30:29.748119,495
2026-02-17 02:30:29.756105,509
2026-02-17 02:30:29.764111,490
2026-02-17 02:30:29.772110,509
2026-02-17 02:30:29.780108,518
2026-02-17 02:30:29.788098,519
2026-02-17 02:30:29.796116,515
2026-02-17 02:30:29.804115,504
2026-02-17 02:30:29.812112,513
2026-02-17 02:30:29.820109,513
2026-02-17 02:30:29.828103,510
2026-02-17 02:30:29.836160,509
2026-02-17 02:30:29.844128,515
2026-02-17 02:30:29.852237,496
2026-02-17 02:30:29.860119,507
2026-02-17 02:30:29.868177,494
2026-02-17 02:30:29.876150,506
2026-02-17 02:30:29.884112,508
2026-02-17 02:30:29.892128,510
2026-02-17 02:30:29.900116,513
2026-02-17 02:30:29.908150,505
2026-02-17 02:30:29.916114,506
2026-02-17 02:30:29.924130,508
2026-02-17 02:30:29.932104,517
2026-02-17 02:30:29.940117,516
2026-02-17 02:30:29.948110,497
2026-02-17 02:30:29.956105,513
2026-02-17 02:30:29.964109,514
2026-02-17 02:30:29.972105,511
2026-02-17 02:30:29.980113,512
2026-02-17 02:30:29.988106,504
2026-02-17 02:30:29.996099,512
2026-02-17 02:30:30.004113,503
2026-02-17 02:30:30.012187,511
2026-02-17 02:30:30.020149,511
2026-02-17 02:30:30.028153,507
2026-02-17 02:30:30.036123,508
2026-02-17 02:30:30.044105,502
2026-02-17 02:30:30.052136,506
2026-02-17 02:30:30.060092,514
2026-02-17 02:30:30.068082,512
2026-02-17 02:30:30.076084,518
2026-02-17 02:30:30.084217,501
2026-02-17 02:30:30.092098,501
2026-02-17 02:30:30.100092,502
2026-02-17 02:30:30.108094,500
2026-02-17 02:30:30.116164,519
2026-02-17 02:30:30.124133,515
2026-02-17 02:30:30.132126,528
2026-02-17 02:30:30.140159,516
2026-02-17 02:30:30.148105,501
2026-02-17 02:30:30.156227,518
2026-02-17 02:30:30.164153,528
2026-02-17 02:30:30.172155,519
2026-02-17 02:30:30.180214,526
2026-02-17 02:30:30.188158,519
2026-02-17 02:30:30.196127,523
2026-02-17 02:30:30.204123,506
2026-02-17 02:30:30.212112,514
2026-02-17 02:30:30.220137,517
2026-02-17 02:30:30.228103,509
2026-02-17 02:30:30.236142,512
2026-02-17 02:30:30.244154,506
2026-02-17 02:30:30.252072,506
2026-02-17 02:30:30.260073,513
2026-02-17 02:30:30.268134,496
2026-02-17 02:30:30.276148,514
2026-02-17 02:30:30.284078,519
2026-02-17 02:30:30.292134,517
2026-02-17 02:30:30.300102,505
2026-02-17 02:30:30.308104,511
2026-02-17 02:30:30.316067,517
2026-02-17 02:30:30.324092,516
2026-02-17 02:30:30.332105,517
2026-02-17 02:30:30.340100,515
2026-02-17 02:30:30.348088,502
2026-02-17 02:30:30.356099,508
2026-02-17 02:30:30.364134,517
2026-02-17 02:30:30.372123,523
2026-02-17 02:30:30.380156,522
2026-02-17 02:30:30.388095,513
2026-02-17 02:30:30.396092,511
2026-02-17 02:30:30.404100,505
2026-02-17 02:30:30.412099,506
2026-02-17 02:30:30.420103,517
2026-02-17 02:30:30.428105,515
2026-02-17 02:30:30.436094,520
2026-02-17 02:30:30.444086,513
2026-02-17 02:30:30.452094,513
2026-02-17 02:30:30.460171,509
2026-02-17 02:30:30.468114,491
2026-02-17 02:30:30.476081,508
2026-02-17 02:30:30.484089,509
2026-02-17 02:30:30.492115,509
2026-02-17 02:30:30.500118,515
2026-02-17 02:30:30.508124,513
2026-02-17 02:30:30.516146,510
2026-02-17 02:30:30.524109,505
2026-02-17 02:30:30.532167,514
2026-02-17 02:30:30.540109,522
2026-02-17 02:30:30.548097,519
2026-02-17 02:30:30.556102,521
2026-02-17 02:30:30.564121,505
2026-02-17 02:30:30.572178,513
2026-02-17 02:30:30.580125,514
2026-02-17 02:30:30.588073,515
2026-02-17 02:30:30.596136,515
2026-02-17 02:30:30.604112,518
2026-02-17 02:30:30.612117,513
2026-02-17 02:30:30.620131,504
2026-02-17 02:30:30.628125,497
2026-02-17 02:30:30.636087,514
2026-02-17 02:30:30.644110,509
2026-02-17 02:30:30.652126,507
2026-02-17 02:30:30.660257,520
2026-02-17 02:30:30.668193,503
2026-02-17 02:30:30.676204,515
2026-02-17 02:30:30.684178,509
2026-02-17 02:30:30.692125,512
2026-02-17 02:30:30.700196,517
2026-02-17 02:30:30.708163,510
2026-02-17 02:30:30.716116,518
2026-02-17 02:30:30.724113,516
2026-02-17 02:30:30.732139,519
2026-02-17 02:30:30.740069,522
2026-02-17 02:30:30.748121,505
2026-02-17 02:30:30.756111,503
2026-02-17 02:30:30.764121,500
2026-02-17 02:30:30.772157,517
2026-02-17 02:30:30.780125,511
2026-02-17 02:30:30.788111,511
2026-02-17 02:30:30.796129,517
2026-02-17 02:30:30.804118,513
2026-02-17 02:30:30.812109,515
2026-02-17 02:30:30.820109,504
2026-02-17 02:30:30.828108,509
2026-02-17 02:30:30.836128,508
2026-02-17 02:30:30.844115,504
2026-02-17 02:30:30.852198,517
2026-02-17 02:30:30.860211,509
2026-02-17 02:30:30.868213,511
2026-02-17 02:30:30.876165,507
2026-02-17 02:30:30.884141,508
2026-02-17 02:30:30.892133,506
2026-02-17 02:30:30.900181,517
2026-02-17 02:30:30.908164,508
2026-02-17 02:30:30.916136,512
2026-02-17 02:30:30.924108,507
2026-02-17 02:30:30.932154,510
2026-02-17 02:30:30.940188,516
2026-02-17 02:30:30.948116,517
2026-02-17 02:30:30.956103,515
2026-02-17 02:30:30.964125,508
2026-02-17 02:30:30.972121,511
2026-02-17 02:30:30.980118,509
2026-02-17 02:30:30.988149,507
2026-02-17 02:30:30.996094,508
2026-02-17 02:30:31.004116,508
2026-02-17 02:30:31.012184,512
2026-02-17 02:30:31.020194,502
2026-02-17 02:30:31.028132,503
2026-02-17 02:30:31.036106,524
2026-02-17 02:30:31.044221,506
2026-02-17 02:30:31.052159,511
2026-02-17 02:30:31.060196,517
2026-02-17 02:30:31.068610,509
2026-02-17 02:30:31.076200,511
2026-02-17 02:30:31.084221,504
2026-02-17 02:30:31.092117,516
2026-02-17 02:30:31.100166,522
2026-02-17 02:30:31.108209,504
2026-02-17 02:30:31.116192,516
2026-02-17 02:30:31.124146,512
2026-02-17 02:30:31.132181,501
2026-02-17 02:30:31.140171,513
2026-02-17 02:30:31.148127,511
2026-02-17 02:30:31.156167,526
2026-02-17 02:30:31.164115,524
2026-02-17 02:30:31.172160,518
2026-02-17 02:30:31.180229,511
2026-02-17 02:30:31.188137,516
2026-02-17 02:30:31.196125,518
2026-02-17 02:30:31.204125,517
2026-02-17 02:30:31.212117,521
2026-02-17 02:30:31.220100,534
2026-02-17 02:30:31.228113,525
2026-02-17 02:30:31.236117,531
2026-02-17 02:30:31.244081,526
2026-02-17 02:30:31.252103,529
2026-02-17 02:30:31.260224,534
2026-02-17 02:30:31.268136,522
2026-02-17 02:30:31.276233,538
2026-02-17 02:30:31.284188,535
2026-02-17 02:30:31.292125,527
2026-02-17 02:30:31.300154,531
2026-02-17 02:30:31.308126,524
2026-02-17 02:30:31.316113,530
2026-02-17 02:30:31.324114,514
2026-02-17 02:30:31.332146,518
2026-02-17 02:30:31.340139,528
2026-02-17 02:30:31.348124,519
2026-02-17 02:30:31.356138,528
2026-02-17 02:30:31.364122,523
2026-02-17 02:30:31.372123,527
2026-02-17 02:30:31.380121,523
2026-02-17 02:30:31.388113,513
2026-02-17 02:30:31.396161,523
2026-02-17 02:30:31.404116,530
2026-02-17 02:30:31.412126,515
2026-02-17 02:30:31.420124,518
2026-02-17 02:30:31.428114,511
2026-02-17 02:30:31.436139,515
2026-02-17 02:30:31.444131,517
2026-02-17 02:30:31.452118,518
2026-02-17 02:30:31.460162,529
2026-02-17 02:30:31.468113,522
2026-02-17 02:30:31.476111,522
2026-02-17 02:30:31.484122,514
2026-02-17 02:30:31.492116,516
2026-02-17 02:30:31.500096,518
2026-02-17 02:30:31.508121,512
2026-02-17 02:30:31.516119,534
2026-02-17 02:30:31.524111,516
2026-02-17 02:30:31.532115,519
2026-02-17 02:30:31.540148,527
2026-02-17 02:30:31.548120,514
2026-02-17 02:30:31.556166,503
2026-02-17 02:30:31.564126,514
2026-02-17 02:30:31.572114,523
2026-02-17 02:30:31.580067,517
2026-02-17 02:30:31.588069,517
2026-02-17 02:30:31.596124,518
2026-02-17 02:30:31.604136,512
2026-02-17 02:30:31.612139,515
2026-02-17 02:30:31.620122,518
2026-02-17 02:30:31.628115,517
2026-02-17 02:30:31.636127,518
2026-02-17 02:30:31.644127,501
2026-02-17 02:30:31.652147,502
2026-02-17 02:30:31.660203,506
2026-02-17 02:30:31.668201,499
2026-02-17 02:30:31.676161,517
2026-02-17 02:30:31.684171,515
2026-02-17 02:30:31.692126,520
2026-02-17 02:30:31.700201,516
2026-02-17 02:30:31.708164,516
2026-02-17 02:30:31.716143,509
2026-02-17 02:30:31.724124,510
2026-02-17 02:30:31.732163,520
2026-02-17 02:30:31.740178,519
2026-02-17 02:30:31.748121,510
2026-02-17 02:30:31.756082,511
2026-02-17 02:30:31.764076,517
2026-02-17 02:30:31.772143,513
2026-02-17 02:30:31.780117,512
2026-02-17 02:30:31.788182,505
2026-02-17 02:30:31.796119,513
2026-02-17 02:30:31.804189,507
2026-02-17 02:30:31.812122,507
2026-02-17 02:30:31.820119,510
2026-02-17 02:30:31.828119,506
2026-02-17 02:30:31.836128,509
2026-02-17 02:30:31.844104,499
2026-02-17 02:30:31.852244,505
2026-02-17 02:30:31.860163,507
2026-02-17 02:30:31.868289,495
2026-02-17 02:30:31.876192,503
2026-02-17 02:30:31.884162,500
2026-02-17 02:30:31.892187,507
2026-02-17 02:30:31.900120,512
2026-02-17 02:30:31.908134,502
2026-02-17 02:30:31.916138,513
2026-02-17 02:30:31.924291,515
2026-02-17 02:30:31.932293,519
2026-02-17 02:30:31.940180,520
2026-02-17 02:30:31.948334,515
2026-02-17 02:30:31.956226,519
2026-02-17 02:30:31.964167,522
2026-02-17 02:30:31.972218,510
2026-02-17 02:30:31.980144,514
2026-02-17 02:30:31.988126,519
2026-02-17 02:30:31.996186,514
2026-02-17 02:30:32.004159,509
2026-02-17 02:30:32.012125,519
2026-02-17 02:30:32.020211,510
2026-02-17 02:30:32.028236,511
2026-02-17 02:30:32.036215,520
2026-02-17 02:30:32.044167,514
2026-02-17 02:30:32.052126,523
2026-02-17 02:30:32.060189,509
2026-02-17 02:30:32.068139,494
2026-02-17 02:30:32.076156,494
2026-02-17 02:30:32.084241,495
2026-02-17 02:30:32.092150,493
2026-02-17 02:30:32.100098,496
2026-02-17 02:30:32.108142,499
2026-02-17 02:30:32.116139,499
2026-02-17 02:30:32.124159,501
2026-02-17 02:30:32.132125,498
2026-02-17 02:30:32.140131,501
2026-02-17 02:30:32.148177,499
2026-02-17 02:30:32.156167,512
2026-02-17 02:30:32.164187,515
2026-02-17 02:30:32.172139,514
2026-02-17 02:30:32.180190,510
2026-02-17 02:30:32.188191,509
2026-02-17 02:30:32.196129,518
2026-02-17 02:30:32.204122,502
2026-02-17 02:30:32.212124,511
2026-02-17 02:30:32.220125,517
2026-02-17 02:30:32.228117,514
2026-02-17 02:30:32.236139,515
2026-02-17 02:30:32.244214,510
2026-02-17 02:30:32.252127,504
2026-02-17 02:30:32.260196,509
2026-02-17 02:30:32.268138,513
2026-02-17 02:30:32.276121,517
2026-02-17 02:30:32.284138,512
2026-02-17 02:30:32.292117,518
2026-02-17 02:30:32.300159,514
2026-02-17 02:30:32.308140,499
2026-02-17 02:30:32.316170,513
2026-02-17 02:30:32.324123,506
2026-02-17 02:30:32.332129,495
2026-02-17 02:30:32.340135,497
2026-02-17 02:30:32.348122,489
2026-02-17 02:30:32.356128,490
2026-02-17 02:30:32.364124,485
2026-02-17 02:30:32.372119,479
2026-02-17 02:30:32.380133,468
2026-02-17 02:30:32.388115,479
2026-02-17 02:30:32.396121,475
2026-02-17 02:30:32.404118,476
2026-02-17 02:30:32.412120,480
2026-02-17 02:30:32.420126,480
2026-02-17 02:30:32.428125,480
2026-02-17 02:30:32.436113,487
2026-02-17 02:30:32.444127,495
2026-02-17 02:30:32.452121,478
2026-02-17 02:30:32.460184,482
2026-02-17 02:30:32.468129,496
2026-02-17 02:30:32.476134,512
2026-02-17 02:30:32.484121,511
2026-02-17 02:30:32.492176,516
2026-02-17 02:30:32.500128,503
2026-02-17 02:30:32.508112,498
2026-02-17 02:30:32.516119,503
2026-02-17 02:30:32.524125,517
2026-02-17 02:30:32.532156,507
2026-02-17 02:30:32.540185,513
2026-02-17 02:30:32.548138,512
2026-02-17 02:30:32.556139,517
2026-02-17 02:30:32.564193,524
2026-02-17 02:30:32.572205,519
2026-02-17 02:30:32.580172,519
2026-02-17 02:30:32.588083,512
2026-02-17 02:30:32.596124,526
2026-02-17 02:30:32.604156,523
2026-02-17 02:30:32.612123,523
2026-02-17 02:30:32.620149,509
2026-02-17 02:30:32.628127,514
2026-02-17 02:30:32.636144,526
2026-02-17 02:30:32.644124,515
2026-02-17 02:30:32.652134,521
2026-02-17 02:30:32.660250,521
2026-02-17 02:30:32.668193,523
2026-02-17 02:30:32.676134,529
2026-02-17 02:30:32.684181,523
2026-02-17 02:30:32.692121,510
2026-02-17 02:30:32.700184,508
2026-02-17 02:30:32.708181,515
2026-02-17 02:30:32.716130,523
2026-02-17 02:30:32.724130,511
2026-02-17 02:30:32.732122,513
2026-02-17 02:30:32.740146,517
2026-02-17 02:30:32.748127,511
2026-02-17 02:30:32.756131,514
2026-02-17 02:30:32.764144,508
2026-02-17 02:30:32.772132,506
2026-02-17 02:30:32.780126,503
2026-02-17 02:30:32.788186,509
2026-02-17 02:30:32.796123,518
2026-02-17 02:30:32.804143,524
2026-02-17 02:30:32.812141,519
2026-02-17 02:30:32.820147,507
2026-02-17 02:30:32.828123,513
2026-02-17 02:30:32.836185,520
2026-02-17 02:30:32.844150,512
2026-02-17 02:30:32.852238,512
2026-02-17 02:30:32.860109,512
2026-02-17 02:30:32.868243,504
2026-02-17 02:30:32.876196,510
2026-02-17 02:30:32.884180,513
2026-02-17 02:30:32.892154,512
2026-02-17 02:30:32.900140,510
2026-02-17 02:30:32.908123,510
2026-02-17 02:30:32.916114,524
2026-02-17 02:30:32.924111,520
2026-02-17 02:30:32.932129,519
2026-02-17 02:30:32.940122,515
2026-02-17 02:30:32.948116,503
2026-02-17 02:30:32.956113,514
2026-02-17 02:30:32.964117,518
2026-02-17 02:30:32.972133,522
2026-02-17 02:30:32.980121,522
2026-02-17 02:30:32.988127,513
2026-02-17 02:30:32.996067,504
2026-02-17 02:30:33.004122,509
2026-02-17 02:30:33.012209,519
2026-02-17 02:30:33.020126,522
2026-02-17 02:30:33.028153,512
2026-02-17 02:30:33.036136,519
2026-02-17 02:30:33.044139,515
2026-02-17 02:30:33.052223,509
2026-02-17 02:30:33.060200,502
2026-02-17 02:30:33.068120,510
2026-02-17 02:30:33.076112,516
2026-02-17 02:30:33.084179,515
2026-02-17 02:30:33.092102,506
2026-02-17 02:30:33.100082,507
2026-02-17 02:30:33.108150,510
2026-02-17 02:30:33.116130,511
2026-02-17 02:30:33.124179,516
2026-02-17 02:30:33.132123,507
2026-02-17 02:30:33.140176,508
2026-02-17 02:30:33.148180,504
2026-02-17 02:30:33.156211,512
2026-02-17 02:30:33.164125,507
2026-02-17 02:30:33.172178,502
2026-02-17 02:30:33.180150,511
2026-02-17 02:30:33.188181,510
2026-02-17 02:30:33.196178,520
2026-02-17 02:30:33.204129,514
2026-02-17 02:30:33.212144,508
2026-02-17 02:30:33.220149,509
2026-02-17 02:30:33.228131,502
2026-02-17 02:30:33.236136,509
2026-02-17 02:30:33.244130,515
2026-02-17 02:30:33.252176,514
2026-02-17 02:30:33.260130,522
2026-02-17 02:30:33.268136,509
2026-02-17 02:30:33.276126,508
2026-02-17 02:30:33.284098,516
2026-02-17 02:30:33.292124,506
2026-02-17 02:30:33.300087,517
2026-02-17 02:30:33.308128,508
2026-02-17 02:30:33.316131,513
2026-02-17 02:30:33.324128,495
2026-02-17 02:30:33.332129,513
2026-02-17 02:30:33.340137,510
2026-02-17 02:30:33.348138,513
2026-02-17 02:30:33.356123,508
2026-02-17 02:30:33.364133,508
2026-02-17 02:30:33.372172,501
2026-02-17 02:30:33.380130,513
2026-02-17 02:30:33.388124,513
2026-02-17 02:30:33.396137,518
2026-02-17 02:30:33.404171,518
2026-02-17 02:30:33.412128,505
2026-02-17 02:30:33.420127,508
2026-02-17 02:30:33.428141,510
2026-02-17 02:30:33.436123,512
2026-02-17 02:30:33.444142,522
2026-02-17 02:30:33.452184,515
2026-02-17 02:30:33.460200,519
2026-02-17 02:30:33.468148,513
2026-02-17 02:30:33.476129,522
2026-02-17 02:30:33.484130,520
2026-02-17 02:30:33.492136,510
2026-02-17 02:30:33.500127,513
2026-02-17 02:30:33.508128,517
2026-02-17 02:30:33.516127,515
2026-02-17 02:30:33.524125,517
2026-02-17 02:30:33.532122,517
2026-02-17 02:30:33.540141,512
2026-02-17 02:30:33.548133,507
2026-02-17 02:30:33.556135,510
2026-02-17 02:30:33.564070,508
2026-02-17 02:30:33.572182,524
2026-02-17 02:30:33.580181,524
2026-02-17 02:30:33.588124,501
2026-02-17 02:30:33.596164,516
2026-02-17 02:30:33.604128,511
2026-02-17 02:30:33.612148,519
2026-02-17 02:30:33.620125,530
2026-02-17 02:30:33.628148,529
2026-02-17 02:30:33.636126,516
2026-02-17 02:30:33.644132,522
2026-02-17 02:30:33.652131,523
2026-02-17 02:30:33.660233,528
2026-02-17 02:30:33.668210,523
2026-02-17 02:30:33.676185,513
2026-02-17 02:30:33.684134,509
2026-02-17 02:30:33.692130,516
2026-02-17 02:30:33.700206,522
2026-02-17 02:30:33.708190,522
2026-02-17 02:30:33.716129,526
2026-02-17 02:30:33.724131,523
2026-02-17 02:30:33.732147,513
2026-02-17 02:30:33.740137,520
2026-02-17 02:30:33.748174,513
2026-02-17 02:30:33.756171,522
2026-02-17 02:30:33.764151,512
2026-02-17 02:30:33.772141,519
2026-02-17 02:30:33.780147,512
2026-02-17 02:30:33.788146,498
2026-02-17 02:30:33.796142,523
2026-02-17 02:30:33.804168,517
2026-02-17 02:30:33.812174,503
2026-02-17 02:30:33.820131,525
2026-02-17 02:30:33.828290,498
2026-02-17 02:30:33.836186,510
2026-02-17 02:30:33.844145,515
2026-02-17 02:30:33.852257,521
2026-02-17 02:30:33.860158,516
2026-02-17 02:30:33.868172,503
2026-02-17 02:30:33.876089,501
2026-02-17 02:30:33.884158,488
2026-02-17 02:30:33.892158,501
2026-02-17 02:30:33.900182,518
2026-02-17 02:30:33.908134,516
2026-02-17 02:30:33.916147,520
2026-02-17 02:30:33.924185,516
2026-02-17 02:30:33.932132,511
2026-02-17 02:30:33.940132,514
2026-02-17 02:30:33.948130,508
2026-02-17 02:30:33.956144,521
2026-02-17 02:30:33.964177,514
2026-02-17 02:30:33.972134,520
2026-02-17 02:30:33.980132,505
2026-02-17 02:30:33.988137,513
2026-02-17 02:30:33.996146,516
2026-02-17 02:30:34.004127,512
2026-02-17 02:30:34.012144,519
2026-02-17 02:30:34.020212,521
2026-02-17 02:30:34.028106,506
2026-02-17 02:30:34.036142,520
2026-02-17 02:30:34.044274,514
2026-02-17 02:30:34.052125,512
2026-02-17 02:30:34.060182,513
2026-02-17 02:30:34.068156,513
2026-02-17 02:30:34.076134,511
2026-02-17 02:30:34.084146,512
2026-02-17 02:30:34.092177,517
2026-02-17 02:30:34.100252,515
2026-02-17 02:30:34.108188,519
2026-02-17 02:30:34.116162,514
2026-02-17 02:30:34.124177,517
2026-02-17 02:30:34.132186,510
2026-02-17 02:30:34.140145,520
2026-02-17 02:30:34.148155,509
2026-02-17 02:30:34.156200,514
2026-02-17 02:30:34.164204,515
2026-02-17 02:30:34.172196,522
2026-02-17 02:30:34.180249,523
2026-02-17 02:30:34.188202,501
2026-02-17 02:30:34.196159,513
2026-02-17 02:30:34.204137,527
2026-02-17 02:30:34.212141,521
2026-02-17 02:30:34.220133,514
2026-02-17 02:30:34.228139,518
2026-02-17 02:30:34.236141,523
2026-02-17 02:30:34.244128,507
2026-02-17 02:30:34.252140,525
2026-02-17 02:30:34.260134,517
2026-02-17 02:30:34.268184,508
2026-02-17 02:30:34.276317,511
2026-02-17 02:30:34.284216,512
2026-02-17 02:30:34.292157,515
2026-02-17 02:30:34.300147,511
2026-02-17 02:30:34.308101,497
2026-02-17 02:30:34.316160,512
2026-02-17 02:30:34.324153,509
2026-02-17 02:30:34.332127,516
2026-02-17 02:30:34.340158,526
2026-02-17 02:30:34.348222,507
2026-02-17 02:30:34.356218,510
2026-02-17 02:30:34.364164,510
2026-02-17 02:30:34.372148,513
2026-02-17 02:30:34.380131,511
2026-02-17 02:30:34.388140,518
2026-02-17 02:30:34.396133,515
2026-02-17 02:30:34.404158,506
2026-02-17 02:30:34.412142,504
2026-02-17 02:30:34.420140,515
2026-02-17 02:30:34.428135,518
2026-02-17 02:30:34.436133,522
2026-02-17 02:30:34.444140,515
2026-02-17 02:30:34.452139,512
2026-02-17 02:30:34.460130,507
2026-02-17 02:30:34.468131,507
2026-02-17 02:30:34.476202,509
2026-02-17 02:30:34.484177,510
2026-02-17 02:30:34.492126,502
2026-02-17 02:30:34.500130,510
2026-02-17 02:30:34.508136,509
2026-02-17 02:30:34.516134,510
2026-02-17 02:30:34.524134,510
2026-02-17 02:30:34.532135,519
2026-02-17 02:30:34.540147,515
2026-02-17 02:30:34.548138,507
2026-02-17 02:30:34.556132,515
2026-02-17 02:30:34.564130,513
2026-02-17 02:30:34.572225,511
2026-02-17 02:30:34.580115,515
2026-02-17 02:30:34.588138,512
2026-02-17 02:30:34.596187,512
2026-02-17 02:30:34.604174,513
2026-02-17 02:30:34.612157,508
2026-02-17 02:30:34.620157,506
2026-02-17 02:30:34.628155,504
2026-02-17 02:30:34.636130,506
2026-02-17 02:30:34.644152,508
2026-02-17 02:30:34.652180,510
2026-02-17 02:30:34.660271,518
2026-02-17 02:30:34.668202,506
2026-02-17 02:30:34.676169,522
2026-02-17 02:30:34.684182,520
2026-02-17 02:30:34.692177,507
2026-02-17 02:30:34.700235,515
2026-02-17 02:30:34.708149,507
2026-02-17 02:30:34.716208,517
2026-02-17 02:30:34.724158,506
2026-02-17 02:30:34.732145,504
2026-02-17 02:30:34.740145,511
2026-02-17 02:30:34.748211,513
2026-02-17 02:30:34.756139,518
2026-02-17 02:30:34.764142,511
2026-02-17 02:30:34.772139,512
2026-02-17 02:30:34.780223,523
2026-02-17 02:30:34.788203,510
2026-02-17 02:30:34.796207,515
2026-02-17 02:30:34.804143,516
2026-02-17 02:30:34.812086,507
2026-02-17 02:30:34.820143,517
2026-02-17 02:30:34.828093,511
2026-02-17 02:30:34.836189,519
2026-02-17 02:30:34.844134,513
2026-02-17 02:30:34.852166,505
2026-02-17 02:30:34.860153,513
2026-02-17 02:30:34.868145,507
2026-02-17 02:30:34.876203,515
2026-02-17 02:30:34.884128,507
2026-02-17 02:30:34.892136,496
2026-02-17 02:30:34.900141,516
2026-02-17 02:30:34.908142,520
2026-02-17 02:30:34.916141,519
2026-02-17 02:30:34.924150,510
2026-02-17 02:30:34.932136,505
2026-02-17 02:30:34.940125,517
2026-02-17 02:30:34.948193,512
2026-02-17 02:30:34.956148,521
2026-02-17 02:30:34.964141,508
2026-02-17 02:30:34.972131,515
2026-02-17 02:30:34.980140,516
2026-02-17 02:30:34.988144,509
2026-02-17 02:30:34.996132,515
2026-02-17 02:30:35.004141,520
2026-02-17 02:30:35.012296,513
2026-02-17 02:30:35.020264,514
2026-02-17 02:30:35.028197,507
2026-02-17 02:30:35.036184,507
2026-02-17 02:30:35.044216,514
2026-02-17 02:30:35.052241,525
2026-02-17 02:30:35.060281,521
2026-02-17 02:30:35.068161,517
2026-02-17 02:30:35.076110,518
2026-02-17 02:30:35.084229,517
2026-02-17 02:30:35.092231,511
2026-02-17 02:30:35.100101,517
2026-02-17 02:30:35.108096,514
2026-02-17 02:30:35.116147,508
2026-02-17 02:30:35.124092,511
2026-02-17 02:30:35.132190,519
2026-02-17 02:30:35.140139,513
2026-02-17 02:30:35.148179,519
2026-02-17 02:30:35.156296,516
2026-02-17 02:30:35.164162,514
2026-02-17 02:30:35.172154,510
2026-02-17 02:30:35.180179,512
2026-02-17 02:30:35.188224,513
2026-02-17 02:30:35.196153,522
2026-02-17 02:30:35.204213,515
2026-02-17 02:30:35.212139,512
2026-02-17 02:30:35.220176,519
2026-02-17 02:30:35.228149,503
2026-02-17 02:30:35.236906,515
2026-02-17 02:30:35.244200,515
2026-02-17 02:30:35.252191,513
2026-02-17 02:30:35.260174,518
2026-02-17 02:30:35.268143,511
2026-02-17 02:30:35.276216,514
2026-02-17 02:30:35.284183,508
2026-02-17 02:30:35.292128,501
2026-02-17 02:30:35.300156,512
2026-02-17 02:30:35.308127,508
2026-02-17 02:30:35.316117,518
2026-02-17 02:30:35.324088,508
2026-02-17 02:30:35.332096,516
2026-02-17 02:30:35.340113,510
2026-02-17 02:30:35.348131,515
2026-02-17 02:30:35.356138,512
2026-02-17 02:30:35.364111,508
2026-02-17 02:30:35.372192,500
2026-02-17 02:30:35.380143,512
2026-02-17 02:30:35.388131,513
2026-02-17 02:30:35.396132,507
2026-02-17 02:30:35.404144,510
2026-02-17 02:30:35.412131,520
2026-02-17 02:30:35.420126,513
2026-02-17 02:30:35.428154,501
2026-02-17 02:30:35.436138,517
2026-02-17 02:30:35.444153,512
2026-02-17 02:30:35.452129,516
2026-02-17 02:30:35.460136,523
2026-02-17 02:30:35.468205,511
2026-02-17 02:30:35.476109,522
2026-02-17 02:30:35.484090,524
2026-02-17 02:30:35.492154,516
2026-02-17 02:30:35.500170,520
2026-02-17 02:30:35.508149,504
2026-02-17 02:30:35.516157,504
2026-02-17 02:30:35.524157,513
2026-02-17 02:30:35.532140,517
2026-02-17 02:30:35.540231,521
2026-02-17 02:30:35.548172,510
2026-02-17 02:30:35.556389,508
2026-02-17 02:30:35.564233,517
2026-02-17 02:30:35.572139,523
2026-02-17 02:30:35.580158,518
2026-02-17 02:30:35.588212,499
2026-02-17 02:30:35.596161,527
2026-02-17 02:30:35.604183,510
2026-02-17 02:30:35.612148,512
2026-02-17 02:30:35.620142,502
2026-02-17 02:30:35.628155,485
2026-02-17 02:30:35.636140,490
2026-02-17 02:30:35.644136,488
2026-02-17 02:30:35.652151,492
2026-02-17 02:30:35.660233,495
2026-02-17 02:30:35.668194,496
2026-02-17 02:30:35.676181,511
2026-02-17 02:30:35.684360,508
2026-02-17 02:30:35.692205,500
2026-02-17 02:30:35.700202,509
2026-02-17 02:30:35.708153,506
2026-02-17 02:30:35.716169,512
2026-02-17 02:30:35.724145,512
2026-02-17 02:30:35.732141,512
2026-02-17 02:30:35.740149,518
2026-02-17 02:30:35.748151,515
2026-02-17 02:30:35.756141,509
2026-02-17 02:30:35.764173,518
2026-02-17 02:30:35.772153,521
2026-02-17 02:30:35.780149,514
2026-02-17 02:30:35.788151,512
2026-02-17 02:30:35.796145,519
2026-02-17 02:30:35.804156,499
2026-02-17 02:30:35.812134,507
2026-02-17 02:30:35.820186,519
2026-02-17 02:30:35.828136,510
2026-02-17 02:30:35.836259,522
2026-02-17 02:30:35.844278,510
2026-02-17 02:30:35.852263,512
2026-02-17 02:30:35.860232,501
2026-02-17 02:30:35.868135,502
2026-02-17 02:30:35.876162,506
2026-02-17 02:30:35.884145,508
2026-02-17 02:30:35.892166,514
2026-02-17 02:30:35.900165,518
2026-02-17 02:30:35.908202,511
2026-02-17 02:30:35.916191,521
2026-02-17 02:30:35.924143,512
2026-02-17 02:30:35.932192,520
2026-02-17 02:30:35.940137,513
2026-02-17 02:30:35.948158,510
2026-02-17 02:30:35.956150,524
2026-02-17 02:30:35.964150,523
2026-02-17 02:30:35.972143,506
2026-02-17 02:30:35.980160,511
2026-02-17 02:30:35.988144,510
2026-02-17 02:30:35.996143,517
2026-02-17 02:30:36.004155,517
2026-02-17 02:30:36.012154,504
2026-02-17 02:30:36.020231,509
2026-02-17 02:30:36.028207,512
2026-02-17 02:30:36.036107,513
2026-02-17 02:30:36.044186,515
2026-02-17 02:30:36.052145,509
2026-02-17 02:30:36.060232,505
2026-02-17 02:30:36.068137,506
2026-02-17 02:30:36.076118,523
2026-02-17 02:30:36.084112,512
2026-02-17 02:30:36.092146,510
2026-02-17 02:30:36.100208,512
2026-02-17 02:30:36.108131,496
2026-02-17 02:30:36.116111,506
2026-02-17 02:30:36.124103,506
2026-02-17 02:30:36.132186,504
2026-02-17 02:30:36.140149,512
2026-02-17 02:30:36.148164,521
2026-02-17 02:30:36.156260,520
2026-02-17 02:30:36.164233,520
2026-02-17 02:30:36.172207,507
2026-02-17 02:30:36.180148,506
2026-02-17 02:30:36.188250,507
2026-02-17 02:30:36.196166,524
2026-02-17 02:30:36.204153,523
2026-02-17 02:30:36.212158,514
2026-02-17 02:30:36.220158,517
2026-02-17 02:30:36.228167,500
2026-02-17 02:30:36.236144,513
2026-02-17 02:30:36.244140,514
2026-02-17 02:30:36.252157,520
2026-02-17 02:30:36.260149,512
2026-02-17 02:30:36.268151,507
2026-02-17 02:30:36.276201,516
2026-02-17 02:30:36.284166,502
2026-02-17 02:30:36.292196,496
2026-02-17 02:30:36.300154,516
2026-02-17 02:30:36.308170,503
2026-02-17 02:30:36.316147,513
2026-02-17 02:30:36.324145,510
2026-02-17 02:30:36.332144,503
2026-02-17 02:30:36.340105,509
2026-02-17 02:30:36.348139,502
2026-02-17 02:30:36.356157,520
2026-02-17 02:30:36.364173,520
2026-02-17 02:30:36.372193,519
2026-02-17 02:30:36.380150,507
2026-02-17 02:30:36.388159,506
2026-02-17 02:30:36.396156,507
2026-02-17 02:30:36.404150,520
2026-02-17 02:30:36.412149,518
2026-02-17 02:30:36.420160,506
2026-02-17 02:30:36.428206,509
2026-02-17 02:30:36.436141,515
2026-02-17 02:30:36.444221,520
2026-02-17 02:30:36.452193,510
2026-02-17 02:30:36.460222,518
2026-02-17 02:30:36.468335,508
2026-02-17 02:30:36.476242,516
2026-02-17 02:30:36.484205,507
2026-02-17 02:30:36.492170,514
2026-02-17 02:30:36.500199,520
2026-02-17 02:30:36.508184,506
2026-02-17 02:30:36.516157,514
2026-02-17 02:30:36.524147,512
2026-02-17 02:30:36.532138,513
2026-02-17 02:30:36.540147,520
2026-02-17 02:30:36.548152,510
2026-02-17 02:30:36.556143,511
2026-02-17 02:30:36.564220,506
2026-02-17 02:30:36.572253,504
2026-02-17 02:30:36.580310,515
2026-02-17 02:30:36.588263,508
2026-02-17 02:30:36.596292,512
2026-02-17 02:30:36.604273,517
2026-02-17 02:30:36.612181,516
2026-02-17 02:30:36.620215,517
2026-02-17 02:30:36.628216,507
2026-02-17 02:30:36.636164,505
2026-02-17 02:30:36.644150,529
2026-02-17 02:30:36.652181,511
2026-02-17 02:30:36.660256,525
2026-02-17 02:30:36.668214,515
2026-02-17 02:30:36.676156,519
2026-02-17 02:30:36.684293,508
2026-02-17 02:30:36.692156,519
2026-02-17 02:30:36.700178,537
2026-02-17 02:30:36.708204,526
2026-02-17 02:30:36.716168,531
2026-02-17 02:30:36.724141,517
2026-02-17 02:30:36.732137,514
2026-02-17 02:30:36.740187,522
2026-02-17 02:30:36.748146,504
2026-02-17 02:30:36.756169,516
2026-02-17 02:30:36.764175,526
2026-02-17 02:30:36.772160,515
2026-02-17 02:30:36.780159,525
2026-02-17 02:30:36.788173,521
2026-02-17 02:30:36.796182,528
2026-02-17 02:30:36.804199,533
2026-02-17 02:30:36.812198,505
2026-02-17 02:30:36.820210,519
2026-02-17 02:30:36.828151,521
2026-02-17 02:30:36.836161,519
2026-02-17 02:30:36.844145,507
2026-02-17 02:30:36.852282,505
2026-02-17 02:30:36.860205,512
2026-02-17 02:30:36.868128,512
2026-02-17 02:30:36.876226,507
2026-02-17 02:30:36.884201,512
2026-02-17 02:30:36.892169,514
2026-02-17 02:30:36.900168,514
2026-02-17 02:30:36.908163,507
2026-02-17 02:30:36.916188,512
2026-02-17 02:30:36.924154,516
2026-02-17 02:30:36.932173,509
2026-02-17 02:30:36.940180,513
2026-02-17 02:30:36.948160,507
2026-02-17 02:30:36.956161,517
2026-02-17 02:30:36.964139,526
2026-02-17 02:30:36.972162,515
2026-02-17 02:30:36.980151,516
2026-02-17 02:30:36.988149,509
2026-02-17 02:30:36.996140,523
2026-02-17 02:30:37.004154,514
2026-02-17 02:30:37.012208,513
2026-02-17 02:30:37.020255,518
2026-02-17 02:30:37.028199,521
2026-02-17 02:30:37.036144,512
2026-02-17 02:30:37.044194,519
2026-02-17 02:30:37.052156,528
2026-02-17 02:30:37.060284,525
2026-02-17 02:30:37.068170,508
2026-02-17 02:30:37.076114,519
2026-02-17 02:30:37.084221,522
2026-02-17 02:30:37.092175,514
2026-02-17 02:30:37.100116,521
2026-02-17 02:30:37.108123,519
2026-02-17 02:30:37.116151,525
2026-02-17 02:30:37.124116,512
2026-02-17 02:30:37.132156,528
2026-02-17 02:30:37.140231,520
2026-02-17 02:30:37.148175,515
2026-02-17 02:30:37.156302,522
2026-02-17 02:30:37.164184,528
2026-02-17 02:30:37.172180,524
2026-02-17 02:30:37.180168,519
2026-02-17 02:30:37.188235,520
2026-02-17 02:30:37.196164,507
2026-02-17 02:30:37.204158,518
2026-02-17 02:30:37.212158,523
2026-02-17 02:30:37.220164,515
2026-02-17 02:30:37.228155,511
2026-02-17 02:30:37.236171,516
2026-02-17 02:30:37.244163,516
2026-02-17 02:30:37.252198,519
2026-02-17 02:30:37.260162,510
2026-02-17 02:30:37.268198,517
2026-02-17 02:30:37.276156,516
2026-02-17 02:30:37.284208,513
2026-02-17 02:30:37.292200,499
2026-02-17 02:30:37.300162,515
2026-02-17 02:30:37.308159,498
2026-02-17 02:30:37.316156,503
2026-02-17 02:30:37.324153,505
2026-02-17 02:30:37.332152,508
2026-02-17 02:30:37.340165,518
2026-02-17 02:30:37.348162,508
2026-02-17 02:30:37.356191,512
2026-02-17 02:30:37.364141,508
2026-02-17 02:30:37.372227,503
2026-02-17 02:30:37.380253,512
2026-02-17 02:30:37.388179,500
2026-02-17 02:30:37.396167,508
2026-02-17 02:30:37.404172,516
2026-02-17 02:30:37.412151,502
2026-02-17 02:30:37.420213,510
2026-02-17 02:30:37.428155,505
2026-02-17 02:30:37.436208,507
2026-02-17 02:30:37.444166,506
2026-02-17 02:30:37.452212,519
2026-02-17 02:30:37.460160,518
2026-02-17 02:30:37.468252,501
2026-02-17 02:30:37.476260,510
2026-02-17 02:30:37.484284,502
2026-02-17 02:30:37.492236,495
2026-02-17 02:30:37.500265,505
2026-02-17 02:30:37.508192,511
2026-02-17 02:30:37.516182,512
2026-02-17 02:30:37.524195,510
2026-02-17 02:30:37.532173,502
2026-02-17 02:30:37.540248,514
2026-02-17 02:30:37.548221,511
2026-02-17 02:30:37.556168,528
2026-02-17 02:30:37.564179,517
2026-02-17 02:30:37.572252,506
2026-02-17 02:30:37.580154,502
2026-02-17 02:30:37.588121,488
2026-02-17 02:30:37.596186,485
2026-02-17 02:30:37.604166,499
2026-02-17 02:30:37.612144,511
2026-02-17 02:30:37.620166,507
2026-02-17 02:30:37.628185,522
2026-02-17 02:30:37.636162,515
2026-02-17 02:30:37.644164,507
2026-02-17 02:30:37.652168,509
2026-02-17 02:30:37.660234,501
2026-02-17 02:30:37.668247,489
2026-02-17 02:30:37.676211,475
2026-02-17 02:30:37.684316,487
2026-02-17 02:30:37.692223,493
2026-02-17 02:30:37.700208,504
2026-02-17 02:30:37.708158,503
2026-02-17 02:30:37.716169,502
2026-02-17 02:30:37.724213,507
2026-02-17 02:30:37.732191,497
2026-02-17 02:30:37.740178,495
2026-02-17 02:30:37.748175,506
2026-02-17 02:30:37.756170,503
2026-02-17 02:30:37.764150,511
2026-02-17 02:30:37.772154,507
2026-02-17 02:30:37.780161,515
2026-02-17 02:30:37.788155,517
2026-02-17 02:30:37.796153,516
2026-02-17 02:30:37.804166,517
2026-02-17 02:30:37.812151,497
2026-02-17 02:30:37.820156,520
2026-02-17 02:30:37.828171,503
2026-02-17 02:30:37.836171,517
2026-02-17 02:30:37.844196,502
2026-02-17 02:30:37.852347,519
2026-02-17 02:30:37.860232,501
2026-02-17 02:30:37.868177,499
2026-02-17 02:30:37.876166,500
2026-02-17 02:30:37.884247,510
2026-02-17 02:30:37.892215,499
2026-02-17 02:30:37.900194,498
2026-02-17 02:30:37.908162,507
2026-02-17 02:30:37.916183,526
2026-02-17 02:30:37.924176,507
2026-02-17 02:30:37.932154,509
2026-02-17 02:30:37.940171,523
2026-02-17 02:30:37.948205,503
2026-02-17 02:30:37.956190,515
2026-02-17 02:30:37.964277,522
2026-02-17 02:30:37.972215,524
2026-02-17 02:30:37.980187,515
2026-02-17 02:30:37.988157,529
2026-02-17 02:30:37.996185,523
2026-02-17 02:30:38.004174,513
2026-02-17 02:30:38.012158,517
2026-02-17 02:30:38.020278,522
2026-02-17 02:30:38.028176,531
2026-02-17 02:30:38.036105,530
2026-02-17 02:30:38.044159,517
2026-02-17 02:30:38.052168,517
2026-02-17 02:30:38.060159,523
2026-02-17 02:30:38.068116,504
2026-02-17 02:30:38.076134,525
2026-02-17 02:30:38.084140,511
2026-02-17 02:30:38.092213,518
2026-02-17 02:30:38.100135,515
2026-02-17 02:30:38.108111,509
2026-02-17 02:30:38.116228,526
2026-02-17 02:30:38.124121,510
2026-02-17 02:30:38.132185,510
2026-02-17 02:30:38.140211,517
2026-02-17 02:30:38.148217,519
2026-02-17 02:30:38.156265,521
2026-02-17 02:30:38.164178,514
2026-02-17 02:30:38.172209,513
2026-02-17 02:30:38.180158,507
2026-02-17 02:30:38.188267,503
2026-02-17 02:30:38.196225,507
2026-02-17 02:30:38.204179,500
2026-02-17 02:30:38.212169,506
2026-02-17 02:30:38.220162,513
2026-02-17 02:30:38.228165,517
2026-02-17 02:30:38.236169,508
2026-02-17 02:30:38.244260,507
2026-02-17 02:30:38.252199,514
2026-02-17 02:30:38.260192,509
2026-02-17 02:30:38.268230,501
2026-02-17 02:30:38.276221,507
2026-02-17 02:30:38.284212,500
2026-02-17 02:30:38.292196,512
2026-02-17 02:30:38.300203,500
2026-02-17 02:30:38.308167,495
2026-02-17 02:30:38.316180,508
2026-02-17 02:30:38.324151,518
2026-02-17 02:30:38.332160,503
2026-02-17 02:30:38.340168,516
2026-02-17 02:30:38.348162,501
2026-02-17 02:30:38.356177,497
2026-02-17 02:30:38.364159,504
2026-02-17 02:30:38.372163,513
2026-02-17 02:30:38.380166,520
2026-02-17 02:30:38.388158,502
2026-02-17 02:30:38.396168,511
2026-02-17 02:30:38.404190,514
2026-02-17 02:30:38.412167,508
2026-02-17 02:30:38.420170,509
2026-02-17 02:30:38.428172,509
2026-02-17 02:30:38.436161,513
2026-02-17 02:30:38.444188,513
2026-02-17 02:30:38.452180,513
2026-02-17 02:30:38.460178,520
2026-02-17 02:30:38.468163,499
2026-02-17 02:30:38.476205,515
2026-02-17 02:30:38.484181,511
2026-02-17 02:30:38.492180,503
2026-02-17 02:30:38.500206,515
2026-02-17 02:30:38.508185,506
2026-02-17 02:30:38.516170,509
2026-02-17 02:30:38.524155,513
2026-02-17 02:30:38.532190,511
2026-02-17 02:30:38.540224,511
2026-02-17 02:30:38.548251,505
2026-02-17 02:30:38.556173,510
2026-02-17 02:30:38.564181,504
2026-02-17 02:30:38.572276,514
2026-02-17 02:30:38.580164,512
2026-02-17 02:30:38.588145,510
2026-02-17 02:30:38.596175,513
2026-02-17 02:30:38.604135,513
2026-02-17 02:30:38.612207,515
2026-02-17 02:30:38.620203,509
2026-02-17 02:30:38.628167,507
2026-02-17 02:30:38.636135,519
2026-02-17 02:30:38.644164,508
2026-02-17 02:30:38.652186,507
2026-02-17 02:30:38.660271,517
2026-02-17 02:30:38.668209,511
2026-02-17 02:30:38.676184,514
2026-02-17 02:30:38.684254,529
2026-02-17 02:30:38.692189,511
2026-02-17 02:30:38.700186,507
2026-02-17 02:30:38.708163,497
2026-02-17 02:30:38.716166,521
2026-02-17 02:30:38.724169,512
2026-02-17 02:30:38.732166,511
2026-02-17 02:30:38.740157,512
2026-02-17 02:30:38.748176,508
2026-02-17 02:30:38.756172,514
2026-02-17 02:30:38.764165,512
2026-02-17 02:30:38.772162,504
2026-02-17 02:30:38.780158,509
2026-02-17 02:30:38.788197,506
2026-02-17 02:30:38.796154,511
2026-02-17 02:30:38.804157,509
2026-02-17 02:30:38.812178,516
2026-02-17 02:30:38.820163,511
2026-02-17 02:30:38.828205,515
2026-02-17 02:30:38.836169,515
2026-02-17 02:30:38.844200,517
2026-02-17 02:30:38.852259,510
2026-02-17 02:30:38.860253,512
2026-02-17 02:30:38.868329,501
2026-02-17 02:30:38.876194,516
2026-02-17 02:30:38.884220,519
2026-02-17 02:30:38.892224,510
2026-02-17 02:30:38.900145,524
2026-02-17 02:30:38.908123,501
2026-02-17 02:30:38.916169,516
2026-02-17 02:30:38.924168,512
2026-02-17 02:30:38.932160,514
2026-02-17 02:30:38.940184,513
2026-02-17 02:30:38.948164,506
2026-02-17 02:30:38.956187,507
2026-02-17 02:30:38.964200,511
2026-02-17 02:30:38.972168,516
2026-02-17 02:30:38.980156,521
2026-02-17 02:30:38.988166,512
2026-02-17 02:30:38.996161,511
2026-02-17 02:30:39.004157,497
2026-02-17 02:30:39.012242,498
2026-02-17 02:30:39.020216,517
2026-02-17 02:30:39.028229,513
2026-02-17 02:30:39.036132,507
2026-02-17 02:30:39.044127,511
2026-02-17 02:30:39.052103,512
2026-02-17 02:30:39.060110,522
2026-02-17 02:30:39.068127,514
2026-02-17 02:30:39.076158,515
2026-02-17 02:30:39.084137,511
2026-02-17 02:30:39.092117,519
2026-02-17 02:30:39.100130,525
2026-02-17 02:30:39.108152,514
2026-02-17 02:30:39.116145,520
2026-02-17 02:30:39.124203,509
2026-02-17 02:30:39.132168,516
2026-02-17 02:30:39.140162,528
2026-02-17 02:30:39.148177,511
2026-02-17 02:30:39.156157,509
2026-02-17 02:30:39.164158,515
2026-02-17 02:30:39.172208,517
2026-02-17 02:30:39.180221,515
2026-02-17 02:30:39.188139,512
2026-02-17 02:30:39.196167,510
2026-02-17 02:30:39.204171,516
2026-02-17 02:30:39.212159,509
2026-02-17 02:30:39.220163,508
2026-02-17 02:30:39.228163,499
2026-02-17 02:30:39.236162,505
2026-02-17 02:30:39.244304,507
2026-02-17 02:30:39.252157,514
2026-02-17 02:30:39.260241,515
2026-02-17 02:30:39.268196,515
2026-02-17 02:30:39.276247,523
2026-02-17 02:30:39.284211,505
2026-02-17 02:30:39.292230,503
2026-02-17 02:30:39.300225,517
2026-02-17 02:30:39.308183,507
2026-02-17 02:30:39.316168,510
2026-02-17 02:30:39.324213,514
2026-02-17 02:30:39.332194,513
2026-02-17 02:30:39.340203,508
2026-02-17 02:30:39.348252,506
2026-02-17 02:30:39.356258,519
2026-02-17 02:30:39.364249,508
2026-02-17 02:30:39.372213,517
2026-02-17 02:30:39.380228,522
2026-02-17 02:30:39.388199,510
2026-02-17 02:30:39.396184,515
2026-02-17 02:30:39.404149,514
2026-02-17 02:30:39.412154,508
2026-02-17 02:30:39.420185,515
2026-02-17 02:30:39.428185,511
2026-02-17 02:30:39.436175,509
2026-02-17 02:30:39.444155,519
2026-02-17 02:30:39.452199,504
2026-02-17 02:30:39.460238,516
2026-02-17 02:30:39.468197,502
2026-02-17 02:30:39.476220,512
2026-02-17 02:30:39.484163,510
2026-02-17 02:30:39.492188,510
2026-02-17 02:30:39.500172,520
2026-02-17 02:30:39.508185,504
2026-02-17 02:30:39.516183,505
2026-02-17 02:30:39.524165,504
2026-02-17 02:30:39.532205,514
2026-02-17 02:30:39.540173,514
2026-02-17 02:30:39.548173,508
2026-02-17 02:30:39.556178,504
2026-02-17 02:30:39.564163,503
2026-02-17 02:30:39.572218,511
2026-02-17 02:30:39.580175,513
2026-02-17 02:30:39.588204,498
2026-02-17 02:30:39.596175,506
2026-02-17 02:30:39.604219,507
2026-02-17 02:30:39.612212,510
2026-02-17 02:30:39.620167,506
2026-02-17 02:30:39.628163,501
2026-02-17 02:30:39.636168,515
2026-02-17 02:30:39.644178,516
2026-02-17 02:30:39.652174,511
2026-02-17 02:30:39.660278,511
2026-02-17 02:30:39.668225,512
2026-02-17 02:30:39.676209,515
2026-02-17 02:30:39.684169,518
2026-02-17 02:30:39.692258,508
2026-02-17 02:30:39.700194,500
2026-02-17 02:30:39.708193,508
2026-02-17 02:30:39.716172,504
2026-02-17 02:30:39.724169,515
2026-02-17 02:30:39.732161,525
2026-02-17 02:30:39.740166,523
2026-02-17 02:30:39.748182,513
2026-02-17 02:30:39.756278,520
2026-02-17 02:30:39.764228,513
2026-02-17 02:30:39.772207,519
2026-02-17 02:30:39.780187,524
2026-02-17 02:30:39.788183,513
2026-02-17 02:30:39.796177,512
2026-02-17 02:30:39.804162,515
2026-02-17 02:30:39.812219,508
2026-02-17 02:30:39.820217,518
2026-02-17 02:30:39.828164,508
2026-02-17 02:30:39.836171,510
2026-02-17 02:30:39.844168,503
2026-02-17 02:30:39.852293,496
2026-02-17 02:30:39.860196,510
2026-02-17 02:30:39.868128,511
2026-02-17 02:30:39.876196,516
2026-02-17 02:30:39.884212,509
2026-02-17 02:30:39.892190,504
2026-02-17 02:30:39.900197,507
2026-02-17 02:30:39.908206,515
2026-02-17 02:30:39.916135,518
2026-02-17 02:30:39.924198,509
2026-02-17 02:30:39.932128,522
2026-02-17 02:30:39.940179,510
2026-02-17 02:30:39.948169,499
2026-02-17 02:30:39.956168,520
2026-02-17 02:30:39.964190,524
2026-02-17 02:30:39.972199,511
2026-02-17 02:30:39.980174,516
2026-02-17 02:30:39.988170,506
2026-02-17 02:30:39.996173,504
2026-02-17 02:30:40.004171,512
2026-02-17 02:30:40.012243,520
2026-02-17 02:30:40.020229,516
2026-02-17 02:30:40.028171,511
2026-02-17 02:30:40.036131,512
2026-02-17 02:30:40.044214,508
2026-02-17 02:30:40.052172,516
2026-02-17 02:30:40.060253,527
2026-02-17 02:30:40.068202,525
2026-02-17 02:30:40.076169,512
2026-02-17 02:30:40.084192,509
2026-02-17 02:30:40.092223,506
2026-02-17 02:30:40.100205,518
2026-02-17 02:30:40.108162,519
2026-02-17 02:30:40.116249,519
2026-02-17 02:30:40.124135,509
2026-02-17 02:30:40.132179,509
2026-02-17 02:30:40.140210,514
2026-02-17 02:30:40.148228,507
2026-02-17 02:30:40.156353,515
2026-02-17 02:30:40.164229,517
2026-02-17 02:30:40.172198,510
2026-02-17 02:30:40.180194,514
2026-02-17 02:30:40.188255,507
2026-02-17 02:30:40.196208,509
2026-02-17 02:30:40.204199,513
2026-02-17 02:30:40.212166,511
2026-02-17 02:30:40.220216,519
2026-02-17 02:30:40.228173,508
2026-02-17 02:30:40.236176,516
2026-02-17 02:30:40.244166,517
2026-02-17 02:30:40.252181,514
2026-02-17 02:30:40.260170,509
2026-02-17 02:30:40.268156,509
2026-02-17 02:30:40.276284,509
2026-02-17 02:30:40.284257,503
2026-02-17 02:30:40.292222,507
2026-02-17 02:30:40.300173,514
2026-02-17 02:30:40.308179,501
2026-02-17 02:30:40.316176,511
2026-02-17 02:30:40.324162,513
2026-02-17 02:30:40.332108,507
2026-02-17 02:30:40.340138,514
2026-02-17 02:30:40.348147,500
2026-02-17 02:30:40.356145,507
2026-02-17 02:30:40.364170,509
2026-02-17 02:30:40.372213,507
2026-02-17 02:30:40.380172,502
2026-02-17 02:30:40.388155,512
2026-02-17 02:30:40.396165,514
2026-02-17 02:30:40.404170,519
2026-02-17 02:30:40.412165,512
2026-02-17 02:30:40.420128,506
2026-02-17 02:30:40.428158,506
2026-02-17 02:30:40.436232,497
2026-02-17 02:30:40.444158,507
2026-02-17 02:30:40.452171,503
2026-02-17 02:30:40.460185,510
2026-02-17 02:30:40.468164,515
2026-02-17 02:30:40.476207,520
2026-02-17 02:30:40.484192,508
2026-02-17 02:30:40.492125,503
2026-02-17 02:30:40.500200,522
2026-02-17 02:30:40.508270,513
2026-02-17 02:30:40.516198,514
2026-02-17 02:30:40.524171,513
2026-02-17 02:30:40.532189,514
2026-02-17 02:30:40.540168,519
2026-02-17 02:30:40.548202,506
2026-02-17 02:30:40.556224,517
2026-02-17 02:30:40.564197,513
2026-02-17 02:30:40.572218,512
2026-02-17 02:30:40.580188,518
2026-02-17 02:30:40.588145,509
2026-02-17 02:30:40.596152,508
2026-02-17 02:30:40.604198,509
2026-02-17 02:30:40.612182,519
2026-02-17 02:30:40.620175,526
2026-02-17 02:30:40.628176,509
2026-02-17 02:30:40.636185,516
2026-02-17 02:30:40.644201,507
2026-02-17 02:30:40.652188,509
2026-02-17 02:30:40.660294,509
2026-02-17 02:30:40.668244,513
2026-02-17 02:30:40.676325,528
2026-02-17 02:30:40.684279,526
2026-02-17 02:30:40.692324,513
2026-02-17 02:30:40.700308,521
2026-02-17 02:30:40.708265,522
2026-02-17 02:30:40.716244,519
2026-02-17 02:30:40.724208,517
2026-02-17 02:30:40.732224,515
2026-02-17 02:30:40.740199,519
2026-02-17 02:30:40.748185,513
2026-02-17 02:30:40.756182,522
2026-02-17 02:30:40.764178,515
2026-02-17 02:30:40.772221,522
2026-02-17 02:30:40.780192,519
2026-02-17 02:30:40.788194,514
2026-02-17 02:30:40.796239,512
2026-02-17 02:30:40.804232,519
2026-02-17 02:30:40.812177,519
2026-02-17 02:30:40.820231,521
2026-02-17 02:30:40.828197,512
2026-02-17 02:30:40.836179,508
2026-02-17 02:30:40.844178,520
2026-02-17 02:30:40.852194,500
2026-02-17 02:30:40.860183,521
2026-02-17 02:30:40.868201,516
2026-02-17 02:30:40.876180,525
2026-02-17 02:30:40.884186,516
2026-02-17 02:30:40.892178,514
2026-02-17 02:30:40.900206,527
2026-02-17 02:30:40.908189,512
2026-02-17 02:30:40.916191,518
2026-02-17 02:30:40.924185,518
2026-02-17 02:30:40.932145,518
2026-02-17 02:30:40.940310,519
2026-02-17 02:30:40.948266,509
2026-02-17 02:30:40.956175,515
2026-02-17 02:30:40.964187,516
2026-02-17 02:30:40.972196,525
2026-02-17 02:30:40.980232,527
2026-02-17 02:30:40.988201,523
2026-02-17 02:30:40.996183,524
2026-02-17 02:30:41.004180,515
2026-02-17 02:30:41.012249,507
2026-02-17 02:30:41.020249,510
2026-02-17 02:30:41.028173,500
2026-02-17 02:30:41.036227,507
2026-02-17 02:30:41.044163,518
2026-02-17 02:30:41.052189,504
2026-02-17 02:30:41.060255,512
2026-02-17 02:30:41.068268,511
2026-02-17 02:30:41.076151,511
2026-02-17 02:30:41.084163,506
2026-02-17 02:30:41.092239,505
2026-02-17 02:30:41.100234,519
2026-02-17 02:30:41.108185,509
2026-02-17 02:30:41.116184,524
2026-02-17 02:30:41.124133,495
2026-02-17 02:30:41.132225,503
2026-02-17 02:30:41.140227,513
2026-02-17 02:30:41.148165,516
2026-02-17 02:30:41.156366,518
2026-02-17 02:30:41.164235,498
2026-02-17 02:30:41.172243,499
2026-02-17 02:30:41.180199,510
2026-02-17 02:30:41.188281,502
2026-02-17 02:30:41.196203,515
2026-02-17 02:30:41.204236,517
2026-02-17 02:30:41.212182,510
2026-02-17 02:30:41.220186,516
2026-02-17 02:30:41.228187,493
2026-02-17 02:30:41.236203,514
2026-02-17 02:30:41.244234,518
2026-02-17 02:30:41.252248,528
2026-02-17 02:30:41.260198,516
2026-02-17 02:30:41.268185,514
2026-02-17 02:30:41.276183,514
2026-02-17 02:30:41.284181,507
2026-02-17 02:30:41.292182,514
2026-02-17 02:30:41.300236,509
2026-02-17 02:30:41.308180,511
2026-02-17 02:30:41.316196,513
2026-02-17 02:30:41.324202,514
2026-02-17 02:30:41.332185,512
2026-02-17 02:30:41.340198,506
2026-02-17 02:30:41.348268,510
2026-02-17 02:30:41.356236,519
2026-02-17 02:30:41.364198,517
2026-02-17 02:30:41.372208,514
2026-02-17 02:30:41.380187,515
2026-02-17 02:30:41.388237,514
2026-02-17 02:30:41.396207,510
2026-02-17 02:30:41.404189,503
2026-02-17 02:30:41.412222,507
2026-02-17 02:30:41.420183,521
2026-02-17 02:30:41.428187,509
2026-02-17 02:30:41.436186,519
2026-02-17 02:30:41.444139,512
2026-02-17 02:30:41.452163,520
2026-02-17 02:30:41.460181,515
2026-02-17 02:30:41.468227,508
2026-02-17 02:30:41.476179,507
2026-02-17 02:30:41.484180,515
2026-02-17 02:30:41.492202,513
2026-02-17 02:30:41.500248,521
2026-02-17 02:30:41.508205,510
2026-02-17 02:30:41.516193,510
2026-02-17 02:30:41.524126,504
2026-02-17 02:30:41.532181,514
2026-02-17 02:30:41.540214,516
2026-02-17 02:30:41.548136,510
2026-02-17 02:30:41.556194,505
2026-02-17 02:30:41.564203,514
2026-02-17 02:30:41.572252,515
2026-02-17 02:30:41.580272,521
2026-02-17 02:30:41.588217,510
2026-02-17 02:30:41.596197,516
2026-02-17 02:30:41.604235,511
2026-02-17 02:30:41.612168,512
2026-02-17 02:30:41.620204,514
2026-02-17 02:30:41.628193,509
2026-02-17 02:30:41.636161,511
2026-02-17 02:30:41.644182,509
2026-02-17 02:30:41.652184,504
2026-02-17 02:30:41.660285,521
2026-02-17 02:30:41.668223,512
2026-02-17 02:30:41.676238,518
2026-02-17 02:30:41.684199,517
2026-02-17 02:30:41.692253,510
2026-02-17 02:30:41.700255,512
2026-02-17 02:30:41.708194,507
2026-02-17 02:30:41.716198,520
2026-02-17 02:30:41.724195,512
2026-02-17 02:30:41.732184,508
2026-02-17 02:30:41.740180,515
2026-02-17 02:30:41.748195,512
2026-02-17 02:30:41.756187,514
2026-02-17 02:30:41.764183,518
2026-02-17 02:30:41.772176,512
2026-02-17 02:30:41.780182,520
2026-02-17 02:30:41.788185,518
2026-02-17 02:30:41.796176,513
2026-02-17 02:30:41.804237,512
2026-02-17 02:30:41.812185,508
2026-02-17 02:30:41.820181,505
2026-02-17 02:30:41.828201,511
2026-02-17 02:30:41.836235,512
2026-02-17 02:30:41.844232,519
2026-02-17 02:30:41.852315,504
2026-02-17 02:30:41.860631,514
2026-02-17 02:30:41.868240,508
2026-02-17 02:30:41.876239,508
2026-02-17 02:30:41.884238,502
2026-02-17 02:30:41.892217,514
2026-02-17 02:30:41.900250,519
2026-02-17 02:30:41.908246,503
2026-02-17 02:30:41.916195,502
2026-02-17 02:30:41.924205,514
2026-02-17 02:30:41.932192,515
2026-02-17 02:30:41.940193,503
2026-02-17 02:30:41.948203,504
2026-02-17 02:30:41.956161,516
2026-02-17 02:30:41.964199,517
2026-02-17 02:30:41.972212,502
2026-02-17 02:30:41.980231,513
2026-02-17 02:30:41.988232,510
2026-02-17 02:30:41.996227,518
2026-02-17 02:30:42.004187,527
2026-02-17 02:30:42.012201,509
2026-02-17 02:30:42.020244,518
2026-02-17 02:30:42.028169,517
2026-02-17 02:30:42.036264,519
2026-02-17 02:30:42.044190,508
2026-02-17 02:30:42.052218,505
2026-02-17 02:30:42.060223,513
2026-02-17 02:30:42.068199,514
2026-02-17 02:30:42.076238,512
2026-02-17 02:30:42.084267,520
2026-02-17 02:30:42.092230,515
2026-02-17 02:30:42.100202,517
2026-02-17 02:30:42.108273,512
2026-02-17 02:30:42.116194,515
2026-02-17 02:30:42.124181,504
2026-02-17 02:30:42.132313,514
2026-02-17 02:30:42.140253,518
2026-02-17 02:30:42.148214,511
2026-02-17 02:30:42.156233,515
2026-02-17 02:30:42.164193,514
2026-02-17 02:30:42.172221,511
2026-02-17 02:30:42.180191,515
2026-02-17 02:30:42.188282,509
2026-02-17 02:30:42.196218,515
2026-02-17 02:30:42.204246,514
2026-02-17 02:30:42.212185,514
2026-02-17 02:30:42.220184,517
2026-02-17 02:30:42.228183,515
2026-02-17 02:30:42.236200,505
2026-02-17 02:30:42.244193,512
2026-02-17 02:30:42.252194,516
2026-02-17 02:30:42.260191,515
2026-02-17 02:30:42.268184,514
2026-02-17 02:30:42.276210,509
2026-02-17 02:30:42.284214,514
2026-02-17 02:30:42.292197,520
2026-02-17 02:30:42.300210,520
2026-02-17 02:30:42.308222,510
2026-02-17 02:30:42.316196,511
2026-02-17 02:30:42.324239,517
2026-02-17 02:30:42.332204,520
2026-02-17 02:30:42.340192,525
2026-02-17 02:30:42.348181,513
2026-02-17 02:30:42.356189,521
2026-02-17 02:30:42.364229,512
2026-02-17 02:30:42.372182,516
2026-02-17 02:30:42.380176,517
2026-02-17 02:30:42.388204,509
2026-02-17 02:30:42.396206,515
2026-02-17 02:30:42.404180,502
2026-02-17 02:30:42.412189,504
2026-02-17 02:30:42.420203,520
2026-02-17 02:30:42.428320,516
2026-02-17 02:30:42.436240,519
2026-02-17 02:30:42.444248,512
2026-02-17 02:30:42.452255,507
2026-02-17 02:30:42.460280,511
2026-02-17 02:30:42.468187,501
2026-02-17 02:30:42.476210,506
2026-02-17 02:30:42.484191,508
2026-02-17 02:30:42.492251,521
2026-02-17 02:30:42.500135,514
2026-02-17 02:30:42.508228,506
2026-02-17 02:30:42.516198,516
2026-02-17 02:30:42.524231,512
2026-02-17 02:30:42.532208,506
2026-02-17 02:30:42.540192,518
2026-02-17 02:30:42.548194,518
2026-02-17 02:30:42.556188,514
2026-02-17 02:30:42.564182,518
2026-02-17 02:30:42.572138,515
2026-02-17 02:30:42.580361,516
2026-02-17 02:30:42.588142,506
2026-02-17 02:30:42.596245,516
2026-02-17 02:30:42.604197,524
2026-02-17 02:30:42.612163,514
2026-02-17 02:30:42.620203,500
2026-02-17 02:30:42.628183,511
2026-02-17 02:30:42.636189,501
2026-02-17 02:30:42.644219,513
2026-02-17 02:30:42.652190,513
2026-02-17 02:30:42.660324,515
2026-02-17 02:30:42.668202,511
2026-02-17 02:30:42.676197,521
2026-02-17 02:30:42.684196,527
2026-02-17 02:30:42.692368,520
2026-02-17 02:30:42.700272,519
2026-02-17 02:30:42.708236,491
2026-02-17 02:30:42.716214,513
2026-02-17 02:30:42.724229,522
2026-02-17 02:30:42.732237,513
2026-02-17 02:30:42.740207,522
2026-02-17 02:30:42.748202,514
2026-02-17 02:30:42.756210,515
2026-02-17 02:30:42.764193,511
2026-02-17 02:30:42.772208,512
2026-02-17 02:30:42.780198,510
2026-02-17 02:30:42.788177,512
2026-02-17 02:30:42.796189,501
2026-02-17 02:30:42.804202,513
2026-02-17 02:30:42.812203,512
2026-02-17 02:30:42.820196,516
2026-02-17 02:30:42.828229,513
2026-02-17 02:30:42.836188,508
2026-02-17 02:30:42.844191,505
2026-02-17 02:30:42.852283,516
2026-02-17 02:30:42.860216,508
2026-02-17 02:30:42.868242,504
2026-02-17 02:30:42.876214,505
2026-02-17 02:30:42.884209,513
2026-02-17 02:30:42.892215,507
2026-02-17 02:30:42.900190,514
2026-02-17 02:30:42.908246,504
2026-02-17 02:30:42.916191,519
2026-02-17 02:30:42.924251,519
2026-02-17 02:30:42.932200,515
2026-02-17 02:30:42.940192,519
2026-02-17 02:30:42.948195,515
2026-02-17 02:30:42.956196,512
2026-02-17 02:30:42.964214,509
2026-02-17 02:30:42.972206,515
2026-02-17 02:30:42.980151,516
2026-02-17 02:30:42.988215,515
2026-02-17 02:30:42.996194,516
2026-02-17 02:30:43.004201,512
2026-02-17 02:30:43.012216,503
2026-02-17 02:30:43.020277,525
2026-02-17 02:30:43.028199,509
2026-02-17 02:30:43.036224,524
2026-02-17 02:30:43.044246,516
2026-02-17 02:30:43.052267,513
2026-02-17 02:30:43.060209,507
2026-02-17 02:30:43.068189,510
2026-02-17 02:30:43.076236,516
2026-02-17 02:30:43.084268,516
2026-02-17 02:30:43.092292,522
2026-02-17 02:30:43.100269,522
2026-02-17 02:30:43.108228,512
2026-02-17 02:30:43.116164,498
2026-02-17 02:30:43.124143,512
2026-02-17 02:30:43.132150,518
2026-02-17 02:30:43.140215,511
2026-02-17 02:30:43.148195,509
2026-02-17 02:30:43.156260,517
2026-02-17 02:30:43.164217,499
2026-02-17 02:30:43.172215,513
2026-02-17 02:30:43.180199,514
2026-02-17 02:30:43.188298,517
2026-02-17 02:30:43.196192,507
2026-02-17 02:30:43.204199,512
2026-02-17 02:30:43.212194,511
2026-02-17 02:30:43.220181,519
2026-02-17 02:30:43.228198,498
2026-02-17 02:30:43.236186,507
2026-02-17 02:30:43.244193,522
2026-02-17 02:30:43.252199,502
2026-02-17 02:30:43.260190,518
2026-02-17 02:30:43.268350,509
2026-02-17 02:30:43.276272,515
2026-02-17 02:30:43.284234,511
2026-02-17 02:30:43.292220,517
2026-02-17 02:30:43.300185,514
2026-02-17 02:30:43.308367,500
2026-02-17 02:30:43.316265,510
2026-02-17 02:30:43.324193,520
2026-02-17 02:30:43.332213,515
2026-02-17 02:30:43.340208,509
2026-02-17 02:30:43.348827,507
2026-02-17 02:30:43.356279,498
2026-02-17 02:30:43.364278,514
2026-02-17 02:30:43.372212,522
2026-02-17 02:30:43.380244,522
2026-02-17 02:30:43.388217,512
2026-02-17 02:30:43.396205,507
2026-02-17 02:30:43.404243,511
2026-02-17 02:30:43.412193,515
2026-02-17 02:30:43.420188,503
2026-02-17 02:30:43.428196,493
2026-02-17 02:30:43.436187,479
2026-02-17 02:30:43.444189,490
2026-02-17 02:30:43.452192,492
2026-02-17 02:30:43.460184,492
2026-02-17 02:30:43.468206,492
2026-02-17 02:30:43.476252,505
2026-02-17 02:30:43.484161,511
2026-02-17 02:30:43.492197,495
2026-02-17 02:30:43.500144,510
2026-02-17 02:30:43.508213,505
2026-02-17 02:30:43.516202,509
2026-02-17 02:30:43.524251,513
2026-02-17 02:30:43.532200,503
2026-02-17 02:30:43.540197,515
2026-02-17 02:30:43.548264,513
2026-02-17 02:30:43.556191,511
2026-02-17 02:30:43.564211,514
2026-02-17 02:30:43.572139,506
2026-02-17 02:30:43.580307,521
2026-02-17 02:30:43.588194,511
2026-02-17 02:30:43.596223,503
2026-02-17 02:30:43.604208,514
2026-02-17 02:30:43.612197,511
2026-02-17 02:30:43.620205,518
2026-02-17 02:30:43.628198,510
2026-02-17 02:30:43.636197,512
2026-02-17 02:30:43.644212,511
2026-02-17 02:30:43.652220,518
2026-02-17 02:30:43.660306,525
2026-02-17 02:30:43.668275,510
2026-02-17 02:30:43.676278,516
2026-02-17 02:30:43.684259,510
2026-02-17 02:30:43.692314,502
2026-02-17 02:30:43.700216,522
2026-02-17 02:30:43.708225,507
2026-02-17 02:30:43.716225,508
2026-02-17 02:30:43.724254,509
2026-02-17 02:30:43.732202,511
2026-02-17 02:30:43.740194,500
2026-02-17 02:30:43.748198,512
2026-02-17 02:30:43.756198,526
2026-02-17 02:30:43.764239,515
2026-02-17 02:30:43.772219,517
2026-02-17 02:30:43.780196,517
2026-02-17 02:30:43.788197,504
2026-02-17 02:30:43.796193,507
2026-02-17 02:30:43.804196,508
2026-02-17 02:30:43.812203,510
2026-02-17 02:30:43.820223,517
2026-02-17 02:30:43.828226,505
2026-02-17 02:30:43.836237,511
2026-02-17 02:30:43.844261,514
2026-02-17 02:30:43.852317,512
2026-02-17 02:30:43.860185,517
2026-02-17 02:30:43.868229,511
2026-02-17 02:30:43.876287,511
2026-02-17 02:30:43.884211,509
2026-02-17 02:30:43.892210,515
2026-02-17 02:30:43.900259,521
2026-02-17 02:30:43.908252,508
2026-02-17 02:30:43.916212,517
2026-02-17 02:30:43.924220,506
2026-02-17 02:30:43.932227,512
2026-02-17 02:30:43.940200,514
2026-02-17 02:30:43.948208,522
2026-02-17 02:30:43.956290,517
2026-02-17 02:30:43.964297,514
2026-02-17 02:30:43.972230,505
2026-02-17 02:30:43.980265,506
2026-02-17 02:30:43.988247,506
2026-02-17 02:30:43.996183,513
2026-02-17 02:30:44.004151,514
2026-02-17 02:30:44.012274,502
2026-02-17 02:30:44.020242,515
2026-02-17 02:30:44.028216,507
2026-02-17 02:30:44.036211,522
2026-02-17 02:30:44.044203,514
2026-02-17 02:30:44.052267,504
2026-02-17 02:30:44.060191,507
2026-02-17 02:30:44.068229,498
2026-02-17 02:30:44.076220,489
2026-02-17 02:30:44.084288,510
2026-02-17 02:30:44.092250,517
2026-02-17 02:30:44.100183,515
2026-02-17 02:30:44.108176,513
2026-02-17 02:30:44.116196,507
2026-02-17 02:30:44.124166,501
2026-02-17 02:30:44.132145,507
2026-02-17 02:30:44.140253,514
2026-02-17 02:30:44.148204,518
2026-02-17 02:30:44.156296,517
2026-02-17 02:30:44.164210,505
2026-02-17 02:30:44.172271,515
2026-02-17 02:30:44.180226,519
2026-02-17 02:30:44.188281,509
2026-02-17 02:30:44.196256,514
2026-02-17 02:30:44.204271,515
2026-02-17 02:30:44.212201,510
2026-02-17 02:30:44.220201,519
2026-02-17 02:30:44.228201,509
2026-02-17 02:30:44.236194,516
2026-02-17 02:30:44.244281,511
2026-02-17 02:30:44.252278,501
2026-02-17 02:30:44.260311,515
2026-02-17 02:30:44.268262,509
2026-02-17 02:30:44.276219,509
2026-02-17 02:30:44.284239,507
2026-02-17 02:30:44.292258,508
2026-02-17 02:30:44.300273,516
2026-02-17 02:30:44.308241,508
2026-02-17 02:30:44.316230,520
2026-02-17 02:30:44.324223,526
2026-02-17 02:30:44.332255,511
2026-02-17 02:30:44.340211,512
2026-02-17 02:30:44.348208,512
2026-02-17 02:30:44.356201,516
2026-02-17 02:30:44.364228,516
2026-02-17 02:30:44.372227,519
2026-02-17 02:30:44.380248,521
2026-02-17 02:30:44.388212,502
2026-02-17 02:30:44.396236,519
2026-02-17 02:30:44.404209,521
2026-02-17 02:30:44.412200,516
2026-02-17 02:30:44.420198,518
2026-02-17 02:30:44.428250,511
2026-02-17 02:30:44.436215,517
2026-02-17 02:30:44.444196,513
2026-02-17 02:30:44.452207,515
2026-02-17 02:30:44.460210,510
2026-02-17 02:30:44.468206,509
2026-02-17 02:30:44.476207,513
2026-02-17 02:30:44.484196,508
2026-02-17 02:30:44.492199,507
2026-02-17 02:30:44.500187,513
2026-02-17 02:30:44.508193,505
2026-02-17 02:30:44.516265,511
2026-02-17 02:30:44.524217,512
2026-02-17 02:30:44.532184,516
2026-02-17 02:30:44.540241,517
2026-02-17 02:30:44.548247,509
2026-02-17 02:30:44.556248,514
2026-02-17 02:30:44.564291,521
2026-02-17 02:30:44.572265,518
2026-02-17 02:30:44.580204,519
2026-02-17 02:30:44.588209,508
2026-02-17 02:30:44.596227,511
2026-02-17 02:30:44.604222,514
2026-02-17 02:30:44.612196,516
2026-02-17 02:30:44.620195,520
2026-02-17 02:30:44.628256,502
2026-02-17 02:30:44.636216,507
2026-02-17 02:30:44.644217,509
2026-02-17 02:30:44.652209,509
2026-02-17 02:30:44.660240,519
2026-02-17 02:30:44.668299,512
2026-02-17 02:30:44.676287,519
2026-02-17 02:30:44.684263,506
2026-02-17 02:30:44.692208,522
2026-02-17 02:30:44.700209,513
2026-02-17 02:30:44.708262,514
2026-02-17 02:30:44.716265,516
2026-02-17 02:30:44.724211,522
2026-02-17 02:30:44.732244,526
2026-02-17 02:30:44.740219,526
2026-02-17 02:30:44.748210,524
2026-02-17 02:30:44.756238,522
2026-02-17 02:30:44.764208,527
2026-02-17 02:30:44.772218,504
2026-02-17 02:30:44.780207,515
2026-02-17 02:30:44.788240,514
2026-02-17 02:30:44.796199,514
2026-02-17 02:30:44.804208,512
2026-02-17 02:30:44.812265,508
2026-02-17 02:30:44.820216,509
2026-02-17 02:30:44.828254,514
2026-02-17 02:30:44.836224,530
2026-02-17 02:30:44.844257,525
2026-02-17 02:30:44.852255,520
2026-02-17 02:30:44.860234,528
2026-02-17 02:30:44.868235,518
2026-02-17 02:30:44.876254,517
2026-02-17 02:30:44.884213,522
2026-02-17 02:30:44.892224,512
2026-02-17 02:30:44.900209,519
2026-02-17 02:30:44.908208,511
2026-02-17 02:30:44.916225,513
2026-02-17 02:30:44.924215,520
2026-02-17 02:30:44.932249,511
2026-02-17 02:30:44.940219,512
2026-02-17 02:30:44.948206,512
2026-02-17 02:30:44.956221,508
2026-02-17 02:30:44.964212,514
2026-02-17 02:30:44.972255,514
2026-02-17 02:30:44.980247,514
2026-02-17 02:30:44.988192,496
2026-02-17 02:30:44.996213,519
2026-02-17 02:30:45.004220,514
2026-02-17 02:30:45.012363,499
2026-02-17 02:30:45.020316,513
2026-02-17 02:30:45.028242,514
2026-02-17 02:30:45.036260,504
2026-02-17 02:30:45.044280,517
2026-02-17 02:30:45.052259,510
2026-02-17 02:30:45.060277,517
2026-02-17 02:30:45.068249,521
2026-02-17 02:30:45.076257,521
2026-02-17 02:30:45.084220,519
2026-02-17 02:30:45.092170,521
2026-02-17 02:30:45.100160,528
2026-02-17 02:30:45.108221,506
2026-02-17 02:30:45.116163,520
2026-02-17 02:30:45.124227,518
2026-02-17 02:30:45.132186,516
2026-02-17 02:30:45.140227,521
2026-02-17 02:30:45.148289,518
2026-02-17 02:30:45.156269,518
2026-02-17 02:30:45.164243,502
2026-02-17 02:30:45.172256,507
2026-02-17 02:30:45.180282,519
2026-02-17 02:30:45.188229,511
2026-02-17 02:30:45.196217,512
2026-02-17 02:30:45.204225,516
2026-02-17 02:30:45.212213,510
2026-02-17 02:30:45.220204,520
2026-02-17 02:30:45.228229,505
2026-02-17 02:30:45.236203,512
2026-02-17 02:30:45.244199,510
2026-02-17 02:30:45.252202,509
2026-02-17 02:30:45.260212,517
2026-02-17 02:30:45.268223,518
2026-02-17 02:30:45.276290,509
2026-02-17 02:30:45.284266,518
2026-02-17 02:30:45.292289,508
2026-02-17 02:30:45.300192,516
2026-02-17 02:30:45.308194,510
2026-02-17 02:30:45.316189,503
2026-02-17 02:30:45.324167,516
2026-02-17 02:30:45.332181,516
2026-02-17 02:30:45.340176,520
2026-02-17 02:30:45.348178,513
2026-02-17 02:30:45.356177,512
2026-02-17 02:30:45.364202,499
2026-02-17 02:30:45.372177,504
2026-02-17 02:30:45.380165,523
2026-02-17 02:30:45.388224,519
2026-02-17 02:30:45.396179,507
2026-02-17 02:30:45.404196,499
2026-02-17 02:30:45.412203,508
2026-02-17 02:30:45.420193,521
2026-02-17 02:30:45.428197,517
2026-02-17 02:30:45.436240,510
2026-02-17 02:30:45.444198,520
2026-02-17 02:30:45.452214,498
2026-02-17 02:30:45.460190,514
2026-02-17 02:30:45.468218,517
2026-02-17 02:30:45.476175,508
2026-02-17 02:30:45.484279,514
2026-02-17 02:30:45.492161,500
2026-02-17 02:30:45.500175,507
2026-02-17 02:30:45.508213,506
2026-02-17 02:30:45.516262,501
2026-02-17 02:30:45.524311,512
2026-02-17 02:30:45.532163,510
2026-02-17 02:30:45.540236,513
2026-02-17 02:30:45.548274,512
2026-02-17 02:30:45.556248,514
2026-02-17 02:30:45.564242,515
2026-02-17 02:30:45.572203,509
2026-02-17 02:30:45.580286,508
2026-02-17 02:30:45.588160,514
2026-02-17 02:30:45.596207,514
2026-02-17 02:30:45.604205,514
2026-02-17 02:30:45.612234,512
2026-02-17 02:30:45.620168,526
2026-02-17 02:30:45.628210,517
2026-02-17 02:30:45.636211,501
2026-02-17 02:30:45.644206,518
2026-02-17 02:30:45.652213,519
2026-02-17 02:30:45.660312,520
2026-02-17 02:30:45.668231,509
2026-02-17 02:30:45.676267,516
2026-02-17 02:30:45.684268,499
2026-02-17 02:30:45.692203,509
2026-02-17 02:30:45.700225,523
2026-02-17 02:30:45.708302,511
2026-02-17 02:30:45.716268,515
2026-02-17 02:30:45.724365,510
2026-02-17 02:30:45.732382,511
2026-02-17 02:30:45.740242,523
2026-02-17 02:30:45.748279,508
2026-02-17 02:30:45.756263,508
2026-02-17 02:30:45.764222,511
2026-02-17 02:30:45.772210,512
2026-02-17 02:30:45.780213,506
2026-02-17 02:30:45.788253,513
2026-02-17 02:30:45.796206,520
2026-02-17 02:30:45.804242,517
2026-02-17 02:30:45.812225,517
2026-02-17 02:30:45.820213,509
2026-02-17 02:30:45.828209,509
2026-02-17 02:30:45.836212,509
2026-02-17 02:30:45.844204,514
2026-02-17 02:30:45.852351,517
2026-02-17 02:30:45.860316,519
2026-02-17 02:30:45.868268,513
2026-02-17 02:30:45.876217,518
2026-02-17 02:30:45.884207,511
2026-02-17 02:30:45.892222,508
2026-02-17 02:30:45.900204,509
2026-02-17 02:30:45.908210,508
2026-02-17 02:30:45.916204,516
2026-02-17 02:30:45.924224,518
2026-02-17 02:30:45.932254,512
2026-02-17 02:30:45.940202,513
2026-02-17 02:30:45.948212,518
2026-02-17 02:30:45.956268,514
2026-02-17 02:30:45.964226,522
2026-02-17 02:30:45.972219,518
2026-02-17 02:30:45.980262,517
2026-02-17 02:30:45.988213,508
2026-02-17 02:30:45.996294,511
2026-02-17 02:30:46.004299,510
2026-02-17 02:30:46.012460,504
2026-02-17 02:30:46.020319,518
2026-02-17 02:30:46.028346,494
2026-02-17 02:30:46.036264,513
2026-02-17 02:30:46.044252,522
2026-02-17 02:30:46.052188,509
2026-02-17 02:30:46.060254,518
2026-02-17 02:30:46.068267,512
2026-02-17 02:30:46.076312,524
2026-02-17 02:30:46.084314,506
2026-02-17 02:30:46.092311,505
2026-02-17 02:30:46.100290,518
2026-02-17 02:30:46.108173,516
2026-02-17 02:30:46.116165,522
2026-02-17 02:30:46.124173,509
2026-02-17 02:30:46.132178,505
2026-02-17 02:30:46.140174,518
2026-02-17 02:30:46.148305,512
2026-02-17 02:30:46.156253,515
2026-02-17 02:30:46.164215,517
2026-02-17 02:30:46.172212,515
2026-02-17 02:30:46.180302,516
2026-02-17 02:30:46.188277,501
2026-02-17 02:30:46.196246,512
2026-02-17 02:30:46.204277,509
2026-02-17 02:30:46.212268,516
2026-02-17 02:30:46.220258,519
2026-02-17 02:30:46.228228,503
2026-02-17 02:30:46.236216,503
2026-02-17 02:30:46.244214,512
2026-02-17 02:30:46.252217,503
2026-02-17 02:30:46.260217,512
2026-02-17 02:30:46.268217,511
2026-02-17 02:30:46.276210,515
2026-02-17 02:30:46.284164,512
2026-02-17 02:30:46.292222,501
2026-02-17 02:30:46.300215,511
2026-02-17 02:30:46.308220,510
2026-02-17 02:30:46.316209,518
2026-02-17 02:30:46.324221,518
2026-02-17 02:30:46.332271,506
2026-02-17 02:30:46.340217,521
2026-02-17 02:30:46.348336,515
2026-02-17 02:30:46.356285,503
2026-02-17 02:30:46.364228,510
2026-02-17 02:30:46.372213,505
2026-02-17 02:30:46.380210,515
2026-02-17 02:30:46.388261,515
2026-02-17 02:30:46.396217,512
2026-02-17 02:30:46.404253,517
2026-02-17 02:30:46.412212,506
2026-02-17 02:30:46.420219,498
2026-02-17 02:30:46.428237,491
2026-02-17 02:30:46.436266,497
2026-02-17 02:30:46.444253,494
2026-02-17 02:30:46.452224,482
2026-02-17 02:30:46.460210,487
2026-02-17 02:30:46.468235,474
2026-02-17 02:30:46.476208,493
2026-02-17 02:30:46.484225,510
2026-02-17 02:30:46.492218,503
2026-02-17 02:30:46.500217,507
2026-02-17 02:30:46.508234,503
2026-02-17 02:30:46.516256,498
2026-02-17 02:30:46.524279,506
2026-02-17 02:30:46.532261,511
2026-02-17 02:30:46.540162,517
2026-02-17 02:30:46.548191,520
2026-02-17 02:30:46.556208,516
2026-02-17 02:30:46.564166,508
2026-02-17 02:30:46.572207,513
2026-02-17 02:30:46.580261,519
2026-02-17 02:30:46.588197,512
2026-02-17 02:30:46.596285,503
2026-02-17 02:30:46.604271,510
2026-02-17 02:30:46.612295,503
2026-02-17 02:30:46.620218,521
2026-02-17 02:30:46.628217,510
2026-02-17 02:30:46.636228,506
2026-02-17 02:30:46.644227,509
2026-02-17 02:30:46.652231,509
2026-02-17 02:30:46.660247,522
2026-02-17 02:30:46.668266,513
2026-02-17 02:30:46.676256,505
2026-02-17 02:30:46.684208,511
2026-02-17 02:30:46.692369,503
2026-02-17 02:30:46.700281,513
2026-02-17 02:30:46.708254,513
2026-02-17 02:30:46.716222,512
2026-02-17 02:30:46.724309,514
2026-02-17 02:30:46.732227,504
2026-02-17 02:30:46.740229,504
2026-02-17 02:30:46.748215,508
2026-02-17 02:30:46.756240,514
2026-02-17 02:30:46.764213,521
2026-02-17 02:30:46.772218,512
2026-02-17 02:30:46.780219,515
2026-02-17 02:30:46.788211,507
2026-02-17 02:30:46.796223,504
2026-02-17 02:30:46.804219,515
2026-02-17 02:30:46.812220,511
2026-02-17 02:30:46.820227,525
2026-02-17 02:30:46.828231,506
2026-02-17 02:30:46.836227,510
2026-02-17 02:30:46.844210,525
2026-02-17 02:30:46.852227,509
2026-02-17 02:30:46.860224,511
2026-02-17 02:30:46.868220,511
2026-02-17 02:30:46.876212,515
2026-02-17 02:30:46.884206,504
2026-02-17 02:30:46.892217,517
2026-02-17 02:30:46.900215,520
2026-02-17 02:30:46.908222,515
2026-02-17 02:30:46.916213,508
2026-02-17 02:30:46.924222,511
2026-02-17 02:30:46.932226,504
2026-02-17 02:30:46.940264,515
2026-02-17 02:30:46.948221,521
2026-02-17 02:30:46.956242,515
2026-02-17 02:30:46.964220,511
2026-02-17 02:30:46.972201,498
2026-02-17 02:30:46.980227,509
2026-02-17 02:30:46.988223,509
2026-02-17 02:30:46.996212,520
2026-02-17 02:30:47.004225,518
2026-02-17 02:30:47.012272,522
2026-02-17 02:30:47.020290,516
2026-02-17 02:30:47.028255,509
2026-02-17 02:30:47.036214,506
2026-02-17 02:30:47.044210,511
2026-02-17 02:30:47.052288,510
2026-02-17 02:30:47.060292,530
2026-02-17 02:30:47.068230,520
2026-02-17 02:30:47.076202,512
2026-02-17 02:30:47.084234,492
2026-02-17 02:30:47.092180,513
2026-02-17 02:30:47.100186,508
2026-02-17 02:30:47.108226,510
2026-02-17 02:30:47.116172,512
2026-02-17 02:30:47.124286,508
2026-02-17 02:30:47.132269,507
2026-02-17 02:30:47.140233,519
2026-02-17 02:30:47.148167,516
2026-02-17 02:30:47.156345,509
2026-02-17 02:30:47.164220,506
2026-02-17 02:30:47.172197,499
2026-02-17 02:30:47.180323,511
2026-02-17 02:30:47.188272,514
2026-02-17 02:30:47.196240,518
2026-02-17 02:30:47.204270,516
2026-02-17 02:30:47.212218,509
2026-02-17 02:30:47.220261,514
2026-02-17 02:30:47.228228,510
2026-02-17 02:30:47.236216,512
2026-02-17 02:30:47.244238,527
2026-02-17 02:30:47.252220,514
2026-02-17 02:30:47.260810,514
2026-02-17 02:30:47.268288,513
2026-02-17 02:30:47.276278,520
2026-02-17 02:30:47.284252,524
2026-02-17 02:30:47.292265,515
2026-02-17 02:30:47.300255,505
2026-02-17 02:30:47.308230,499
2026-02-17 02:30:47.316216,518
2026-02-17 02:30:47.324231,517
2026-02-17 02:30:47.332236,509
2026-02-17 02:30:47.340212,519
2026-02-17 02:30:47.348240,508
2026-02-17 02:30:47.356224,515
2026-02-17 02:30:47.364244,517
2026-02-17 02:30:47.372223,520
2026-02-17 02:30:47.380224,522
2026-02-17 02:30:47.388221,508
2026-02-17 02:30:47.396231,510
2026-02-17 02:30:47.404228,520
2026-02-17 02:30:47.412229,521
2026-02-17 02:30:47.420222,525
2026-02-17 02:30:47.428238,504
2026-02-17 02:30:47.436222,506
2026-02-17 02:30:47.444224,505
2026-02-17 02:30:47.452228,503
2026-02-17 02:30:47.460213,522
2026-02-17 02:30:47.468276,515
2026-02-17 02:30:47.476286,514
2026-02-17 02:30:47.484222,514
2026-02-17 02:30:47.492225,514
2026-02-17 02:30:47.500241,517
2026-02-17 02:30:47.508211,521
2026-02-17 02:30:47.516274,513
2026-02-17 02:30:47.524318,497
2026-02-17 02:30:47.532285,499
2026-02-17 02:30:47.540265,514
2026-02-17 02:30:47.548229,513
2026-02-17 02:30:47.556215,508
2026-02-17 02:30:47.564203,512
2026-02-17 02:30:47.572237,509
2026-02-17 02:30:47.580224,506
2026-02-17 02:30:47.588192,512
2026-02-17 02:30:47.596240,512
2026-02-17 02:30:47.604261,504
2026-02-17 02:30:47.612235,511
2026-02-17 02:30:47.620228,507
2026-02-17 02:30:47.628244,514
2026-02-17 02:30:47.636234,525
2026-02-17 02:30:47.644262,513
2026-02-17 02:30:47.652217,507
2026-02-17 02:30:47.660326,505
2026-02-17 02:30:47.668275,506
2026-02-17 02:30:47.676240,504
2026-02-17 02:30:47.684267,508
2026-02-17 02:30:47.692283,500
2026-02-17 02:30:47.700268,506
2026-02-17 02:30:47.708212,507
2026-02-17 02:30:47.716239,513
2026-02-17 02:30:47.724264,517
2026-02-17 02:30:47.732252,489
2026-02-17 02:30:47.740357,502
2026-02-17 02:30:47.748174,505
2026-02-17 02:30:47.756213,513
2026-02-17 02:30:47.764193,516
2026-02-17 02:30:47.772244,512
2026-02-17 02:30:47.780233,530
2026-02-17 02:30:47.788228,518
2026-02-17 02:30:47.796228,516
2026-02-17 02:30:47.804306,522
2026-02-17 02:30:47.812398,514
2026-02-17 02:30:47.820267,527
2026-02-17 02:30:47.828256,521
2026-02-17 02:30:47.836259,531
2026-02-17 02:30:47.844225,525
2026-02-17 02:30:47.852344,512
2026-02-17 02:30:47.860321,523
2026-02-17 02:30:47.868230,531
2026-02-17 02:30:47.876423,516
2026-02-17 02:30:47.884381,510
2026-02-17 02:30:47.892298,496
2026-02-17 02:30:47.900276,505
2026-02-17 02:30:47.908226,507
2026-02-17 02:30:47.916213,499
2026-02-17 02:30:47.924255,503
2026-02-17 02:30:47.932260,505
2026-02-17 02:30:47.940224,499
2026-02-17 02:30:47.948212,510
2026-02-17 02:30:47.956236,525
2026-02-17 02:30:47.964249,524
2026-02-17 02:30:47.972223,512
2026-02-17 02:30:47.980248,524
2026-02-17 02:30:47.988227,512
2026-02-17 02:30:47.996221,525
2026-02-17 02:30:48.004266,520
2026-02-17 02:30:48.012292,518
2026-02-17 02:30:48.020347,520
2026-02-17 02:30:48.028230,516
2026-02-17 02:30:48.036237,507
2026-02-17 02:30:48.044225,511
2026-02-17 02:30:48.052224,511
2026-02-17 02:30:48.060207,512
2026-02-17 02:30:48.068194,519
2026-02-17 02:30:48.076263,523
2026-02-17 02:30:48.084251,521
2026-02-17 02:30:48.092235,508
2026-02-17 02:30:48.100206,518
2026-02-17 02:30:48.108236,517
2026-02-17 02:30:48.116314,513
2026-02-17 02:30:48.124251,516
2026-02-17 02:30:48.132294,514
2026-02-17 02:30:48.140231,526
2026-02-17 02:30:48.148264,525
2026-02-17 02:30:48.156330,512
2026-02-17 02:30:48.164294,518
2026-02-17 02:30:48.172273,512
2026-02-17 02:30:48.180317,511
2026-02-17 02:30:48.188274,516
2026-02-17 02:30:48.196230,517
2026-02-17 02:30:48.204233,513
2026-02-17 02:30:48.212231,510
2026-02-17 02:30:48.220281,514
2026-02-17 02:30:48.228250,510
2026-02-17 02:30:48.236246,517
2026-02-17 02:30:48.244232,515
2026-02-17 02:30:48.252232,507
2026-02-17 02:30:48.260273,510
2026-02-17 02:30:48.268224,508
2026-02-17 02:30:48.276230,514
2026-02-17 02:30:48.284228,513
2026-02-17 02:30:48.292267,502
2026-02-17 02:30:48.300221,501
2026-02-17 02:30:48.308236,512
2026-02-17 02:30:48.316229,504
2026-02-17 02:30:48.324260,513
2026-02-17 02:30:48.332255,509
2026-02-17 02:30:48.340276,508
2026-02-17 02:30:48.348332,515
2026-02-17 02:30:48.356227,518
2026-02-17 02:30:48.364200,514
2026-02-17 02:30:48.372232,515
2026-02-17 02:30:48.380238,513
2026-02-17 02:30:48.388230,503
2026-02-17 02:30:48.396251,511
2026-02-17 02:30:48.404251,517
2026-02-17 02:30:48.412221,504
2026-02-17 02:30:48.420245,515
2026-02-17 02:30:48.428238,511
2026-02-17 02:30:48.436251,511
2026-02-17 02:30:48.444235,524
2026-02-17 02:30:48.452228,508
2026-02-17 02:30:48.460233,516
2026-02-17 02:30:48.468236,510
2026-02-17 02:30:48.476219,519
2026-02-17 02:30:48.484224,509
2026-02-17 02:30:48.492227,510
2026-02-17 02:30:48.500211,524
2026-02-17 02:30:48.508229,509
2026-02-17 02:30:48.516225,512
2026-02-17 02:30:48.524230,516
2026-02-17 02:30:48.532251,514
2026-02-17 02:30:48.540242,505
2026-02-17 02:30:48.548263,501
2026-02-17 02:30:48.556231,501
2026-02-17 02:30:48.564227,508
2026-02-17 02:30:48.572227,509
2026-02-17 02:30:48.580301,517
2026-02-17 02:30:48.588220,514
2026-02-17 02:30:48.596238,511
2026-02-17 02:30:48.604290,518
2026-02-17 02:30:48.612228,508
2026-02-17 02:30:48.620225,506
2026-02-17 02:30:48.628256,517
2026-02-17 02:30:48.636270,523
2026-02-17 02:30:48.644231,511
2026-02-17 02:30:48.652252,520
2026-02-17 02:30:48.660281,526
2026-02-17 02:30:48.668240,513
2026-02-17 02:30:48.676236,511
2026-02-17 02:30:48.684237,514
2026-02-17 02:30:48.692349,510
2026-02-17 02:30:48.700384,521
2026-02-17 02:30:48.708335,521
2026-02-17 02:30:48.716233,520
2026-02-17 02:30:48.724303,515
2026-02-17 02:30:48.732255,512
2026-02-17 02:30:48.740271,520
2026-02-17 02:30:48.748247,520
2026-02-17 02:30:48.756272,509
2026-02-17 02:30:48.764228,507
2026-02-17 02:30:48.772229,505
2026-02-17 02:30:48.780249,510
2026-02-17 02:30:48.788289,511
2026-02-17 02:30:48.796231,512
2026-02-17 02:30:48.804245,515
2026-02-17 02:30:48.812316,507
2026-02-17 02:30:48.820335,513
2026-02-17 02:30:48.828242,519
2026-02-17 02:30:48.836243,521
2026-02-17 02:30:48.844234,516
2026-02-17 02:30:48.852308,521
2026-02-17 02:30:48.860265,523
2026-02-17 02:30:48.868276,523
2026-02-17 02:30:48.876301,512
2026-02-17 02:30:48.884334,508
2026-02-17 02:30:48.892394,513
2026-02-17 02:30:48.900288,519
2026-02-17 02:30:48.908315,504
2026-02-17 02:30:48.916326,512
2026-02-17 02:30:48.924278,518
2026-02-17 02:30:48.932258,507
2026-02-17 02:30:48.940243,513
2026-02-17 02:30:48.948181,511
2026-02-17 02:30:48.956188,520
2026-02-17 02:30:48.964240,512
2026-02-17 02:30:48.972243,502
2026-02-17 02:30:48.980234,505
2026-02-17 02:30:48.988341,507
2026-02-17 02:30:48.996309,527
2026-02-17 02:30:49.004339,518
2026-02-17 02:30:49.012467,509
2026-02-17 02:30:49.020359,521
2026-02-17 02:30:49.028262,512
2026-02-17 02:30:49.036303,516
2026-02-17 02:30:49.044246,513
2026-02-17 02:30:49.052247,515
2026-02-17 02:30:49.060244,508
2026-02-17 02:30:49.068335,511
2026-02-17 02:30:49.076214,515
2026-02-17 02:30:49.084247,530
2026-02-17 02:30:49.092245,511
2026-02-17 02:30:49.100303,515
2026-02-17 02:30:49.108375,503
2026-02-17 02:30:49.116184,512
2026-02-17 02:30:49.124293,509
2026-02-17 02:30:49.132212,508
2026-02-17 02:30:49.140251,517
2026-02-17 02:30:49.148250,511
2026-02-17 02:30:49.156294,507
2026-02-17 02:30:49.164282,516
2026-02-17 02:30:49.172245,509
2026-02-17 02:30:49.180320,514
2026-02-17 02:30:49.188248,518
2026-02-17 02:30:49.196258,515
2026-02-17 02:30:49.204241,511
2026-02-17 02:30:49.212236,516
2026-02-17 02:30:49.220246,500
2026-02-17 02:30:49.228278,508
2026-02-17 02:30:49.236272,509
2026-02-17 02:30:49.244237,507
2026-02-17 02:30:49.252235,517
2026-02-17 02:30:49.260272,517
2026-02-17 02:30:49.268240,514
2026-02-17 02:30:49.276238,515
2026-02-17 02:30:49.284241,507
2026-02-17 02:30:49.292350,509
2026-02-17 02:30:49.300283,507
2026-02-17 02:30:49.308254,505
2026-02-17 02:30:49.316253,519
2026-02-17 02:30:49.324248,516
2026-02-17 02:30:49.332289,513
2026-02-17 02:30:49.340224,518
2026-02-17 02:30:49.348237,509
2026-02-17 02:30:49.356226,510
2026-02-17 02:30:49.364232,503
2026-02-17 02:30:49.372253,497
2026-02-17 02:30:49.380239,507
2026-02-17 02:30:49.388241,527
2026-02-17 02:30:49.396234,519
2026-02-17 02:30:49.404233,510
2026-02-17 02:30:49.412229,494
2026-02-17 02:30:49.420243,497
2026-02-17 02:30:49.428274,484
2026-02-17 02:30:49.436228,494
2026-02-17 02:30:49.444270,490
2026-02-17 02:30:49.452247,496
2026-02-17 02:30:49.460232,499
2026-02-17 02:30:49.468239,499
2026-02-17 02:30:49.476233,501
2026-02-17 02:30:49.484234,499
2026-02-17 02:30:49.492263,505
2026-02-17 02:30:49.500176,507
2026-02-17 02:30:49.508225,519
2026-02-17 02:30:49.516237,505
2026-02-17 02:30:49.524241,512
2026-02-17 02:30:49.532289,513
2026-02-17 02:30:49.540246,517
2026-02-17 02:30:49.548255,510
2026-02-17 02:30:49.556242,515
2026-02-17 02:30:49.564237,514
2026-02-17 02:30:49.572281,507
2026-02-17 02:30:49.580199,501
2026-02-17 02:30:49.588257,514
2026-02-17 02:30:49.596230,516
2026-02-17 02:30:49.604245,511
2026-02-17 02:30:49.612309,505
2026-02-17 02:30:49.620274,516
2026-02-17 02:30:49.628185,510
2026-02-17 02:30:49.636261,512
2026-02-17 02:30:49.644238,506
2026-02-17 02:30:49.652259,509
2026-02-17 02:30:49.660363,524
2026-02-17 02:30:49.668294,516
2026-02-17 02:30:49.676310,508
2026-02-17 02:30:49.684245,511
2026-02-17 02:30:49.692238,510
2026-02-17 02:30:49.700310,504
2026-02-17 02:30:49.708273,514
2026-02-17 02:30:49.716235,519
2026-02-17 02:30:49.724260,500
2026-02-17 02:30:49.732276,497
2026-02-17 02:30:49.740240,508
2026-02-17 02:30:49.748238,502
2026-02-17 02:30:49.756245,512
2026-02-17 02:30:49.764251,510
2026-02-17 02:30:49.772236,505
2026-02-17 02:30:49.780241,517
2026-02-17 02:30:49.788234,514
2026-02-17 02:30:49.796234,514
2026-02-17 02:30:49.804242,512
2026-02-17 02:30:49.812231,503
2026-02-17 02:30:49.820235,505
2026-02-17 02:30:49.828240,509
2026-02-17 02:30:49.836238,515
2026-02-17 02:30:49.844232,518
2026-02-17 02:30:49.852389,514
2026-02-17 02:30:49.860275,521
2026-02-17 02:30:49.868272,515
2026-02-17 02:30:49.876236,510
2026-02-17 02:30:49.884257,510
2026-02-17 02:30:49.892242,504
2026-02-17 02:30:49.900244,507
2026-02-17 02:30:49.908237,518
2026-02-17 02:30:49.916258,515
2026-02-17 02:30:49.924247,508
2026-02-17 02:30:49.932255,506
2026-02-17 02:30:49.940252,517
2026-02-17 02:30:49.948299,509
2026-02-17 02:30:49.956202,500
2026-02-17 02:30:49.964313,514
2026-02-17 02:30:49.972242,506
2026-02-17 02:30:49.980248,511
2026-02-17 02:30:49.988225,517
2026-02-17 02:30:49.996223,513
2026-02-17 02:30:50.004247,514
2026-02-17 02:30:50.012293,501
2026-02-17 02:30:50.020259,511
2026-02-17 02:30:50.028259,509
2026-02-17 02:30:50.036235,508
2026-02-17 02:30:50.044222,507
2026-02-17 02:30:50.052289,518
2026-02-17 02:30:50.060243,506
2026-02-17 02:30:50.068210,506
2026-02-17 02:30:50.076266,510
2026-02-17 02:30:50.084264,519
2026-02-17 02:30:50.092241,510
2026-02-17 02:30:50.100249,514
2026-02-17 02:30:50.108225,503
2026-02-17 02:30:50.116273,513
2026-02-17 02:30:50.124266,517
2026-02-17 02:30:50.132239,513
2026-02-17 02:30:50.140252,511
2026-02-17 02:30:50.148315,508
2026-02-17 02:30:50.156334,512
2026-02-17 02:30:50.164266,514
2026-02-17 02:30:50.172264,495
2026-02-17 02:30:50.180369,510
2026-02-17 02:30:50.188310,505
2026-02-17 02:30:50.196244,513
2026-02-17 02:30:50.204255,514
2026-02-17 02:30:50.212231,522
2026-02-17 02:30:50.220320,524
2026-02-17 02:30:50.228282,514
2026-02-17 02:30:50.236265,516
2026-02-17 02:30:50.244251,514
2026-02-17 02:30:50.252238,511
2026-02-17 02:30:50.260304,519
2026-02-17 02:30:50.268236,508
2026-02-17 02:30:50.276242,506
2026-02-17 02:30:50.284340,520
2026-02-17 02:30:50.292253,507
2026-02-17 02:30:50.300212,515
2026-02-17 02:30:50.308250,511
2026-02-17 02:30:50.316226,507
2026-02-17 02:30:50.324213,503
2026-02-17 02:30:50.332205,508
2026-02-17 02:30:50.340209,516
2026-02-17 02:30:50.348204,512
2026-02-17 02:30:50.356234,507
2026-02-17 02:30:50.364206,497
2026-02-17 02:30:50.372210,504
2026-02-17 02:30:50.380221,523
2026-02-17 02:30:50.388234,517
2026-02-17 02:30:50.396234,517
2026-02-17 02:30:50.404230,509
2026-02-17 02:30:50.412223,504
2026-02-17 02:30:50.420233,513
2026-02-17 02:30:50.428234,514
2026-02-17 02:30:50.436201,511
2026-02-17 02:30:50.444229,509
2026-02-17 02:30:50.452229,512
2026-02-17 02:30:50.460274,519
2026-02-17 02:30:50.468227,502
2026-02-17 02:30:50.476252,517
2026-02-17 02:30:50.484197,518
2026-02-17 02:30:50.492258,518
2026-02-17 02:30:50.500337,517
2026-02-17 02:30:50.508314,518
2026-02-17 02:30:50.516246,502
2026-02-17 02:30:50.524241,510
2026-02-17 02:30:50.532241,519
2026-02-17 02:30:50.540299,522
2026-02-17 02:30:50.548256,513
2026-02-17 02:30:50.556246,506
2026-02-17 02:30:50.564270,508
2026-02-17 02:30:50.572256,506
2026-02-17 02:30:50.580207,518
2026-02-17 02:30:50.588253,502
2026-02-17 02:30:50.596248,512
2026-02-17 02:30:50.604242,514
2026-02-17 02:30:50.612256,511
2026-02-17 02:30:50.620206,512
2026-02-17 02:30:50.628206,518
2026-02-17 02:30:50.636234,519
2026-02-17 02:30:50.644240,519
2026-02-17 02:30:50.652243,520
2026-02-17 02:30:50.660303,526
2026-02-17 02:30:50.668276,526
2026-02-17 02:30:50.676286,536
2026-02-17 02:30:50.684259,534
2026-02-17 02:30:50.692244,528
2026-02-17 02:30:50.700317,512
2026-02-17 02:30:50.708252,513
2026-02-17 02:30:50.716253,522
2026-02-17 02:30:50.724275,516
2026-02-17 02:30:50.732260,512
2026-02-17 02:30:50.740322,519
2026-02-17 02:30:50.748305,527
2026-02-17 02:30:50.756320,532
2026-02-17 02:30:50.764308,534
2026-02-17 02:30:50.772245,521
2026-02-17 02:30:50.780247,518
2026-02-17 02:30:50.788267,515
2026-02-17 02:30:50.796308,515
2026-02-17 02:30:50.804322,524
2026-02-17 02:30:50.812321,511
2026-02-17 02:30:50.820307,523
2026-02-17 02:30:50.828257,509
2026-02-17 02:30:50.836283,510
2026-02-17 02:30:50.844237,512
2026-02-17 02:30:50.852323,503
2026-02-17 02:30:50.860315,514
2026-02-17 02:30:50.868257,513
2026-02-17 02:30:50.876258,519
2026-02-17 02:30:50.884269,500
2026-02-17 02:30:50.892264,502
2026-02-17 02:30:50.900274,512
2026-02-17 02:30:50.908295,514
2026-02-17 02:30:50.916248,513
2026-02-17 02:30:50.924307,510
2026-02-17 02:30:50.932245,507
2026-02-17 02:30:50.940277,505
2026-02-17 02:30:50.948357,500
2026-02-17 02:30:50.956308,497
2026-02-17 02:30:50.964250,509
2026-02-17 02:30:50.972258,521
2026-02-17 02:30:50.980256,509
2026-02-17 02:30:50.988298,509
2026-02-17 02:30:50.996250,518
2026-02-17 02:30:51.004272,523
2026-02-17 02:30:51.012348,507
2026-02-17 02:30:51.020344,522
2026-02-17 02:30:51.028304,511
2026-02-17 02:30:51.036240,517
2026-02-17 02:30:51.044261,522
2026-02-17 02:30:51.052409,507
2026-02-17 02:30:51.060291,519
2026-02-17 02:30:51.068304,502
2026-02-17 02:30:51.076206,525
2026-02-17 02:30:51.084197,516
2026-02-17 02:30:51.092211,507
2026-02-17 02:30:51.101061,514
2026-02-17 02:30:51.108322,500
2026-02-17 02:30:51.116439,517
2026-02-17 02:30:51.124358,517
2026-02-17 02:30:51.132258,510
2026-02-17 02:30:51.140248,510
2026-02-17 02:30:51.148283,512
2026-02-17 02:30:51.156408,509
2026-02-17 02:30:51.164269,509
2026-02-17 02:30:51.172309,514
2026-02-17 02:30:51.180367,518
2026-02-17 02:30:51.188277,508
2026-02-17 02:30:51.196293,505
2026-02-17 02:30:51.204253,505
2026-02-17 02:30:51.212242,503
2026-02-17 02:30:51.220248,515
2026-02-17 02:30:51.228251,513
2026-02-17 02:30:51.236237,519
2026-02-17 02:30:51.244244,511
2026-02-17 02:30:51.252274,513
2026-02-17 02:30:51.260247,510
2026-02-17 02:30:51.268247,510
2026-02-17 02:30:51.276251,506
2026-02-17 02:30:51.284249,506
2026-02-17 02:30:51.292247,515
2026-02-17 02:30:51.300236,512
2026-02-17 02:30:51.308247,507
2026-02-17 02:30:51.316249,509
2026-02-17 02:30:51.324245,510
2026-02-17 02:30:51.332391,500
2026-02-17 02:30:51.340329,515
2026-02-17 02:30:51.348365,510
2026-02-17 02:30:51.356293,512
2026-02-17 02:30:51.364258,517
2026-02-17 02:30:51.372273,514
2026-02-17 02:30:51.380266,503
2026-02-17 02:30:51.388295,513
2026-02-17 02:30:51.396288,510
2026-02-17 02:30:51.404258,511
2026-02-17 02:30:51.412273,506
2026-02-17 02:30:51.420253,518
2026-02-17 02:30:51.428309,509
2026-02-17 02:30:51.436295,520
2026-02-17 02:30:51.444253,519
2026-02-17 02:30:51.452246,507
2026-02-17 02:30:51.460282,513
2026-02-17 02:30:51.468251,511
2026-02-17 02:30:51.476255,512
2026-02-17 02:30:51.484243,517
2026-02-17 02:30:51.492256,510
2026-02-17 02:30:51.500247,518
2026-02-17 02:30:51.508256,503
2026-02-17 02:30:51.516256,509
2026-02-17 02:30:51.524238,505
2026-02-17 02:30:51.532249,512
2026-02-17 02:30:51.540275,527
2026-02-17 02:30:51.548258,518
2026-02-17 02:30:51.556253,509
2026-02-17 02:30:51.564250,517
2026-02-17 02:30:51.572250,506
2026-02-17 02:30:51.580243,512
2026-02-17 02:30:51.588310,503
2026-02-17 02:30:51.596302,504
2026-02-17 02:30:51.604306,497
2026-02-17 02:30:51.612275,482
2026-02-17 02:30:51.620304,482
2026-02-17 02:30:51.628292,497
2026-02-17 02:30:51.636209,500
2026-02-17 02:30:51.644231,513
2026-02-17 02:30:51.652190,493
2026-02-17 02:30:51.660325,508
2026-02-17 02:30:51.668304,508
2026-02-17 02:30:51.676304,504
2026-02-17 02:30:51.684291,509
2026-02-17 02:30:51.692251,509
2026-02-17 02:30:51.700311,508
2026-02-17 02:30:51.708289,518
2026-02-17 02:30:51.716264,510
2026-02-17 02:30:51.724258,503
2026-02-17 02:30:51.732303,507
2026-02-17 02:30:51.740256,516
2026-02-17 02:30:51.748304,510
2026-02-17 02:30:51.756273,514
2026-02-17 02:30:51.764241,517
2026-02-17 02:30:51.772254,514
2026-02-17 02:30:51.780256,519
2026-02-17 02:30:51.788251,503
2026-02-17 02:30:51.796245,506
2026-02-17 02:30:51.804250,517
2026-02-17 02:30:51.812261,518
2026-02-17 02:30:51.820253,513
2026-02-17 02:30:51.828252,510
2026-02-17 02:30:51.836249,515
2026-02-17 02:30:51.844243,516
2026-02-17 02:30:51.852360,509
2026-02-17 02:30:51.860312,509
2026-02-17 02:30:51.868266,500
2026-02-17 02:30:51.876270,512
2026-02-17 02:30:51.884299,520
2026-02-17 02:30:51.892243,511
2026-02-17 02:30:51.900253,518
2026-02-17 02:30:51.908248,509
2026-02-17 02:30:51.916299,508
2026-02-17 02:30:51.924248,509
2026-02-17 02:30:51.932263,508
2026-02-17 02:30:51.940263,519
2026-02-17 02:30:51.948270,514
2026-02-17 02:30:51.956255,510
2026-02-17 02:30:51.964270,508
2026-02-17 02:30:51.972269,505
2026-02-17 02:30:51.980252,518
2026-02-17 02:30:51.988247,520
2026-02-17 02:30:51.996250,501
2026-02-17 02:30:52.004390,516
2026-02-17 02:30:52.012343,503
2026-02-17 02:30:52.020382,505
2026-02-17 02:30:52.028289,507
2026-02-17 02:30:52.036321,506
2026-02-17 02:30:52.044319,512
2026-02-17 02:30:52.052255,502
2026-02-17 02:30:52.060347,515
2026-02-17 02:30:52.068293,510
2026-02-17 02:30:52.076264,512
2026-02-17 02:30:52.084338,516
2026-02-17 02:30:52.092294,505
2026-02-17 02:30:52.100276,504
2026-02-17 02:30:52.108320,504
2026-02-17 02:30:52.116384,507
2026-02-17 02:30:52.124350,515
2026-02-17 02:30:52.132313,518
2026-02-17 02:30:52.140272,517
2026-02-17 02:30:52.148311,517
2026-02-17 02:30:52.156361,517
2026-02-17 02:30:52.164219,519
2026-02-17 02:30:52.172317,512
2026-02-17 02:30:52.180374,510
2026-02-17 02:30:52.188275,514
2026-02-17 02:30:52.196249,514
2026-02-17 02:30:52.204265,517
2026-02-17 02:30:52.212305,522
2026-02-17 02:30:52.220252,516
2026-02-17 02:30:52.228277,506
2026-02-17 02:30:52.236254,507
2026-02-17 02:30:52.244271,515
2026-02-17 02:30:52.252293,512
2026-02-17 02:30:52.260262,530
2026-02-17 02:30:52.268294,529
2026-02-17 02:30:52.276249,520
2026-02-17 02:30:52.284263,527
2026-02-17 02:30:52.292338,521
2026-02-17 02:30:52.300332,527
2026-02-17 02:30:52.308254,525
2026-02-17 02:30:52.316314,519
2026-02-17 02:30:52.324302,522
2026-02-17 02:30:52.332298,519
2026-02-17 02:30:52.340263,508
2026-02-17 02:30:52.348272,523
2026-02-17 02:30:52.356254,524
2026-02-17 02:30:52.364250,526
2026-02-17 02:30:52.372274,523
2026-02-17 02:30:52.380278,525
2026-02-17 02:30:52.388271,512
2026-02-17 02:30:52.396257,510
2026-02-17 02:30:52.404260,515
2026-02-17 02:30:52.412251,510
2026-02-17 02:30:52.420267,518
2026-02-17 02:30:52.428297,512
2026-02-17 02:30:52.436262,520
2026-02-17 02:30:52.444252,519
2026-02-17 02:30:52.452260,512
2026-02-17 02:30:52.460293,523
2026-02-17 02:30:52.468252,513
2026-02-17 02:30:52.476253,506
2026-02-17 02:30:52.484243,517
2026-02-17 02:30:52.492247,512
2026-02-17 02:30:52.500253,518
2026-02-17 02:30:52.508250,521
2026-02-17 02:30:52.516246,514
2026-02-17 02:30:52.524256,506
2026-02-17 02:30:52.532251,508
2026-02-17 02:30:52.540262,507
2026-02-17 02:30:52.548312,495
2026-02-17 02:30:52.556249,504
2026-02-17 02:30:52.564262,498
2026-02-17 02:30:52.572268,500
2026-02-17 02:30:52.580342,504
2026-02-17 02:30:52.588453,504
2026-02-17 02:30:52.596326,510
2026-02-17 02:30:52.604313,510
2026-02-17 02:30:52.612267,510
2026-02-17 02:30:52.620297,511
2026-02-17 02:30:52.628254,507
2026-02-17 02:30:52.636252,520
2026-02-17 02:30:52.644272,515
2026-02-17 02:30:52.652240,520
2026-02-17 02:30:52.660339,518
2026-02-17 02:30:52.668350,522
2026-02-17 02:30:52.676214,517
2026-02-17 02:30:52.684262,516
2026-02-17 02:30:52.692267,512
2026-02-17 02:30:52.700360,520
2026-02-17 02:30:52.708326,518
2026-02-17 02:30:52.716329,517
2026-02-17 02:30:52.724310,516
2026-02-17 02:30:52.732348,514
2026-02-17 02:30:52.740352,521
2026-02-17 02:30:52.748342,516
2026-02-17 02:30:52.756361,516
2026-02-17 02:30:52.764324,506
2026-02-17 02:30:52.772386,512
2026-02-17 02:30:52.780335,504
2026-02-17 02:30:52.788274,513
2026-02-17 02:30:52.796287,504
2026-02-17 02:30:52.804284,506
2026-02-17 02:30:52.812340,507
2026-02-17 02:30:52.820281,517
2026-02-17 02:30:52.828262,517
2026-02-17 02:30:52.836263,505
2026-02-17 02:30:52.844263,508
2026-02-17 02:30:52.852315,505
2026-02-17 02:30:52.860256,515
2026-02-17 02:30:52.868290,513
2026-02-17 02:30:52.876267,517
2026-02-17 02:30:52.884282,516
2026-02-17 02:30:52.892361,497
2026-02-17 02:30:52.900321,518
2026-02-17 02:30:52.908285,512
2026-02-17 02:30:52.916283,517
2026-02-17 02:30:52.924308,509
2026-02-17 02:30:52.932273,501
2026-02-17 02:30:52.940299,516
2026-02-17 02:30:52.948443,511
2026-02-17 02:30:52.956352,517
2026-02-17 02:30:52.964222,510
2026-02-17 02:30:52.972311,503
2026-02-17 02:30:52.980290,512
2026-02-17 02:30:52.988269,507
2026-02-17 02:30:52.996255,507
2026-02-17 02:30:53.004306,512
2026-02-17 02:30:53.012338,515
2026-02-17 02:30:53.020350,509
2026-02-17 02:30:53.028229,525
2026-02-17 02:30:53.036216,519
2026-02-17 02:30:53.045174,513
2026-02-17 02:30:53.052356,513
2026-02-17 02:30:53.060318,517
2026-02-17 02:30:53.068379,516
2026-02-17 02:30:53.076270,524
2026-02-17 02:30:53.084295,514
2026-02-17 02:30:53.092282,511
2026-02-17 02:30:53.100310,516
2026-02-17 02:30:53.108257,495
2026-02-17 02:30:53.116283,515
2026-02-17 02:30:53.124263,521
2026-02-17 02:30:53.132251,519
2026-02-17 02:30:53.140300,515
2026-02-17 02:30:53.148310,522
2026-02-17 02:30:53.156280,522
2026-02-17 02:30:53.164330,513
2026-02-17 02:30:53.172282,501
2026-02-17 02:30:53.180378,516
2026-02-17 02:30:53.188261,514
2026-02-17 02:30:53.196323,512
2026-02-17 02:30:53.204308,517
2026-02-17 02:30:53.212253,515
2026-02-17 02:30:53.220260,516
2026-02-17 02:30:53.228301,514
2026-02-17 02:30:53.236268,507
2026-02-17 02:30:53.244265,514
2026-02-17 02:30:53.252278,518
2026-02-17 02:30:53.260262,514
2026-02-17 02:30:53.268274,509
2026-02-17 02:30:53.276342,510
2026-02-17 02:30:53.284289,501
2026-02-17 02:30:53.292292,501
2026-02-17 02:30:53.300310,503
2026-02-17 02:30:53.308281,493
2026-02-17 02:30:53.316305,503
2026-02-17 02:30:53.324263,510
2026-02-17 02:30:53.332257,503
2026-02-17 02:30:53.340261,511
2026-02-17 02:30:53.348334,503
2026-02-17 02:30:53.356320,507
2026-02-17 02:30:53.364258,517
2026-02-17 02:30:53.372269,518
2026-02-17 02:30:53.380264,526
2026-02-17 02:30:53.388271,508
2026-02-17 02:30:53.396264,514
2026-02-17 02:30:53.404265,507
2026-02-17 02:30:53.412258,513
2026-02-17 02:30:53.420238,521
2026-02-17 02:30:53.428267,522
2026-02-17 02:30:53.436255,509
2026-02-17 02:30:53.444260,521
2026-02-17 02:30:53.452270,511
2026-02-17 02:30:53.460259,509
2026-02-17 02:30:53.468249,513
2026-02-17 02:30:53.476253,518
2026-02-17 02:30:53.484260,509
2026-02-17 02:30:53.492261,496
2026-02-17 02:30:53.500271,510
2026-02-17 02:30:53.508258,511
2026-02-17 02:30:53.516324,506
2026-02-17 02:30:53.524327,509
2026-02-17 02:30:53.532278,505
2026-02-17 02:30:53.540287,516
2026-02-17 02:30:53.548278,511
2026-02-17 02:30:53.556296,505
2026-02-17 02:30:53.564270,512
2026-02-17 02:30:53.572263,514
2026-02-17 02:30:53.580268,514
2026-02-17 02:30:53.588300,517
2026-02-17 02:30:53.596282,520
2026-02-17 02:30:53.604295,507
2026-02-17 02:30:53.612263,510
2026-02-17 02:30:53.620270,516
2026-02-17 02:30:53.628265,518
2026-02-17 02:30:53.636258,515
2026-02-17 02:30:53.644255,522
2026-02-17 02:30:53.652275,516
2026-02-17 02:30:53.660378,518
2026-02-17 02:30:53.668341,514
2026-02-17 02:30:53.676283,510
2026-02-17 02:30:53.684246,514
2026-02-17 02:30:53.692271,518
2026-02-17 02:30:53.700269,515
2026-02-17 02:30:53.708262,509
2026-02-17 02:30:53.716337,516
2026-02-17 02:30:53.724298,529
2026-02-17 02:30:53.732327,510
2026-02-17 02:30:53.740286,511
2026-02-17 02:30:53.748270,522
2026-02-17 02:30:53.756308,515
2026-02-17 02:30:53.764269,513
2026-02-17 02:30:53.772260,508
2026-02-17 02:30:53.780267,518
2026-02-17 02:30:53.788264,513
2026-02-17 02:30:53.796261,509
2026-02-17 02:30:53.804261,518
2026-02-17 02:30:53.812262,522
2026-02-17 02:30:53.820272,520
2026-02-17 02:30:53.828267,513
2026-02-17 02:30:53.836269,506
2026-02-17 02:30:53.844281,518
2026-02-17 02:30:53.852369,515
2026-02-17 02:30:53.860339,518
2026-02-17 02:30:53.868302,509
2026-02-17 02:30:53.876273,505
2026-02-17 02:30:53.884249,500
2026-02-17 02:30:53.892283,476
2026-02-17 02:30:53.900362,488
2026-02-17 02:30:53.908297,485
2026-02-17 02:30:53.916320,490
2026-02-17 02:30:53.924287,503
2026-02-17 02:30:53.932338,503
2026-02-17 02:30:53.940280,507
2026-02-17 02:30:53.948317,501
2026-02-17 02:30:53.956327,504
2026-02-17 02:30:53.964298,510
2026-02-17 02:30:53.972320,505
2026-02-17 02:30:53.980278,514
2026-02-17 02:30:53.988273,509
2026-02-17 02:30:53.996269,506
2026-02-17 02:30:54.004272,516
2026-02-17 02:30:54.012274,510
2026-02-17 02:30:54.020350,506
2026-02-17 02:30:54.028249,515
2026-02-17 02:30:54.036259,522
2026-02-17 02:30:54.044377,502
2026-02-17 02:30:54.052295,493
2026-02-17 02:30:54.060282,503
2026-02-17 02:30:54.068245,507
2026-02-17 02:30:54.076264,503
2026-02-17 02:30:54.084262,516
2026-02-17 02:30:54.092310,503
2026-02-17 02:30:54.100310,503
2026-02-17 02:30:54.108240,522
2026-02-17 02:30:54.116242,516
2026-02-17 02:30:54.124269,517
2026-02-17 02:30:54.132289,510
2026-02-17 02:30:54.140320,512
2026-02-17 02:30:54.148324,511
2026-02-17 02:30:54.156366,510
2026-02-17 02:30:54.164290,514
2026-02-17 02:30:54.172312,510
2026-02-17 02:30:54.180330,518
2026-02-17 02:30:54.188398,500
2026-02-17 02:30:54.196320,507
2026-02-17 02:30:54.204349,524
2026-02-17 02:30:54.212285,517
2026-02-17 02:30:54.220277,505
2026-02-17 02:30:54.228356,514
2026-02-17 02:30:54.236277,515
2026-02-17 02:30:54.244267,509
2026-02-17 02:30:54.252266,505
2026-02-17 02:30:54.260277,513
2026-02-17 02:30:54.268259,500
2026-02-17 02:30:54.276260,509
2026-02-17 02:30:54.284281,506
2026-02-17 02:30:54.292281,502
2026-02-17 02:30:54.300391,513
2026-02-17 02:30:54.308308,518
2026-02-17 02:30:54.316285,508
2026-02-17 02:30:54.324292,516
2026-02-17 02:30:54.332266,506
2026-02-17 02:30:54.340257,507
2026-02-17 02:30:54.348286,511
2026-02-17 02:30:54.356294,518
2026-02-17 02:30:54.364321,520
2026-02-17 02:30:54.372274,514
2026-02-17 02:30:54.380277,514
2026-02-17 02:30:54.388256,505
2026-02-17 02:30:54.396272,515
2026-02-17 02:30:54.404314,522
2026-02-17 02:30:54.412352,514
2026-02-17 02:30:54.420345,510
2026-02-17 02:30:54.428338,504
2026-02-17 02:30:54.436285,504
2026-02-17 02:30:54.444273,512
2026-02-17 02:30:54.452276,515
2026-02-17 02:30:54.460269,518
2026-02-17 02:30:54.468268,500
2026-02-17 02:30:54.476288,501
2026-02-17 02:30:54.484275,516
2026-02-17 02:30:54.492259,514
2026-02-17 02:30:54.500253,519
2026-02-17 02:30:54.508258,506
2026-02-17 02:30:54.516212,505
2026-02-17 02:30:54.524336,509
2026-02-17 02:30:54.532284,511
2026-02-17 02:30:54.540297,517
2026-02-17 02:30:54.548285,524
2026-02-17 02:30:54.556306,510
2026-02-17 02:30:54.564279,509
2026-02-17 02:30:54.572334,504
2026-02-17 02:30:54.580286,515
2026-02-17 02:30:54.588384,516
2026-02-17 02:30:54.596269,513
2026-02-17 02:30:54.604259,502
2026-02-17 02:30:54.612283,507
2026-02-17 02:30:54.620279,518
2026-02-17 02:30:54.628270,515
2026-02-17 02:30:54.636270,517
2026-02-17 02:30:54.644270,513
2026-02-17 02:30:54.652274,506
2026-02-17 02:30:54.660393,519
2026-02-17 02:30:54.668282,514
2026-02-17 02:30:54.676279,501
2026-02-17 02:30:54.684285,521
2026-02-17 02:30:54.692284,503
2026-02-17 02:30:54.700332,503
2026-02-17 02:30:54.708247,512
2026-02-17 02:30:54.716327,510
2026-02-17 02:30:54.724360,521
2026-02-17 02:30:54.732310,504
2026-02-17 02:30:54.740348,514
2026-02-17 02:30:54.748282,517
2026-02-17 02:30:54.756287,516
2026-02-17 02:30:54.764262,531
2026-02-17 02:30:54.772284,521
2026-02-17 02:30:54.780280,539
2026-02-17 02:30:54.788272,534
2026-02-17 02:30:54.796295,524
2026-02-17 02:30:54.804282,523
2026-02-17 02:30:54.812321,512
2026-02-17 02:30:54.820275,512
2026-02-17 02:30:54.828276,507
2026-02-17 02:30:54.836273,515
2026-02-17 02:30:54.844330,523
2026-02-17 02:30:54.852452,526
2026-02-17 02:30:54.860330,522
2026-02-17 02:30:54.868335,512
2026-02-17 02:30:54.876482,519
2026-02-17 02:30:54.884458,534
2026-02-17 02:30:54.892429,513
2026-02-17 02:30:54.900370,519
2026-02-17 02:30:54.908389,517
2026-02-17 02:30:54.916360,505
2026-02-17 02:30:54.924379,499
2026-02-17 02:30:54.932355,513
2026-02-17 02:30:54.940362,511
2026-02-17 02:30:54.948394,508
2026-02-17 02:30:54.956402,512
2026-02-17 02:30:54.964361,517
2026-02-17 02:30:54.972404,519
2026-02-17 02:30:54.980348,527
2026-02-17 02:30:54.988386,509
2026-02-17 02:30:54.996412,516
2026-02-17 02:30:55.004405,519
2026-02-17 02:30:55.012502,517
2026-02-17 02:30:55.020402,516
2026-02-17 02:30:55.028332,513
2026-02-17 02:30:55.036287,513
2026-02-17 02:30:55.044264,521
2026-02-17 02:30:55.052311,509
2026-02-17 02:30:55.060421,523
2026-02-17 02:30:55.068411,518
2026-02-17 02:30:55.076401,507
2026-02-17 02:30:55.084444,521
2026-02-17 02:30:55.092407,522
2026-02-17 02:30:55.100416,525
2026-02-17 02:30:55.108416,512
2026-02-17 02:30:55.116406,519
2026-02-17 02:30:55.124371,518
2026-02-17 02:30:55.132376,503
2026-02-17 02:30:55.140348,515
2026-02-17 02:30:55.148350,515
2026-02-17 02:30:55.156413,517
2026-02-17 02:30:55.164315,525
2026-02-17 02:30:55.172346,514
2026-02-17 02:30:55.180268,503
2026-02-17 02:30:55.188371,510
2026-02-17 02:30:55.196343,520
2026-02-17 02:30:55.204312,521
2026-02-17 02:30:55.212251,513
2026-02-17 02:30:55.220228,511
2026-02-17 02:30:55.228227,511
2026-02-17 02:30:55.236311,494
2026-02-17 02:30:55.244295,523
2026-02-17 02:30:55.252295,509
2026-02-17 02:30:55.260280,517
2026-02-17 02:30:55.268270,511
2026-02-17 02:30:55.276276,508
2026-02-17 02:30:55.284243,509
2026-02-17 02:30:55.292345,498
2026-02-17 02:30:55.300314,509
2026-02-17 02:30:55.308287,505
2026-02-17 02:30:55.316293,516
2026-02-17 02:30:55.324251,517
2026-02-17 02:30:55.332257,514
2026-02-17 02:30:55.340251,508
2026-02-17 02:30:55.348249,516
2026-02-17 02:30:55.356261,511
2026-02-17 02:30:55.364252,512
2026-02-17 02:30:55.372265,509
2026-02-17 02:30:55.380255,513
2026-02-17 02:30:55.388272,513
2026-02-17 02:30:55.396267,510
2026-02-17 02:30:55.404267,513
2026-02-17 02:30:55.412256,507
2026-02-17 02:30:55.420274,517
2026-02-17 02:30:55.428269,520
2026-02-17 02:30:55.436253,524
2026-02-17 02:30:55.444257,517
2026-02-17 02:30:55.452271,510
2026-02-17 02:30:55.460268,514
2026-02-17 02:30:55.468260,515
2026-02-17 02:30:55.476242,512
2026-02-17 02:30:55.484400,504
2026-02-17 02:30:55.492272,502
2026-02-17 02:30:55.500271,513
2026-02-17 02:30:55.508294,506
2026-02-17 02:30:55.516313,514
2026-02-17 02:30:55.524322,524
2026-02-17 02:30:55.532265,517
2026-02-17 02:30:55.540328,514
2026-02-17 02:30:55.548306,502
2026-02-17 02:30:55.556274,502
2026-02-17 02:30:55.564303,505
2026-02-17 02:30:55.572281,521
2026-02-17 02:30:55.580333,513
2026-02-17 02:30:55.588323,512
2026-02-17 02:30:55.596269,513
2026-02-17 02:30:55.604342,522
2026-02-17 02:30:55.612286,513
2026-02-17 02:30:55.620285,512
2026-02-17 02:30:55.628289,513
2026-02-17 02:30:55.636296,506
2026-02-17 02:30:55.644285,520
2026-02-17 02:30:55.652279,512
2026-02-17 02:30:55.660378,518
2026-02-17 02:30:55.668340,499
2026-02-17 02:30:55.676275,507
2026-02-17 02:30:55.684340,515
2026-02-17 02:30:55.692280,519
2026-02-17 02:30:55.700280,515
2026-02-17 02:30:55.708273,509
2026-02-17 02:30:55.716306,508
2026-02-17 02:30:55.724236,516
2026-02-17 02:30:55.732304,510
2026-02-17 02:30:55.740297,518
2026-02-17 02:30:55.748304,514
2026-02-17 02:30:55.756291,511
2026-02-17 02:30:55.764435,513
2026-02-17 02:30:55.772360,512
2026-02-17 02:30:55.780330,508
2026-02-17 02:30:55.788303,505
2026-02-17 02:30:55.796279,517
2026-02-17 02:30:55.804313,515
2026-02-17 02:30:55.812302,512
2026-02-17 02:30:55.820289,516
2026-02-17 02:30:55.828282,512
2026-02-17 02:30:55.836282,518
2026-02-17 02:30:55.844279,510
2026-02-17 02:30:55.852413,508
2026-02-17 02:30:55.860345,516
2026-02-17 02:30:55.868300,505
2026-02-17 02:30:55.876272,512
2026-02-17 02:30:55.884291,519
2026-02-17 02:30:55.892281,517
2026-02-17 02:30:55.900319,506
2026-02-17 02:30:55.908330,510
2026-02-17 02:30:55.916288,507
2026-02-17 02:30:55.924290,518
2026-02-17 02:30:55.932467,513
2026-02-17 02:30:55.940396,517
2026-02-17 02:30:55.948293,511
2026-02-17 02:30:55.956278,510
2026-02-17 02:30:55.964340,512
2026-02-17 02:30:55.972741,514
2026-02-17 02:30:55.980363,513
2026-02-17 02:30:55.988340,506
2026-02-17 02:30:55.996269,496
2026-02-17 02:30:56.004266,510
2026-02-17 02:30:56.012361,511
2026-02-17 02:30:56.020402,512
2026-02-17 02:30:56.028314,508
2026-02-17 02:30:56.036318,509
2026-02-17 02:30:56.044344,512
2026-02-17 02:30:56.052294,514
2026-02-17 02:30:56.060302,506
2026-02-17 02:30:56.068345,509
2026-02-17 02:30:56.076244,520
2026-02-17 02:30:56.084370,521
2026-02-17 02:30:56.092302,514
2026-02-17 02:30:56.100250,510
2026-02-17 02:30:56.108332,513
2026-02-17 02:30:56.116278,522
2026-02-17 02:30:56.124225,504
2026-02-17 02:30:56.132285,514
2026-02-17 02:30:56.140323,518
2026-02-17 02:30:56.148279,509
2026-02-17 02:30:56.156369,518
2026-02-17 02:30:56.164293,518
2026-02-17 02:30:56.172310,508
2026-02-17 02:30:56.180282,519
2026-02-17 02:30:56.188326,507
2026-02-17 02:30:56.196342,505
2026-02-17 02:30:56.204365,514
2026-02-17 02:30:56.212457,518
2026-02-17 02:30:56.220307,521
2026-02-17 02:30:56.228363,505
2026-02-17 02:30:56.236231,506
2026-02-17 02:30:56.244294,517
2026-02-17 02:30:56.252350,510
2026-02-17 02:30:56.260297,525
2026-02-17 02:30:56.268282,523
2026-02-17 02:30:56.276299,494
2026-02-17 02:30:56.284258,509
2026-02-17 02:30:56.292281,508
2026-02-17 02:30:56.300250,507
2026-02-17 02:30:56.308294,509
2026-02-17 02:30:56.316283,504
2026-02-17 02:30:56.324284,515
2026-02-17 02:30:56.332284,510
2026-02-17 02:30:56.340284,518
2026-02-17 02:30:56.348284,515
2026-02-17 02:30:56.356284,508
2026-02-17 02:30:56.364377,518
2026-02-17 02:30:56.372301,513
2026-02-17 02:30:56.380331,519
2026-02-17 02:30:56.388283,512
2026-02-17 02:30:56.396283,503
2026-02-17 02:30:56.404290,507
2026-02-17 02:30:56.412287,514
2026-02-17 02:30:56.420306,521
2026-02-17 02:30:56.428281,509
2026-02-17 02:30:56.436274,519
2026-02-17 02:30:56.444279,513
2026-02-17 02:30:56.452283,512
2026-02-17 02:30:56.460283,506
2026-02-17 02:30:56.468278,512
2026-02-17 02:30:56.476278,526
2026-02-17 02:30:56.484279,515
2026-02-17 02:30:56.492337,515
2026-02-17 02:30:56.500292,512
2026-02-17 02:30:56.508273,505
2026-02-17 02:30:56.516423,502
2026-02-17 02:30:56.524363,514
2026-02-17 02:30:56.532341,515
2026-02-17 02:30:56.540286,523
2026-02-17 02:30:56.548284,518
2026-02-17 02:30:56.556307,519
2026-02-17 02:30:56.564317,517
2026-02-17 02:30:56.572320,516
2026-02-17 02:30:56.580278,521
2026-02-17 02:30:56.588259,524
2026-02-17 02:30:56.596232,513
2026-02-17 02:30:56.604277,521
2026-02-17 02:30:56.612287,517
2026-02-17 02:30:56.620332,518
2026-02-17 02:30:56.628272,515
2026-02-17 02:30:56.636291,506
2026-02-17 02:30:56.644279,509
2026-02-17 02:30:56.652320,503
2026-02-17 02:30:56.660411,510
2026-02-17 02:30:56.668346,512
2026-02-17 02:30:56.676293,501
2026-02-17 02:30:56.684353,517
2026-02-17 02:30:56.692304,507
2026-02-17 02:30:56.700289,519
2026-02-17 02:30:56.708298,512
2026-02-17 02:30:56.716296,510
2026-02-17 02:30:56.724281,511
2026-02-17 02:30:56.732290,506
2026-02-17 02:30:56.740249,526
2026-02-17 02:30:56.748266,510
2026-02-17 02:30:56.756294,525
2026-02-17 02:30:56.764290,524
2026-02-17 02:30:56.772308,509
2026-02-17 02:30:56.780299,515
2026-02-17 02:30:56.788285,509
2026-02-17 02:30:56.796316,508
2026-02-17 02:30:56.804336,518
2026-02-17 02:30:56.812317,515
2026-02-17 02:30:56.820343,511
2026-02-17 02:30:56.828330,499
2026-02-17 02:30:56.836289,512
2026-02-17 02:30:56.844298,521
2026-02-17 02:30:56.852406,509
2026-02-17 02:30:56.860311,523
2026-02-17 02:30:56.868328,512
2026-02-17 02:30:56.876301,511
2026-02-17 02:30:56.884313,512
2026-02-17 02:30:56.892327,501
2026-02-17 02:30:56.900288,520
2026-02-17 02:30:56.908276,514
2026-02-17 02:30:56.916280,515
2026-02-17 02:30:56.924279,520
2026-02-17 02:30:56.932343,512
2026-02-17 02:30:56.940285,518
2026-02-17 02:30:56.948276,501
2026-02-17 02:30:56.956289,511
2026-02-17 02:30:56.964290,507
2026-02-17 02:30:56.972276,512
2026-02-17 02:30:56.980290,505
2026-02-17 02:30:56.988283,514
2026-02-17 02:30:56.996292,508
2026-02-17 02:30:57.004286,511
2026-02-17 02:30:57.012279,511
2026-02-17 02:30:57.020414,511
2026-02-17 02:30:57.028317,504
2026-02-17 02:30:57.036232,500
2026-02-17 02:30:57.044353,490
2026-02-17 02:30:57.052293,508
2026-02-17 02:30:57.060322,517
2026-02-17 02:30:57.068258,518
2026-02-17 02:30:57.076284,523
2026-02-17 02:30:57.084376,506
2026-02-17 02:30:57.092299,502
2026-02-17 02:30:57.100314,509
2026-02-17 02:30:57.108299,518
2026-02-17 02:30:57.116309,528
2026-02-17 02:30:57.124253,524
2026-02-17 02:30:57.132394,516
2026-02-17 02:30:57.140329,519
2026-02-17 02:30:57.148345,507
2026-02-17 02:30:57.156319,505
2026-02-17 02:30:57.164300,522
2026-02-17 02:30:57.172329,510
2026-02-17 02:30:57.180308,522
2026-02-17 02:30:57.188388,513
2026-02-17 02:30:57.196267,515
2026-02-17 02:30:57.204327,510
2026-02-17 02:30:57.212298,514
2026-02-17 02:30:57.220340,517
2026-02-17 02:30:57.228331,523
2026-02-17 02:30:57.236284,507
2026-02-17 02:30:57.244293,518
2026-02-17 02:30:57.252346,501
2026-02-17 02:30:57.260271,498
2026-02-17 02:30:57.268369,512
2026-02-17 02:30:57.276269,514
2026-02-17 02:30:57.284303,512
2026-02-17 02:30:57.292335,511
2026-02-17 02:30:57.300294,519
2026-02-17 02:30:57.308279,504
2026-02-17 02:30:57.316286,513
2026-02-17 02:30:57.324292,519
2026-02-17 02:30:57.332290,515
2026-02-17 02:30:57.340289,523
2026-02-17 02:30:57.348295,512
2026-02-17 02:30:57.356293,502
2026-02-17 02:30:57.364319,518
2026-02-17 02:30:57.372340,510
2026-02-17 02:30:57.380308,519
2026-02-17 02:30:57.388290,516
2026-02-17 02:30:57.396297,506
2026-02-17 02:30:57.404285,513
2026-02-17 02:30:57.412284,507
2026-02-17 02:30:57.420282,511
2026-02-17 02:30:57.428285,496
2026-02-17 02:30:57.436292,481
2026-02-17 02:30:57.444297,478
2026-02-17 02:30:57.452290,491
2026-02-17 02:30:57.460287,490
2026-02-17 02:30:57.468289,481
2026-02-17 02:30:57.476289,493
2026-02-17 02:30:57.484298,487
2026-02-17 02:30:57.492297,488
2026-02-17 02:30:57.500286,496
2026-02-17 02:30:57.508275,499
2026-02-17 02:30:57.516276,506
2026-02-17 02:30:57.524276,510
2026-02-17 02:30:57.532327,508
2026-02-17 02:30:57.540281,512
2026-02-17 02:30:57.548278,510
2026-02-17 02:30:57.556286,505
2026-02-17 02:30:57.564290,511
2026-02-17 02:30:57.572296,510
2026-02-17 02:30:57.580293,508
2026-02-17 02:30:57.588377,513
2026-02-17 02:30:57.596353,509
2026-02-17 02:30:57.604356,514
2026-02-17 02:30:57.612286,502
2026-02-17 02:30:57.620293,512
2026-02-17 02:30:57.628343,520
2026-02-17 02:30:57.636289,501
2026-02-17 02:30:57.644301,511
2026-02-17 02:30:57.652338,508
2026-02-17 02:30:57.660378,506
2026-02-17 02:30:57.668356,506
2026-02-17 02:30:57.676327,515
2026-02-17 02:30:57.684360,515
2026-02-17 02:30:57.692336,500
2026-02-17 02:30:57.700290,516
2026-02-17 02:30:57.708394,523
2026-02-17 02:30:57.716360,509
2026-02-17 02:30:57.724307,504
2026-02-17 02:30:57.732297,509
2026-02-17 02:30:57.740312,508
2026-02-17 02:30:57.748334,511
2026-02-17 02:30:57.756289,515
2026-02-17 02:30:57.764264,509
2026-02-17 02:30:57.772302,498
2026-02-17 02:30:57.780307,505
2026-02-17 02:30:57.788292,505
2026-02-17 02:30:57.796312,513
2026-02-17 02:30:57.804308,500
2026-02-17 02:30:57.812288,515
2026-02-17 02:30:57.820296,528
2026-02-17 02:30:57.828331,519
2026-02-17 02:30:57.836312,520
2026-02-17 02:30:57.844290,536
2026-02-17 02:30:57.853177,505
2026-02-17 02:30:57.860347,514
2026-02-17 02:30:57.868357,521
2026-02-17 02:30:57.876319,526
2026-02-17 02:30:57.884317,525
2026-02-17 02:30:57.892312,515
2026-02-17 02:30:57.900345,511
2026-02-17 02:30:57.908310,520
2026-02-17 02:30:57.916298,513
2026-02-17 02:30:57.924294,523
2026-02-17 02:30:57.932288,519
2026-02-17 02:30:57.940338,514
2026-02-17 02:30:57.948308,522
2026-02-17 02:30:57.956336,500
2026-02-17 02:30:57.964297,516
2026-02-17 02:30:57.972281,513
2026-02-17 02:30:57.980350,519
2026-02-17 02:30:57.988294,513
2026-02-17 02:30:57.996329,509
2026-02-17 02:30:58.004294,508
2026-02-17 02:30:58.012407,502
2026-02-17 02:30:58.020423,518
2026-02-17 02:30:58.028379,513
2026-02-17 02:30:58.036324,510
2026-02-17 02:30:58.044328,510
2026-02-17 02:30:58.052321,493
2026-02-17 02:30:58.060439,517
2026-02-17 02:30:58.068287,513
2026-02-17 02:30:58.076282,514
2026-02-17 02:30:58.084310,518
2026-02-17 02:30:58.092251,499
2026-02-17 02:30:58.100253,511
2026-02-17 02:30:58.108311,505
2026-02-17 02:30:58.116244,508
2026-02-17 02:30:58.124247,517
2026-02-17 02:30:58.132306,511
2026-02-17 02:30:58.140325,515
2026-02-17 02:30:58.148307,500
2026-02-17 02:30:58.156418,502
2026-02-17 02:30:58.164381,523
2026-02-17 02:30:58.172324,520
2026-02-17 02:30:58.180311,520
2026-02-17 02:30:58.188374,519
2026-02-17 02:30:58.196258,498
2026-02-17 02:30:58.204296,502
2026-02-17 02:30:58.212280,513
2026-02-17 02:30:58.220354,522
2026-02-17 02:30:58.228290,512
2026-02-17 02:30:58.236295,517
2026-02-17 02:30:58.244292,521
2026-02-17 02:30:58.252355,504
2026-02-17 02:30:58.260289,522
2026-02-17 02:30:58.268291,523
2026-02-17 02:30:58.276263,506
2026-02-17 02:30:58.284244,514
2026-02-17 02:30:58.292239,507
2026-02-17 02:30:58.300249,504
2026-02-17 02:30:58.308258,503
2026-02-17 02:30:58.316406,502
2026-02-17 02:30:58.324357,517
2026-02-17 02:30:58.332363,515
2026-02-17 02:30:58.340296,516
2026-02-17 02:30:58.348304,518
2026-02-17 02:30:58.356311,506
2026-02-17 02:30:58.364293,515
2026-02-17 02:30:58.372323,510
2026-02-17 02:30:58.380340,514
2026-02-17 02:30:58.388304,508
2026-02-17 02:30:58.396300,510
2026-02-17 02:30:58.404292,512
2026-02-17 02:30:58.412290,514
2026-02-17 02:30:58.420289,516
2026-02-17 02:30:58.428295,519
2026-02-17 02:30:58.436310,518
2026-02-17 02:30:58.444294,514
2026-02-17 02:30:58.452301,506
2026-02-17 02:30:58.460299,517
2026-02-17 02:30:58.468296,519
2026-02-17 02:30:58.476291,516
2026-02-17 02:30:58.484285,515
2026-02-17 02:30:58.492285,511
2026-02-17 02:30:58.500289,504
2026-02-17 02:30:58.508297,516
2026-02-17 02:30:58.516287,512
2026-02-17 02:30:58.524286,516
2026-02-17 02:30:58.532279,512
2026-02-17 02:30:58.540293,516
2026-02-17 02:30:58.548334,513
2026-02-17 02:30:58.556314,506
2026-02-17 02:30:58.564341,503
2026-02-17 02:30:58.572343,496
2026-02-17 02:30:58.580304,508
2026-02-17 02:30:58.588430,513
2026-02-17 02:30:58.596360,513
2026-02-17 02:30:58.604330,521
2026-02-17 02:30:58.612324,510
2026-02-17 02:30:58.620364,508
2026-02-17 02:30:58.628297,508
2026-02-17 02:30:58.636286,523
2026-02-17 02:30:58.644295,530
2026-02-17 02:30:58.652300,519
2026-02-17 02:30:58.660400,524
2026-02-17 02:30:58.668348,499
2026-02-17 02:30:58.676346,519
2026-02-17 02:30:58.684355,521
2026-02-17 02:30:58.692335,517
2026-02-17 02:30:58.700332,518
2026-02-17 02:30:58.708289,525
2026-02-17 02:30:58.716278,514
2026-02-17 02:30:58.724314,510
2026-02-17 02:30:58.732301,503
2026-02-17 02:30:58.740296,514
2026-02-17 02:30:58.748296,507
2026-02-17 02:30:58.756295,505
2026-02-17 02:30:58.764309,499
2026-02-17 02:30:58.772329,507
2026-02-17 02:30:58.780284,514
2026-02-17 02:30:58.788295,505
2026-02-17 02:30:58.796349,508
2026-02-17 02:30:58.804268,502
2026-02-17 02:30:58.812295,493
2026-02-17 02:30:58.820334,508
2026-02-17 02:30:58.828323,520
2026-02-17 02:30:58.836296,517
2026-02-17 02:30:58.844308,515
2026-02-17 02:30:58.852433,515
2026-02-17 02:30:58.860363,515
2026-02-17 02:30:58.868297,513
2026-02-17 02:30:58.876316,516
2026-02-17 02:30:58.884294,520
2026-02-17 02:30:58.892315,509
2026-02-17 02:30:58.900297,515
2026-02-17 02:30:58.908338,519
2026-02-17 02:30:58.916315,525
2026-02-17 02:30:58.924309,509
2026-02-17 02:30:58.932304,511
2026-02-17 02:30:58.940300,514
2026-02-17 02:30:58.948307,510
2026-02-17 02:30:58.956293,510
2026-02-17 02:30:58.964305,513
2026-02-17 02:30:58.972320,502
2026-02-17 02:30:58.980316,514
2026-02-17 02:30:58.988344,518
2026-02-17 02:30:58.996309,518
2026-02-17 02:30:59.004332,516
2026-02-17 02:30:59.012415,515
2026-02-17 02:30:59.020366,509
2026-02-17 02:30:59.028303,516
2026-02-17 02:30:59.036262,515
2026-02-17 02:30:59.044305,514
2026-02-17 02:30:59.052281,511
2026-02-17 02:30:59.060307,524
2026-02-17 02:30:59.068262,510
2026-02-17 02:30:59.076361,511
2026-02-17 02:30:59.084299,513
2026-02-17 02:30:59.092280,507
2026-02-17 02:30:59.100252,516
2026-02-17 02:30:59.108255,510
2026-02-17 02:30:59.116260,508
2026-02-17 02:30:59.124270,512
2026-02-17 02:30:59.132299,512
2026-02-17 02:30:59.140300,507
2026-02-17 02:30:59.148300,509
2026-02-17 02:30:59.156418,506
2026-02-17 02:30:59.164354,511
2026-02-17 02:30:59.172334,505
2026-02-17 02:30:59.180328,518
2026-02-17 02:30:59.188388,505
2026-02-17 02:30:59.196358,524
2026-02-17 02:30:59.204251,518
2026-02-17 02:30:59.212350,515
2026-02-17 02:30:59.220353,512
2026-02-17 02:30:59.228338,505
2026-02-17 02:30:59.236315,512
2026-02-17 02:30:59.244296,513
2026-02-17 02:30:59.252263,508
2026-02-17 02:30:59.260291,508
2026-02-17 02:30:59.268334,504
2026-02-17 02:30:59.276299,501
2026-02-17 02:30:59.284315,513
2026-02-17 02:30:59.292346,506
2026-02-17 02:30:59.300305,514
2026-02-17 02:30:59.308245,505
2026-02-17 02:30:59.316303,511
2026-02-17 02:30:59.324295,518
2026-02-17 02:30:59.332317,517
2026-02-17 02:30:59.340320,514
2026-02-17 02:30:59.348298,521
2026-02-17 02:30:59.356304,508
2026-02-17 02:30:59.364298,518
2026-02-17 02:30:59.372312,502
2026-02-17 02:30:59.380342,509
2026-02-17 02:30:59.388301,518
2026-02-17 02:30:59.396295,512
2026-02-17 02:30:59.404359,517
2026-02-17 02:30:59.412308,509
2026-02-17 02:30:59.420291,516
2026-02-17 02:30:59.428302,515
2026-02-17 02:30:59.436298,516
2026-02-17 02:30:59.444365,515
2026-02-17 02:30:59.452299,517
2026-02-17 02:30:59.460302,515
2026-02-17 02:30:59.468304,507
2026-02-17 02:30:59.476355,507
2026-02-17 02:30:59.484291,516
2026-02-17 02:30:59.492290,506
2026-02-17 02:30:59.500304,514
2026-02-17 02:30:59.508307,507
2026-02-17 02:30:59.516364,509
2026-02-17 02:30:59.524308,513
2026-02-17 02:30:59.532290,512
2026-02-17 02:30:59.540318,510
2026-02-17 02:30:59.548309,501
2026-02-17 02:30:59.556299,512
2026-02-17 02:30:59.564304,522
2026-02-17 02:30:59.572291,494
2026-02-17 02:30:59.580325,509
2026-02-17 02:30:59.588358,517
2026-02-17 02:30:59.596316,513
2026-02-17 02:30:59.604265,515
2026-02-17 02:30:59.612327,507
2026-02-17 02:30:59.620344,518
2026-02-17 02:30:59.628294,508
2026-02-17 02:30:59.636295,506
2026-02-17 02:30:59.644304,515
2026-02-17 02:30:59.652350,514
2026-02-17 02:30:59.660390,527
2026-02-17 02:30:59.668367,512
2026-02-17 02:30:59.676355,520
2026-02-17 02:30:59.684305,517
2026-02-17 02:30:59.692319,513
2026-02-17 02:30:59.700325,516
2026-02-17 02:30:59.708309,511
2026-02-17 02:30:59.716296,520
2026-02-17 02:30:59.724302,518
2026-02-17 02:30:59.732316,513
2026-02-17 02:30:59.740350,515
2026-02-17 02:30:59.748315,521
2026-02-17 02:30:59.756303,522
2026-02-17 02:30:59.764318,516
2026-02-17 02:30:59.772304,510
2026-02-17 02:30:59.780325,517
2026-02-17 02:30:59.788316,510
2026-02-17 02:30:59.796338,517
2026-02-17 02:30:59.804290,515
2026-02-17 02:30:59.812271,499
2026-02-17 02:30:59.820338,512
2026-02-17 02:30:59.828258,517
2026-02-17 02:30:59.836263,509
2026-02-17 02:30:59.844344,513
2026-02-17 02:30:59.852414,508
2026-02-17 02:30:59.860350,511
2026-02-17 02:30:59.868375,508
2026-02-17 02:30:59.876385,504
2026-02-17 02:30:59.884351,510
2026-02-17 02:30:59.892366,507
2026-02-17 02:30:59.900311,509
2026-02-17 02:30:59.908305,524
2026-02-17 02:30:59.916311,506
2026-02-17 02:30:59.924304,520
2026-02-17 02:30:59.932299,511
2026-02-17 02:30:59.940303,515
2026-02-17 02:30:59.948345,519
2026-02-17 02:30:59.956301,511
2026-02-17 02:30:59.964359,515
2026-02-17 02:30:59.972301,504
2026-02-17 02:30:59.980367,513
2026-02-17 02:30:59.988298,513
2026-02-17 02:30:59.996294,514
2026-02-17 02:31:00.004441,513
2026-02-17 02:31:00.012527,514
2026-02-17 02:31:00.020407,516
2026-02-17 02:31:00.028319,511
2026-02-17 02:31:00.036272,505
2026-02-17 02:31:00.044291,506
2026-02-17 02:31:00.052308,509
2026-02-17 02:31:00.060352,511
2026-02-17 02:31:00.068339,511
2026-02-17 02:31:00.076277,509
2026-02-17 02:31:00.084280,511
2026-02-17 02:31:00.092327,511
2026-02-17 02:31:00.100272,509
2026-02-17 02:31:00.108310,516
2026-02-17 02:31:00.116327,509
2026-02-17 02:31:00.124313,514
2026-02-17 02:31:00.132330,511
2026-02-17 02:31:00.140326,504
2026-02-17 02:31:00.148321,514
2026-02-17 02:31:00.156394,511
2026-02-17 02:31:00.164323,512
2026-02-17 02:31:00.172357,508
2026-02-17 02:31:00.180342,519
2026-02-17 02:31:00.188404,514
2026-02-17 02:31:00.196361,501
2026-02-17 02:31:00.204284,510
2026-02-17 02:31:00.212322,502
2026-02-17 02:31:00.220309,510
2026-02-17 02:31:00.228315,513
2026-02-17 02:31:00.236308,518
2026-02-17 02:31:00.244305,521
2026-02-17 02:31:00.252341,513
2026-02-17 02:31:00.260344,512
2026-02-17 02:31:00.268311,499
2026-02-17 02:31:00.276296,504
2026-02-17 02:31:00.284302,515
2026-02-17 02:31:00.292395,509
2026-02-17 02:31:00.300393,512
2026-02-17 02:31:00.308269,512
2026-02-17 02:31:00.316253,508
2026-02-17 02:31:00.324308,515
2026-02-17 02:31:00.332279,516
2026-02-17 02:31:00.340282,508
2026-02-17 02:31:00.348282,510
2026-02-17 02:31:00.356270,516
2026-02-17 02:31:00.364305,518
2026-02-17 02:31:00.372260,511
2026-02-17 02:31:00.380347,513
2026-02-17 02:31:00.388268,516
2026-02-17 02:31:00.396289,511
2026-02-17 02:31:00.404344,506
2026-02-17 02:31:00.412275,503
2026-02-17 02:31:00.420290,516
2026-02-17 02:31:00.428359,513
2026-02-17 02:31:00.436344,520
2026-02-17 02:31:00.444325,526
2026-02-17 02:31:00.452291,514
2026-02-17 02:31:00.460303,506
2026-02-17 02:31:00.468304,507
2026-02-17 02:31:00.476360,515
2026-02-17 02:31:00.484319,515
2026-02-17 02:31:00.492257,510
2026-02-17 02:31:00.500349,517
2026-02-17 02:31:00.508311,515
2026-02-17 02:31:00.516350,516
2026-02-17 02:31:00.524303,511
2026-02-17 02:31:00.532290,498
2026-02-17 02:31:00.540312,519
2026-02-17 02:31:00.548309,519
2026-02-17 02:31:00.556336,518
2026-02-17 02:31:00.564303,517
2026-02-17 02:31:00.572315,504
2026-02-17 02:31:00.580368,513
2026-02-17 02:31:00.588332,511
2026-02-17 02:31:00.596383,508
2026-02-17 02:31:00.604334,516
2026-02-17 02:31:00.612308,517
2026-02-17 02:31:00.620301,519
2026-02-17 02:31:00.628313,511
2026-02-17 02:31:00.636308,507
2026-02-17 02:31:00.644310,519
2026-02-17 02:31:00.652318,520
2026-02-17 02:31:00.660381,516
2026-02-17 02:31:00.668341,522
2026-02-17 02:31:00.676318,514
2026-02-17 02:31:00.684324,512
2026-02-17 02:31:00.692403,506
2026-02-17 02:31:00.700324,519
2026-02-17 02:31:00.708425,518
2026-02-17 02:31:00.716380,515
2026-02-17 02:31:00.724317,514
2026-02-17 02:31:00.732415,505
2026-02-17 02:31:00.740362,513
2026-02-17 02:31:00.748313,500
2026-02-17 02:31:00.756314,519
2026-02-17 02:31:00.764321,509
2026-02-17 02:31:00.772314,506
2026-02-17 02:31:00.780431,510
2026-02-17 02:31:00.788364,505
2026-02-17 02:31:00.796335,504
2026-02-17 02:31:00.804316,503
2026-02-17 02:31:00.812317,506
2026-02-17 02:31:00.820394,512
2026-02-17 02:31:00.828263,519
2026-02-17 02:31:00.836330,508
2026-02-17 02:31:00.844356,518
2026-02-17 02:31:00.852423,500
2026-02-17 02:31:00.860387,507
2026-02-17 02:31:00.868386,516
2026-02-17 02:31:00.876326,520
2026-02-17 02:31:00.884328,513
2026-02-17 02:31:00.892309,513
2026-02-17 02:31:00.900310,511
2026-02-17 02:31:00.908411,518
2026-02-17 02:31:00.916346,524
2026-02-17 02:31:00.924354,516
2026-02-17 02:31:00.932323,498
2026-02-17 02:31:00.940346,505
2026-02-17 02:31:00.948369,504
2026-02-17 02:31:00.956316,516
2026-02-17 02:31:00.964352,524
2026-02-17 02:31:00.972308,507
2026-02-17 02:31:00.980323,518
2026-02-17 02:31:00.988355,512
2026-02-17 02:31:00.996316,515
2026-02-17 02:31:01.004327,518
2026-02-17 02:31:01.012489,516
2026-02-17 02:31:01.020440,509
2026-02-17 02:31:01.028362,521
2026-02-17 02:31:01.036267,514
2026-02-17 02:31:01.044338,510
2026-02-17 02:31:01.052428,516
2026-02-17 02:31:01.060452,520
2026-02-17 02:31:01.068405,511
2026-02-17 02:31:01.076271,510
2026-02-17 02:31:01.084291,513
2026-02-17 02:31:01.092340,510
2026-02-17 02:31:01.100279,514
2026-02-17 02:31:01.108402,514
2026-02-17 02:31:01.116274,505
2026-02-17 02:31:01.124321,521
2026-02-17 02:31:01.132336,507
2026-02-17 02:31:01.140308,507
2026-02-17 02:31:01.148327,514
2026-02-17 02:31:01.156443,508
2026-02-17 02:31:01.164370,511
2026-02-17 02:31:01.172323,500
2026-02-17 02:31:01.180347,505
2026-02-17 02:31:01.188464,514
2026-02-17 02:31:01.196374,521
2026-02-17 02:31:01.204311,510
2026-02-17 02:31:01.212271,512
2026-02-17 02:31:01.220314,524
2026-02-17 02:31:01.228330,520
2026-02-17 02:31:01.236317,519
2026-02-17 02:31:01.244301,525
2026-02-17 02:31:01.252312,501
2026-02-17 02:31:01.260356,514
2026-02-17 02:31:01.268350,517
2026-02-17 02:31:01.276296,518
2026-02-17 02:31:01.284318,523
2026-02-17 02:31:01.292370,509
2026-02-17 02:31:01.300426,518
2026-02-17 02:31:01.308364,516
2026-02-17 02:31:01.316323,515
2026-02-17 02:31:01.324370,519
2026-02-17 02:31:01.332308,508
2026-02-17 02:31:01.340410,516
2026-02-17 02:31:01.348407,519
2026-02-17 02:31:01.356291,508
2026-02-17 02:31:01.364363,502
2026-02-17 02:31:01.372319,514
2026-02-17 02:31:01.380322,506
2026-02-17 02:31:01.388331,508
2026-02-17 02:31:01.396315,506
2026-02-17 02:31:01.404321,513
2026-02-17 02:31:01.412307,508
2026-02-17 02:31:01.420348,509
2026-02-17 02:31:01.428343,508
2026-02-17 02:31:01.436324,513
2026-02-17 02:31:01.444314,513
2026-02-17 02:31:01.452336,497
2026-02-17 02:31:01.460310,512
2026-02-17 02:31:01.468317,509
2026-02-17 02:31:01.476305,502
2026-02-17 02:31:01.484314,500
2026-02-17 02:31:01.492315,500
2026-02-17 02:31:01.500309,515
2026-02-17 02:31:01.508302,520
2026-02-17 02:31:01.516349,519
2026-02-17 02:31:01.524312,511
2026-02-17 02:31:01.532307,509
2026-02-17 02:31:01.540358,511
2026-02-17 02:31:01.548310,503
2026-02-17 02:31:01.556306,506
2026-02-17 02:31:01.564308,514
2026-02-17 02:31:01.572309,513
2026-02-17 02:31:01.580320,507
2026-02-17 02:31:01.588367,513
2026-02-17 02:31:01.596453,514
2026-02-17 02:31:01.604389,517
2026-02-17 02:31:01.612302,502
2026-02-17 02:31:01.620324,525
2026-02-17 02:31:01.628360,521
2026-02-17 02:31:01.636319,503
2026-02-17 02:31:01.644307,507
2026-02-17 02:31:01.652338,506
2026-02-17 02:31:01.660409,513
2026-02-17 02:31:01.668370,506
2026-02-17 02:31:01.676341,507
2026-02-17 02:31:01.684329,508
2026-02-17 02:31:01.692407,513
2026-02-17 02:31:01.700364,515
2026-02-17 02:31:01.708312,513
2026-02-17 02:31:01.716311,513
2026-02-17 02:31:01.724331,505
2026-02-17 02:31:01.732324,490
2026-02-17 02:31:01.740358,507
2026-02-17 02:31:01.748323,517
2026-02-17 02:31:01.756312,507
2026-02-17 02:31:01.764313,518
2026-02-17 02:31:01.772310,517
2026-02-17 02:31:01.780311,507
2026-02-17 02:31:01.788330,492
2026-02-17 02:31:01.796318,513
2026-02-17 02:31:01.804360,524
2026-02-17 02:31:01.812305,519
2026-02-17 02:31:01.820320,519
2026-02-17 02:31:01.828313,512
2026-02-17 02:31:01.836316,510
2026-02-17 02:31:01.844268,511
2026-02-17 02:31:01.852416,510
2026-02-17 02:31:01.860367,523
2026-02-17 02:31:01.868366,518
2026-02-17 02:31:01.876291,513
2026-02-17 02:31:01.884329,517
2026-02-17 02:31:01.892366,511
2026-02-17 02:31:01.900371,505
2026-02-17 02:31:01.908386,512
2026-02-17 02:31:01.916315,514
2026-02-17 02:31:01.924373,516
2026-02-17 02:31:01.932337,513
2026-02-17 02:31:01.940313,512
2026-02-17 02:31:01.948319,511
2026-02-17 02:31:01.956352,507
2026-02-17 02:31:01.964336,513
2026-02-17 02:31:01.972317,502
2026-02-17 02:31:01.980320,511
2026-02-17 02:31:01.988335,520
2026-02-17 02:31:01.996318,523
2026-02-17 02:31:02.004358,516
2026-02-17 02:31:02.012324,495
2026-02-17 02:31:02.020390,517
2026-02-17 02:31:02.028287,519
2026-02-17 02:31:02.036350,520
2026-02-17 02:31:02.044400,512
2026-02-17 02:31:02.052438,523
2026-02-17 02:31:02.060290,510
2026-02-17 02:31:02.068287,504
2026-02-17 02:31:02.076361,512
2026-02-17 02:31:02.084293,520
2026-02-17 02:31:02.092372,511
2026-02-17 02:31:02.100375,519
2026-02-17 02:31:02.108319,522
2026-02-17 02:31:02.116307,506
2026-02-17 02:31:02.124371,510
2026-02-17 02:31:02.132337,507
2026-02-17 02:31:02.140404,516
2026-02-17 02:31:02.148316,521
2026-02-17 02:31:02.156462,514
2026-02-17 02:31:02.164387,514
2026-02-17 02:31:02.172416,512
2026-02-17 02:31:02.180399,510
2026-02-17 02:31:02.189265,511
2026-02-17 02:31:02.196519,505
2026-02-17 02:31:02.204355,517
2026-02-17 02:31:02.212285,514
2026-02-17 02:31:02.220371,513
2026-02-17 02:31:02.228334,511
2026-02-17 02:31:02.236342,508
2026-02-17 02:31:02.244306,509
2026-02-17 02:31:02.252328,517
2026-02-17 02:31:02.260365,521
2026-02-17 02:31:02.268400,508
2026-02-17 02:31:02.276353,501
2026-02-17 02:31:02.284333,518
2026-02-17 02:31:02.292393,514
2026-02-17 02:31:02.300407,503
2026-02-17 02:31:02.308423,508
2026-02-17 02:31:02.316353,512
2026-02-17 02:31:02.324320,516
2026-02-17 02:31:02.332373,503
2026-02-17 02:31:02.340329,517
2026-02-17 02:31:02.348312,506
2026-02-17 02:31:02.356339,514
2026-02-17 02:31:02.364375,504
2026-02-17 02:31:02.372331,508
2026-02-17 02:31:02.380365,517
2026-02-17 02:31:02.388405,519
2026-02-17 02:31:02.396325,515
2026-02-17 02:31:02.404367,519
2026-02-17 02:31:02.412311,497
2026-02-17 02:31:02.420340,507
2026-02-17 02:31:02.428319,517
2026-02-17 02:31:02.436320,505
2026-02-17 02:31:02.444320,518
2026-02-17 02:31:02.452326,514
2026-02-17 02:31:02.460323,511
2026-02-17 02:31:02.468323,498
2026-02-17 02:31:02.476327,502
2026-02-17 02:31:02.484310,513
2026-02-17 02:31:02.492314,513
2026-02-17 02:31:02.500314,527
2026-02-17 02:31:02.508381,514
2026-02-17 02:31:02.516322,509
2026-02-17 02:31:02.524327,516
2026-02-17 02:31:02.532375,510
2026-02-17 02:31:02.540394,498
2026-02-17 02:31:02.548329,516
2026-02-17 02:31:02.556339,495
2026-02-17 02:31:02.564327,504
2026-02-17 02:31:02.572318,507
2026-02-17 02:31:02.580326,518
2026-02-17 02:31:02.588356,519
2026-02-17 02:31:02.596319,517
2026-02-17 02:31:02.604319,517
2026-02-17 02:31:02.612419,513
2026-02-17 02:31:02.620374,505
2026-02-17 02:31:02.628318,510
2026-02-17 02:31:02.636326,509
2026-02-17 02:31:02.644316,518
2026-02-17 02:31:02.652332,514
2026-02-17 02:31:02.660418,510
2026-02-17 02:31:02.668384,516
2026-02-17 02:31:02.676371,507
2026-02-17 02:31:02.684327,513
2026-02-17 02:31:02.692393,515
2026-02-17 02:31:02.700339,518
2026-02-17 02:31:02.708361,513
2026-02-17 02:31:02.716373,511
2026-02-17 02:31:02.724321,504
2026-02-17 02:31:02.732323,506
2026-02-17 02:31:02.740390,516
2026-02-17 02:31:02.748316,518
2026-02-17 02:31:02.756321,517
2026-02-17 02:31:02.764327,518
2026-02-17 02:31:02.772328,504
2026-02-17 02:31:02.780316,504
2026-02-17 02:31:02.788367,506
2026-02-17 02:31:02.796374,494
2026-02-17 02:31:02.804333,513
2026-02-17 02:31:02.812372,509
2026-02-17 02:31:02.820322,521
2026-02-17 02:31:02.828325,515
2026-02-17 02:31:02.836325,517
2026-02-17 02:31:02.844315,517
2026-02-17 02:31:02.852355,517
2026-02-17 02:31:02.860311,505
2026-02-17 02:31:02.868291,514
2026-02-17 02:31:02.876269,517
2026-02-17 02:31:02.884318,521
2026-02-17 02:31:02.892332,516
2026-02-17 02:31:02.900335,513
2026-02-17 02:31:02.908315,516
2026-02-17 02:31:02.916363,508
2026-02-17 02:31:02.924328,528
2026-02-17 02:31:02.932324,497
2026-02-17 02:31:02.940316,507
2026-02-17 02:31:02.948379,509
2026-02-17 02:31:02.956363,512
2026-02-17 02:31:02.964325,517
2026-02-17 02:31:02.972323,512
2026-02-17 02:31:02.980320,517
2026-02-17 02:31:02.988344,509
2026-02-17 02:31:02.996332,514
2026-02-17 02:31:03.004375,515
2026-02-17 02:31:03.012340,492
2026-02-17 02:31:03.020405,512
2026-02-17 02:31:03.028334,514
2026-02-17 02:31:03.036299,523
2026-02-17 02:31:03.044302,525
2026-02-17 02:31:03.052401,509
2026-02-17 02:31:03.060291,518
2026-02-17 02:31:03.068337,508
2026-02-17 02:31:03.076292,504
2026-02-17 02:31:03.084461,517
2026-02-17 02:31:03.092436,512
2026-02-17 02:31:03.100349,535
2026-02-17 02:31:03.108321,504
2026-02-17 02:31:03.116281,512
2026-02-17 02:31:03.124348,524
2026-02-17 02:31:03.132337,519
2026-02-17 02:31:03.140321,527
2026-02-17 02:31:03.148334,523
2026-02-17 02:31:03.156490,530
2026-02-17 02:31:03.164363,529
2026-02-17 02:31:03.172329,528
2026-02-17 02:31:03.180342,522
2026-02-17 02:31:03.188409,529
2026-02-17 02:31:03.196341,525
2026-02-17 02:31:03.204353,519
2026-02-17 02:31:03.212278,514
2026-02-17 02:31:03.220319,516
2026-02-17 02:31:03.228316,531
2026-02-17 02:31:03.236365,514
2026-02-17 02:31:03.244322,520
2026-02-17 02:31:03.252346,526
2026-02-17 02:31:03.260370,525
2026-02-17 02:31:03.268328,523
2026-02-17 02:31:03.276434,521
2026-02-17 02:31:03.284391,517
2026-02-17 02:31:03.292438,516
2026-02-17 02:31:03.300448,517
2026-02-17 02:31:03.308438,515
2026-02-17 02:31:03.316402,504
2026-02-17 02:31:03.324288,501
2026-02-17 02:31:03.332475,508
2026-02-17 02:31:03.340437,513
2026-02-17 02:31:03.348400,508
2026-02-17 02:31:03.356358,503
2026-02-17 02:31:03.364355,515
2026-02-17 02:31:03.372282,512
2026-02-17 02:31:03.380324,518
2026-02-17 02:31:03.388403,514
2026-02-17 02:31:03.396438,521
2026-02-17 02:31:03.404364,509
2026-02-17 02:31:03.412350,504
2026-02-17 02:31:03.420334,528
2026-02-17 02:31:03.428385,520
2026-02-17 02:31:03.436383,505
2026-02-17 02:31:03.444320,515
2026-02-17 02:31:03.452337,522
2026-02-17 02:31:03.460334,520
2026-02-17 02:31:03.468323,504
2026-02-17 02:31:03.476327,519
2026-02-17 02:31:03.484323,523
2026-02-17 02:31:03.492317,507
2026-02-17 02:31:03.500319,511
2026-02-17 02:31:03.508398,519
2026-02-17 02:31:03.516424,516
2026-02-17 02:31:03.524407,515
2026-02-17 02:31:03.532351,513
2026-02-17 02:31:03.540340,516
2026-02-17 02:31:03.548344,516
2026-02-17 02:31:03.556316,503
2026-02-17 02:31:03.564366,516
2026-02-17 02:31:03.572362,501
2026-02-17 02:31:03.580333,517
2026-02-17 02:31:03.588329,513
2026-02-17 02:31:03.596375,514
2026-02-17 02:31:03.604370,516
2026-02-17 02:31:03.612355,512
2026-02-17 02:31:03.620366,515
2026-02-17 02:31:03.628340,515
2026-02-17 02:31:03.636331,513
2026-02-17 02:31:03.644333,521
2026-02-17 02:31:03.652349,519
2026-02-17 02:31:03.660432,510
2026-02-17 02:31:03.668383,512
2026-02-17 02:31:03.676380,511
2026-02-17 02:31:03.684328,506
2026-02-17 02:31:03.692447,511
2026-02-17 02:31:03.700340,514
2026-02-17 02:31:03.708328,508
2026-02-17 02:31:03.716406,508
2026-02-17 02:31:03.724386,514
2026-02-17 02:31:03.732341,511
2026-02-17 02:31:03.740362,512
2026-02-17 02:31:03.748332,505
2026-02-17 02:31:03.756324,502
2026-02-17 02:31:03.764334,511
2026-02-17 02:31:03.772325,520
2026-02-17 02:31:03.780339,519
2026-02-17 02:31:03.788329,514
2026-02-17 02:31:03.796362,504
2026-02-17 02:31:03.804347,514
2026-02-17 02:31:03.812332,512
2026-02-17 02:31:03.820380,514
2026-02-17 02:31:03.828342,518
2026-02-17 02:31:03.836332,518
2026-02-17 02:31:03.844329,515
2026-02-17 02:31:03.852435,504
2026-02-17 02:31:03.860397,525
2026-02-17 02:31:03.868381,511
2026-02-17 02:31:03.876371,514
2026-02-17 02:31:03.884317,514
2026-02-17 02:31:03.892323,506
2026-02-17 02:31:03.900286,521
2026-02-17 02:31:03.908328,512
2026-02-17 02:31:03.916357,515
2026-02-17 02:31:03.924342,523
2026-02-17 02:31:03.932371,513
2026-02-17 02:31:03.940365,521
2026-02-17 02:31:03.948335,510
2026-02-17 02:31:03.956331,514
2026-02-17 02:31:03.964342,518
2026-02-17 02:31:03.972366,507
2026-02-17 02:31:03.980336,517
2026-02-17 02:31:03.988337,518
2026-02-17 02:31:03.996472,518
2026-02-17 02:31:04.004416,514
2026-02-17 02:31:04.012429,510
2026-02-17 02:31:04.020428,509
2026-02-17 02:31:04.028416,517
2026-02-17 02:31:04.036350,511
2026-02-17 02:31:04.044374,518
2026-02-17 02:31:04.052449,509
2026-02-17 02:31:04.060436,512
2026-02-17 02:31:04.068426,516
2026-02-17 02:31:04.076402,513
2026-02-17 02:31:04.084410,498
2026-02-17 02:31:04.092465,507
2026-02-17 02:31:04.100372,518
2026-02-17 02:31:04.108287,508
2026-02-17 02:31:04.116292,504
2026-02-17 02:31:04.124329,518
2026-02-17 02:31:04.132291,497
2026-02-17 02:31:04.140339,509
2026-02-17 02:31:04.148404,510
2026-02-17 02:31:04.156491,514
2026-02-17 02:31:04.164340,517
2026-02-17 02:31:04.172396,508
2026-02-17 02:31:04.180386,513
2026-02-17 02:31:04.188416,515
2026-02-17 02:31:04.196365,519
2026-02-17 02:31:04.204376,515
2026-02-17 02:31:04.212281,503
2026-02-17 02:31:04.220337,505
2026-02-17 02:31:04.228331,510
2026-02-17 02:31:04.236355,507
2026-02-17 02:31:04.244334,517
2026-02-17 02:31:04.252339,503
2026-02-17 02:31:04.260335,510
2026-02-17 02:31:04.268347,515
2026-02-17 02:31:04.276335,516
2026-02-17 02:31:04.284414,506
2026-02-17 02:31:04.292511,507
2026-02-17 02:31:04.300378,508
2026-02-17 02:31:04.308396,500
2026-02-17 02:31:04.316402,506
2026-02-17 02:31:04.324372,512
2026-02-17 02:31:04.332429,494
2026-02-17 02:31:04.340391,512
2026-02-17 02:31:04.348368,509
2026-02-17 02:31:04.356388,510
2026-02-17 02:31:04.364338,516
2026-02-17 02:31:04.372353,512
2026-02-17 02:31:04.380398,516
2026-02-17 02:31:04.388345,517
2026-02-17 02:31:04.396404,518
2026-02-17 02:31:04.404283,515
2026-02-17 02:31:04.412336,516
2026-02-17 02:31:04.420355,518
2026-02-17 02:31:04.428357,518
2026-02-17 02:31:04.436325,510
2026-02-17 02:31:04.444369,511
2026-02-17 02:31:04.452329,507
2026-02-17 02:31:04.460354,518
2026-02-17 02:31:04.468334,517
2026-02-17 02:31:04.476340,515
2026-02-17 02:31:04.484357,521
2026-02-17 02:31:04.492371,514
2026-02-17 02:31:04.500335,522
2026-02-17 02:31:04.508330,514
2026-02-17 02:31:04.516322,525
2026-02-17 02:31:04.524361,523
2026-02-17 02:31:04.532471,511
2026-02-17 02:31:04.540382,509
2026-02-17 02:31:04.548386,513
2026-02-17 02:31:04.556354,518
2026-02-17 02:31:04.564346,518
2026-02-17 02:31:04.572350,514
2026-02-17 02:31:04.580413,527
2026-02-17 02:31:04.588288,500
2026-02-17 02:31:04.596453,494
2026-02-17 02:31:04.604364,493
2026-02-17 02:31:04.612428,490
2026-02-17 02:31:04.620344,499
2026-02-17 02:31:04.628342,487
2026-02-17 02:31:04.636358,483
2026-02-17 02:31:04.644381,503
2026-02-17 02:31:04.652338,497
2026-02-17 02:31:04.660463,494
2026-02-17 02:31:04.668395,498
2026-02-17 02:31:04.676452,502
2026-02-17 02:31:04.684400,509
2026-02-17 02:31:04.692377,513
2026-02-17 02:31:04.700340,514
2026-02-17 02:31:04.708415,510
2026-02-17 02:31:04.716333,505
2026-02-17 02:31:04.724338,516
2026-02-17 02:31:04.732381,510
2026-02-17 02:31:04.740340,520
2026-02-17 02:31:04.748338,509
2026-02-17 02:31:04.756330,502
2026-02-17 02:31:04.764335,508
2026-02-17 02:31:04.772334,503
2026-02-17 02:31:04.780337,513
2026-02-17 02:31:04.788382,517
2026-02-17 02:31:04.796381,520
2026-02-17 02:31:04.804342,516
2026-02-17 02:31:04.812340,510
2026-02-17 02:31:04.820330,512
2026-02-17 02:31:04.828325,502
2026-02-17 02:31:04.836339,503
2026-02-17 02:31:04.844331,511
2026-02-17 02:31:04.852322,501
2026-02-17 02:31:04.860365,510
2026-02-17 02:31:04.868332,515
2026-02-17 02:31:04.876348,520
2026-02-17 02:31:04.884352,526
2026-02-17 02:31:04.892335,518
2026-02-17 02:31:04.900331,505
2026-02-17 02:31:04.908349,503
2026-02-17 02:31:04.916339,507
2026-02-17 02:31:04.924328,523
2026-02-17 02:31:04.932349,512
2026-02-17 02:31:04.940273,509
2026-02-17 02:31:04.948375,520
2026-02-17 02:31:04.956340,504
2026-02-17 02:31:04.964357,510
2026-02-17 02:31:04.972338,508
2026-02-17 02:31:04.980337,524
2026-02-17 02:31:04.988345,516
2026-02-17 02:31:04.996336,517
2026-02-17 02:31:05.004365,510
2026-02-17 02:31:05.012402,511
2026-02-17 02:31:05.020416,498
2026-02-17 02:31:05.028392,507
2026-02-17 02:31:05.036380,506
2026-02-17 02:31:05.044299,514
2026-02-17 02:31:05.052481,515
2026-02-17 02:31:05.060448,508
2026-02-17 02:31:05.068434,513
2026-02-17 02:31:05.076382,517
2026-02-17 02:31:05.084406,512
2026-02-17 02:31:05.092429,508
2026-02-17 02:31:05.100299,511
2026-02-17 02:31:05.108296,518
2026-02-17 02:31:05.116304,504
2026-02-17 02:31:05.124292,514
2026-02-17 02:31:05.132320,516
2026-02-17 02:31:05.140332,521
2026-02-17 02:31:05.148339,514
2026-02-17 02:31:05.156496,512
2026-02-17 02:31:05.164396,517
2026-02-17 02:31:05.172411,506
2026-02-17 02:31:05.180353,513
2026-02-17 02:31:05.188384,512
2026-02-17 02:31:05.196430,509
2026-02-17 02:31:05.204403,510
2026-02-17 02:31:05.212411,511
2026-02-17 02:31:05.220353,511
2026-02-17 02:31:05.228389,500
2026-02-17 02:31:05.236351,510
2026-02-17 02:31:05.244340,519
2026-02-17 02:31:05.252345,510
2026-02-17 02:31:05.260357,510
2026-02-17 02:31:05.268332,505
2026-02-17 02:31:05.276376,507
2026-02-17 02:31:05.284343,523
2026-02-17 02:31:05.292373,520
2026-02-17 02:31:05.300345,510
2026-02-17 02:31:05.308358,511
2026-02-17 02:31:05.316291,505
2026-02-17 02:31:05.324304,506
2026-02-17 02:31:05.332293,509
2026-02-17 02:31:05.340322,511
2026-02-17 02:31:05.348316,514
2026-02-17 02:31:05.356325,510
2026-02-17 02:31:05.364334,508
2026-02-17 02:31:05.372325,507
2026-02-17 02:31:05.380350,502
2026-02-17 02:31:05.388325,521
2026-02-17 02:31:05.396332,513
2026-02-17 02:31:05.404332,518
2026-02-17 02:31:05.412300,508
2026-02-17 02:31:05.420376,509
2026-02-17 02:31:05.428346,511
2026-02-17 02:31:05.436330,506
2026-02-17 02:31:05.444327,510
2026-02-17 02:31:05.452329,505
2026-02-17 02:31:05.460328,508
2026-02-17 02:31:05.468335,520
2026-02-17 02:31:05.476332,511
2026-02-17 02:31:05.484342,513
2026-02-17 02:31:05.492439,504
2026-02-17 02:31:05.500377,507
2026-02-17 02:31:05.508415,526
2026-02-17 02:31:05.516409,511
2026-02-17 02:31:05.524400,518
2026-02-17 02:31:05.532412,502
2026-02-17 02:31:05.540347,516
2026-02-17 02:31:05.548342,508
2026-02-17 02:31:05.556346,509
2026-02-17 02:31:05.564357,510
2026-02-17 02:31:05.572343,495
2026-02-17 02:31:05.580381,508
2026-02-17 02:31:05.588333,502
2026-02-17 02:31:05.596302,502
2026-02-17 02:31:05.604364,511
2026-02-17 02:31:05.612362,521
2026-02-17 02:31:05.620351,510
2026-02-17 02:31:05.628342,514
2026-02-17 02:31:05.636333,502
2026-02-17 02:31:05.644379,514
2026-02-17 02:31:05.652384,518
2026-02-17 02:31:05.660443,516
2026-02-17 02:31:05.668376,508
2026-02-17 02:31:05.676417,506
2026-02-17 02:31:05.684392,518
2026-02-17 02:31:05.692408,513
2026-02-17 02:31:05.700343,513
2026-02-17 02:31:05.708406,514
2026-02-17 02:31:05.716369,517
2026-02-17 02:31:05.724345,514
2026-02-17 02:31:05.732340,506
2026-02-17 02:31:05.740333,518
2026-02-17 02:31:05.748332,516
2026-02-17 02:31:05.756337,501
2026-02-17 02:31:05.764343,517
2026-02-17 02:31:05.772341,507
2026-02-17 02:31:05.780340,505
2026-02-17 02:31:05.788369,505
2026-02-17 02:31:05.796353,516
2026-02-17 02:31:05.804499,522
2026-02-17 02:31:05.812442,518
2026-02-17 02:31:05.820346,520
2026-02-17 02:31:05.828419,516
2026-02-17 02:31:05.836340,515
2026-02-17 02:31:05.844352,525
2026-02-17 02:31:05.852448,512
2026-02-17 02:31:05.860416,517
2026-02-17 02:31:05.868394,519
2026-02-17 02:31:05.876349,516
2026-02-17 02:31:05.884360,517
2026-02-17 02:31:05.892352,517
2026-02-17 02:31:05.900394,504
2026-02-17 02:31:05.908338,518
2026-02-17 02:31:05.916370,521
2026-02-17 02:31:05.924349,520
2026-02-17 02:31:05.932359,505
2026-02-17 02:31:05.940341,516
2026-02-17 02:31:05.948353,508
2026-02-17 02:31:05.956366,507
2026-02-17 02:31:05.964343,519
2026-02-17 02:31:05.972332,513
2026-02-17 02:31:05.980382,513
2026-02-17 02:31:05.988344,519
2026-02-17 02:31:05.996341,515
2026-02-17 02:31:06.004398,530
2026-02-17 02:31:06.012472,523
2026-02-17 02:31:06.020444,529
2026-02-17 02:31:06.028368,527
2026-02-17 02:31:06.036382,520
2026-02-17 02:31:06.044356,526
2026-02-17 02:31:06.052360,516
2026-02-17 02:31:06.060440,527
2026-02-17 02:31:06.068346,521
2026-02-17 02:31:06.076396,524
2026-02-17 02:31:06.084360,527
2026-02-17 02:31:06.092358,526
2026-02-17 02:31:06.100343,525
2026-02-17 02:31:06.108374,529
2026-02-17 02:31:06.116352,530
2026-02-17 02:31:06.124395,516
2026-02-17 02:31:06.132406,515
2026-02-17 02:31:06.140373,519
2026-02-17 02:31:06.148391,521
2026-02-17 02:31:06.156425,505
2026-02-17 02:31:06.164370,521
2026-02-17 02:31:06.172388,512
2026-02-17 02:31:06.180452,513
2026-02-17 02:31:06.188372,515
2026-02-17 02:31:06.196348,516
2026-02-17 02:31:06.204408,514
2026-02-17 02:31:06.212362,499
2026-02-17 02:31:06.220302,510
2026-02-17 02:31:06.228366,517
2026-02-17 02:31:06.236379,501
2026-02-17 02:31:06.244348,510
2026-02-17 02:31:06.252366,495
2026-02-17 02:31:06.260350,499
2026-02-17 02:31:06.268357,507
2026-02-17 02:31:06.276337,515
2026-02-17 02:31:06.284349,513
2026-02-17 02:31:06.292355,520
2026-02-17 02:31:06.300352,502
2026-02-17 02:31:06.308354,497
2026-02-17 02:31:06.316346,498
2026-02-17 02:31:06.324348,506
2026-02-17 02:31:06.332356,505
2026-02-17 02:31:06.340350,523
2026-02-17 02:31:06.348354,509
2026-02-17 02:31:06.356350,509
2026-02-17 02:31:06.364332,508
2026-02-17 02:31:06.372342,510
2026-02-17 02:31:06.380339,521
2026-02-17 02:31:06.388346,516
2026-02-17 02:31:06.396365,517
2026-02-17 02:31:06.404429,514
2026-02-17 02:31:06.412427,511
2026-02-17 02:31:06.420384,515
2026-02-17 02:31:06.428443,514
2026-02-17 02:31:06.436401,506
2026-02-17 02:31:06.444416,519
2026-02-17 02:31:06.452362,502
2026-02-17 02:31:06.460339,514
2026-02-17 02:31:06.468385,519
2026-02-17 02:31:06.476351,507
2026-02-17 02:31:06.484342,511
2026-02-17 02:31:06.492345,501
2026-02-17 02:31:06.500383,518
2026-02-17 02:31:06.508345,502
2026-02-17 02:31:06.516355,505
2026-02-17 02:31:06.524335,524
2026-02-17 02:31:06.532346,516
2026-02-17 02:31:06.540355,507
2026-02-17 02:31:06.548351,516
2026-02-17 02:31:06.556355,513
2026-02-17 02:31:06.564341,522
2026-02-17 02:31:06.572351,514
2026-02-17 02:31:06.580343,503
2026-02-17 02:31:06.588309,513
2026-02-17 02:31:06.596308,515
2026-02-17 02:31:06.604414,525
2026-02-17 02:31:06.612387,516
2026-02-17 02:31:06.620390,516
2026-02-17 02:31:06.628366,523
2026-02-17 02:31:06.636378,515
2026-02-17 02:31:06.644375,513
2026-02-17 02:31:06.652380,517
2026-02-17 02:31:06.660468,521
2026-02-17 02:31:06.668386,513
2026-02-17 02:31:06.676405,508
2026-02-17 02:31:06.684342,520
2026-02-17 02:31:06.692475,517
2026-02-17 02:31:06.700370,519
2026-02-17 02:31:06.708407,507
2026-02-17 02:31:06.716416,512
2026-02-17 02:31:06.724407,515
2026-02-17 02:31:06.732396,511
2026-02-17 02:31:06.740376,524
2026-02-17 02:31:06.748340,515
2026-02-17 02:31:06.756350,510
2026-02-17 02:31:06.764352,524
2026-02-17 02:31:06.772355,513
2026-02-17 02:31:06.780351,525
2026-02-17 02:31:06.788362,506
2026-02-17 02:31:06.796355,511
2026-02-17 02:31:06.804345,522
2026-02-17 02:31:06.812410,511
2026-02-17 02:31:06.820362,518
2026-02-17 02:31:06.828404,511
2026-02-17 02:31:06.836359,518
2026-02-17 02:31:06.844347,517
2026-02-17 02:31:06.852419,514
2026-02-17 02:31:06.860438,521
2026-02-17 02:31:06.868360,521
2026-02-17 02:31:06.876356,514
2026-02-17 02:31:06.884347,518
2026-02-17 02:31:06.892387,504
2026-02-17 02:31:06.900371,503
2026-02-17 02:31:06.908372,510
2026-02-17 02:31:06.916354,514
2026-02-17 02:31:06.924330,519
2026-02-17 02:31:06.932341,505
2026-02-17 02:31:06.940321,517
2026-02-17 02:31:06.948370,514
2026-02-17 02:31:06.956303,500
2026-02-17 02:31:06.964355,511
2026-02-17 02:31:06.972353,501
2026-02-17 02:31:06.980354,509
2026-02-17 02:31:06.988350,515
2026-02-17 02:31:06.996358,518
2026-02-17 02:31:07.004421,510
2026-02-17 02:31:07.012517,509
2026-02-17 02:31:07.020424,511
2026-02-17 02:31:07.028337,515
2026-02-17 02:31:07.036405,509
2026-02-17 02:31:07.044364,511
2026-02-17 02:31:07.052389,500
2026-02-17 02:31:07.060363,497
2026-02-17 02:31:07.068376,502
2026-02-17 02:31:07.076430,511
2026-02-17 02:31:07.084326,515
2026-02-17 02:31:07.092385,512
2026-02-17 02:31:07.100325,506
2026-02-17 02:31:07.108361,505
2026-02-17 02:31:07.116302,500
2026-02-17 02:31:07.124351,511
2026-02-17 02:31:07.132352,515
2026-02-17 02:31:07.140354,510
2026-02-17 02:31:07.148348,508
2026-02-17 02:31:07.156496,505
2026-02-17 02:31:07.164378,511
2026-02-17 02:31:07.172419,504
2026-02-17 02:31:07.180486,515
2026-02-17 02:31:07.188385,507
2026-02-17 02:31:07.196398,516
2026-02-17 02:31:07.204351,523
2026-02-17 02:31:07.212405,514
2026-02-17 02:31:07.220322,510
2026-02-17 02:31:07.228352,511
2026-02-17 02:31:07.236346,514
2026-02-17 02:31:07.244358,518
2026-02-17 02:31:07.252355,515
2026-02-17 02:31:07.260358,509
2026-02-17 02:31:07.268353,508
2026-02-17 02:31:07.276351,499
2026-02-17 02:31:07.284345,516
2026-02-17 02:31:07.292403,501
2026-02-17 02:31:07.300392,508
2026-02-17 02:31:07.308347,499
2026-02-17 02:31:07.316345,505
2026-02-17 02:31:07.324352,509
2026-02-17 02:31:07.332341,503
2026-02-17 02:31:07.340350,504
2026-02-17 02:31:07.348459,515
2026-02-17 02:31:07.356464,502
2026-02-17 02:31:07.364450,523
2026-02-17 02:31:07.372420,503
2026-02-17 02:31:07.380402,527
2026-02-17 02:31:07.388376,520
2026-02-17 02:31:07.396362,513
2026-02-17 02:31:07.404365,519
2026-02-17 02:31:07.412385,518
2026-02-17 02:31:07.420360,511
2026-02-17 02:31:07.428370,508
2026-02-17 02:31:07.436403,511
2026-02-17 02:31:07.444306,521
2026-02-17 02:31:07.452307,524
2026-02-17 02:31:07.460404,508
2026-02-17 02:31:07.468311,502
2026-02-17 02:31:07.476340,519
2026-02-17 02:31:07.484374,520
2026-02-17 02:31:07.492442,524
2026-02-17 02:31:07.500560,520
2026-02-17 02:31:07.508463,507
2026-02-17 02:31:07.516393,507
2026-02-17 02:31:07.524422,510
2026-02-17 02:31:07.532303,512
2026-02-17 02:31:07.540369,518
2026-02-17 02:31:07.548421,520
2026-02-17 02:31:07.556333,511
2026-02-17 02:31:07.564365,518
2026-02-17 02:31:07.572367,501
2026-02-17 02:31:07.580381,504
2026-02-17 02:31:07.588316,518
2026-02-17 02:31:07.596307,522
2026-02-17 02:31:07.604350,511
2026-02-17 02:31:07.612317,489
2026-02-17 02:31:07.620371,489
2026-02-17 02:31:07.628376,485
2026-02-17 02:31:07.636379,480
2026-02-17 02:31:07.644409,489
2026-02-17 02:31:07.652357,495
2026-02-17 02:31:07.660381,499
2026-02-17 02:31:07.668392,491
2026-02-17 02:31:07.676328,503
2026-02-17 02:31:07.684369,502
2026-02-17 02:31:07.692423,499
2026-02-17 02:31:07.700413,496
2026-02-17 02:31:07.708414,515
2026-02-17 02:31:07.716358,514
2026-02-17 02:31:07.724397,512
2026-02-17 02:31:07.732388,513
2026-02-17 02:31:07.740358,513
2026-02-17 02:31:07.748366,510
2026-02-17 02:31:07.756368,510
2026-02-17 02:31:07.764360,520
2026-02-17 02:31:07.772356,518
2026-02-17 02:31:07.780361,514
2026-02-17 02:31:07.788350,509
2026-02-17 02:31:07.796348,511
2026-02-17 02:31:07.804348,509
2026-02-17 02:31:07.812371,501
2026-02-17 02:31:07.820361,511
2026-02-17 02:31:07.828361,513
2026-02-17 02:31:07.836398,505
2026-02-17 02:31:07.844368,527
2026-02-17 02:31:07.852474,512
2026-02-17 02:31:07.860377,509
2026-02-17 02:31:07.868381,503
2026-02-17 02:31:07.876360,509
2026-02-17 02:31:07.884357,515
2026-02-17 02:31:07.892450,514
2026-02-17 02:31:07.900468,523
2026-02-17 02:31:07.908450,516
2026-02-17 02:31:07.916507,508
2026-02-17 02:31:07.924429,517
2026-02-17 02:31:07.932432,507
2026-02-17 02:31:07.940360,510
2026-02-17 02:31:07.948363,506
2026-02-17 02:31:07.956346,518
2026-02-17 02:31:07.964395,506
2026-02-17 02:31:07.972366,502
2026-02-17 02:31:07.980403,521
2026-02-17 02:31:07.988402,511
2026-02-17 02:31:07.996424,506
2026-02-17 02:31:08.004362,516
2026-02-17 02:31:08.012443,505
2026-02-17 02:31:08.020428,511
2026-02-17 02:31:08.028368,509
2026-02-17 02:31:08.036388,504
2026-02-17 02:31:08.044364,526
2026-02-17 02:31:08.052361,513
2026-02-17 02:31:08.060335,520
2026-02-17 02:31:08.068327,528
2026-02-17 02:31:08.076361,522
2026-02-17 02:31:08.084455,529
2026-02-17 02:31:08.092327,535
2026-02-17 02:31:08.100391,536
2026-02-17 02:31:08.108380,522
2026-02-17 02:31:08.116372,529
2026-02-17 02:31:08.124355,525
2026-02-17 02:31:08.132378,518
2026-02-17 02:31:08.140344,525
2026-02-17 02:31:08.148363,529
2026-02-17 02:31:08.156444,523
2026-02-17 02:31:08.164392,525
2026-02-17 02:31:08.172382,519
2026-02-17 02:31:08.180432,515
2026-02-17 02:31:08.188434,517
2026-02-17 02:31:08.196383,520
2026-02-17 02:31:08.204401,532
2026-02-17 02:31:08.212387,516
2026-02-17 02:31:08.220356,520
2026-02-17 02:31:08.228311,509
2026-02-17 02:31:08.236376,516
2026-02-17 02:31:08.244409,508
2026-02-17 02:31:08.252479,499
2026-02-17 02:31:08.260408,516
2026-02-17 02:31:08.268357,510
2026-02-17 02:31:08.276408,502
2026-02-17 02:31:08.284362,513
2026-02-17 02:31:08.292384,515
2026-02-17 02:31:08.300371,504
2026-02-17 02:31:08.308383,505
2026-02-17 02:31:08.316357,508
2026-02-17 02:31:08.324358,509
2026-02-17 02:31:08.332359,513
2026-02-17 02:31:08.340360,517
2026-02-17 02:31:08.348354,510
2026-02-17 02:31:08.356352,495
2026-02-17 02:31:08.364359,516
2026-02-17 02:31:08.372358,509
2026-02-17 02:31:08.380422,510
2026-02-17 02:31:08.388362,513
2026-02-17 02:31:08.396396,505
2026-02-17 02:31:08.404358,506
2026-02-17 02:31:08.412371,507
2026-02-17 02:31:08.420375,515
2026-02-17 02:31:08.428367,521
2026-02-17 02:31:08.436382,520
2026-02-17 02:31:08.444361,525
2026-02-17 02:31:08.452363,517
2026-02-17 02:31:08.460360,512
2026-02-17 02:31:08.468362,518
2026-02-17 02:31:08.476326,512
2026-02-17 02:31:08.484371,520
2026-02-17 02:31:08.492336,513
2026-02-17 02:31:08.500381,506
2026-02-17 02:31:08.508361,502
2026-02-17 02:31:08.516360,509
2026-02-17 02:31:08.524369,522
2026-02-17 02:31:08.532365,507
2026-02-17 02:31:08.540384,515
2026-02-17 02:31:08.548367,512
2026-02-17 02:31:08.556371,498
2026-02-17 02:31:08.564366,509
2026-02-17 02:31:08.572364,502
2026-02-17 02:31:08.580365,505
2026-02-17 02:31:08.588392,512
2026-02-17 02:31:08.596408,500
2026-02-17 02:31:08.604368,512
2026-02-17 02:31:08.612374,512
2026-02-17 02:31:08.620372,521
2026-02-17 02:31:08.628411,510
2026-02-17 02:31:08.636370,514
2026-02-17 02:31:08.644398,517
2026-02-17 02:31:08.652363,513
2026-02-17 02:31:08.660466,518
2026-02-17 02:31:08.668413,517
2026-02-17 02:31:08.676385,512
2026-02-17 02:31:08.684415,522
2026-02-17 02:31:08.692423,505
2026-02-17 02:31:08.700361,516
2026-02-17 02:31:08.708477,508
2026-02-17 02:31:08.716378,509
2026-02-17 02:31:08.724365,524
2026-02-17 02:31:08.732428,498
2026-02-17 02:31:08.740365,505
2026-02-17 02:31:08.748366,501
2026-02-17 02:31:08.756366,511
2026-02-17 02:31:08.764358,517
2026-02-17 02:31:08.772352,514
2026-02-17 02:31:08.780356,501
2026-02-17 02:31:08.788384,510
2026-02-17 02:31:08.796351,504
2026-02-17 02:31:08.804394,512
2026-02-17 02:31:08.812351,509
2026-02-17 02:31:08.820369,504
2026-02-17 02:31:08.828369,516
2026-02-17 02:31:08.836349,504
2026-02-17 02:31:08.844471,512
2026-02-17 02:31:08.852486,506
2026-02-17 02:31:08.860433,526
2026-02-17 02:31:08.868446,520
2026-02-17 02:31:08.876387,510
2026-02-17 02:31:08.884367,519
2026-02-17 02:31:08.892392,515
2026-02-17 02:31:08.900421,517
2026-02-17 02:31:08.908390,505
2026-02-17 02:31:08.916373,513
2026-02-17 02:31:08.924363,520
2026-02-17 02:31:08.932355,517
2026-02-17 02:31:08.940361,516
2026-02-17 02:31:08.948412,523
2026-02-17 02:31:08.956361,519
2026-02-17 02:31:08.964381,511
2026-02-17 02:31:08.972339,504
2026-02-17 02:31:08.980362,515
2026-02-17 02:31:08.988387,516
2026-02-17 02:31:08.996358,512
2026-02-17 02:31:09.004345,530
2026-02-17 02:31:09.012580,503
2026-02-17 02:31:09.020477,512
2026-02-17 02:31:09.028423,513
2026-02-17 02:31:09.036439,509
2026-02-17 02:31:09.044418,521
2026-02-17 02:31:09.052432,507
2026-02-17 02:31:09.060405,515
2026-02-17 02:31:09.068448,516
2026-02-17 02:31:09.076436,509
2026-02-17 02:31:09.084391,519
2026-02-17 02:31:09.092375,505
2026-02-17 02:31:09.100373,517
2026-02-17 02:31:09.108456,514
2026-02-17 02:31:09.116467,514
2026-02-17 02:31:09.124384,510
2026-02-17 02:31:09.132543,515
2026-02-17 02:31:09.140459,511
2026-02-17 02:31:09.148429,512
2026-02-17 02:31:09.156590,509
2026-02-17 02:31:09.164515,513
2026-02-17 02:31:09.172437,509
2026-02-17 02:31:09.180473,512
2026-02-17 02:31:09.188377,510
2026-02-17 02:31:09.196379,510
2026-02-17 02:31:09.204364,514
2026-02-17 02:31:09.212365,513
2026-02-17 02:31:09.220419,501
2026-02-17 02:31:09.228446,512
2026-02-17 02:31:09.236318,501
2026-02-17 02:31:09.244390,511
2026-02-17 02:31:09.252373,510
2026-02-17 02:31:09.260368,513
2026-02-17 02:31:09.268350,515
2026-02-17 02:31:09.276389,521
2026-02-17 02:31:09.284393,508
2026-02-17 02:31:09.292380,512
2026-02-17 02:31:09.300366,510
2026-02-17 02:31:09.308420,515
2026-02-17 02:31:09.316368,503
2026-02-17 02:31:09.324360,520
2026-02-17 02:31:09.332408,507
2026-02-17 02:31:09.340373,506
2026-02-17 02:31:09.348360,508
2026-02-17 02:31:09.356367,505
2026-02-17 02:31:09.364437,516
2026-02-17 02:31:09.372431,506
2026-02-17 02:31:09.380367,511
2026-02-17 02:31:09.388375,519
2026-02-17 02:31:09.396355,510
2026-02-17 02:31:09.404363,519
2026-02-17 02:31:09.412367,516
2026-02-17 02:31:09.420442,513
2026-02-17 02:31:09.428408,507
2026-02-17 02:31:09.436359,510
2026-02-17 02:31:09.444409,519
2026-02-17 02:31:09.452413,510
2026-02-17 02:31:09.460378,517
2026-02-17 02:31:09.468371,509
2026-02-17 02:31:09.476494,502
2026-02-17 02:31:09.484343,523
2026-02-17 02:31:09.492418,521
2026-02-17 02:31:09.500314,526
2026-02-17 02:31:09.508407,510
2026-02-17 02:31:09.516415,511
2026-02-17 02:31:09.524388,510
2026-02-17 02:31:09.532365,511
2026-02-17 02:31:09.540405,515
2026-02-17 02:31:09.548357,500
2026-02-17 02:31:09.556365,507
2026-02-17 02:31:09.564374,516
2026-02-17 02:31:09.572369,511
2026-02-17 02:31:09.580404,520
2026-02-17 02:31:09.588319,508
2026-02-17 02:31:09.596380,510
2026-02-17 02:31:09.604392,517
2026-02-17 02:31:09.612434,510
2026-02-17 02:31:09.620394,507
2026-02-17 02:31:09.628422,516
2026-02-17 02:31:09.636366,507
2026-02-17 02:31:09.644374,516
2026-02-17 02:31:09.652409,514
2026-02-17 02:31:09.660413,516
2026-02-17 02:31:09.668404,516
2026-02-17 02:31:09.676409,511
2026-02-17 02:31:09.684422,512
2026-02-17 02:31:09.692395,508
2026-02-17 02:31:09.700407,519
2026-02-17 02:31:09.708431,520
2026-02-17 02:31:09.716375,514
2026-02-17 02:31:09.724366,521
2026-02-17 02:31:09.732370,523
2026-02-17 02:31:09.740363,522
2026-02-17 02:31:09.748444,516
2026-02-17 02:31:09.756449,504
2026-02-17 02:31:09.764380,516
2026-02-17 02:31:09.772441,520
2026-02-17 02:31:09.780375,505
2026-02-17 02:31:09.788381,508
2026-02-17 02:31:09.796382,503
2026-02-17 02:31:09.804372,525
2026-02-17 02:31:09.812378,515
2026-02-17 02:31:09.820386,513
2026-02-17 02:31:09.828394,519
2026-02-17 02:31:09.836418,504
2026-02-17 02:31:09.844374,513
2026-02-17 02:31:09.852477,507
2026-02-17 02:31:09.860433,505
2026-02-17 02:31:09.868437,507
2026-02-17 02:31:09.876459,516
2026-02-17 02:31:09.884592,518
2026-02-17 02:31:09.892498,512
2026-02-17 02:31:09.900502,514
2026-02-17 02:31:09.908428,511
2026-02-17 02:31:09.916412,498
2026-02-17 02:31:09.924380,517
2026-02-17 02:31:09.932396,515
2026-02-17 02:31:09.940363,513
2026-02-17 02:31:09.948376,504
2026-02-17 02:31:09.956352,507
2026-02-17 02:31:09.964367,517
2026-02-17 02:31:09.972384,511
2026-02-17 02:31:09.980376,514
2026-02-17 02:31:09.988396,509
2026-02-17 02:31:09.996420,508
2026-02-17 02:31:10.004475,518
2026-02-17 02:31:10.012457,506
2026-02-17 02:31:10.020436,501
2026-02-17 02:31:10.028334,505
2026-02-17 02:31:10.036402,502
2026-02-17 02:31:10.044393,519
2026-02-17 02:31:10.052436,507
2026-02-17 02:31:10.060374,514
2026-02-17 02:31:10.068412,520
2026-02-17 02:31:10.076447,515
2026-02-17 02:31:10.084418,509
2026-02-17 02:31:10.092419,515
2026-02-17 02:31:10.100425,511
2026-02-17 02:31:10.108374,509
2026-02-17 02:31:10.116391,512
2026-02-17 02:31:10.124372,511
2026-02-17 02:31:10.132388,507
2026-02-17 02:31:10.140412,510
2026-02-17 02:31:10.148374,497
2026-02-17 02:31:10.156422,507
2026-02-17 02:31:10.164479,518
2026-02-17 02:31:10.172461,515
2026-02-17 02:31:10.180423,513
2026-02-17 02:31:10.188366,506
2026-02-17 02:31:10.196464,512
2026-02-17 02:31:10.204424,514
2026-02-17 02:31:10.212395,514
2026-02-17 02:31:10.220475,510
2026-02-17 02:31:10.228407,509
2026-02-17 02:31:10.236397,506
2026-02-17 02:31:10.244322,517
2026-02-17 02:31:10.252379,514
2026-02-17 02:31:10.260387,511
2026-02-17 02:31:10.268386,515
2026-02-17 02:31:10.276363,520
2026-02-17 02:31:10.284382,516
2026-02-17 02:31:10.292377,509
2026-02-17 02:31:10.300419,510
2026-02-17 02:31:10.308392,498
2026-02-17 02:31:10.316319,502
2026-02-17 02:31:10.324362,509
2026-02-17 02:31:10.332338,518
2026-02-17 02:31:10.340325,514
2026-02-17 02:31:10.348334,520
2026-02-17 02:31:10.356362,513
2026-02-17 02:31:10.364358,513
2026-02-17 02:31:10.372342,502
2026-02-17 02:31:10.380362,502
2026-02-17 02:31:10.388378,516
2026-02-17 02:31:10.396418,522
2026-02-17 02:31:10.404360,516
2026-02-17 02:31:10.412348,513
2026-02-17 02:31:10.420370,520
2026-02-17 02:31:10.428364,526
2026-02-17 02:31:10.436374,503
2026-02-17 02:31:10.444357,504
2026-02-17 02:31:10.452360,500
2026-02-17 02:31:10.460363,509
2026-02-17 02:31:10.468380,498
2026-02-17 02:31:10.476345,491
2026-02-17 02:31:10.484378,487
2026-02-17 02:31:10.492387,485
2026-02-17 02:31:10.500367,495
2026-02-17 02:31:10.508362,514
2026-02-17 02:31:10.516376,503
2026-02-17 02:31:10.524401,505
2026-02-17 02:31:10.532398,493
2026-02-17 02:31:10.540395,509
2026-02-17 02:31:10.548396,518
2026-02-17 02:31:10.556379,516
2026-02-17 02:31:10.564370,509
2026-02-17 02:31:10.572370,514
2026-02-17 02:31:10.580378,517
2026-02-17 02:31:10.588339,511
2026-02-17 02:31:10.596367,522
2026-02-17 02:31:10.604387,517
2026-02-17 02:31:10.612379,520
2026-02-17 02:31:10.620396,527
2026-02-17 02:31:10.628382,518
2026-02-17 02:31:10.636393,499
2026-02-17 02:31:10.644379,511
2026-02-17 02:31:10.652382,510
2026-02-17 02:31:10.660450,509
2026-02-17 02:31:10.668418,515
2026-02-17 02:31:10.676390,513
2026-02-17 02:31:10.684434,516
2026-02-17 02:31:10.692382,503
2026-02-17 02:31:10.700452,499
2026-02-17 02:31:10.708392,506
2026-02-17 02:31:10.716431,509
2026-02-17 02:31:10.724409,517
2026-02-17 02:31:10.732368,513
2026-02-17 02:31:10.740379,516
2026-02-17 02:31:10.748413,520
2026-02-17 02:31:10.756378,494
2026-02-17 02:31:10.764371,509
2026-02-17 02:31:10.772373,516
2026-02-17 02:31:10.780380,513
2026-02-17 02:31:10.788373,509
2026-02-17 02:31:10.796373,513
2026-02-17 02:31:10.804374,512
2026-02-17 02:31:10.812370,498
2026-02-17 02:31:10.820543,519
2026-02-17 02:31:10.828446,529
2026-02-17 02:31:10.836445,512
2026-02-17 02:31:10.844399,517
2026-02-17 02:31:10.852411,510
2026-02-17 02:31:10.860380,518
2026-02-17 02:31:10.868386,520
2026-02-17 02:31:10.876489,543
2026-02-17 02:31:10.884414,537
2026-02-17 02:31:10.892391,519
2026-02-17 02:31:10.900388,524
2026-02-17 02:31:10.908388,513
2026-02-17 02:31:10.916376,507
2026-02-17 02:31:10.924390,514
2026-02-17 02:31:10.932366,519
2026-02-17 02:31:10.940399,524
2026-02-17 02:31:10.948380,521
2026-02-17 02:31:10.956429,517
2026-02-17 02:31:10.964421,529
2026-02-17 02:31:10.972373,528
2026-02-17 02:31:10.980383,528
2026-02-17 02:31:10.988376,530
2026-02-17 02:31:10.996369,521
2026-02-17 02:31:11.004412,523
2026-02-17 02:31:11.012479,514
2026-02-17 02:31:11.020497,518
2026-02-17 02:31:11.028485,523
2026-02-17 02:31:11.036381,517
2026-02-17 02:31:11.044394,516
2026-02-17 02:31:11.052496,518
2026-02-17 02:31:11.060324,507
2026-02-17 02:31:11.068423,514
2026-02-17 02:31:11.076468,517
2026-02-17 02:31:11.084537,505
2026-02-17 02:31:11.092438,508
2026-02-17 02:31:11.100411,515
2026-02-17 02:31:11.108485,509
2026-02-17 02:31:11.116397,508
2026-02-17 02:31:11.124374,499
2026-02-17 02:31:11.132396,506
2026-02-17 02:31:11.140379,519
2026-02-17 02:31:11.148393,514
2026-02-17 02:31:11.156415,515
2026-02-17 02:31:11.164420,513
2026-02-17 02:31:11.172432,508
2026-02-17 02:31:11.180462,509
2026-02-17 02:31:11.188379,519
2026-02-17 02:31:11.196369,514
2026-02-17 02:31:11.204377,518
2026-02-17 02:31:11.212373,506
2026-02-17 02:31:11.220370,514
2026-02-17 02:31:11.228420,522
2026-02-17 02:31:11.236437,511
2026-02-17 02:31:11.244328,526
2026-02-17 02:31:11.252885,518
2026-02-17 02:31:11.260457,508
2026-02-17 02:31:11.268407,511
2026-02-17 02:31:11.276404,508
2026-02-17 02:31:11.284397,519
2026-02-17 02:31:11.292404,516
2026-02-17 02:31:11.300425,513
2026-02-17 02:31:11.308387,508
2026-02-17 02:31:11.316378,506
2026-02-17 02:31:11.324383,514
2026-02-17 02:31:11.332375,506
2026-02-17 02:31:11.340376,512
2026-02-17 02:31:11.348379,513
2026-02-17 02:31:11.356373,499
2026-02-17 02:31:11.364409,505
2026-02-17 02:31:11.372466,510
2026-02-17 02:31:11.380435,519
2026-02-17 02:31:11.388391,514
2026-02-17 02:31:11.396398,504
2026-02-17 02:31:11.404418,512
2026-02-17 02:31:11.412383,513
2026-02-17 02:31:11.420372,523
2026-02-17 02:31:11.428444,513
2026-02-17 02:31:11.436395,518
2026-02-17 02:31:11.444422,507
2026-02-17 02:31:11.452382,502
2026-02-17 02:31:11.460379,509
2026-02-17 02:31:11.468388,512
2026-02-17 02:31:11.476385,518
2026-02-17 02:31:11.484419,507
2026-02-17 02:31:11.492377,520
2026-02-17 02:31:11.500373,515
2026-02-17 02:31:11.508382,503
2026-02-17 02:31:11.516390,503
2026-02-17 02:31:11.524361,515
2026-02-17 02:31:11.532442,509
2026-02-17 02:31:11.540393,516
2026-02-17 02:31:11.548402,518
2026-02-17 02:31:11.556378,511
2026-02-17 02:31:11.564385,521
2026-02-17 02:31:11.572428,520
2026-02-17 02:31:11.580368,508
2026-02-17 02:31:11.588352,508
2026-02-17 02:31:11.596466,515
2026-02-17 02:31:11.604487,515
2026-02-17 02:31:11.612423,517
2026-02-17 02:31:11.620387,519
2026-02-17 02:31:11.628452,513
2026-02-17 02:31:11.636327,508
2026-02-17 02:31:11.644392,517
2026-02-17 02:31:11.652420,514
2026-02-17 02:31:11.660504,509
2026-02-17 02:31:11.668462,508
2026-02-17 02:31:11.676397,503
2026-02-17 02:31:11.684434,496
2026-02-17 02:31:11.692389,511
2026-02-17 02:31:11.700445,518
2026-02-17 02:31:11.708450,516
2026-02-17 02:31:11.716372,514
2026-02-17 02:31:11.724419,520
2026-02-17 02:31:11.732424,508
2026-02-17 02:31:11.740402,516
2026-02-17 02:31:11.748378,517
2026-02-17 02:31:11.756383,513
2026-02-17 02:31:11.764399,519
2026-02-17 02:31:11.772377,510
2026-02-17 02:31:11.780373,515
2026-02-17 02:31:11.788378,509
2026-02-17 02:31:11.796376,519
2026-02-17 02:31:11.804379,511
2026-02-17 02:31:11.812384,514
2026-02-17 02:31:11.820369,517
2026-02-17 02:31:11.828395,510
2026-02-17 02:31:11.836429,507
2026-02-17 02:31:11.844392,512
2026-02-17 02:31:11.852514,511
2026-02-17 02:31:11.860569,515
2026-02-17 02:31:11.868418,519
2026-02-17 02:31:11.876393,514
2026-02-17 02:31:11.884427,513
2026-02-17 02:31:11.892395,520
2026-02-17 02:31:11.900381,511
2026-02-17 02:31:11.908396,511
2026-02-17 02:31:11.916417,508
2026-02-17 02:31:11.924378,517
2026-02-17 02:31:11.932389,509
2026-02-17 02:31:11.940423,506
2026-02-17 02:31:11.948385,513
2026-02-17 02:31:11.956427,510
2026-02-17 02:31:11.964431,513
2026-02-17 02:31:11.972366,516
2026-02-17 02:31:11.980406,512
2026-02-17 02:31:11.988385,514
2026-02-17 02:31:11.996395,505
2026-02-17 02:31:12.004383,515
2026-02-17 02:31:12.012396,514
2026-02-17 02:31:12.020476,513
2026-02-17 02:31:12.028432,517
2026-02-17 02:31:12.036379,516
2026-02-17 02:31:12.044467,517
2026-02-17 02:31:12.052360,513
2026-02-17 02:31:12.060512,513
2026-02-17 02:31:12.068427,515
2026-02-17 02:31:12.076402,501
2026-02-17 02:31:12.084419,520
2026-02-17 02:31:12.092412,511
2026-02-17 02:31:12.100399,519
2026-02-17 02:31:12.108388,516
2026-02-17 02:31:12.116418,507
2026-02-17 02:31:12.124386,505
2026-02-17 02:31:12.132519,508
2026-02-17 02:31:12.140439,518
2026-02-17 02:31:12.148409,516
2026-02-17 02:31:12.156569,511
2026-02-17 02:31:12.164434,514
2026-02-17 02:31:12.172405,498
2026-02-17 02:31:12.180512,516
2026-02-17 02:31:12.188421,518
2026-02-17 02:31:12.196395,507
2026-02-17 02:31:12.204387,522
2026-02-17 02:31:12.212389,506
2026-02-17 02:31:12.220385,504
2026-02-17 02:31:12.228453,500
2026-02-17 02:31:12.236397,516
2026-02-17 02:31:12.244335,515
2026-02-17 02:31:12.252351,509
2026-02-17 02:31:12.260397,512
2026-02-17 02:31:12.268384,522
2026-02-17 02:31:12.276383,512
2026-02-17 02:31:12.284386,517
2026-02-17 02:31:12.292388,505
2026-02-17 02:31:12.300385,510
2026-02-17 02:31:12.308449,508
2026-02-17 02:31:12.316451,501
2026-02-17 02:31:12.324456,520
2026-02-17 02:31:12.332465,504
2026-02-17 02:31:12.340435,504
2026-02-17 02:31:12.348460,516
2026-02-17 02:31:12.356386,510
2026-02-17 02:31:12.364381,517
2026-02-17 02:31:12.372426,517
2026-02-17 02:31:12.380396,517
2026-02-17 02:31:12.388396,517
2026-02-17 02:31:12.396449,509
2026-02-17 02:31:12.404382,513
2026-02-17 02:31:12.412405,512
2026-02-17 02:31:12.420390,512
2026-02-17 02:31:12.428405,508
2026-02-17 02:31:12.436379,500
2026-02-17 02:31:12.444384,499
2026-02-17 02:31:12.452410,499
2026-02-17 02:31:12.460378,510
2026-02-17 02:31:12.468381,511
2026-02-17 02:31:12.476390,510
2026-02-17 02:31:12.484442,514
2026-02-17 02:31:12.492386,505
2026-02-17 02:31:12.500388,506
2026-02-17 02:31:12.508383,510
2026-02-17 02:31:12.516394,515
2026-02-17 02:31:12.524384,525
2026-02-17 02:31:12.532387,508
2026-02-17 02:31:12.540339,510
2026-02-17 02:31:12.548337,510
2026-02-17 02:31:12.556402,500
2026-02-17 02:31:12.564386,514
2026-02-17 02:31:12.572388,506
2026-02-17 02:31:12.580391,511
2026-02-17 02:31:12.588358,518
2026-02-17 02:31:12.596394,518
2026-02-17 02:31:12.604409,511
2026-02-17 02:31:12.612424,515
2026-02-17 02:31:12.620408,511
2026-02-17 02:31:12.628445,515
2026-02-17 02:31:12.636390,514
2026-02-17 02:31:12.644395,520
2026-02-17 02:31:12.652426,515
2026-02-17 02:31:12.660525,511
2026-02-17 02:31:12.668461,512
2026-02-17 02:31:12.676387,506
2026-02-17 02:31:12.684407,518
2026-02-17 02:31:12.692393,509
2026-02-17 02:31:12.700465,518
2026-02-17 02:31:12.708449,515
2026-02-17 02:31:12.716386,516
2026-02-17 02:31:12.724386,511
2026-02-17 02:31:12.732398,506
2026-02-17 02:31:12.740428,507
2026-02-17 02:31:12.748438,519
2026-02-17 02:31:12.756386,516
2026-02-17 02:31:12.764550,513
2026-02-17 02:31:12.772414,516
2026-02-17 02:31:12.780397,514
2026-02-17 02:31:12.788405,514
2026-02-17 02:31:12.796423,524
2026-02-17 02:31:12.804398,508
2026-02-17 02:31:12.812390,509
2026-02-17 02:31:12.820381,507
2026-02-17 02:31:12.828464,511
2026-02-17 02:31:12.836391,507
2026-02-17 02:31:12.844397,510
2026-02-17 02:31:12.852473,513
2026-02-17 02:31:12.860477,516
2026-02-17 02:31:12.868448,516
2026-02-17 02:31:12.876402,506
2026-02-17 02:31:12.884500,508
2026-02-17 02:31:12.892401,517
2026-02-17 02:31:12.900457,524
2026-02-17 02:31:12.908397,504
2026-02-17 02:31:12.916388,507
2026-02-17 02:31:12.924406,512
2026-02-17 02:31:12.932389,505
2026-02-17 02:31:12.940408,518
2026-02-17 02:31:12.948388,516
2026-02-17 02:31:12.956439,507
2026-02-17 02:31:12.964406,503
2026-02-17 02:31:12.972434,506
2026-02-17 02:31:12.980388,515
2026-02-17 02:31:12.988394,516
2026-02-17 02:31:12.996379,512
2026-02-17 02:31:13.004412,517
2026-02-17 02:31:13.012385,509
2026-02-17 02:31:13.020404,506
2026-02-17 02:31:13.028345,511
2026-02-17 02:31:13.036374,515
2026-02-17 02:31:13.044450,517
2026-02-17 02:31:13.052353,515
2026-02-17 02:31:13.060361,513
2026-02-17 02:31:13.068379,512
2026-02-17 02:31:13.076382,510
2026-02-17 02:31:13.084388,514
2026-02-17 02:31:13.092492,504
2026-02-17 02:31:13.100355,516
2026-02-17 02:31:13.108411,508
2026-02-17 02:31:13.116385,507
2026-02-17 02:31:13.124402,523
2026-02-17 02:31:13.132393,501
2026-02-17 02:31:13.140434,512
2026-02-17 02:31:13.148431,508
2026-02-17 02:31:13.156415,506
2026-02-17 02:31:13.164389,508
2026-02-17 02:31:13.172388,511
2026-02-17 02:31:13.180474,505
2026-02-17 02:31:13.188425,512
2026-02-17 02:31:13.196397,505
2026-02-17 02:31:13.204394,515
2026-02-17 02:31:13.212394,516
2026-02-17 02:31:13.220390,507
2026-02-17 02:31:13.228397,499
2026-02-17 02:31:13.236457,506
2026-02-17 02:31:13.244389,512
2026-02-17 02:31:13.252335,516
2026-02-17 02:31:13.260464,518
2026-02-17 02:31:13.268389,510
2026-02-17 02:31:13.276395,509
2026-02-17 02:31:13.284409,519
2026-02-17 02:31:13.292404,519
2026-02-17 02:31:13.300389,516
2026-02-17 02:31:13.308388,510
2026-02-17 02:31:13.316395,515
2026-02-17 02:31:13.324391,514
2026-02-17 02:31:13.332390,513
2026-02-17 02:31:13.340396,519
2026-02-17 02:31:13.348489,512
2026-02-17 02:31:13.356480,517
2026-02-17 02:31:13.364419,530
2026-02-17 02:31:13.372399,505
2026-02-17 02:31:13.380489,493
2026-02-17 02:31:13.388434,509
2026-02-17 02:31:13.396389,505
2026-02-17 02:31:13.404414,502
2026-02-17 02:31:13.412406,503
2026-02-17 02:31:13.420386,498
2026-02-17 02:31:13.428392,490
2026-02-17 02:31:13.436418,492
2026-02-17 02:31:13.444406,500
2026-02-17 02:31:13.452414,488
2026-02-17 02:31:13.460398,500
2026-02-17 02:31:13.468398,501
2026-02-17 02:31:13.476382,497
2026-02-17 02:31:13.484389,513
2026-02-17 02:31:13.492391,514
2026-02-17 02:31:13.500400,503
2026-02-17 02:31:13.508396,507
2026-02-17 02:31:13.516389,508
2026-02-17 02:31:13.524394,525
2026-02-17 02:31:13.532389,502
2026-02-17 02:31:13.540386,513
2026-02-17 02:31:13.548388,522
2026-02-17 02:31:13.556414,515
2026-02-17 02:31:13.564345,515
2026-02-17 02:31:13.572402,509
2026-02-17 02:31:13.580339,514
2026-02-17 02:31:13.588345,514
2026-02-17 02:31:13.596412,503
2026-02-17 02:31:13.604460,512
2026-02-17 02:31:13.612436,508
2026-02-17 02:31:13.620406,514
2026-02-17 02:31:13.628445,522
2026-02-17 02:31:13.636461,521
2026-02-17 02:31:13.644414,516
2026-02-17 02:31:13.652443,513
2026-02-17 02:31:13.660505,517
2026-02-17 02:31:13.668513,521
2026-02-17 02:31:13.676465,505
2026-02-17 02:31:13.684410,516
2026-02-17 02:31:13.692408,516
2026-02-17 02:31:13.700526,517
2026-02-17 02:31:13.708414,523
2026-02-17 02:31:13.716439,514
2026-02-17 02:31:13.724398,522
2026-02-17 02:31:13.732439,509
2026-02-17 02:31:13.740383,517
2026-02-17 02:31:13.748388,522
2026-02-17 02:31:13.756428,500
2026-02-17 02:31:13.764404,516
2026-02-17 02:31:13.772403,516
2026-02-17 02:31:13.780435,517
2026-02-17 02:31:13.788409,519
2026-02-17 02:31:13.796403,502
2026-02-17 02:31:13.804394,515
2026-02-17 02:31:13.812386,506
2026-02-17 02:31:13.820403,518
2026-02-17 02:31:13.828395,515
2026-02-17 02:31:13.836404,505
2026-02-17 02:31:13.844413,519
2026-02-17 02:31:13.852542,519
2026-02-17 02:31:13.860440,519
2026-02-17 02:31:13.868407,524
2026-02-17 02:31:13.876383,509
2026-02-17 02:31:13.884404,492
2026-02-17 02:31:13.892411,499
2026-02-17 02:31:13.900443,505
2026-02-17 02:31:13.908390,519
2026-02-17 02:31:13.916390,515
2026-02-17 02:31:13.924413,518
2026-02-17 02:31:13.932393,508
2026-02-17 02:31:13.940482,520
2026-02-17 02:31:13.948433,518
2026-02-17 02:31:13.956439,507
2026-02-17 02:31:13.964463,519
2026-02-17 02:31:13.972423,513
2026-02-17 02:31:13.980446,511
2026-02-17 02:31:13.988403,518
2026-02-17 02:31:13.996383,509
2026-02-17 02:31:14.004395,514
2026-02-17 02:31:14.012487,508
2026-02-17 02:31:14.020446,512
2026-02-17 02:31:14.028401,516
2026-02-17 02:31:14.036421,515
2026-02-17 02:31:14.044484,513
2026-02-17 02:31:14.052381,510
2026-02-17 02:31:14.060382,513
2026-02-17 02:31:14.068384,520
2026-02-17 02:31:14.076394,513
2026-02-17 02:31:14.084421,508
2026-02-17 02:31:14.092533,518
2026-02-17 02:31:14.100380,521
2026-02-17 02:31:14.108440,510
2026-02-17 02:31:14.116476,513
2026-02-17 02:31:14.124399,512
2026-02-17 02:31:14.132404,516
2026-02-17 02:31:14.140411,524
2026-02-17 02:31:14.148436,516
2026-02-17 02:31:14.156572,513
2026-02-17 02:31:14.164479,514
2026-02-17 02:31:14.172457,510
2026-02-17 02:31:14.180474,515
2026-02-17 02:31:14.188397,509
2026-02-17 02:31:14.196403,507
2026-02-17 02:31:14.204416,520
2026-02-17 02:31:14.212447,518
2026-02-17 02:31:14.220398,514
2026-02-17 02:31:14.228403,519
2026-02-17 02:31:14.236425,504
2026-02-17 02:31:14.244406,505
2026-02-17 02:31:14.252479,511
2026-02-17 02:31:14.260365,516
2026-02-17 02:31:14.268412,520
2026-02-17 02:31:14.276450,497
2026-02-17 02:31:14.284397,506
2026-02-17 02:31:14.292395,507
2026-02-17 02:31:14.300406,516
2026-02-17 02:31:14.308420,522
2026-02-17 02:31:14.316439,506
2026-02-17 02:31:14.324390,514
2026-02-17 02:31:14.332397,515
2026-02-17 02:31:14.340396,507
2026-02-17 02:31:14.348395,511
2026-02-17 02:31:14.356391,516
2026-02-17 02:31:14.364395,512
2026-02-17 02:31:14.372457,507
2026-02-17 02:31:14.380402,510
2026-02-17 02:31:14.388394,520
2026-02-17 02:31:14.396396,505
2026-02-17 02:31:14.404445,511
2026-02-17 02:31:14.412390,513
2026-02-17 02:31:14.420390,519
2026-02-17 02:31:14.428435,513
2026-02-17 02:31:14.436414,504
2026-02-17 02:31:14.444394,512
2026-02-17 02:31:14.452397,509
2026-02-17 02:31:14.460399,514
2026-02-17 02:31:14.468400,513
2026-02-17 02:31:14.476393,508
2026-02-17 02:31:14.484400,515
2026-02-17 02:31:14.492391,511
2026-02-17 02:31:14.500391,516
2026-02-17 02:31:14.508382,510
2026-02-17 02:31:14.516399,514
2026-02-17 02:31:14.524444,512
2026-02-17 02:31:14.532412,516
2026-02-17 02:31:14.540404,515
2026-02-17 02:31:14.548396,509
2026-02-17 02:31:14.556442,505
2026-02-17 02:31:14.564404,525
2026-02-17 02:31:14.572414,516
2026-02-17 02:31:14.580409,518
2026-02-17 02:31:14.588379,520
2026-02-17 02:31:14.596424,505
2026-02-17 02:31:14.604472,519
2026-02-17 02:31:14.612455,504
2026-02-17 02:31:14.620431,515
2026-02-17 02:31:14.628421,515
2026-02-17 02:31:14.636430,512
2026-02-17 02:31:14.644426,513
2026-02-17 02:31:14.652448,509
2026-02-17 02:31:14.660493,511
2026-02-17 02:31:14.668449,522
2026-02-17 02:31:14.676410,513
2026-02-17 02:31:14.684401,518
2026-02-17 02:31:14.692403,515
2026-02-17 02:31:14.700461,511
2026-02-17 02:31:14.708417,515
2026-02-17 02:31:14.716410,501
2026-02-17 02:31:14.724407,518
2026-02-17 02:31:14.732409,516
2026-02-17 02:31:14.740444,514
2026-02-17 02:31:14.748406,518
2026-02-17 02:31:14.756445,512
2026-02-17 02:31:14.764386,508
2026-02-17 02:31:14.772394,501
2026-02-17 02:31:14.780413,520
2026-02-17 02:31:14.788398,524
2026-02-17 02:31:14.796392,508
2026-02-17 02:31:14.804398,509
2026-02-17 02:31:14.812409,507
2026-02-17 02:31:14.820408,509
2026-02-17 02:31:14.828400,508
2026-02-17 02:31:14.836474,518
2026-02-17 02:31:14.844414,515
2026-02-17 02:31:14.852425,511
2026-02-17 02:31:14.860475,520
2026-02-17 02:31:14.868431,514
2026-02-17 02:31:14.876451,509
2026-02-17 02:31:14.884400,524
2026-02-17 02:31:14.892410,508
2026-02-17 02:31:14.900404,513
2026-02-17 02:31:14.908415,522
2026-02-17 02:31:14.916394,505
2026-02-17 02:31:14.924405,515
2026-02-17 02:31:14.932436,514
2026-02-17 02:31:14.940406,516
2026-02-17 02:31:14.948397,518
2026-02-17 02:31:14.956402,513
2026-02-17 02:31:14.964398,513
2026-02-17 02:31:14.972391,510
2026-02-17 02:31:14.980410,511
2026-02-17 02:31:14.988398,508
2026-02-17 02:31:14.996395,505
2026-02-17 02:31:15.004457,516
2026-02-17 02:31:15.012398,504
2026-02-17 02:31:15.020516,512
2026-02-17 02:31:15.028423,509
2026-02-17 02:31:15.036364,510
2026-02-17 02:31:15.044503,503
2026-02-17 02:31:15.052512,508
2026-02-17 02:31:15.060501,516
2026-02-17 02:31:15.068492,521
2026-02-17 02:31:15.076496,516
2026-02-17 02:31:15.084513,526
2026-02-17 02:31:15.092392,513
2026-02-17 02:31:15.100486,511
2026-02-17 02:31:15.108351,507
2026-02-17 02:31:15.116462,510
2026-02-17 02:31:15.124410,517
2026-02-17 02:31:15.132470,515
2026-02-17 02:31:15.140441,515
2026-02-17 02:31:15.148448,518
2026-02-17 02:31:15.156580,508
2026-02-17 02:31:15.164562,515
2026-02-17 02:31:15.172480,522
2026-02-17 02:31:15.180443,512
2026-02-17 02:31:15.188487,522
2026-02-17 02:31:15.196474,513
2026-02-17 02:31:15.204400,507
2026-02-17 02:31:15.212425,509
2026-02-17 02:31:15.220416,517
2026-02-17 02:31:15.228406,508
2026-02-17 02:31:15.236413,516
2026-02-17 02:31:15.244465,521
2026-02-17 02:31:15.252474,514
2026-02-17 02:31:15.260356,507
2026-02-17 02:31:15.268350,507
2026-02-17 02:31:15.276406,511
2026-02-17 02:31:15.284433,517
2026-02-17 02:31:15.292405,516
2026-02-17 02:31:15.300405,519
2026-02-17 02:31:15.308516,509
2026-02-17 02:31:15.316445,495
2026-02-17 02:31:15.324366,504
2026-02-17 02:31:15.332399,507
2026-02-17 02:31:15.340386,507
2026-02-17 02:31:15.348377,520
2026-02-17 02:31:15.356380,506
2026-02-17 02:31:15.364373,516
2026-02-17 02:31:15.372372,507
2026-02-17 02:31:15.380380,517
2026-02-17 02:31:15.388404,518
2026-02-17 02:31:15.396371,506
2026-02-17 02:31:15.404396,509
2026-02-17 02:31:15.412412,500
2026-02-17 02:31:15.420392,511
2026-02-17 02:31:15.428395,519
2026-02-17 02:31:15.436391,516
2026-02-17 02:31:15.444419,527
2026-02-17 02:31:15.452447,518
2026-02-17 02:31:15.460397,511
2026-02-17 02:31:15.468385,511
2026-02-17 02:31:15.476380,514
2026-02-17 02:31:15.484399,517
2026-02-17 02:31:15.492384,511
2026-02-17 02:31:15.500466,510
2026-02-17 02:31:15.508421,514
2026-02-17 02:31:15.516469,508
2026-02-17 02:31:15.524429,517
2026-02-17 02:31:15.532408,498
2026-02-17 02:31:15.540399,508
2026-02-17 02:31:15.548413,517
2026-02-17 02:31:15.556404,508
2026-02-17 02:31:15.564407,500
2026-02-17 02:31:15.572399,503
2026-02-17 02:31:15.580413,502
2026-02-17 02:31:15.588369,499
2026-02-17 02:31:15.596384,505
2026-02-17 02:31:15.604481,513
2026-02-17 02:31:15.612459,510
2026-02-17 02:31:15.620429,519
2026-02-17 02:31:15.628368,516
2026-02-17 02:31:15.636456,530
2026-02-17 02:31:15.644458,539
2026-02-17 02:31:15.652399,538
2026-02-17 02:31:15.660487,539
2026-02-17 02:31:15.668439,549
2026-02-17 02:31:15.676430,549
2026-02-17 02:31:15.684426,564
2026-02-17 02:31:15.692408,554
2026-02-17 02:31:15.700475,557
2026-02-17 02:31:15.708416,569
2026-02-17 02:31:15.716423,570
2026-02-17 02:31:15.724404,580
2026-02-17 02:31:15.732410,565
2026-02-17 02:31:15.740407,582
2026-02-17 02:31:15.748409,585
2026-02-17 02:31:15.756447,573
2026-02-17 02:31:15.764410,579
2026-02-17 02:31:15.772441,575
2026-02-17 02:31:15.780446,563
2026-02-17 02:31:15.788425,564
2026-02-17 02:31:15.796405,562
2026-02-17 02:31:15.804420,558
2026-02-17 02:31:15.812416,556
2026-02-17 02:31:15.820402,551
2026-02-17 02:31:15.828454,556
2026-02-17 02:31:15.836431,552
2026-02-17 02:31:15.844544,552
2026-02-17 02:31:15.852523,541
2026-02-17 02:31:15.860461,542
2026-02-17 02:31:15.868487,541
2026-02-17 02:31:15.876401,532
2026-02-17 02:31:15.884428,518
2026-02-17 02:31:15.892415,520
2026-02-17 02:31:15.900407,532
2026-02-17 02:31:15.908420,534
2026-02-17 02:31:15.916483,528
2026-02-17 02:31:15.924499,529
2026-02-17 02:31:15.932470,517
2026-02-17 02:31:15.940400,524
2026-02-17 02:31:15.948434,517
2026-02-17 02:31:15.956406,509
2026-02-17 02:31:15.964408,526
2026-02-17 02:31:15.972432,529
2026-02-17 02:31:15.980420,515
2026-02-17 02:31:15.988404,523
2026-02-17 02:31:15.996404,518
2026-02-17 02:31:16.004452,516
2026-02-17 02:31:16.012425,505
2026-02-17 02:31:16.020506,518
2026-02-17 02:31:16.028459,520
2026-02-17 02:31:16.036393,513
2026-02-17 02:31:16.044531,518
2026-02-17 02:31:16.052430,518
2026-02-17 02:31:16.060604,523
2026-02-17 02:31:16.068501,519
2026-02-17 02:31:16.076447,506
2026-02-17 02:31:16.084469,504
2026-02-17 02:31:16.092506,500
2026-02-17 02:31:16.100369,511
2026-02-17 02:31:16.108536,509
2026-02-17 02:31:16.116414,509
2026-02-17 02:31:16.124424,516
2026-02-17 02:31:16.132520,510
2026-02-17 02:31:16.140486,517
2026-02-17 02:31:16.148555,515
2026-02-17 02:31:16.156578,512
2026-02-17 02:31:16.164504,518
2026-02-17 02:31:16.172483,513
2026-02-17 02:31:16.180473,513
2026-02-17 02:31:16.188528,514
2026-02-17 02:31:16.196443,514
2026-02-17 02:31:16.204445,507
2026-02-17 02:31:16.212439,503
2026-02-17 02:31:16.220464,505
2026-02-17 02:31:16.228449,516
2026-02-17 02:31:16.236439,516
2026-02-17 02:31:16.244429,520
2026-02-17 02:31:16.252452,508
2026-02-17 02:31:16.260398,506
2026-02-17 02:31:16.268450,515
2026-02-17 02:31:16.276439,511
2026-02-17 02:31:16.284378,515
2026-02-17 02:31:16.292376,503
2026-02-17 02:31:16.300534,512
2026-02-17 02:31:16.308499,500
2026-02-17 02:31:16.316476,506
2026-02-17 02:31:16.324467,503
2026-02-17 02:31:16.332441,503
2026-02-17 02:31:16.340481,516
2026-02-17 02:31:16.348445,519
2026-02-17 02:31:16.356470,512
2026-02-17 02:31:16.364408,507
2026-02-17 02:31:16.372553,514
2026-02-17 02:31:16.380449,505
2026-02-17 02:31:16.388430,518
2026-02-17 02:31:16.396474,507
2026-02-17 02:31:16.404465,523
2026-02-17 02:31:16.412420,507
2026-02-17 02:31:16.420437,503
2026-02-17 02:31:16.428413,505
2026-02-17 02:31:16.436507,512
2026-02-17 02:31:16.444586,520
2026-02-17 02:31:16.452518,508
2026-02-17 02:31:16.460490,520
2026-02-17 02:31:16.468429,507
2026-02-17 02:31:16.476424,485
2026-02-17 02:31:16.484452,471
2026-02-17 02:31:16.492409,446
2026-02-17 02:31:16.500408,424
2026-02-17 02:31:16.508423,408
2026-02-17 02:31:16.516415,386
2026-02-17 02:31:16.524399,389
2026-02-17 02:31:16.532417,363
2026-02-17 02:31:16.540454,371
2026-02-17 02:31:16.548409,377
2026-02-17 02:31:16.556409,374
2026-02-17 02:31:16.564410,407
2026-02-17 02:31:16.572413,417
2026-02-17 02:31:16.580424,432
2026-02-17 02:31:16.588425,446
2026-02-17 02:31:16.596408,462
2026-02-17 02:31:16.604426,489
2026-02-17 02:31:16.612421,490
