timestamp,value
2026-02-17 02:25:16.852053,517
2026-02-17 02:25:16.852344,508
2026-02-17 02:25:16.852432,509
2026-02-17 02:25:16.852484,509
2026-02-17 02:25:16.852547,507
2026-02-17 02:25:16.852607,521
2026-02-17 02:25:16.852655,518
2026-02-17 02:25:16.852702,514
2026-02-17 02:25:16.852748,527
2026-02-17 02:25:16.852806,506
2026-02-17 02:25:16.852865,516
2026-02-17 02:25:16.852919,520
2026-02-17 02:25:16.852971,508
2026-02-17 02:25:16.853018,514
2026-02-17 02:25:16.853079,517
2026-02-17 02:25:16.853124,519
2026-02-17 02:25:16.853190,518
2026-02-17 02:25:16.853236,506
2026-02-17 02:25:16.853288,517
2026-02-17 02:25:16.853335,510
2026-02-17 02:25:16.853381,520
2026-02-17 02:25:16.853426,519
2026-02-17 02:25:16.853471,506
2026-02-17 02:25:16.853517,513
2026-02-17 02:25:16.853564,503
2026-02-17 02:25:16.853609,508
2026-02-17 02:25:16.853656,506
2026-02-17 02:25:16.853702,510
2026-02-17 02:25:16.853746,510
2026-02-17 02:25:16.853798,511
2026-02-17 02:25:16.853842,505
2026-02-17 02:25:16.853888,507
2026-02-17 02:25:16.853933,512
2026-02-17 02:25:16.853978,511
2026-02-17 02:25:16.854024,516
2026-02-17 02:25:16.854070,509
2026-02-17 02:25:16.854114,512
2026-02-17 02:25:16.854158,511
2026-02-17 02:25:16.854203,517
2026-02-17 02:25:16.854247,517
2026-02-17 02:25:16.854294,518
2026-02-17 02:25:16.854338,519
2026-02-17 02:25:16.854383,509
2026-02-17 02:25:16.854426,517
2026-02-17 02:25:16.854470,508
2026-02-17 02:25:16.854514,515
2026-02-17 02:25:16.854558,506
2026-02-17 02:25:16.860982,531
2026-02-17 02:25:16.869137,520
2026-02-17 02:25:16.877127,485
2026-02-17 02:25:16.885035,523
2026-02-17 02:25:16.893010,505
2026-02-17 02:25:16.901090,509
2026-02-17 02:25:16.909128,517
2026-02-17 02:25:16.917155,498
2026-02-17 02:25:16.924985,519
2026-02-17 02:25:16.933019,510
2026-02-17 02:25:16.941016,542
2026-02-17 02:25:16.949009,542
2026-02-17 02:25:16.956998,512
2026-02-17 02:25:16.965040,507
2026-02-17 02:25:16.973038,506
2026-02-17 02:25:16.981014,490
2026-02-17 02:25:16.988988,516
2026-02-17 02:25:16.996991,529
2026-02-17 02:25:17.005008,497
2026-02-17 02:25:17.012999,531
2026-02-17 02:25:17.020986,527
2026-02-17 02:25:17.029041,498
2026-02-17 02:25:17.036956,514
2026-02-17 02:25:17.045035,517
2026-02-17 02:25:17.052982,507
2026-02-17 02:25:17.061079,509
2026-02-17 02:25:17.069004,522
2026-02-17 02:25:17.077046,510
2026-02-17 02:25:17.085045,516
2026-02-17 02:25:17.093069,519
2026-02-17 02:25:17.101072,504
2026-02-17 02:25:17.109080,526
2026-02-17 02:25:17.117076,518
2026-02-17 02:25:17.125044,538
2026-02-17 02:25:17.133014,518
2026-02-17 02:25:17.141076,511
2026-02-17 02:25:17.149075,515
2026-02-17 02:25:17.156990,520
2026-02-17 02:25:17.165128,530
2026-02-17 02:25:17.172887,523
2026-02-17 02:25:17.180910,497
2026-02-17 02:25:17.189007,521
2026-02-17 02:25:17.197010,513
2026-02-17 02:25:17.204945,499
2026-02-17 02:25:17.213014,519
2026-02-17 02:25:17.220978,515
2026-02-17 02:25:17.228979,525
2026-02-17 02:25:17.236953,520
2026-02-17 02:25:17.244993,505
2026-02-17 02:25:17.253025,506
2026-02-17 02:25:17.260971,514
2026-02-17 02:25:17.268937,516
2026-02-17 02:25:17.277028,513
2026-02-17 02:25:17.284982,511
2026-02-17 02:25:17.292970,506
2026-02-17 02:25:17.300963,509
2026-02-17 02:25:17.308938,508
2026-02-17 02:25:17.316930,511
2026-02-17 02:25:17.324920,525
2026-02-17 02:25:17.332916,502
2026-02-17 02:25:17.340903,503
2026-02-17 02:25:17.348892,499
2026-02-17 02:25:17.356937,476
2026-02-17 02:25:17.364956,489
2026-02-17 02:25:17.372910,469
2026-02-17 02:25:17.380893,477
2026-02-17 02:25:17.388916,493
2026-02-17 02:25:17.396904,464
2026-02-17 02:25:17.404935,472
2026-02-17 02:25:17.412930,465
2026-02-17 02:25:17.420895,460
2026-02-17 02:25:17.428892,469
2026-02-17 02:25:17.436894,472
2026-02-17 02:25:17.444889,466
2026-02-17 02:25:17.452890,469
2026-02-17 02:25:17.460887,459
2026-02-17 02:25:17.468912,471
2026-02-17 02:25:17.476961,465
2026-02-17 02:25:17.484933,464
2026-02-17 02:25:17.492891,462
2026-02-17 02:25:17.500940,462
2026-02-17 02:25:17.508947,460
2026-02-17 02:25:17.516942,458
2026-02-17 02:25:17.524897,470
2026-02-17 02:25:17.532996,472
2026-02-17 02:25:17.540842,463
2026-02-17 02:25:17.548818,475
2026-02-17 02:25:17.556872,467
2026-02-17 02:25:17.564922,472
2026-02-17 02:25:17.572862,463
2026-02-17 02:25:17.580883,464
2026-02-17 02:25:17.588818,476
2026-02-17 02:25:17.596863,470
2026-02-17 02:25:17.604887,483
2026-02-17 02:25:17.612904,479
2026-02-17 02:25:17.620868,476
2026-02-17 02:25:17.628858,481
2026-02-17 02:25:17.636847,469
2026-02-17 02:25:17.644848,470
2026-02-17 02:25:17.652850,473
2026-02-17 02:25:17.660838,479
2026-02-17 02:25:17.668839,486
2026-02-17 02:25:17.676785,482
2026-02-17 02:25:17.684796,495
2026-02-17 02:25:17.692844,480
2026-02-17 02:25:17.700842,486
2026-02-17 02:25:17.708983,488
2026-02-17 02:25:17.716961,476
2026-02-17 02:25:17.724977,478
2026-02-17 02:25:17.732944,496
2026-02-17 02:25:17.740954,486
2026-02-17 02:25:17.748954,489
2026-02-17 02:25:17.756988,485
2026-02-17 02:25:17.764950,498
2026-02-17 02:25:17.772873,487
2026-02-17 02:25:17.780784,492
2026-02-17 02:25:17.788967,506
2026-02-17 02:25:17.796802,488
2026-02-17 02:25:17.804989,494
2026-02-17 02:25:17.813002,485
2026-02-17 02:25:17.820924,494
2026-02-17 02:25:17.828889,505
2026-02-17 02:25:17.836908,497
2026-02-17 02:25:17.844831,498
2026-02-17 02:25:17.852931,491
2026-02-17 02:25:17.860882,500
2026-02-17 02:25:17.868878,496
2026-02-17 02:25:17.876883,491
2026-02-17 02:25:17.884815,494
2026-02-17 02:25:17.892809,508
2026-02-17 02:25:17.900810,499
2026-02-17 02:25:17.908836,513
2026-02-17 02:25:17.916856,502
2026-02-17 02:25:17.924827,500
2026-02-17 02:25:17.932807,504
2026-02-17 02:25:17.940810,487
2026-02-17 02:25:17.948806,498
2026-02-17 02:25:17.956822,489
2026-02-17 02:25:17.964864,519
2026-02-17 02:25:17.972778,506
2026-02-17 02:25:17.980766,506
2026-02-17 02:25:17.988750,519
2026-02-17 02:25:17.996749,506
2026-02-17 02:25:18.004856,499
2026-02-17 02:25:18.012877,505
2026-02-17 02:25:18.020735,509
2026-02-17 02:25:18.028773,497
2026-02-17 02:25:18.036721,486
2026-02-17 02:25:18.044800,510
2026-02-17 02:25:18.052842,502
2026-02-17 02:25:18.060765,498
2026-02-17 02:25:18.068767,512
2026-02-17 02:25:18.076716,494
2026-02-17 02:25:18.084815,494
2026-02-17 02:25:18.092823,494
2026-02-17 02:25:18.100802,492
2026-02-17 02:25:18.108763,503
2026-02-17 02:25:18.116788,497
2026-02-17 02:25:18.124799,508
2026-02-17 02:25:18.132794,498
2026-02-17 02:25:18.140780,501
2026-02-17 02:25:18.148772,495
2026-02-17 02:25:18.156748,501
2026-02-17 02:25:18.164747,503
2026-02-17 02:25:18.172716,505
2026-02-17 02:25:18.180719,493
2026-02-17 02:25:18.188771,500
2026-02-17 02:25:18.196761,501
2026-02-17 02:25:18.204746,499
2026-02-17 02:25:18.212750,497
2026-02-17 02:25:18.220795,498
2026-02-17 02:25:18.228798,508
2026-02-17 02:25:18.236809,498
2026-02-17 02:25:18.244858,496
2026-02-17 02:25:18.252886,507
2026-02-17 02:25:18.260815,503
2026-02-17 02:25:18.268794,498
2026-02-17 02:25:18.276876,498
2026-02-17 02:25:18.284834,492
2026-02-17 02:25:18.292890,492
2026-02-17 02:25:18.300821,501
2026-02-17 02:25:18.308941,520
2026-02-17 02:25:18.316852,512
2026-02-17 02:25:18.324859,514
2026-02-17 02:25:18.332819,515
2026-02-17 02:25:18.340755,499
2026-02-17 02:25:18.348753,502
2026-02-17 02:25:18.356730,493
2026-02-17 02:25:18.365043,500
2026-02-17 02:25:18.372871,493
2026-02-17 02:25:18.380755,500
2026-02-17 02:25:18.388826,515
2026-02-17 02:25:18.396805,513
2026-02-17 02:25:18.404740,510
2026-02-17 02:25:18.412780,507
2026-02-17 02:25:18.420819,507
2026-02-17 02:25:18.428750,514
2026-02-17 02:25:18.436741,501
2026-02-17 02:25:18.444723,489
2026-02-17 02:25:18.452743,493
2026-02-17 02:25:18.460721,491
2026-02-17 02:25:18.468702,510
2026-02-17 02:25:18.476711,509
2026-02-17 02:25:18.484713,516
2026-02-17 02:25:18.492711,520
2026-02-17 02:25:18.500730,518
2026-02-17 02:25:18.508721,518
2026-02-17 02:25:18.516712,505
2026-02-17 02:25:18.524707,517
2026-02-17 02:25:18.532709,506
2026-02-17 02:25:18.540705,505
2026-02-17 02:25:18.548701,510
2026-02-17 02:25:18.556751,502
2026-02-17 02:25:18.564708,515
2026-02-17 02:25:18.572695,508
2026-02-17 02:25:18.580734,518
2026-02-17 02:25:18.588659,527
2026-02-17 02:25:18.596739,518
2026-02-17 02:25:18.604711,519
2026-02-17 02:25:18.612743,522
2026-02-17 02:25:18.620809,503
2026-02-17 02:25:18.628722,508
2026-02-17 02:25:18.636713,497
2026-02-17 02:25:18.644777,506
2026-02-17 02:25:18.652671,507
2026-02-17 02:25:18.660703,517
2026-02-17 02:25:18.668682,529
2026-02-17 02:25:18.676731,513
2026-02-17 02:25:18.684684,521
2026-02-17 02:25:18.692747,510
2026-02-17 02:25:18.700724,502
2026-02-17 02:25:18.708750,509
2026-02-17 02:25:18.716669,513
2026-02-17 02:25:18.724668,513
2026-02-17 02:25:18.732678,509
2026-02-17 02:25:18.740760,508
2026-02-17 02:25:18.748710,520
2026-02-17 02:25:18.756727,516
2026-02-17 02:25:18.764671,521
2026-02-17 02:25:18.772682,524
2026-02-17 02:25:18.780702,526
2026-02-17 02:25:18.788667,513
2026-02-17 02:25:18.796659,508
2026-02-17 02:25:18.804678,522
2026-02-17 02:25:18.812654,513
2026-02-17 02:25:18.820608,518
2026-02-17 02:25:18.828649,521
2026-02-17 02:25:18.836645,523
2026-02-17 02:25:18.844654,532
2026-02-17 02:25:18.852765,529
2026-02-17 02:25:18.860630,523
2026-02-17 02:25:18.868705,522
2026-02-17 02:25:18.876705,515
2026-02-17 02:25:18.884647,506
2026-02-17 02:25:18.892653,500
2026-02-17 02:25:18.900657,511
2026-02-17 02:25:18.908669,521
2026-02-17 02:25:18.916700,513
2026-02-17 02:25:18.924647,520
2026-02-17 02:25:18.932651,518
2026-02-17 02:25:18.940632,531
2026-02-17 02:25:18.948638,516
2026-02-17 02:25:18.956669,498
2026-02-17 02:25:18.964674,507
2026-02-17 02:25:18.972773,503
2026-02-17 02:25:18.980815,513
2026-02-17 02:25:18.988866,517
2026-02-17 02:25:18.996793,509
2026-02-17 02:25:19.004699,519
2026-02-17 02:25:19.012725,506
2026-02-17 02:25:19.020714,503
2026-02-17 02:25:19.028663,513
2026-02-17 02:25:19.036627,516
2026-02-17 02:25:19.044571,525
2026-02-17 02:25:19.052646,517
2026-02-17 02:25:19.060661,517
2026-02-17 02:25:19.068697,520
2026-02-17 02:25:19.076624,503
2026-02-17 02:25:19.084691,508
2026-02-17 02:25:19.092635,501
2026-02-17 02:25:19.100735,512
2026-02-17 02:25:19.108640,517
2026-02-17 02:25:19.116653,512
2026-02-17 02:25:19.124618,512
2026-02-17 02:25:19.132571,512
2026-02-17 02:25:19.140572,497
2026-02-17 02:25:19.148589,507
2026-02-17 02:25:19.156571,510
2026-02-17 02:25:19.164672,514
2026-02-17 02:25:19.172554,502
2026-02-17 02:25:19.180563,502
2026-02-17 02:25:19.188599,510
2026-02-17 02:25:19.196593,505
2026-02-17 02:25:19.204609,511
2026-02-17 02:25:19.212636,503
2026-02-17 02:25:19.220663,506
2026-02-17 02:25:19.228595,502
2026-02-17 02:25:19.236705,509
2026-02-17 02:25:19.244648,513
2026-02-17 02:25:19.252619,509
2026-02-17 02:25:19.260665,507
2026-02-17 02:25:19.268716,510
2026-02-17 02:25:19.276648,512
2026-02-17 02:25:19.284686,499
2026-02-17 02:25:19.292884,508
2026-02-17 02:25:19.300655,501
2026-02-17 02:25:19.308633,508
2026-02-17 02:25:19.316615,497
2026-02-17 02:25:19.324627,506
2026-02-17 02:25:19.332574,505
2026-02-17 02:25:19.340571,502
2026-02-17 02:25:19.348594,495
2026-02-17 02:25:19.356584,497
2026-02-17 02:25:19.364564,513
2026-02-17 02:25:19.372658,515
2026-02-17 02:25:19.380626,495
2026-02-17 02:25:19.388583,506
2026-02-17 02:25:19.396643,509
2026-02-17 02:25:19.404564,505
2026-02-17 02:25:19.412580,507
2026-02-17 02:25:19.420553,502
2026-02-17 02:25:19.428552,513
2026-02-17 02:25:19.436568,506
2026-02-17 02:25:19.444553,505
2026-02-17 02:25:19.452552,511
2026-02-17 02:25:19.460604,512
2026-02-17 02:25:19.468543,509
2026-02-17 02:25:19.476558,503
2026-02-17 02:25:19.484601,514
2026-02-17 02:25:19.492549,512
2026-02-17 02:25:19.500555,510
2026-02-17 02:25:19.508586,512
2026-02-17 02:25:19.516605,507
2026-02-17 02:25:19.524542,504
2026-02-17 02:25:19.532563,508
2026-02-17 02:25:19.540645,509
2026-02-17 02:25:19.548587,521
2026-02-17 02:25:19.556534,501
2026-02-17 02:25:19.564537,511
2026-02-17 02:25:19.572631,510
2026-02-17 02:25:19.580632,515
2026-02-17 02:25:19.588608,512
2026-02-17 02:25:19.596584,508
2026-02-17 02:25:19.604610,504
2026-02-17 02:25:19.612582,510
2026-02-17 02:25:19.620556,510
2026-02-17 02:25:19.628553,508
2026-02-17 02:25:19.636569,496
2026-02-17 02:25:19.644530,509
2026-02-17 02:25:19.652525,505
2026-02-17 02:25:19.660584,507
2026-02-17 02:25:19.668568,514
2026-02-17 02:25:19.676521,510
2026-02-17 02:25:19.684513,513
2026-02-17 02:25:19.692521,513
2026-02-17 02:25:19.700478,511
2026-02-17 02:25:19.708568,513
2026-02-17 02:25:19.716457,506
2026-02-17 02:25:19.724570,514
2026-02-17 02:25:19.732570,521
2026-02-17 02:25:19.740574,525
2026-02-17 02:25:19.748490,516
2026-02-17 02:25:19.756464,521
2026-02-17 02:25:19.764497,514
2026-02-17 02:25:19.772598,509
2026-02-17 02:25:19.780570,512
2026-02-17 02:25:19.788505,524
2026-02-17 02:25:19.796508,507
2026-02-17 02:25:19.804504,508
2026-02-17 02:25:19.812513,508
2026-02-17 02:25:19.820596,517
2026-02-17 02:25:19.828531,521
2026-02-17 02:25:19.836524,521
2026-02-17 02:25:19.844449,525
2026-02-17 02:25:19.852578,518
2026-02-17 02:25:19.860531,521
2026-02-17 02:25:19.868545,525
2026-02-17 02:25:19.876491,517
2026-02-17 02:25:19.884524,518
2026-02-17 02:25:19.892495,515
2026-02-17 02:25:19.900474,518
2026-02-17 02:25:19.908486,517
2026-02-17 02:25:19.916514,514
2026-02-17 02:25:19.924525,522
2026-02-17 02:25:19.932489,508
2026-02-17 02:25:19.940487,519
2026-02-17 02:25:19.948494,529
2026-02-17 02:25:19.956479,523
2026-02-17 02:25:19.964475,526
2026-02-17 02:25:19.972497,511
2026-02-17 02:25:19.980482,517
2026-02-17 02:25:19.988476,527
2026-02-17 02:25:19.996466,526
2026-02-17 02:25:20.004490,527
2026-02-17 02:25:20.012555,531
2026-02-17 02:25:20.020546,522
2026-02-17 02:25:20.028517,524
2026-02-17 02:25:20.036441,513
2026-02-17 02:25:20.044486,515
2026-02-17 02:25:20.052463,520
2026-02-17 02:25:20.060506,509
2026-02-17 02:25:20.068505,519
2026-02-17 02:25:20.076484,520
2026-02-17 02:25:20.084453,520
2026-02-17 02:25:20.092434,511
2026-02-17 02:25:20.100431,512
2026-02-17 02:25:20.108430,518
2026-02-17 02:25:20.116432,501
2026-02-17 02:25:20.124425,515
2026-02-17 02:25:20.132453,508
2026-02-17 02:25:20.140431,508
2026-02-17 02:25:20.148426,511
2026-02-17 02:25:20.156420,515
2026-02-17 02:25:20.164437,519
2026-02-17 02:25:20.172430,517
2026-02-17 02:25:20.180444,520
2026-02-17 02:25:20.188422,517
2026-02-17 02:25:20.196432,505
2026-02-17 02:25:20.204389,518
2026-02-17 02:25:20.212410,523
2026-02-17 02:25:20.220489,516
2026-02-17 02:25:20.228417,526
2026-02-17 02:25:20.236414,537
2026-02-17 02:25:20.244406,551
2026-02-17 02:25:20.252417,551
2026-02-17 02:25:20.260431,552
2026-02-17 02:25:20.268438,566
2026-02-17 02:25:20.276529,560
2026-02-17 02:25:20.284438,547
2026-02-17 02:25:20.292434,551
2026-02-17 02:25:20.300421,560
2026-02-17 02:25:20.308437,551
2026-02-17 02:25:20.316475,547
2026-02-17 02:25:20.324431,547
2026-02-17 02:25:20.332437,557
2026-02-17 02:25:20.340428,558
2026-02-17 02:25:20.348434,558
2026-02-17 02:25:20.356427,556
2026-02-17 02:25:20.364458,566
2026-02-17 02:25:20.372426,550
2026-02-17 02:25:20.380423,547
2026-02-17 02:25:20.388418,556
2026-02-17 02:25:20.396463,544
2026-02-17 02:25:20.404407,542
2026-02-17 02:25:20.412457,555
2026-02-17 02:25:20.420416,542
2026-02-17 02:25:20.428397,555
2026-02-17 02:25:20.436427,557
2026-02-17 02:25:20.444430,561
2026-02-17 02:25:20.452406,563
2026-02-17 02:25:20.460406,569
2026-02-17 02:25:20.468396,576
2026-02-17 02:25:20.476473,571
2026-02-17 02:25:20.484489,568
2026-02-17 02:25:20.492442,569
2026-02-17 02:25:20.500411,565
2026-02-17 02:25:20.508450,555
2026-02-17 02:25:20.516444,556
2026-02-17 02:25:20.524416,559
2026-02-17 02:25:20.532462,565
2026-02-17 02:25:20.540423,560
2026-02-17 02:25:20.548397,549
2026-02-17 02:25:20.556397,550
2026-02-17 02:25:20.564396,551
2026-02-17 02:25:20.572389,552
2026-02-17 02:25:20.580394,546
2026-02-17 02:25:20.588351,546
2026-02-17 02:25:20.596464,542
2026-02-17 02:25:20.604393,538
2026-02-17 02:25:20.612377,545
2026-02-17 02:25:20.620382,532
2026-02-17 02:25:20.628397,539
2026-02-17 02:25:20.636373,537
2026-02-17 02:25:20.644382,546
2026-02-17 02:25:20.652368,536
2026-02-17 02:25:20.660409,531
2026-02-17 02:25:20.668364,537
2026-02-17 02:25:20.676370,533
2026-02-17 02:25:20.684363,530
2026-02-17 02:25:20.692367,538
2026-02-17 02:25:20.700405,534
2026-02-17 02:25:20.708370,530
2026-02-17 02:25:20.716351,530
2026-02-17 02:25:20.724449,545
2026-02-17 02:25:20.732443,531
2026-02-17 02:25:20.740507,517
2026-02-17 02:25:20.748425,527
2026-02-17 02:25:20.756451,514
2026-02-17 02:25:20.764386,521
2026-02-17 02:25:20.772422,524
2026-02-17 02:25:20.780369,515
2026-02-17 02:25:20.788426,524
2026-02-17 02:25:20.796394,528
2026-02-17 02:25:20.804406,522
2026-02-17 02:25:20.812378,527
2026-02-17 02:25:20.820375,522
2026-02-17 02:25:20.828303,526
2026-02-17 02:25:20.836296,522
2026-02-17 02:25:20.844359,523
2026-02-17 02:25:20.852407,514
2026-02-17 02:25:20.860414,525
2026-02-17 02:25:20.868360,534
2026-02-17 02:25:20.876358,519
2026-02-17 02:25:20.884336,515
2026-02-17 02:25:20.892351,520
2026-02-17 02:25:20.900367,511
2026-02-17 02:25:20.908347,518
2026-02-17 02:25:20.916372,517
2026-02-17 02:25:20.924379,512
2026-02-17 02:25:20.932349,521
2026-02-17 02:25:20.940510,520
2026-02-17 02:25:20.948393,522
2026-02-17 02:25:20.956422,522
2026-02-17 02:25:20.964338,529
2026-02-17 02:25:20.972379,513
2026-02-17 02:25:20.980378,513
2026-02-17 02:25:20.988356,523
2026-02-17 02:25:20.996332,521
2026-02-17 02:25:21.004366,509
2026-02-17 02:25:21.012686,514
2026-02-17 02:25:21.020396,515
2026-02-17 02:25:21.028345,523
2026-02-17 02:25:21.036372,509
2026-02-17 02:25:21.044277,516
2026-02-17 02:25:21.052422,518
2026-02-17 02:25:21.060427,517
2026-02-17 02:25:21.068427,519
2026-02-17 02:25:21.076388,516
2026-02-17 02:25:21.084384,518
2026-02-17 02:25:21.092398,527
2026-02-17 02:25:21.100406,519
2026-02-17 02:25:21.108379,520
2026-02-17 02:25:21.116354,518
2026-02-17 02:25:21.124384,525
2026-02-17 02:25:21.132320,513
2026-02-17 02:25:21.140317,505
2026-02-17 02:25:21.148363,509
2026-02-17 02:25:21.156358,511
2026-02-17 02:25:21.164365,519
2026-02-17 02:25:21.172332,520
2026-02-17 02:25:21.180320,517
2026-02-17 02:25:21.188306,523
2026-02-17 02:25:21.196302,508
2026-02-17 02:25:21.204305,516
2026-02-17 02:25:21.212288,514
2026-02-17 02:25:21.220280,515
2026-02-17 02:25:21.228326,515
2026-02-17 02:25:21.236479,507
2026-02-17 02:25:21.244292,518
2026-02-17 02:25:21.252247,515
2026-02-17 02:25:21.260288,517
2026-02-17 02:25:21.268308,514
2026-02-17 02:25:21.276246,511
2026-02-17 02:25:21.284267,512
2026-02-17 02:25:21.292324,512
2026-02-17 02:25:21.300339,518
2026-02-17 02:25:21.308303,510
2026-02-17 02:25:21.316296,515
2026-02-17 02:25:21.324345,520
2026-02-17 02:25:21.332293,508
2026-02-17 02:25:21.340294,516
2026-02-17 02:25:21.348293,508
2026-02-17 02:25:21.356295,510
2026-02-17 02:25:21.364278,509
2026-02-17 02:25:21.372275,514
2026-02-17 02:25:21.380279,512
2026-02-17 02:25:21.388296,520
2026-02-17 02:25:21.396280,512
2026-02-17 02:25:21.404284,505
2026-02-17 02:25:21.412277,507
2026-02-17 02:25:21.420275,511
2026-02-17 02:25:21.428271,499
2026-02-17 02:25:21.436269,492
2026-02-17 02:25:21.444303,492
2026-02-17 02:25:21.452317,473
2026-02-17 02:25:21.460289,466
2026-02-17 02:25:21.468275,471
2026-02-17 02:25:21.476305,457
2026-02-17 02:25:21.484271,454
2026-02-17 02:25:21.492265,460
2026-02-17 02:25:21.500259,463
2026-02-17 02:25:21.508262,484
2026-02-17 02:25:21.516258,475
2026-02-17 02:25:21.524335,485
2026-02-17 02:25:21.532264,502
2026-02-17 02:25:21.540271,506
2026-02-17 02:25:21.548252,518
2026-02-17 02:25:21.556259,511
2026-02-17 02:25:21.564258,516
2026-02-17 02:25:21.572256,521
2026-02-17 02:25:21.580323,516
2026-02-17 02:25:21.588314,532
2026-02-17 02:25:21.596394,525
2026-02-17 02:25:21.604422,528
2026-02-17 02:25:21.612350,525
2026-02-17 02:25:21.620288,530
2026-02-17 02:25:21.628310,530
2026-02-17 02:25:21.636302,524
2026-02-17 02:25:21.644293,533
2026-02-17 02:25:21.652415,525
2026-02-17 02:25:21.660326,533
2026-02-17 02:25:21.668320,533
2026-02-17 02:25:21.676302,528
2026-02-17 02:25:21.684323,527
2026-02-17 02:25:21.692337,512
2026-02-17 02:25:21.700383,521
2026-02-17 02:25:21.708353,523
2026-02-17 02:25:21.716351,516
2026-02-17 02:25:21.724379,520
2026-02-17 02:25:21.732384,517
2026-02-17 02:25:21.740302,515
2026-02-17 02:25:21.748401,528
2026-02-17 02:25:21.756274,521
2026-02-17 02:25:21.764345,518
2026-02-17 02:25:21.772354,522
2026-02-17 02:25:21.780349,520
2026-02-17 02:25:21.788296,517
2026-02-17 02:25:21.796304,513
2026-02-17 02:25:21.804344,514
2026-02-17 02:25:21.812308,515
2026-02-17 02:25:21.820338,513
2026-02-17 02:25:21.828252,513
2026-02-17 02:25:21.836255,512
2026-02-17 02:25:21.844350,518
2026-02-17 02:25:21.852284,517
2026-02-17 02:25:21.860314,510
2026-02-17 02:25:21.868341,523
2026-02-17 02:25:21.876335,523
2026-02-17 02:25:21.884322,503
2026-02-17 02:25:21.892285,503
2026-02-17 02:25:21.900297,509
2026-02-17 02:25:21.908268,520
2026-02-17 02:25:21.916275,504
2026-02-17 02:25:21.924317,503
2026-02-17 02:25:21.932278,513
2026-02-17 02:25:21.940260,520
2026-02-17 02:25:21.948269,527
2026-02-17 02:25:21.956396,516
2026-02-17 02:25:21.964342,522
2026-02-17 02:25:21.972370,527
2026-02-17 02:25:21.980316,510
2026-02-17 02:25:21.988286,511
2026-02-17 02:25:21.996310,517
2026-02-17 02:25:22.004327,520
2026-02-17 02:25:22.012900,519
2026-02-17 02:25:22.020276,517
2026-02-17 02:25:22.028263,524
2026-02-17 02:25:22.036259,512
2026-02-17 02:25:22.044212,518
2026-02-17 02:25:22.052263,508
2026-02-17 02:25:22.060260,507
2026-02-17 02:25:22.068235,516
2026-02-17 02:25:22.076209,506
2026-02-17 02:25:22.084234,509
2026-02-17 02:25:22.092245,512
2026-02-17 02:25:22.100190,509
2026-02-17 02:25:22.108222,520
2026-02-17 02:25:22.116218,509
2026-02-17 02:25:22.124218,511
2026-02-17 02:25:22.132197,514
2026-02-17 02:25:22.140205,515
2026-02-17 02:25:22.148187,514
2026-02-17 02:25:22.156200,516
2026-02-17 02:25:22.164164,520
2026-02-17 02:25:22.172195,510
2026-02-17 02:25:22.180187,516
2026-02-17 02:25:22.188184,515
2026-02-17 02:25:22.196301,500
2026-02-17 02:25:22.204209,510
2026-02-17 02:25:22.212184,513
2026-02-17 02:25:22.220205,517
2026-02-17 02:25:22.228186,512
2026-02-17 02:25:22.236219,508
2026-02-17 02:25:22.244205,511
2026-02-17 02:25:22.252201,509
2026-02-17 02:25:22.260248,521
2026-02-17 02:25:22.268189,513
2026-02-17 02:25:22.276202,511
2026-02-17 02:25:22.284194,513
2026-02-17 02:25:22.292190,509
2026-02-17 02:25:22.300196,511
2026-02-17 02:25:22.308193,513
2026-02-17 02:25:22.316189,514
2026-02-17 02:25:22.324198,519
2026-02-17 02:25:22.332193,508
2026-02-17 02:25:22.340182,515
2026-02-17 02:25:22.348168,509
2026-02-17 02:25:22.356180,500
2026-02-17 02:25:22.364139,506
2026-02-17 02:25:22.372261,501
2026-02-17 02:25:22.380238,504
2026-02-17 02:25:22.388222,526
2026-02-17 02:25:22.396177,511
2026-02-17 02:25:22.404167,499
2026-02-17 02:25:22.412207,490
2026-02-17 02:25:22.420218,494
2026-02-17 02:25:22.428203,516
2026-02-17 02:25:22.436197,503
2026-02-17 02:25:22.444151,503
2026-02-17 02:25:22.452164,513
2026-02-17 02:25:22.460191,512
2026-02-17 02:25:22.468162,509
2026-02-17 02:25:22.476150,504
2026-02-17 02:25:22.484177,511
2026-02-17 02:25:22.492176,505
2026-02-17 02:25:22.500147,509
2026-02-17 02:25:22.508146,508
2026-02-17 02:25:22.516181,513
2026-02-17 02:25:22.524195,524
2026-02-17 02:25:22.532149,513
2026-02-17 02:25:22.540129,519
2026-02-17 02:25:22.548131,524
2026-02-17 02:25:22.556165,513
2026-02-17 02:25:22.564121,505
2026-02-17 02:25:22.572137,510
2026-02-17 02:25:22.580122,514
2026-02-17 02:25:22.588085,516
2026-02-17 02:25:22.596127,511
2026-02-17 02:25:22.604164,520
2026-02-17 02:25:22.612129,518
2026-02-17 02:25:22.620126,512
2026-02-17 02:25:22.628114,518
2026-02-17 02:25:22.636135,510
2026-02-17 02:25:22.644131,500
2026-02-17 02:25:22.652129,510
2026-02-17 02:25:22.660116,506
2026-02-17 02:25:22.668124,516
2026-02-17 02:25:22.676109,509
2026-02-17 02:25:22.684102,512
2026-02-17 02:25:22.692101,519
2026-02-17 02:25:22.700099,515
2026-02-17 02:25:22.708100,516
2026-02-17 02:25:22.716109,513
2026-02-17 02:25:22.724137,517
2026-02-17 02:25:22.732139,507
2026-02-17 02:25:22.740206,514
2026-02-17 02:25:22.748172,499
2026-02-17 02:25:22.756106,501
2026-02-17 02:25:22.764054,522
2026-02-17 02:25:22.772109,516
2026-02-17 02:25:22.780255,511
2026-02-17 02:25:22.788158,524
2026-02-17 02:25:22.796115,516
2026-02-17 02:25:22.804098,513
2026-02-17 02:25:22.812093,507
2026-02-17 02:25:22.820125,506
2026-02-17 02:25:22.828099,513
2026-02-17 02:25:22.836030,507
2026-02-17 02:25:22.844089,513
2026-02-17 02:25:22.852158,517
2026-02-17 02:25:22.860095,516
2026-02-17 02:25:22.868137,511
2026-02-17 02:25:22.876094,512
2026-02-17 02:25:22.884077,517
2026-02-17 02:25:22.892084,507
2026-02-17 02:25:22.900081,508
2026-02-17 02:25:22.908100,521
2026-02-17 02:25:22.916088,509
2026-02-17 02:25:22.924057,519
2026-02-17 02:25:22.932133,517
2026-02-17 02:25:22.940111,500
2026-02-17 02:25:22.948069,516
2026-02-17 02:25:22.956057,508
2026-02-17 02:25:22.964086,510
2026-02-17 02:25:22.972069,517
2026-02-17 02:25:22.980105,514
2026-02-17 02:25:22.988081,514
2026-02-17 02:25:22.996080,517
2026-02-17 02:25:23.004065,511
2026-02-17 02:25:23.012163,512
2026-02-17 02:25:23.020146,516
2026-02-17 02:25:23.028043,522
2026-02-17 02:25:23.036141,507
2026-02-17 02:25:23.044061,518
2026-02-17 02:25:23.052105,516
2026-02-17 02:25:23.060093,507
2026-02-17 02:25:23.068083,518
2026-02-17 02:25:23.076035,515
2026-02-17 02:25:23.084106,514
2026-02-17 02:25:23.092060,509
2026-02-17 02:25:23.100058,511
2026-02-17 02:25:23.108037,514
2026-02-17 02:25:23.116068,505
2026-02-17 02:25:23.124033,514
2026-02-17 02:25:23.132050,517
2026-02-17 02:25:23.140102,510
2026-02-17 02:25:23.148018,511
2026-02-17 02:25:23.156094,510
2026-02-17 02:25:23.164057,513
2026-02-17 02:25:23.172051,514
2026-02-17 02:25:23.180059,517
2026-02-17 02:25:23.188034,521
2026-02-17 02:25:23.196047,512
2026-02-17 02:25:23.204078,509
2026-02-17 02:25:23.212043,510
2026-02-17 02:25:23.220034,514
2026-02-17 02:25:23.228088,505
2026-02-17 02:25:23.236198,510
2026-02-17 02:25:23.244109,510
2026-02-17 02:25:23.252098,508
2026-02-17 02:25:23.260106,518
2026-02-17 02:25:23.268053,524
2026-02-17 02:25:23.276008,513
2026-02-17 02:25:23.284041,518
2026-02-17 02:25:23.292043,519
2026-02-17 02:25:23.300034,510
2026-02-17 02:25:23.308036,502
2026-02-17 02:25:23.316048,513
2026-02-17 02:25:23.324053,516
2026-02-17 02:25:23.332118,514
2026-02-17 02:25:23.340040,516
2026-02-17 02:25:23.348031,516
2026-02-17 02:25:23.356027,512
2026-02-17 02:25:23.364043,510
2026-02-17 02:25:23.372028,516
2026-02-17 02:25:23.380031,507
2026-02-17 02:25:23.388019,518
2026-02-17 02:25:23.396030,522
2026-02-17 02:25:23.404021,515
2026-02-17 02:25:23.412058,510
2026-02-17 02:25:23.420008,505
2026-02-17 02:25:23.428019,507
2026-02-17 02:25:23.436020,506
2026-02-17 02:25:23.444010,513
2026-02-17 02:25:23.452017,515
2026-02-17 02:25:23.460033,515
2026-02-17 02:25:23.468017,514
2026-02-17 02:25:23.476019,504
2026-02-17 02:25:23.484025,510
2026-02-17 02:25:23.492015,507
2026-02-17 02:25:23.500011,505
2026-02-17 02:25:23.508005,511
2026-02-17 02:25:23.516010,502
2026-02-17 02:25:23.523996,504
2026-02-17 02:25:23.532065,511
2026-02-17 02:25:23.540026,508
2026-02-17 02:25:23.548009,512
2026-02-17 02:25:23.556003,506
2026-02-17 02:25:23.564000,511
2026-02-17 02:25:23.572040,512
2026-02-17 02:25:23.579999,508
2026-02-17 02:25:23.587952,504
2026-02-17 02:25:23.595967,510
2026-02-17 02:25:23.604016,514
2026-02-17 02:25:23.612043,515
2026-02-17 02:25:23.619996,515
2026-02-17 02:25:23.627987,512
2026-02-17 02:25:23.635985,499
2026-02-17 02:25:23.644012,509
2026-02-17 02:25:23.651995,511
2026-02-17 02:25:23.660003,512
2026-02-17 02:25:23.667987,521
2026-02-17 02:25:23.676150,509
2026-02-17 02:25:23.684095,512
2026-02-17 02:25:23.692031,515
2026-02-17 02:25:23.700002,517
2026-02-17 02:25:23.707996,523
2026-02-17 02:25:23.715992,502
2026-02-17 02:25:23.724005,513
2026-02-17 02:25:23.732100,521
2026-02-17 02:25:23.740125,511
2026-02-17 02:25:23.748075,525
2026-02-17 02:25:23.755985,519
2026-02-17 02:25:23.763994,522
2026-02-17 02:25:23.771937,518
2026-02-17 02:25:23.780050,504
2026-02-17 02:25:23.788048,515
2026-02-17 02:25:23.796020,509
2026-02-17 02:25:23.804027,516
2026-02-17 02:25:23.811973,506
2026-02-17 02:25:23.819992,510
2026-02-17 02:25:23.827960,517
2026-02-17 02:25:23.835960,511
2026-02-17 02:25:23.843918,509
2026-02-17 02:25:23.852074,511
2026-02-17 02:25:23.859987,504
2026-02-17 02:25:23.867943,513
2026-02-17 02:25:23.875981,505
2026-02-17 02:25:23.884013,515
2026-02-17 02:25:23.892020,511
2026-02-17 02:25:23.899961,522
2026-02-17 02:25:23.907987,524
2026-02-17 02:25:23.915963,522
2026-02-17 02:25:23.923962,521
2026-02-17 02:25:23.931977,507
2026-02-17 02:25:23.939959,522
2026-02-17 02:25:23.947961,525
2026-02-17 02:25:23.955967,519
2026-02-17 02:25:23.963957,520
2026-02-17 02:25:23.971984,509
2026-02-17 02:25:23.980044,504
2026-02-17 02:25:23.988147,516
2026-02-17 02:25:23.996022,509
2026-02-17 02:25:24.004029,513
2026-02-17 02:25:24.012043,507
2026-02-17 02:25:24.020065,512
2026-02-17 02:25:24.027982,519
2026-02-17 02:25:24.036015,506
2026-02-17 02:25:24.043915,505
2026-02-17 02:25:24.051960,513
2026-02-17 02:25:24.059988,518
2026-02-17 02:25:24.067934,521
2026-02-17 02:25:24.075971,508
2026-02-17 02:25:24.083962,515
2026-02-17 02:25:24.091937,515
2026-02-17 02:25:24.099912,507
2026-02-17 02:25:24.107920,515
2026-02-17 02:25:24.115911,511
2026-02-17 02:25:24.123941,512
2026-02-17 02:25:24.131920,510
2026-02-17 02:25:24.139948,519
2026-02-17 02:25:24.147930,511
2026-02-17 02:25:24.155990,507
2026-02-17 02:25:24.163990,512
2026-02-17 02:25:24.171936,517
2026-02-17 02:25:24.179925,513
2026-02-17 02:25:24.187932,513
2026-02-17 02:25:24.195947,503
2026-02-17 02:25:24.203937,494
2026-02-17 02:25:24.211924,508
2026-02-17 02:25:24.219931,509
2026-02-17 02:25:24.227933,502
2026-02-17 02:25:24.236062,508
2026-02-17 02:25:24.243982,502
2026-02-17 02:25:24.251929,506
2026-02-17 02:25:24.259961,513
2026-02-17 02:25:24.267975,513
2026-02-17 02:25:24.276003,505
2026-02-17 02:25:24.283887,504
2026-02-17 02:25:24.292008,509
2026-02-17 02:25:24.299984,517
2026-02-17 02:25:24.308007,513
2026-02-17 02:25:24.315975,509
2026-02-17 02:25:24.323981,509
2026-02-17 02:25:24.331948,504
2026-02-17 02:25:24.339920,503
2026-02-17 02:25:24.347924,513
2026-02-17 02:25:24.355913,510
2026-02-17 02:25:24.363962,513
2026-02-17 02:25:24.371908,507
2026-02-17 02:25:24.379910,512
2026-02-17 02:25:24.387912,521
2026-02-17 02:25:24.395915,517
2026-02-17 02:25:24.403926,518
2026-02-17 02:25:24.411900,513
2026-02-17 02:25:24.419908,519
2026-02-17 02:25:24.427907,514
2026-02-17 02:25:24.435909,509
2026-02-17 02:25:24.443896,511
2026-02-17 02:25:24.451904,505
2026-02-17 02:25:24.459909,513
2026-02-17 02:25:24.467944,516
2026-02-17 02:25:24.475892,514
2026-02-17 02:25:24.483909,524
2026-02-17 02:25:24.491905,502
2026-02-17 02:25:24.499895,512
2026-02-17 02:25:24.507906,517
2026-02-17 02:25:24.515895,508
2026-02-17 02:25:24.523897,515
2026-02-17 02:25:24.531937,504
2026-02-17 02:25:24.539931,511
2026-02-17 02:25:24.547888,515
2026-02-17 02:25:24.555892,504
2026-02-17 02:25:24.563894,514
2026-02-17 02:25:24.571893,512
2026-02-17 02:25:24.579912,506
2026-02-17 02:25:24.587897,518
2026-02-17 02:25:24.595995,500
2026-02-17 02:25:24.603927,520
2026-02-17 02:25:24.611961,517
2026-02-17 02:25:24.619885,506
2026-02-17 02:25:24.627887,513
2026-02-17 02:25:24.635888,511
2026-02-17 02:25:24.643874,508
2026-02-17 02:25:24.651893,514
2026-02-17 02:25:24.659892,517
2026-02-17 02:25:24.667878,520
2026-02-17 02:25:24.675872,506
2026-02-17 02:25:24.683869,516
2026-02-17 02:25:24.691883,490
2026-02-17 02:25:24.699877,514
2026-02-17 02:25:24.707874,522
2026-02-17 02:25:24.715865,517
2026-02-17 02:25:24.723867,513
2026-02-17 02:25:24.731827,510
2026-02-17 02:25:24.739992,510
2026-02-17 02:25:24.747865,517
2026-02-17 02:25:24.755887,509
2026-02-17 02:25:24.763872,519
2026-02-17 02:25:24.771878,518
2026-02-17 02:25:24.779947,504
2026-02-17 02:25:24.787925,508
2026-02-17 02:25:24.795832,510
2026-02-17 02:25:24.803894,511
2026-02-17 02:25:24.811873,521
2026-02-17 02:25:24.819875,513
2026-02-17 02:25:24.827902,509
2026-02-17 02:25:24.835871,510
2026-02-17 02:25:24.843825,515
2026-02-17 02:25:24.851967,512
2026-02-17 02:25:24.859951,510
2026-02-17 02:25:24.867966,503
2026-02-17 02:25:24.875930,504
2026-02-17 02:25:24.883966,505
2026-02-17 02:25:24.891964,503
2026-02-17 02:25:24.899956,505
2026-02-17 02:25:24.907941,512
2026-02-17 02:25:24.915943,494
2026-02-17 02:25:24.923939,514
2026-02-17 02:25:24.931952,511
2026-02-17 02:25:24.939990,510
2026-02-17 02:25:24.947960,516
2026-02-17 02:25:24.955968,507
2026-02-17 02:25:24.963921,513
2026-02-17 02:25:24.971948,514
2026-02-17 02:25:24.979968,515
2026-02-17 02:25:24.987933,511
2026-02-17 02:25:24.995928,503
2026-02-17 02:25:25.004049,505
2026-02-17 02:25:25.012010,506
2026-02-17 02:25:25.019962,507
2026-02-17 02:25:25.027905,506
2026-02-17 02:25:25.035905,504
2026-02-17 02:25:25.043900,515
2026-02-17 02:25:25.051896,515
2026-02-17 02:25:25.059918,511
2026-02-17 02:25:25.067888,505
2026-02-17 02:25:25.075885,509
2026-02-17 02:25:25.083902,515
2026-02-17 02:25:25.091837,499
2026-02-17 02:25:25.099857,508
2026-02-17 02:25:25.107840,522
2026-02-17 02:25:25.115836,500
2026-02-17 02:25:25.123840,511
2026-02-17 02:25:25.131853,520
2026-02-17 02:25:25.139853,513
2026-02-17 02:25:25.147830,516
2026-02-17 02:25:25.155826,505
2026-02-17 02:25:25.163826,512
2026-02-17 02:25:25.171876,504
2026-02-17 02:25:25.179815,512
2026-02-17 02:25:25.187817,512
2026-02-17 02:25:25.195855,514
2026-02-17 02:25:25.203809,506
2026-02-17 02:25:25.211820,511
2026-02-17 02:25:25.219823,517
2026-02-17 02:25:25.227781,512
2026-02-17 02:25:25.235792,502
2026-02-17 02:25:25.243792,509
2026-02-17 02:25:25.251897,517
2026-02-17 02:25:25.259759,512
2026-02-17 02:25:25.267816,527
2026-02-17 02:25:25.275887,519
2026-02-17 02:25:25.283850,521
2026-02-17 02:25:25.291787,518
2026-02-17 02:25:25.299770,519
2026-02-17 02:25:25.307819,523
2026-02-17 02:25:25.315769,512
2026-02-17 02:25:25.323808,519
2026-02-17 02:25:25.331819,515
2026-02-17 02:25:25.339841,521
2026-02-17 02:25:25.347869,512
2026-02-17 02:25:25.355838,509
2026-02-17 02:25:25.363821,518
2026-02-17 02:25:25.371799,505
2026-02-17 02:25:25.379803,513
2026-02-17 02:25:25.387824,510
2026-02-17 02:25:25.395808,509
2026-02-17 02:25:25.403801,519
2026-02-17 02:25:25.411807,515
2026-02-17 02:25:25.419822,507
2026-02-17 02:25:25.427802,507
2026-02-17 02:25:25.435790,503
2026-02-17 02:25:25.443799,505
2026-02-17 02:25:25.451836,516
2026-02-17 02:25:25.459796,511
2026-02-17 02:25:25.467865,517
2026-02-17 02:25:25.475828,508
2026-02-17 02:25:25.483813,512
2026-02-17 02:25:25.491806,509
2026-02-17 02:25:25.499796,509
2026-02-17 02:25:25.507827,518
2026-02-17 02:25:25.515836,516
2026-02-17 02:25:25.523785,509
2026-02-17 02:25:25.531796,515
2026-02-17 02:25:25.539841,503
2026-02-17 02:25:25.547834,502
2026-02-17 02:25:25.555785,493
2026-02-17 02:25:25.563816,486
2026-02-17 02:25:25.571834,480
2026-02-17 02:25:25.579782,476
2026-02-17 02:25:25.587761,468
2026-02-17 02:25:25.595800,457
2026-02-17 02:25:25.603798,459
2026-02-17 02:25:25.611777,460
2026-02-17 02:25:25.619791,471
2026-02-17 02:25:25.627775,494
2026-02-17 02:25:25.635782,481
2026-02-17 02:25:25.643782,490
2026-02-17 02:25:25.651823,498
2026-02-17 02:25:25.659788,498
2026-02-17 02:25:25.667760,512
2026-02-17 02:25:25.675776,510
2026-02-17 02:25:25.683773,517
2026-02-17 02:25:25.691770,523
2026-02-17 02:25:25.699773,518
2026-02-17 02:25:25.707784,524
2026-02-17 02:25:25.715811,517
2026-02-17 02:25:25.723759,522
2026-02-17 02:25:25.731859,525
2026-02-17 02:25:25.739832,522
2026-02-17 02:25:25.747711,534
2026-02-17 02:25:25.755751,527
2026-02-17 02:25:25.763805,534
2026-02-17 02:25:25.771770,516
2026-02-17 02:25:25.779900,514
2026-02-17 02:25:25.787846,513
2026-02-17 02:25:25.795804,509
2026-02-17 02:25:25.803787,518
2026-02-17 02:25:25.811733,516
2026-02-17 02:25:25.819719,518
2026-02-17 02:25:25.827757,514
2026-02-17 02:25:25.835751,518
2026-02-17 02:25:25.843755,521
2026-02-17 02:25:25.851799,515
2026-02-17 02:25:25.859812,519
2026-02-17 02:25:25.867770,525
2026-02-17 02:25:25.875799,520
2026-02-17 02:25:25.883753,519
2026-02-17 02:25:25.891764,515
2026-02-17 02:25:25.899766,515
2026-02-17 02:25:25.907746,513
2026-02-17 02:25:25.915766,518
2026-02-17 02:25:25.923755,521
2026-02-17 02:25:25.931753,525
2026-02-17 02:25:25.939761,521
2026-02-17 02:25:25.947756,516
2026-02-17 02:25:25.955796,511
2026-02-17 02:25:25.963738,517
2026-02-17 02:25:25.971752,518
2026-02-17 02:25:25.979737,521
2026-02-17 02:25:25.987845,519
2026-02-17 02:25:25.995854,517
2026-02-17 02:25:26.003776,515
2026-02-17 02:25:26.011810,516
2026-02-17 02:25:26.019816,505
2026-02-17 02:25:26.027724,504
2026-02-17 02:25:26.035731,513
2026-02-17 02:25:26.043726,521
2026-02-17 02:25:26.051794,522
2026-02-17 02:25:26.059718,511
2026-02-17 02:25:26.067708,517
2026-02-17 02:25:26.075718,512
2026-02-17 02:25:26.083794,510
2026-02-17 02:25:26.091706,517
2026-02-17 02:25:26.099700,519
2026-02-17 02:25:26.107703,520
2026-02-17 02:25:26.115685,521
2026-02-17 02:25:26.123779,514
2026-02-17 02:25:26.131747,519
2026-02-17 02:25:26.139706,519
2026-02-17 02:25:26.147733,519
2026-02-17 02:25:26.155803,511
2026-02-17 02:25:26.163743,526
2026-02-17 02:25:26.171733,512
2026-02-17 02:25:26.179799,515
2026-02-17 02:25:26.187722,523
2026-02-17 02:25:26.195725,512
2026-02-17 02:25:26.203727,516
2026-02-17 02:25:26.211722,502
2026-02-17 02:25:26.219719,502
2026-02-17 02:25:26.227718,519
2026-02-17 02:25:26.235819,514
2026-02-17 02:25:26.243773,515
2026-02-17 02:25:26.251714,521
2026-02-17 02:25:26.259778,497
2026-02-17 02:25:26.267723,512
2026-02-17 02:25:26.275684,509
2026-02-17 02:25:26.283732,516
2026-02-17 02:25:26.291758,516
2026-02-17 02:25:26.299719,507
2026-02-17 02:25:26.307717,507
2026-02-17 02:25:26.315708,504
2026-02-17 02:25:26.323782,516
2026-02-17 02:25:26.331867,513
2026-02-17 02:25:26.339787,513
2026-02-17 02:25:26.347716,515
2026-02-17 02:25:26.355744,507
2026-02-17 02:25:26.363703,510
2026-02-17 02:25:26.371729,515
2026-02-17 02:25:26.379705,525
2026-02-17 02:25:26.387799,515
2026-02-17 02:25:26.395707,513
2026-02-17 02:25:26.403743,528
2026-02-17 02:25:26.411706,518
2026-02-17 02:25:26.419707,520
2026-02-17 02:25:26.427702,529
2026-02-17 02:25:26.435709,522
2026-02-17 02:25:26.443739,510
2026-02-17 02:25:26.451698,512
2026-02-17 02:25:26.459695,509
2026-02-17 02:25:26.467699,519
2026-02-17 02:25:26.475689,515
2026-02-17 02:25:26.483711,514
2026-02-17 02:25:26.491686,515
2026-02-17 02:25:26.499689,511
2026-02-17 02:25:26.507689,513
2026-02-17 02:25:26.515690,507
2026-02-17 02:25:26.523689,519
2026-02-17 02:25:26.531754,520
2026-02-17 02:25:26.539737,509
2026-02-17 02:25:26.547699,509
2026-02-17 02:25:26.555725,506
2026-02-17 02:25:26.563704,504
2026-02-17 02:25:26.571694,512
2026-02-17 02:25:26.579690,508
2026-02-17 02:25:26.587633,521
2026-02-17 02:25:26.595678,507
2026-02-17 02:25:26.603680,500
2026-02-17 02:25:26.611673,509
2026-02-17 02:25:26.619700,516
2026-02-17 02:25:26.627698,521
2026-02-17 02:25:26.635673,517
2026-02-17 02:25:26.643690,512
2026-02-17 02:25:26.651675,514
2026-02-17 02:25:26.659677,513
2026-02-17 02:25:26.667709,520
2026-02-17 02:25:26.675741,508
2026-02-17 02:25:26.683718,517
2026-02-17 02:25:26.691707,518
2026-02-17 02:25:26.699677,516
2026-02-17 02:25:26.707678,519
2026-02-17 02:25:26.715672,506
2026-02-17 02:25:26.723675,514
2026-02-17 02:25:26.731711,518
2026-02-17 02:25:26.739723,508
2026-02-17 02:25:26.747699,520
2026-02-17 02:25:26.755734,513
2026-02-17 02:25:26.763731,514
2026-02-17 02:25:26.771670,513
2026-02-17 02:25:26.779691,503
2026-02-17 02:25:26.787673,508
2026-02-17 02:25:26.795708,515
2026-02-17 02:25:26.803667,512
2026-02-17 02:25:26.811660,503
2026-02-17 02:25:26.819656,512
2026-02-17 02:25:26.827662,513
2026-02-17 02:25:26.835612,505
2026-02-17 02:25:26.843680,520
2026-02-17 02:25:26.851768,514
2026-02-17 02:25:26.859759,520
2026-02-17 02:25:26.867709,524
2026-02-17 02:25:26.875658,507
2026-02-17 02:25:26.883657,510
2026-02-17 02:25:26.891689,507
2026-02-17 02:25:26.899651,494
2026-02-17 02:25:26.907658,513
2026-02-17 02:25:26.915652,509
2026-02-17 02:25:26.923665,513
2026-02-17 02:25:26.931668,511
2026-02-17 02:25:26.939655,503
2026-02-17 02:25:26.947716,512
2026-02-17 02:25:26.955658,511
2026-02-17 02:25:26.963654,519
2026-02-17 02:25:26.971711,512
2026-02-17 02:25:26.979658,516
2026-02-17 02:25:26.987711,506
2026-02-17 02:25:26.995656,497
2026-02-17 02:25:27.003649,502
2026-02-17 02:25:27.011705,515
2026-02-17 02:25:27.019682,512
2026-02-17 02:25:27.027605,515
2026-02-17 02:25:27.035639,522
2026-02-17 02:25:27.043645,514
2026-02-17 02:25:27.051690,512
2026-02-17 02:25:27.059649,510
2026-02-17 02:25:27.067776,512
2026-02-17 02:25:27.075714,516
2026-02-17 02:25:27.083698,512
2026-02-17 02:25:27.091664,506
2026-02-17 02:25:27.099642,502
2026-02-17 02:25:27.107642,512
2026-02-17 02:25:27.115713,515
2026-02-17 02:25:27.123645,517
2026-02-17 02:25:27.131708,522
2026-02-17 02:25:27.139626,516
2026-02-17 02:25:27.147668,514
2026-02-17 02:25:27.155690,506
2026-02-17 02:25:27.163630,517
2026-02-17 02:25:27.171644,512
2026-02-17 02:25:27.179657,523
2026-02-17 02:25:27.187637,515
2026-02-17 02:25:27.195629,506
2026-02-17 02:25:27.203637,521
2026-02-17 02:25:27.211631,514
2026-02-17 02:25:27.219625,513
2026-02-17 02:25:27.227634,517
2026-02-17 02:25:27.235711,511
2026-02-17 02:25:27.243669,518
2026-02-17 02:25:27.251664,509
2026-02-17 02:25:27.259699,506
2026-02-17 02:25:27.267636,513
2026-02-17 02:25:27.275589,519
2026-02-17 02:25:27.283580,515
2026-02-17 02:25:27.291645,514
2026-02-17 02:25:27.299643,517
2026-02-17 02:25:27.307645,515
2026-02-17 02:25:27.315613,502
2026-02-17 02:25:27.323618,504
2026-02-17 02:25:27.331662,517
2026-02-17 02:25:27.339571,510
2026-02-17 02:25:27.347674,507
2026-02-17 02:25:27.355665,510
2026-02-17 02:25:27.363624,514
2026-02-17 02:25:27.371636,500
2026-02-17 02:25:27.379638,494
2026-02-17 02:25:27.387606,511
2026-02-17 02:25:27.395626,512
2026-02-17 02:25:27.403659,515
2026-02-17 02:25:27.411607,513
2026-02-17 02:25:27.419602,516
2026-02-17 02:25:27.427615,512
2026-02-17 02:25:27.435607,498
2026-02-17 02:25:27.443610,515
2026-02-17 02:25:27.451600,513
2026-02-17 02:25:27.459593,512
2026-02-17 02:25:27.467606,517
2026-02-17 02:25:27.475584,504
2026-02-17 02:25:27.483606,504
2026-02-17 02:25:27.491598,509
2026-02-17 02:25:27.499607,512
2026-02-17 02:25:27.507641,525
2026-02-17 02:25:27.515596,507
2026-02-17 02:25:27.523596,516
2026-02-17 02:25:27.531594,520
2026-02-17 02:25:27.541051,512
2026-02-17 02:25:27.547681,521
2026-02-17 02:25:27.555658,514
2026-02-17 02:25:27.563634,512
2026-02-17 02:25:27.571667,519
2026-02-17 02:25:27.579607,519
2026-02-17 02:25:27.587618,506
2026-02-17 02:25:27.595611,504
2026-02-17 02:25:27.603535,517
2026-02-17 02:25:27.611592,504
2026-02-17 02:25:27.619614,508
2026-02-17 02:25:27.627631,519
2026-02-17 02:25:27.635603,512
2026-02-17 02:25:27.643602,516
2026-02-17 02:25:27.651591,518
2026-02-17 02:25:27.659593,511
2026-02-17 02:25:27.667583,513
2026-02-17 02:25:27.675585,514
2026-02-17 02:25:27.683568,516
2026-02-17 02:25:27.691579,523
2026-02-17 02:25:27.699584,508
2026-02-17 02:25:27.707580,510
2026-02-17 02:25:27.715573,515
2026-02-17 02:25:27.723563,504
2026-02-17 02:25:27.731632,519
2026-02-17 02:25:27.739639,518
2026-02-17 02:25:27.747660,516
2026-02-17 02:25:27.755632,508
2026-02-17 02:25:27.763595,500
2026-02-17 02:25:27.771571,501
2026-02-17 02:25:27.779655,510
2026-02-17 02:25:27.787588,520
2026-02-17 02:25:27.795623,518
2026-02-17 02:25:27.803589,515
2026-02-17 02:25:27.811582,513
2026-02-17 02:25:27.819588,505
2026-02-17 02:25:27.827576,509
2026-02-17 02:25:27.835570,502
2026-02-17 02:25:27.843555,523
2026-02-17 02:25:27.851698,519
2026-02-17 02:25:27.860092,512
2026-02-17 02:25:27.868377,521
2026-02-17 02:25:27.875713,510
2026-02-17 02:25:27.883653,512
2026-02-17 02:25:27.891616,502
2026-02-17 02:25:27.899636,522
2026-02-17 02:25:27.907608,513
2026-02-17 02:25:27.915595,506
2026-02-17 02:25:27.923590,501
2026-02-17 02:25:27.931608,506
2026-02-17 02:25:27.939589,515
2026-02-17 02:25:27.947595,514
2026-02-17 02:25:27.955577,504
2026-02-17 02:25:27.963578,509
2026-02-17 02:25:27.971621,511
2026-02-17 02:25:27.979642,509
2026-02-17 02:25:27.987587,516
2026-02-17 02:25:27.995732,511
2026-02-17 02:25:28.003594,516
2026-02-17 02:25:28.011584,516
2026-02-17 02:25:28.019592,517
2026-02-17 02:25:28.027604,506
2026-02-17 02:25:28.035555,506
2026-02-17 02:25:28.043581,522
2026-02-17 02:25:28.051619,509
2026-02-17 02:25:28.059605,514
2026-02-17 02:25:28.067606,515
2026-02-17 02:25:28.075579,505
2026-02-17 02:25:28.083590,505
2026-02-17 02:25:28.091589,505
2026-02-17 02:25:28.099572,509
2026-02-17 02:25:28.107584,512
2026-02-17 02:25:28.115574,506
2026-02-17 02:25:28.123589,499
2026-02-17 02:25:28.131578,509
2026-02-17 02:25:28.139562,507
2026-02-17 02:25:28.151348,516
2026-02-17 02:25:28.155595,513
2026-02-17 02:25:28.163548,520
2026-02-17 02:25:28.171589,518
2026-02-17 02:25:28.179633,503
2026-02-17 02:25:28.187605,506
2026-02-17 02:25:28.195667,513
2026-02-17 02:25:28.203562,521
2026-02-17 02:25:28.211648,515
2026-02-17 02:25:28.219593,507
2026-02-17 02:25:28.227580,514
2026-02-17 02:25:28.235625,503
2026-02-17 02:25:28.243562,504
2026-02-17 02:25:28.251680,507
2026-02-17 02:25:28.259603,514
2026-02-17 02:25:28.267570,522
2026-02-17 02:25:28.275570,505
2026-02-17 02:25:28.283640,513
2026-02-17 02:25:28.291637,512
2026-02-17 02:25:28.299642,512
2026-02-17 02:25:28.307640,512
2026-02-17 02:25:28.315631,512
2026-02-17 02:25:28.323664,513
2026-02-17 02:25:28.331642,511
2026-02-17 02:25:28.339632,513
2026-02-17 02:25:28.347619,522
2026-02-17 02:25:28.355760,507
2026-02-17 02:25:28.363554,528
2026-02-17 02:25:28.371601,507
2026-02-17 02:25:28.379654,510
2026-02-17 02:25:28.387644,525
2026-02-17 02:25:28.395671,524
2026-02-17 02:25:28.403618,529
2026-02-17 02:25:28.411691,525
2026-02-17 02:25:28.419640,527
2026-02-17 02:25:28.427645,522
2026-02-17 02:25:28.435635,507
2026-02-17 02:25:28.443599,530
2026-02-17 02:25:28.451650,521
2026-02-17 02:25:28.459606,517
2026-02-17 02:25:28.467657,514
2026-02-17 02:25:28.475582,504
2026-02-17 02:25:28.483604,524
2026-02-17 02:25:28.491631,532
2026-02-17 02:25:28.499584,507
2026-02-17 02:25:28.507584,517
2026-02-17 02:25:28.515580,511
2026-02-17 02:25:28.523594,521
2026-02-17 02:25:28.531623,517
2026-02-17 02:25:28.539651,503
2026-02-17 02:25:28.547624,515
2026-02-17 02:25:28.555659,518
2026-02-17 02:25:28.563591,520
2026-02-17 02:25:28.571595,515
2026-02-17 02:25:28.579591,512
2026-02-17 02:25:28.587576,520
2026-02-17 02:25:28.595596,500
2026-02-17 02:25:28.603624,514
2026-02-17 02:25:28.611594,511
2026-02-17 02:25:28.619631,508
2026-02-17 02:25:28.627625,515
2026-02-17 02:25:28.635630,505
2026-02-17 02:25:28.643605,513
2026-02-17 02:25:28.651622,508
2026-02-17 02:25:28.659585,504
2026-02-17 02:25:28.667579,515
2026-02-17 02:25:28.675597,516
2026-02-17 02:25:28.683567,512
2026-02-17 02:25:28.691549,518
2026-02-17 02:25:28.699523,519
2026-02-17 02:25:28.707501,527
2026-02-17 02:25:28.715542,507
2026-02-17 02:25:28.723550,513
2026-02-17 02:25:28.731488,517
2026-02-17 02:25:28.739579,510
2026-02-17 02:25:28.747519,515
2026-02-17 02:25:28.755519,521
2026-02-17 02:25:28.763594,511
2026-02-17 02:25:28.771518,524
2026-02-17 02:25:28.779511,509
2026-02-17 02:25:28.787539,511
2026-02-17 02:25:28.795546,511
2026-02-17 02:25:28.803528,511
2026-02-17 02:25:28.811493,507
2026-02-17 02:25:28.819508,514
2026-02-17 02:25:28.827492,523
2026-02-17 02:25:28.835482,512
2026-02-17 02:25:28.843500,526
2026-02-17 02:25:28.851564,514
2026-02-17 02:25:28.859484,516
2026-02-17 02:25:28.867526,500
2026-02-17 02:25:28.875479,504
2026-02-17 02:25:28.883493,519
2026-02-17 02:25:28.891575,506
2026-02-17 02:25:28.899492,506
2026-02-17 02:25:28.907490,517
2026-02-17 02:25:28.915476,509
2026-02-17 02:25:28.923492,506
2026-02-17 02:25:28.931500,506
2026-02-17 02:25:28.939480,515
2026-02-17 02:25:28.947466,516
2026-02-17 02:25:28.955532,517
2026-02-17 02:25:28.963527,515
2026-02-17 02:25:28.971477,511
2026-02-17 02:25:28.979477,503
2026-02-17 02:25:28.987487,513
2026-02-17 02:25:28.995477,512
2026-02-17 02:25:29.003470,517
2026-02-17 02:25:29.011573,511
2026-02-17 02:25:29.019484,507
2026-02-17 02:25:29.027486,510
2026-02-17 02:25:29.035531,497
2026-02-17 02:25:29.043548,509
2026-02-17 02:25:29.051521,510
2026-02-17 02:25:29.059532,514
2026-02-17 02:25:29.067493,523
2026-02-17 02:25:29.075559,509
2026-02-17 02:25:29.083445,508
2026-02-17 02:25:29.091471,514
2026-02-17 02:25:29.099525,522
2026-02-17 02:25:29.107493,517
2026-02-17 02:25:29.115476,515
2026-02-17 02:25:29.123471,519
2026-02-17 02:25:29.131469,506
2026-02-17 02:25:29.139487,512
2026-02-17 02:25:29.147467,511
2026-02-17 02:25:29.155467,512
2026-02-17 02:25:29.163466,520
2026-02-17 02:25:29.171474,515
2026-02-17 02:25:29.179464,522
2026-02-17 02:25:29.187466,507
2026-02-17 02:25:29.195441,510
2026-02-17 02:25:29.203456,521
2026-02-17 02:25:29.211452,509
2026-02-17 02:25:29.219461,507
2026-02-17 02:25:29.227461,518
2026-02-17 02:25:29.235536,511
2026-02-17 02:25:29.243510,509
2026-02-17 02:25:29.251467,518
2026-02-17 02:25:29.259429,510
2026-02-17 02:25:29.267521,520
2026-02-17 02:25:29.275449,509
2026-02-17 02:25:29.283463,518
2026-02-17 02:25:29.291463,525
2026-02-17 02:25:29.299446,515
2026-02-17 02:25:29.307450,522
2026-02-17 02:25:29.315462,509
2026-02-17 02:25:29.323457,512
2026-02-17 02:25:29.331456,510
2026-02-17 02:25:29.339450,513
2026-02-17 02:25:29.347449,520
2026-02-17 02:25:29.355458,514
2026-02-17 02:25:29.363450,508
2026-02-17 02:25:29.371454,505
2026-02-17 02:25:29.379501,508
2026-02-17 02:25:29.387520,521
2026-02-17 02:25:29.395449,502
2026-02-17 02:25:29.403453,504
2026-02-17 02:25:29.411462,512
2026-02-17 02:25:29.419445,519
2026-02-17 02:25:29.427430,501
2026-02-17 02:25:29.435481,502
2026-02-17 02:25:29.443443,510
2026-02-17 02:25:29.451432,512
2026-02-17 02:25:29.459442,501
2026-02-17 02:25:29.467438,518
2026-02-17 02:25:29.475444,511
2026-02-17 02:25:29.483446,514
2026-02-17 02:25:29.491484,503
2026-02-17 02:25:29.499439,496
2026-02-17 02:25:29.507433,506
2026-02-17 02:25:29.515441,513
2026-02-17 02:25:29.523431,528
2026-02-17 02:25:29.531433,506
2026-02-17 02:25:29.539441,513
2026-02-17 02:25:29.547440,522
2026-02-17 02:25:29.555486,508
2026-02-17 02:25:29.563430,519
2026-02-17 02:25:29.571426,524
2026-02-17 02:25:29.579570,521
2026-02-17 02:25:29.587431,527
2026-02-17 02:25:29.595470,517
2026-02-17 02:25:29.603452,517
2026-02-17 02:25:29.611468,513
2026-02-17 02:25:29.619527,517
2026-02-17 02:25:29.627460,515
2026-02-17 02:25:29.635425,495
2026-02-17 02:25:29.643444,496
2026-02-17 02:25:29.651417,507
2026-02-17 02:25:29.659431,516
2026-02-17 02:25:29.667438,516
2026-02-17 02:25:29.675419,511
2026-02-17 02:25:29.683431,521
2026-02-17 02:25:29.691412,515
2026-02-17 02:25:29.699415,495
2026-02-17 02:25:29.707416,508
2026-02-17 02:25:29.715417,513
2026-02-17 02:25:29.723410,520
2026-02-17 02:25:29.731431,509
2026-02-17 02:25:29.739536,508
2026-02-17 02:25:29.747479,509
2026-02-17 02:25:29.755442,512
2026-02-17 02:25:29.763499,513
2026-02-17 02:25:29.771453,514
2026-02-17 02:25:29.779427,513
2026-02-17 02:25:29.787421,522
2026-02-17 02:25:29.795421,503
2026-02-17 02:25:29.803418,509
2026-02-17 02:25:29.811451,513
2026-02-17 02:25:29.819404,509
2026-02-17 02:25:29.827412,514
2026-02-17 02:25:29.835404,511
2026-02-17 02:25:29.843409,500
2026-02-17 02:25:29.851506,509
2026-02-17 02:25:29.859491,514
2026-02-17 02:25:29.867363,515
2026-02-17 02:25:29.875422,509
2026-02-17 02:25:29.883412,510
2026-02-17 02:25:29.891397,509
2026-02-17 02:25:29.899450,503
2026-02-17 02:25:29.907452,521
2026-02-17 02:25:29.915420,510
2026-02-17 02:25:29.923426,518
2026-02-17 02:25:29.931415,521
2026-02-17 02:25:29.939403,515
2026-02-17 02:25:29.947409,516
2026-02-17 02:25:29.955455,514
2026-02-17 02:25:29.963456,520
2026-02-17 02:25:29.971435,515
2026-02-17 02:25:29.979420,519
2026-02-17 02:25:29.987476,512
2026-02-17 02:25:29.995435,507
2026-02-17 02:25:30.003460,507
2026-02-17 02:25:30.011410,514
2026-02-17 02:25:30.019399,519
2026-02-17 02:25:30.027409,512
2026-02-17 02:25:30.035404,501
2026-02-17 02:25:30.043489,509
2026-02-17 02:25:30.051423,516
2026-02-17 02:25:30.059447,512
2026-02-17 02:25:30.067372,502
2026-02-17 02:25:30.075409,511
2026-02-17 02:25:30.083395,516
2026-02-17 02:25:30.091400,509
2026-02-17 02:25:30.099364,513
2026-02-17 02:25:30.107383,517
2026-02-17 02:25:30.115348,511
2026-02-17 02:25:30.123356,519
2026-02-17 02:25:30.131357,527
2026-02-17 02:25:30.139381,514
2026-02-17 02:25:30.147375,511
2026-02-17 02:25:30.155374,498
2026-02-17 02:25:30.163372,509
2026-02-17 02:25:30.171418,521
2026-02-17 02:25:30.179364,518
2026-02-17 02:25:30.187370,513
2026-02-17 02:25:30.195345,511
2026-02-17 02:25:30.203369,525
2026-02-17 02:25:30.211351,512
2026-02-17 02:25:30.219378,508
2026-02-17 02:25:30.227376,512
2026-02-17 02:25:30.235337,508
2026-02-17 02:25:30.243362,514
2026-02-17 02:25:30.251368,516
2026-02-17 02:25:30.259366,524
2026-02-17 02:25:30.267384,507
2026-02-17 02:25:30.275574,510
2026-02-17 02:25:30.283480,505
2026-02-17 02:25:30.291482,509
2026-02-17 02:25:30.299414,512
2026-02-17 02:25:30.307396,517
2026-02-17 02:25:30.315405,511
2026-02-17 02:25:30.323377,512
2026-02-17 02:25:30.331413,514
2026-02-17 02:25:30.339375,503
2026-02-17 02:25:30.347371,514
2026-02-17 02:25:30.355363,514
2026-02-17 02:25:30.363404,517
2026-02-17 02:25:30.371381,503
2026-02-17 02:25:30.379385,504
2026-02-17 02:25:30.387388,510
2026-02-17 02:25:30.395313,502
2026-02-17 02:25:30.403365,514
2026-02-17 02:25:30.411419,510
2026-02-17 02:25:30.419367,510
2026-02-17 02:25:30.427331,505
2026-02-17 02:25:30.435421,507
2026-02-17 02:25:30.443360,512
2026-02-17 02:25:30.451364,515
2026-02-17 02:25:30.459386,521
2026-02-17 02:25:30.467410,522
2026-02-17 02:25:30.475360,509
2026-02-17 02:25:30.483367,507
2026-02-17 02:25:30.491365,513
2026-02-17 02:25:30.499364,514
2026-02-17 02:25:30.507361,519
2026-02-17 02:25:30.515363,515
2026-02-17 02:25:30.523363,516
2026-02-17 02:25:30.531354,510
2026-02-17 02:25:30.539364,514
2026-02-17 02:25:30.547360,523
2026-02-17 02:25:30.555398,512
2026-02-17 02:25:30.563358,515
2026-02-17 02:25:30.571423,500
2026-02-17 02:25:30.579391,512
2026-02-17 02:25:30.587317,517
2026-02-17 02:25:30.595313,513
2026-02-17 02:25:30.603368,511
2026-02-17 02:25:30.611383,497
2026-02-17 02:25:30.619356,504
2026-02-17 02:25:30.627354,516
2026-02-17 02:25:30.635351,509
2026-02-17 02:25:30.643396,515
2026-02-17 02:25:30.651348,510
2026-02-17 02:25:30.659354,508
2026-02-17 02:25:30.667351,513
2026-02-17 02:25:30.675343,510
2026-02-17 02:25:30.683394,519
2026-02-17 02:25:30.691441,522
2026-02-17 02:25:30.699412,510
2026-02-17 02:25:30.707394,517
2026-02-17 02:25:30.715411,506
2026-02-17 02:25:30.723440,513
2026-02-17 02:25:30.731428,524
2026-02-17 02:25:30.739383,517
2026-02-17 02:25:30.747420,519
2026-02-17 02:25:30.755416,510
2026-02-17 02:25:30.763499,506
2026-02-17 02:25:30.771421,512
2026-02-17 02:25:30.779412,511
2026-02-17 02:25:30.787399,511
2026-02-17 02:25:30.795418,501
2026-02-17 02:25:30.803415,506
2026-02-17 02:25:30.811411,505
2026-02-17 02:25:30.819403,505
2026-02-17 02:25:30.827412,505
2026-02-17 02:25:30.835413,500
2026-02-17 02:25:30.843401,515
2026-02-17 02:25:30.851422,513
2026-02-17 02:25:30.859409,518
2026-02-17 02:25:30.867496,517
2026-02-17 02:25:30.875380,513
2026-02-17 02:25:30.883431,514
2026-02-17 02:25:30.891403,512
2026-02-17 02:25:30.899447,513
2026-02-17 02:25:30.907393,515
2026-02-17 02:25:30.915458,504
2026-02-17 02:25:30.923374,518
2026-02-17 02:25:30.931426,512
2026-02-17 02:25:30.939460,508
2026-02-17 02:25:30.947477,523
2026-02-17 02:25:30.955402,512
2026-02-17 02:25:30.963409,513
2026-02-17 02:25:30.971399,502
2026-02-17 02:25:30.979385,518
2026-02-17 02:25:30.987459,518
2026-02-17 02:25:30.995396,514
2026-02-17 02:25:31.003453,516
2026-02-17 02:25:31.012159,513
2026-02-17 02:25:31.019396,508
2026-02-17 02:25:31.027365,509
2026-02-17 02:25:31.035368,512
2026-02-17 02:25:31.043370,518
2026-02-17 02:25:31.051427,520
2026-02-17 02:25:31.059363,510
2026-02-17 02:25:31.067426,515
2026-02-17 02:25:31.075421,510
2026-02-17 02:25:31.083410,513
2026-02-17 02:25:31.091344,513
2026-02-17 02:25:31.099393,514
2026-02-17 02:25:31.107391,523
2026-02-17 02:25:31.115368,499
2026-02-17 02:25:31.123406,507
2026-02-17 02:25:31.131372,513
2026-02-17 02:25:31.139392,517
2026-02-17 02:25:31.147377,516
2026-02-17 02:25:31.155408,505
2026-02-17 02:25:31.163411,513
2026-02-17 02:25:31.171412,511
2026-02-17 02:25:31.179375,508
2026-02-17 02:25:31.187452,513
2026-02-17 02:25:31.195475,504
2026-02-17 02:25:31.203427,501
2026-02-17 02:25:31.211392,503
2026-02-17 02:25:31.219446,511
2026-02-17 02:25:31.227432,511
2026-02-17 02:25:31.235461,504
2026-02-17 02:25:31.243417,518
2026-02-17 02:25:31.251435,503
2026-02-17 02:25:31.259406,503
2026-02-17 02:25:31.267360,523
2026-02-17 02:25:31.275452,510
2026-02-17 02:25:31.283472,518
2026-02-17 02:25:31.291476,515
2026-02-17 02:25:31.299446,504
2026-02-17 02:25:31.307425,509
2026-02-17 02:25:31.315403,506
2026-02-17 02:25:31.323420,516
2026-02-17 02:25:31.331424,518
2026-02-17 02:25:31.339429,520
2026-02-17 02:25:31.347396,519
2026-02-17 02:25:31.355446,508
2026-02-17 02:25:31.363430,514
2026-02-17 02:25:31.371407,517
2026-02-17 02:25:31.379400,516
2026-02-17 02:25:31.387402,514
2026-02-17 02:25:31.395398,520
2026-02-17 02:25:31.403398,518
2026-02-17 02:25:31.411360,507
2026-02-17 02:25:31.419345,510
2026-02-17 02:25:31.427464,519
2026-02-17 02:25:31.435393,504
2026-02-17 02:25:31.443417,522
2026-02-17 02:25:31.451399,514
2026-02-17 02:25:31.459404,514
2026-02-17 02:25:31.467380,512
2026-02-17 02:25:31.475405,507
2026-02-17 02:25:31.483442,513
2026-02-17 02:25:31.491398,517
2026-02-17 02:25:31.499398,525
2026-02-17 02:25:31.507299,520
2026-02-17 02:25:31.515306,517
2026-02-17 02:25:31.523297,512
2026-02-17 02:25:31.531363,515
2026-02-17 02:25:31.539299,516
2026-02-17 02:25:31.547314,525
2026-02-17 02:25:31.555308,517
2026-02-17 02:25:31.563310,522
2026-02-17 02:25:31.571306,509
2026-02-17 02:25:31.579288,510
2026-02-17 02:25:31.587251,523
2026-02-17 02:25:31.595290,514
2026-02-17 02:25:31.603244,517
2026-02-17 02:25:31.611263,515
2026-02-17 02:25:31.619320,510
2026-02-17 02:25:31.627313,513
2026-02-17 02:25:31.635289,513
2026-02-17 02:25:31.643274,511
2026-02-17 02:25:31.651277,507
2026-02-17 02:25:31.659317,512
2026-02-17 02:25:31.667283,515
2026-02-17 02:25:31.675273,512
2026-02-17 02:25:31.683280,520
2026-02-17 02:25:31.691276,523
2026-02-17 02:25:31.699282,504
2026-02-17 02:25:31.707268,519
2026-02-17 02:25:31.715277,509
2026-02-17 02:25:31.723267,517
2026-02-17 02:25:31.731305,514
2026-02-17 02:25:31.739311,517
2026-02-17 02:25:31.747328,525
2026-02-17 02:25:31.755291,517
2026-02-17 02:25:31.763418,495
2026-02-17 02:25:31.771333,502
2026-02-17 02:25:31.779310,508
2026-02-17 02:25:31.787287,517
2026-02-17 02:25:31.795277,518
2026-02-17 02:25:31.803313,511
2026-02-17 02:25:31.811261,511
2026-02-17 02:25:31.819299,505
2026-02-17 02:25:31.827282,519
2026-02-17 02:25:31.835264,512
2026-02-17 02:25:31.843282,512
2026-02-17 02:25:31.851610,509
2026-02-17 02:25:31.859428,515
2026-02-17 02:25:31.867354,511
2026-02-17 02:25:31.875248,505
2026-02-17 02:25:31.883260,518
2026-02-17 02:25:31.891285,516
2026-02-17 02:25:31.899276,508
2026-02-17 02:25:31.907263,519
2026-02-17 02:25:31.915388,507
2026-02-17 02:25:31.923355,514
2026-02-17 02:25:31.931274,513
2026-02-17 02:25:31.939283,505
2026-02-17 02:25:31.947311,515
2026-02-17 02:25:31.955261,510
2026-02-17 02:25:31.963336,514
2026-02-17 02:25:31.971301,512
2026-02-17 02:25:31.979307,517
2026-02-17 02:25:31.987268,510
2026-02-17 02:25:31.995270,500
2026-02-17 02:25:32.003264,507
2026-02-17 02:25:32.011271,501
2026-02-17 02:25:32.019274,505
2026-02-17 02:25:32.027293,518
2026-02-17 02:25:32.035194,517
2026-02-17 02:25:32.043302,499
2026-02-17 02:25:32.051316,513
2026-02-17 02:25:32.059329,515
2026-02-17 02:25:32.067280,514
2026-02-17 02:25:32.075260,507
2026-02-17 02:25:32.083237,513
2026-02-17 02:25:32.091282,510
2026-02-17 02:25:32.099270,512
2026-02-17 02:25:32.107251,513
2026-02-17 02:25:32.115291,515
2026-02-17 02:25:32.123242,517
2026-02-17 02:25:32.131228,514
2026-02-17 02:25:32.139246,524
2026-02-17 02:25:32.147223,520
2026-02-17 02:25:32.155286,504
2026-02-17 02:25:32.163298,514
2026-02-17 02:25:32.171308,511
2026-02-17 02:25:32.179253,502
2026-02-17 02:25:32.187260,507
2026-02-17 02:25:32.195253,512
2026-02-17 02:25:32.203264,513
2026-02-17 02:25:32.211288,513
2026-02-17 02:25:32.219243,515
2026-02-17 02:25:32.227240,508
2026-02-17 02:25:32.235372,507
2026-02-17 02:25:32.243268,517
2026-02-17 02:25:32.251252,513
2026-02-17 02:25:32.259279,512
2026-02-17 02:25:32.267317,512
2026-02-17 02:25:32.275340,513
2026-02-17 02:25:32.283248,513
2026-02-17 02:25:32.291293,515
2026-02-17 02:25:32.299250,513
2026-02-17 02:25:32.307239,512
2026-02-17 02:25:32.315239,514
2026-02-17 02:25:32.323262,523
2026-02-17 02:25:32.331236,517
2026-02-17 02:25:32.339241,508
2026-02-17 02:25:32.347230,511
2026-02-17 02:25:32.355244,502
2026-02-17 02:25:32.363234,521
2026-02-17 02:25:32.371322,521
2026-02-17 02:25:32.379290,510
2026-02-17 02:25:32.387307,520
2026-02-17 02:25:32.395254,517
2026-02-17 02:25:32.403286,512
2026-02-17 02:25:32.411263,515
2026-02-17 02:25:32.419223,516
2026-02-17 02:25:32.427230,517
2026-02-17 02:25:32.435228,508
2026-02-17 02:25:32.443222,517
2026-02-17 02:25:32.451171,506
2026-02-17 02:25:32.459220,508
2026-02-17 02:25:32.467292,516
2026-02-17 02:25:32.475224,513
2026-02-17 02:25:32.483243,514
2026-02-17 02:25:32.491226,501
2026-02-17 02:25:32.499222,512
2026-02-17 02:25:32.507236,514
2026-02-17 02:25:32.515256,506
2026-02-17 02:25:32.523217,498
2026-02-17 02:25:32.531224,504
2026-02-17 02:25:32.539221,514
2026-02-17 02:25:32.547227,519
2026-02-17 02:25:32.555238,519
2026-02-17 02:25:32.563208,518
2026-02-17 02:25:32.571271,514
2026-02-17 02:25:32.579232,498
2026-02-17 02:25:32.587184,513
2026-02-17 02:25:32.595197,510
2026-02-17 02:25:32.603260,511
2026-02-17 02:25:32.611238,516
2026-02-17 02:25:32.619209,517
2026-02-17 02:25:32.627229,515
2026-02-17 02:25:32.635221,506
2026-02-17 02:25:32.643216,514
2026-02-17 02:25:32.651219,513
2026-02-17 02:25:32.659225,517
2026-02-17 02:25:32.667278,524
2026-02-17 02:25:32.675274,510
2026-02-17 02:25:32.683227,504
2026-02-17 02:25:32.691221,507
2026-02-17 02:25:32.699224,515
2026-02-17 02:25:32.707234,504
2026-02-17 02:25:32.715219,508
2026-02-17 02:25:32.723217,513
2026-02-17 02:25:32.731160,512
2026-02-17 02:25:32.739305,509
2026-02-17 02:25:32.747270,515
2026-02-17 02:25:32.755236,512
2026-02-17 02:25:32.763261,515
2026-02-17 02:25:32.771344,507
2026-02-17 02:25:32.779245,508
2026-02-17 02:25:32.787257,517
2026-02-17 02:25:32.795205,507
2026-02-17 02:25:32.803229,508
2026-02-17 02:25:32.811207,510
2026-02-17 02:25:32.819203,516
2026-02-17 02:25:32.827203,506
2026-02-17 02:25:32.835217,499
2026-02-17 02:25:32.843212,506
2026-02-17 02:25:32.851271,514
2026-02-17 02:25:32.859264,508
2026-02-17 02:25:32.867256,507
2026-02-17 02:25:32.875198,522
2026-02-17 02:25:32.883143,516
2026-02-17 02:25:32.891193,523
2026-02-17 02:25:32.899275,516
2026-02-17 02:25:32.907229,511
2026-02-17 02:25:32.915216,508
2026-02-17 02:25:32.923250,516
2026-02-17 02:25:32.931204,511
2026-02-17 02:25:32.939203,508
2026-02-17 02:25:32.947195,516
2026-02-17 02:25:32.955262,507
2026-02-17 02:25:32.963243,504
2026-02-17 02:25:32.971254,505
2026-02-17 02:25:32.979250,514
2026-02-17 02:25:32.987239,517
2026-02-17 02:25:32.995250,513
2026-02-17 02:25:33.003201,518
2026-02-17 02:25:33.011196,506
2026-02-17 02:25:33.019275,507
2026-02-17 02:25:33.027213,505
2026-02-17 02:25:33.035173,507
2026-02-17 02:25:33.043211,515
2026-02-17 02:25:33.051195,520
2026-02-17 02:25:33.059302,521
2026-02-17 02:25:33.067191,524
2026-02-17 02:25:33.075282,511
2026-02-17 02:25:33.083249,512
2026-02-17 02:25:33.091267,511
2026-02-17 02:25:33.099231,513
2026-02-17 02:25:33.107234,512
2026-02-17 02:25:33.115204,510
2026-02-17 02:25:33.123198,523
2026-02-17 02:25:33.131194,513
2026-02-17 02:25:33.139193,512
2026-02-17 02:25:33.147196,519
2026-02-17 02:25:33.155186,517
2026-02-17 02:25:33.163189,520
2026-02-17 02:25:33.171197,517
2026-02-17 02:25:33.179202,507
2026-02-17 02:25:33.187197,520
2026-02-17 02:25:33.195224,513
2026-02-17 02:25:33.203185,520
2026-02-17 02:25:33.211180,511
2026-02-17 02:25:33.219185,511
2026-02-17 02:25:33.227182,517
2026-02-17 02:25:33.235193,507
2026-02-17 02:25:33.243227,512
2026-02-17 02:25:33.251235,513
2026-02-17 02:25:33.259215,512
2026-02-17 02:25:33.267278,521
2026-02-17 02:25:33.275233,508
2026-02-17 02:25:33.283181,517
2026-02-17 02:25:33.291202,516
2026-02-17 02:25:33.299279,510
2026-02-17 02:25:33.307211,510
2026-02-17 02:25:33.315197,506
2026-02-17 02:25:33.323178,520
2026-02-17 02:25:33.331177,518
2026-02-17 02:25:33.339189,508
2026-02-17 02:25:33.347178,513
2026-02-17 02:25:33.355191,509
2026-02-17 02:25:33.363172,516
2026-02-17 02:25:33.371279,514
2026-02-17 02:25:33.379248,514
2026-02-17 02:25:33.387247,521
2026-02-17 02:25:33.395184,505
2026-02-17 02:25:33.403192,515
2026-02-17 02:25:33.411175,513
2026-02-17 02:25:33.419183,508
2026-02-17 02:25:33.427218,504
2026-02-17 02:25:33.435179,511
2026-02-17 02:25:33.443194,513
2026-02-17 02:25:33.451139,510
2026-02-17 02:25:33.459168,521
2026-02-17 02:25:33.467194,514
2026-02-17 02:25:33.475113,505
2026-02-17 02:25:33.483157,509
2026-02-17 02:25:33.491156,516
2026-02-17 02:25:33.499171,514
2026-02-17 02:25:33.507207,521
2026-02-17 02:25:33.515164,517
2026-02-17 02:25:33.523221,508
2026-02-17 02:25:33.531202,499
2026-02-17 02:25:33.539167,506
2026-02-17 02:25:33.547167,519
2026-02-17 02:25:33.555169,515
2026-02-17 02:25:33.563318,525
2026-02-17 02:25:33.571189,514
2026-02-17 02:25:33.579278,498
2026-02-17 02:25:33.587907,508
2026-02-17 02:25:33.595203,512
2026-02-17 02:25:33.603165,517
2026-02-17 02:25:33.611193,514
2026-02-17 02:25:33.619176,511
2026-02-17 02:25:33.627191,506
2026-02-17 02:25:33.635167,498
2026-02-17 02:25:33.643170,502
2026-02-17 02:25:33.651160,511
2026-02-17 02:25:33.659163,520
2026-02-17 02:25:33.667139,517
2026-02-17 02:25:33.675157,499
2026-02-17 02:25:33.683266,502
2026-02-17 02:25:33.691162,522
2026-02-17 02:25:33.699177,520
2026-02-17 02:25:33.707190,521
2026-02-17 02:25:33.715148,504
2026-02-17 02:25:33.723169,513
2026-02-17 02:25:33.731153,512
2026-02-17 02:25:33.739284,519
2026-02-17 02:25:33.747184,515
2026-02-17 02:25:33.755181,509
2026-02-17 02:25:33.763153,515
2026-02-17 02:25:33.771272,505
2026-02-17 02:25:33.779179,498
2026-02-17 02:25:33.787206,506
2026-02-17 02:25:33.795162,511
2026-02-17 02:25:33.803154,513
2026-02-17 02:25:33.811146,513
2026-02-17 02:25:33.819146,510
2026-02-17 02:25:33.827147,513
2026-02-17 02:25:33.835193,499
2026-02-17 02:25:33.843179,509
2026-02-17 02:25:33.851243,518
2026-02-17 02:25:33.859240,519
2026-02-17 02:25:33.867369,522
2026-02-17 02:25:33.875265,503
2026-02-17 02:25:33.883236,500
2026-02-17 02:25:33.891248,506
2026-02-17 02:25:33.899160,509
2026-02-17 02:25:33.907206,516
2026-02-17 02:25:33.915225,515
2026-02-17 02:25:33.923144,511
2026-02-17 02:25:33.931133,501
2026-02-17 02:25:33.939136,502
2026-02-17 02:25:33.947147,516
2026-02-17 02:25:33.955128,501
2026-02-17 02:25:33.963096,518
2026-02-17 02:25:33.971236,519
2026-02-17 02:25:33.979192,507
2026-02-17 02:25:33.987096,511
2026-02-17 02:25:33.995141,508
2026-02-17 02:25:34.003104,516
2026-02-17 02:25:34.011138,511
2026-02-17 02:25:34.019198,504
2026-02-17 02:25:34.027133,504
2026-02-17 02:25:34.035096,505
2026-02-17 02:25:34.043145,511
2026-02-17 02:25:34.051094,513
2026-02-17 02:25:34.059202,518
2026-02-17 02:25:34.067186,517
2026-02-17 02:25:34.075088,501
2026-02-17 02:25:34.083174,514
2026-02-17 02:25:34.091219,516
2026-02-17 02:25:34.099186,516
2026-02-17 02:25:34.107157,519
2026-02-17 02:25:34.115129,518
2026-02-17 02:25:34.123135,510
2026-02-17 02:25:34.131133,516
2026-02-17 02:25:34.139131,509
2026-02-17 02:25:34.147133,518
2026-02-17 02:25:34.155131,517
2026-02-17 02:25:34.163169,515
2026-02-17 02:25:34.171127,493
2026-02-17 02:25:34.179138,512
2026-02-17 02:25:34.187133,511
2026-02-17 02:25:34.195140,508
2026-02-17 02:25:34.203139,520
2026-02-17 02:25:34.211126,512
2026-02-17 02:25:34.219135,500
2026-02-17 02:25:34.227126,508
2026-02-17 02:25:34.235166,512
2026-02-17 02:25:34.243153,520
2026-02-17 02:25:34.251131,514
2026-02-17 02:25:34.259169,517
2026-02-17 02:25:34.267223,520
2026-02-17 02:25:34.275150,503
2026-02-17 02:25:34.283089,511
2026-02-17 02:25:34.291093,516
2026-02-17 02:25:34.299130,517
2026-02-17 02:25:34.307139,514
2026-02-17 02:25:34.315124,518
2026-02-17 02:25:34.323121,514
2026-02-17 02:25:34.331126,506
2026-02-17 02:25:34.339109,507
2026-02-17 02:25:34.347118,520
2026-02-17 02:25:34.355123,513
2026-02-17 02:25:34.363127,517
2026-02-17 02:25:34.371157,511
2026-02-17 02:25:34.379139,510
2026-02-17 02:25:34.387128,507
2026-02-17 02:25:34.395115,509
2026-02-17 02:25:34.403114,522
2026-02-17 02:25:34.411109,517
2026-02-17 02:25:34.419160,515
2026-02-17 02:25:34.427104,524
2026-02-17 02:25:34.435109,502
2026-02-17 02:25:34.443113,503
2026-02-17 02:25:34.451103,510
2026-02-17 02:25:34.459101,505
2026-02-17 02:25:34.467117,510
2026-02-17 02:25:34.475130,500
2026-02-17 02:25:34.483083,515
2026-02-17 02:25:34.491171,514
2026-02-17 02:25:34.499062,515
2026-02-17 02:25:34.507148,511
2026-02-17 02:25:34.515113,517
2026-02-17 02:25:34.523107,516
2026-02-17 02:25:34.531124,514
2026-02-17 02:25:34.539102,510
2026-02-17 02:25:34.547104,515
2026-02-17 02:25:34.555100,510
2026-02-17 02:25:34.563115,511
2026-02-17 02:25:34.571110,514
2026-02-17 02:25:34.579164,506
2026-02-17 02:25:34.587133,512
2026-02-17 02:25:34.595087,506
2026-02-17 02:25:34.603115,509
2026-02-17 02:25:34.611124,502
2026-02-17 02:25:34.619103,513
2026-02-17 02:25:34.627166,514
2026-02-17 02:25:34.635205,502
2026-02-17 02:25:34.643114,514
2026-02-17 02:25:34.651110,510
2026-02-17 02:25:34.659107,507
2026-02-17 02:25:34.667146,514
2026-02-17 02:25:34.675107,502
2026-02-17 02:25:34.683121,513
2026-02-17 02:25:34.691099,516
2026-02-17 02:25:34.699138,504
2026-02-17 02:25:34.707106,511
2026-02-17 02:25:34.715098,505
2026-02-17 02:25:34.723088,518
2026-02-17 02:25:34.731165,530
2026-02-17 02:25:34.739170,507
2026-02-17 02:25:34.747171,514
2026-02-17 02:25:34.755121,518
2026-02-17 02:25:34.763150,522
2026-02-17 02:25:34.771201,515
2026-02-17 02:25:34.779153,515
2026-02-17 02:25:34.787099,516
2026-02-17 02:25:34.795149,510
2026-02-17 02:25:34.803147,512
2026-02-17 02:25:34.811128,517
2026-02-17 02:25:34.819109,510
2026-02-17 02:25:34.827093,510
2026-02-17 02:25:34.835094,514
2026-02-17 02:25:34.843096,510
2026-02-17 02:25:34.851146,511
2026-02-17 02:25:34.859151,515
2026-02-17 02:25:34.867088,512
2026-02-17 02:25:34.875097,499
2026-02-17 02:25:34.883046,510
2026-02-17 02:25:34.891048,510
2026-02-17 02:25:34.899084,501
2026-02-17 02:25:34.907099,517
2026-02-17 02:25:34.915085,511
2026-02-17 02:25:34.923075,518
2026-02-17 02:25:34.931089,514
2026-02-17 02:25:34.939085,513
2026-02-17 02:25:34.947084,512
2026-02-17 02:25:34.955092,505
2026-02-17 02:25:34.963089,512
2026-02-17 02:25:34.971082,512
2026-02-17 02:25:34.979157,514
2026-02-17 02:25:34.987052,518
2026-02-17 02:25:34.995113,507
2026-02-17 02:25:35.003064,511
2026-02-17 02:25:35.011100,520
2026-02-17 02:25:35.019127,515
2026-02-17 02:25:35.027089,514
2026-02-17 02:25:35.035038,509
2026-02-17 02:25:35.043084,514
2026-02-17 02:25:35.051038,501
2026-02-17 02:25:35.059188,507
2026-02-17 02:25:35.067138,519
2026-02-17 02:25:35.075191,503
2026-02-17 02:25:35.083098,505
2026-02-17 02:25:35.091120,508
2026-02-17 02:25:35.099038,503
2026-02-17 02:25:35.107071,512
2026-02-17 02:25:35.115070,510
2026-02-17 02:25:35.123044,515
2026-02-17 02:25:35.131049,524
2026-02-17 02:25:35.139060,510
2026-02-17 02:25:35.147045,504
2026-02-17 02:25:35.155068,487
2026-02-17 02:25:35.163065,492
2026-02-17 02:25:35.171077,502
2026-02-17 02:25:35.179089,502
2026-02-17 02:25:35.187048,506
2026-02-17 02:25:35.195060,496
2026-02-17 02:25:35.203080,505
2026-02-17 02:25:35.211035,502
2026-02-17 02:25:35.219111,500
2026-02-17 02:25:35.227070,510
2026-02-17 02:25:35.235062,515
2026-02-17 02:25:35.243055,512
2026-02-17 02:25:35.251037,504
2026-02-17 02:25:35.259070,496
2026-02-17 02:25:35.267048,502
2026-02-17 02:25:35.275060,505
2026-02-17 02:25:35.283111,514
2026-02-17 02:25:35.291039,516
2026-02-17 02:25:35.299032,520
2026-02-17 02:25:35.307087,522
2026-02-17 02:25:35.315069,506
2026-02-17 02:25:35.323067,513
2026-02-17 02:25:35.331063,521
2026-02-17 02:25:35.339108,513
2026-02-17 02:25:35.347069,512
2026-02-17 02:25:35.355068,503
2026-02-17 02:25:35.363073,511
2026-02-17 02:25:35.371066,505
2026-02-17 02:25:35.379107,505
2026-02-17 02:25:35.387084,510
2026-02-17 02:25:35.395077,503
2026-02-17 02:25:35.403130,514
2026-02-17 02:25:35.411089,505
2026-02-17 02:25:35.419066,509
2026-02-17 02:25:35.427107,521
2026-02-17 02:25:35.435077,505
2026-02-17 02:25:35.443080,505
2026-02-17 02:25:35.451063,523
2026-02-17 02:25:35.459061,514
2026-02-17 02:25:35.467057,527
2026-02-17 02:25:35.475053,505
2026-02-17 02:25:35.483055,509
2026-02-17 02:25:35.491077,502
2026-02-17 02:25:35.499044,506
2026-02-17 02:25:35.507075,524
2026-02-17 02:25:35.514995,509
2026-02-17 02:25:35.523099,516
2026-02-17 02:25:35.531054,521
2026-02-17 02:25:35.539109,513
2026-02-17 02:25:35.547105,512
2026-02-17 02:25:35.555053,504
2026-02-17 02:25:35.563055,520
2026-02-17 02:25:35.571071,516
2026-02-17 02:25:35.579062,514
2026-02-17 02:25:35.587028,516
2026-02-17 02:25:35.595018,504
2026-02-17 02:25:35.603075,516
2026-02-17 02:25:35.611056,508
2026-02-17 02:25:35.619058,510
2026-02-17 02:25:35.627062,513
2026-02-17 02:25:35.635053,504
2026-02-17 02:25:35.643052,505
2026-02-17 02:25:35.651047,510
2026-02-17 02:25:35.659040,514
2026-02-17 02:25:35.667059,515
2026-02-17 02:25:35.675059,510
2026-02-17 02:25:35.683059,506
2026-02-17 02:25:35.691047,508
2026-02-17 02:25:35.699048,503
2026-02-17 02:25:35.707043,515
2026-02-17 02:25:35.715038,517
2026-02-17 02:25:35.723044,517
2026-02-17 02:25:35.731007,518
2026-02-17 02:25:35.739075,512
2026-02-17 02:25:35.747019,513
2026-02-17 02:25:35.755059,512
2026-02-17 02:25:35.763085,507
2026-02-17 02:25:35.771118,512
2026-02-17 02:25:35.779055,508
2026-02-17 02:25:35.787071,521
2026-02-17 02:25:35.795098,519
2026-02-17 02:25:35.803040,523
2026-02-17 02:25:35.811037,505
2026-02-17 02:25:35.819041,511
2026-02-17 02:25:35.827032,516
2026-02-17 02:25:35.835040,503
2026-02-17 02:25:35.843033,521
2026-02-17 02:25:35.851151,517
2026-02-17 02:25:35.859107,519
2026-02-17 02:25:35.867104,528
2026-02-17 02:25:35.875048,513
2026-02-17 02:25:35.883047,517
2026-02-17 02:25:35.890989,510
2026-02-17 02:25:35.899060,512
2026-02-17 02:25:35.907084,512
2026-02-17 02:25:35.915041,511
2026-02-17 02:25:35.923032,514
2026-02-17 02:25:35.931044,512
2026-02-17 02:25:35.939061,513
2026-02-17 02:25:35.947033,507
2026-02-17 02:25:35.955035,509
2026-02-17 02:25:35.963092,513
2026-02-17 02:25:35.971049,503
2026-02-17 02:25:35.979110,505
2026-02-17 02:25:35.987102,522
2026-02-17 02:25:35.995048,513
2026-02-17 02:25:36.003013,509
2026-02-17 02:25:36.011182,505
2026-02-17 02:25:36.019099,512
2026-02-17 02:25:36.027010,511
2026-02-17 02:25:36.034972,509
2026-02-17 02:25:36.043044,512
2026-02-17 02:25:36.051017,506
2026-02-17 02:25:36.059049,516
2026-02-17 02:25:36.067033,507
2026-02-17 02:25:36.075018,494
2026-02-17 02:25:36.083002,500
2026-02-17 02:25:36.090988,507
2026-02-17 02:25:36.099037,511
2026-02-17 02:25:36.107065,517
2026-02-17 02:25:36.115006,500
2026-02-17 02:25:36.122992,516
2026-02-17 02:25:36.131032,522
2026-02-17 02:25:36.139073,518
2026-02-17 02:25:36.147048,517
2026-02-17 02:25:36.155026,505
2026-02-17 02:25:36.163101,515
2026-02-17 02:25:36.171034,518
2026-02-17 02:25:36.179050,504
2026-02-17 02:25:36.187181,510
2026-02-17 02:25:36.195112,507
2026-02-17 02:25:36.203083,516
2026-02-17 02:25:36.211033,526
2026-02-17 02:25:36.219035,514
2026-02-17 02:25:36.227032,522
2026-02-17 02:25:36.235063,504
2026-02-17 02:25:36.243063,504
2026-02-17 02:25:36.251074,519
2026-02-17 02:25:36.259116,515
2026-02-17 02:25:36.267252,519
2026-02-17 02:25:36.275110,505
2026-02-17 02:25:36.283058,526
2026-02-17 02:25:36.291121,496
2026-02-17 02:25:36.299062,502
2026-02-17 02:25:36.307086,515
2026-02-17 02:25:36.315042,519
2026-02-17 02:25:36.323039,521
2026-02-17 02:25:36.331031,506
2026-02-17 02:25:36.339021,508
2026-02-17 02:25:36.347054,522
2026-02-17 02:25:36.355017,513
2026-02-17 02:25:36.363011,512
2026-02-17 02:25:36.371007,512
2026-02-17 02:25:36.379012,516
2026-02-17 02:25:36.387041,524
2026-02-17 02:25:36.395029,509
2026-02-17 02:25:36.403038,516
2026-02-17 02:25:36.411022,517
2026-02-17 02:25:36.419023,513
2026-02-17 02:25:36.427006,515
2026-02-17 02:25:36.435025,507
2026-02-17 02:25:36.443021,522
2026-02-17 02:25:36.451011,515
2026-02-17 02:25:36.459019,504
2026-02-17 02:25:36.467009,508
2026-02-17 02:25:36.474987,518
2026-02-17 02:25:36.483048,521
2026-02-17 02:25:36.491006,512
2026-02-17 02:25:36.499024,514
2026-02-17 02:25:36.507053,530
2026-02-17 02:25:36.515009,506
2026-02-17 02:25:36.522995,519
2026-02-17 02:25:36.531022,512
2026-02-17 02:25:36.539088,509
2026-02-17 02:25:36.547010,517
2026-02-17 02:25:36.555019,512
2026-02-17 02:25:36.563009,509
2026-02-17 02:25:36.571007,507
2026-02-17 02:25:36.579011,519
2026-02-17 02:25:36.587082,513
2026-02-17 02:25:36.595035,504
2026-02-17 02:25:36.603069,510
2026-02-17 02:25:36.611049,511
2026-02-17 02:25:36.618997,507
2026-02-17 02:25:36.627001,511
2026-02-17 02:25:36.635015,510
2026-02-17 02:25:36.643023,521
2026-02-17 02:25:36.651109,515
2026-02-17 02:25:36.659064,515
2026-02-17 02:25:36.667019,516
2026-02-17 02:25:36.675047,501
2026-02-17 02:25:36.683004,503
2026-02-17 02:25:36.691001,517
2026-02-17 02:25:36.699018,521
2026-02-17 02:25:36.707014,519
2026-02-17 02:25:36.715035,502
2026-02-17 02:25:36.723046,512
2026-02-17 02:25:36.731043,510
2026-02-17 02:25:36.739040,516
2026-02-17 02:25:36.747020,512
2026-02-17 02:25:36.755004,507
2026-02-17 02:25:36.762993,507
2026-02-17 02:25:36.771058,517
2026-02-17 02:25:36.779049,513
2026-02-17 02:25:36.787065,519
2026-02-17 02:25:36.795017,515
2026-02-17 02:25:36.803044,512
2026-02-17 02:25:36.811007,517
2026-02-17 02:25:36.818999,515
2026-02-17 02:25:36.826988,513
2026-02-17 02:25:36.834988,512
2026-02-17 02:25:36.842990,519
2026-02-17 02:25:36.851109,511
2026-02-17 02:25:36.859014,493
2026-02-17 02:25:36.867035,502
2026-02-17 02:25:36.875015,508
2026-02-17 02:25:36.883978,504
2026-02-17 02:25:36.891075,497
2026-02-17 02:25:36.898975,505
2026-02-17 02:25:36.907026,515
2026-02-17 02:25:36.915008,509
2026-02-17 02:25:36.922982,514
2026-02-17 02:25:36.931016,506
2026-02-17 02:25:36.938996,514
2026-02-17 02:25:36.946990,517
2026-02-17 02:25:36.954993,512
2026-02-17 02:25:36.962992,517
2026-02-17 02:25:36.970984,503
2026-02-17 02:25:36.979006,504
2026-02-17 02:25:36.987002,512
2026-02-17 02:25:36.994996,503
2026-02-17 02:25:37.002993,519
2026-02-17 02:25:37.010984,518
2026-02-17 02:25:37.019041,520
2026-02-17 02:25:37.026990,513
2026-02-17 02:25:37.034932,509
2026-02-17 02:25:37.042977,511
2026-02-17 02:25:37.051009,502
2026-02-17 02:25:37.058971,496
2026-02-17 02:25:37.066959,512
2026-02-17 02:25:37.075047,506
2026-02-17 02:25:37.082970,518
2026-02-17 02:25:37.090940,515
2026-02-17 02:25:37.098965,507
2026-02-17 02:25:37.107045,510
2026-02-17 02:25:37.114964,505
2026-02-17 02:25:37.123012,510
2026-02-17 02:25:37.130976,511
2026-02-17 02:25:37.138997,508
2026-02-17 02:25:37.147029,509
2026-02-17 02:25:37.154983,498
2026-02-17 02:25:37.162993,519
2026-02-17 02:25:37.170995,510
2026-02-17 02:25:37.178974,511
2026-02-17 02:25:37.187148,523
2026-02-17 02:25:37.195072,512
2026-02-17 02:25:37.203016,520
2026-02-17 02:25:37.211007,510
2026-02-17 02:25:37.218986,507
2026-02-17 02:25:37.226984,513
2026-02-17 02:25:37.235033,520
2026-02-17 02:25:37.242976,523
2026-02-17 02:25:37.250951,511
2026-02-17 02:25:37.259012,517
2026-02-17 02:25:37.266937,523
2026-02-17 02:25:37.275060,513
2026-02-17 02:25:37.283033,509
2026-02-17 02:25:37.290990,514
2026-02-17 02:25:37.298975,513
2026-02-17 02:25:37.307078,514
2026-02-17 02:25:37.314982,512
2026-02-17 02:25:37.322971,515
2026-02-17 02:25:37.330984,516
2026-02-17 02:25:37.338978,511
2026-02-17 02:25:37.346961,514
2026-02-17 02:25:37.354961,511
2026-02-17 02:25:37.362991,518
2026-02-17 02:25:37.370969,513
2026-02-17 02:25:37.378989,506
2026-02-17 02:25:37.387018,514
2026-02-17 02:25:37.395050,505
2026-02-17 02:25:37.402989,509
2026-02-17 02:25:37.411026,508
2026-02-17 02:25:37.418986,516
2026-02-17 02:25:37.427043,516
2026-02-17 02:25:37.435087,509
2026-02-17 02:25:37.443042,514
2026-02-17 02:25:37.451000,518
2026-02-17 02:25:37.458998,516
2026-02-17 02:25:37.467461,500
2026-02-17 02:25:37.475089,511
2026-02-17 02:25:37.483042,515
2026-02-17 02:25:37.490961,513
2026-02-17 02:25:37.499093,507
2026-02-17 02:25:37.507041,513
2026-02-17 02:25:37.515021,506
2026-02-17 02:25:37.522981,510
2026-02-17 02:25:37.530957,508
2026-02-17 02:25:37.538921,502
2026-02-17 02:25:37.547047,511
2026-02-17 02:25:37.554946,507
2026-02-17 02:25:37.562966,511
2026-02-17 02:25:37.571018,517
2026-02-17 02:25:37.578970,519
2026-02-17 02:25:37.586929,527
2026-02-17 02:25:37.594955,506
2026-02-17 02:25:37.602983,507
2026-02-17 02:25:37.611003,509
2026-02-17 02:25:37.618954,515
2026-02-17 02:25:37.626993,520
2026-02-17 02:25:37.634993,500
2026-02-17 02:25:37.642947,516
2026-02-17 02:25:37.650992,512
2026-02-17 02:25:37.658948,510
2026-02-17 02:25:37.666956,513
2026-02-17 02:25:37.674954,493
2026-02-17 02:25:37.682978,503
2026-02-17 02:25:37.690951,509
2026-02-17 02:25:37.698951,514
2026-02-17 02:25:37.706958,511
2026-02-17 02:25:37.714988,504
2026-02-17 02:25:37.722957,510
2026-02-17 02:25:37.730914,507
2026-02-17 02:25:37.739007,505
2026-02-17 02:25:37.747007,497
2026-02-17 02:25:37.755059,499
2026-02-17 02:25:37.763015,512
2026-02-17 02:25:37.770997,510
2026-02-17 02:25:37.778961,513
2026-02-17 02:25:37.787029,522
2026-02-17 02:25:37.795034,520
2026-02-17 02:25:37.802981,515
2026-02-17 02:25:37.810952,515
2026-02-17 02:25:37.819014,506
2026-02-17 02:25:37.826950,512
2026-02-17 02:25:37.834992,513
2026-02-17 02:25:37.842962,514
2026-02-17 02:25:37.851012,518
2026-02-17 02:25:37.859008,512
2026-02-17 02:25:37.866995,519
2026-02-17 02:25:37.874966,510
2026-02-17 02:25:37.882985,508
2026-02-17 02:25:37.890942,512
2026-02-17 02:25:37.898913,514
2026-02-17 02:25:37.907012,504
2026-02-17 02:25:37.914955,505
2026-02-17 02:25:37.922945,519
2026-02-17 02:25:37.930935,518
2026-02-17 02:25:37.938949,521
2026-02-17 02:25:37.946938,517
2026-02-17 02:25:37.954959,512
2026-02-17 02:25:37.962993,505
2026-02-17 02:25:37.970948,516
2026-02-17 02:25:37.978957,510
2026-02-17 02:25:37.986941,514
2026-02-17 02:25:37.994995,508
2026-02-17 02:25:38.002945,517
2026-02-17 02:25:38.010947,509
2026-02-17 02:25:38.018989,505
2026-02-17 02:25:38.027048,506
2026-02-17 02:25:38.034920,510
2026-02-17 02:25:38.042987,514
2026-02-17 02:25:38.050932,519
2026-02-17 02:25:38.059009,511
2026-02-17 02:25:38.066924,517
2026-02-17 02:25:38.074995,504
2026-02-17 02:25:38.082930,508
2026-02-17 02:25:38.090933,508
2026-02-17 02:25:38.098940,511
2026-02-17 02:25:38.106976,513
2026-02-17 02:25:38.114976,513
2026-02-17 02:25:38.122927,522
2026-02-17 02:25:38.130934,514
2026-02-17 02:25:38.138953,512
2026-02-17 02:25:38.146975,513
2026-02-17 02:25:38.154902,511
2026-02-17 02:25:38.162954,514
2026-02-17 02:25:38.170937,518
2026-02-17 02:25:38.178901,509
2026-02-17 02:25:38.186965,505
2026-02-17 02:25:38.195009,504
2026-02-17 02:25:38.202934,516
2026-02-17 02:25:38.210957,520
2026-02-17 02:25:38.218938,517
2026-02-17 02:25:38.226953,512
2026-02-17 02:25:38.235018,511
2026-02-17 02:25:38.242993,514
2026-02-17 02:25:38.251009,505
2026-02-17 02:25:38.259013,512
2026-02-17 02:25:38.266927,517
2026-02-17 02:25:38.275020,514
2026-02-17 02:25:38.282912,508
2026-02-17 02:25:38.290903,509
2026-02-17 02:25:38.298943,508
2026-02-17 02:25:38.306923,518
2026-02-17 02:25:38.315042,508
2026-02-17 02:25:38.322986,518
2026-02-17 02:25:38.330997,506
2026-02-17 02:25:38.338944,503
2026-02-17 02:25:38.346955,517
2026-02-17 02:25:38.354934,508
2026-02-17 02:25:38.362985,512
2026-02-17 02:25:38.370930,512
2026-02-17 02:25:38.379036,518
2026-02-17 02:25:38.386995,516
2026-02-17 02:25:38.394996,509
2026-02-17 02:25:38.402949,520
2026-02-17 02:25:38.410933,517
2026-02-17 02:25:38.418930,514
2026-02-17 02:25:38.426927,518
2026-02-17 02:25:38.434921,505
2026-02-17 02:25:38.442927,505
2026-02-17 02:25:38.450956,517
2026-02-17 02:25:38.458925,511
2026-02-17 02:25:38.466915,514
2026-02-17 02:25:38.474928,507
2026-02-17 02:25:38.482925,509
2026-02-17 02:25:38.490912,520
2026-02-17 02:25:38.498922,510
2026-02-17 02:25:38.506936,511
2026-02-17 02:25:38.514962,513
2026-02-17 02:25:38.522913,517
2026-02-17 02:25:38.530922,508
2026-02-17 02:25:38.538936,517
2026-02-17 02:25:38.546894,514
2026-02-17 02:25:38.554911,505
2026-02-17 02:25:38.562984,514
2026-02-17 02:25:38.570969,512
2026-02-17 02:25:38.578898,506
2026-02-17 02:25:38.586879,517
2026-02-17 02:25:38.594940,521
2026-02-17 02:25:38.602919,517
2026-02-17 02:25:38.610936,512
2026-02-17 02:25:38.618947,515
2026-02-17 02:25:38.626908,511
2026-02-17 02:25:38.634924,513
2026-02-17 02:25:38.642940,522
2026-02-17 02:25:38.650912,513
2026-02-17 02:25:38.658952,516
2026-02-17 02:25:38.666915,521
2026-02-17 02:25:38.674964,505
2026-02-17 02:25:38.682907,512
2026-02-17 02:25:38.690907,513
2026-02-17 02:25:38.698930,510
2026-02-17 02:25:38.706908,512
2026-02-17 02:25:38.714918,503
2026-02-17 02:25:38.722940,510
2026-02-17 02:25:38.730865,501
2026-02-17 02:25:38.739042,511
2026-02-17 02:25:38.746921,518
2026-02-17 02:25:38.754921,512
2026-02-17 02:25:38.762925,516
2026-02-17 02:25:38.771014,514
2026-02-17 02:25:38.778963,517
2026-02-17 02:25:38.786934,516
2026-02-17 02:25:38.794923,513
2026-02-17 02:25:38.802929,525
2026-02-17 02:25:38.810921,518
2026-02-17 02:25:38.818909,502
2026-02-17 02:25:38.826908,500
2026-02-17 02:25:38.834909,509
2026-02-17 02:25:38.842918,505
2026-02-17 02:25:38.850994,516
2026-02-17 02:25:38.859314,518
2026-02-17 02:25:38.867006,513
2026-02-17 02:25:38.874973,497
2026-02-17 02:25:38.882968,513
2026-02-17 02:25:38.890977,510
2026-02-17 02:25:38.898978,509
2026-02-17 02:25:38.906860,506
2026-02-17 02:25:38.914923,505
2026-02-17 02:25:38.922905,519
2026-02-17 02:25:38.930920,518
2026-02-17 02:25:38.938901,510
2026-02-17 02:25:38.946950,512
2026-02-17 02:25:38.954922,514
2026-02-17 02:25:38.962940,514
2026-02-17 02:25:38.970913,507
2026-02-17 02:25:38.978956,509
2026-02-17 02:25:38.986920,512
2026-02-17 02:25:38.994981,504
2026-02-17 02:25:39.002937,515
2026-02-17 02:25:39.010968,512
2026-02-17 02:25:39.019000,516
2026-02-17 02:25:39.026904,510
2026-02-17 02:25:39.034886,511
2026-02-17 02:25:39.042907,494
2026-02-17 02:25:39.050932,508
2026-02-17 02:25:39.058867,511
2026-02-17 02:25:39.066956,504
2026-02-17 02:25:39.074998,502
2026-02-17 02:25:39.082952,508
2026-02-17 02:25:39.090913,503
2026-02-17 02:25:39.098947,507
2026-02-17 02:25:39.106967,510
2026-02-17 02:25:39.114901,510
2026-02-17 02:25:39.122865,504
2026-02-17 02:25:39.130911,514
2026-02-17 02:25:39.138903,506
2026-02-17 02:25:39.146946,513
2026-02-17 02:25:39.154902,516
2026-02-17 02:25:39.162922,516
2026-02-17 02:25:39.170894,514
2026-02-17 02:25:39.178898,507
2026-02-17 02:25:39.186910,509
2026-02-17 02:25:39.194911,510
2026-02-17 02:25:39.202937,520
2026-02-17 02:25:39.210900,517
2026-02-17 02:25:39.218899,510
2026-02-17 02:25:39.226904,519
2026-02-17 02:25:39.234958,509
2026-02-17 02:25:39.242849,516
2026-02-17 02:25:39.250901,511
2026-02-17 02:25:39.258974,511
2026-02-17 02:25:39.266894,512
2026-02-17 02:25:39.274928,499
2026-02-17 02:25:39.282929,504
2026-02-17 02:25:39.290910,505
2026-02-17 02:25:39.298974,516
2026-02-17 02:25:39.306913,512
2026-02-17 02:25:39.314905,512
2026-02-17 02:25:39.322892,514
2026-02-17 02:25:39.330911,510
2026-02-17 02:25:39.338899,514
2026-02-17 02:25:39.346886,509
2026-02-17 02:25:39.354892,510
2026-02-17 02:25:39.362928,512
2026-02-17 02:25:39.370890,516
2026-02-17 02:25:39.378895,514
2026-02-17 02:25:39.386889,508
2026-02-17 02:25:39.395027,506
2026-02-17 02:25:39.402936,513
2026-02-17 02:25:39.410931,505
2026-02-17 02:25:39.418891,510
2026-02-17 02:25:39.426904,512
2026-02-17 02:25:39.434878,502
2026-02-17 02:25:39.442887,508
2026-02-17 02:25:39.450882,515
2026-02-17 02:25:39.458889,507
2026-02-17 02:25:39.466889,512
2026-02-17 02:25:39.475010,501
2026-02-17 02:25:39.482977,518
2026-02-17 02:25:39.490922,509
2026-02-17 02:25:39.498891,506
2026-02-17 02:25:39.506887,510
2026-02-17 02:25:39.514883,512
2026-02-17 02:25:39.522874,507
2026-02-17 02:25:39.530886,513
2026-02-17 02:25:39.538930,509
2026-02-17 02:25:39.546872,516
2026-02-17 02:25:39.554887,503
2026-02-17 02:25:39.563041,515
2026-02-17 02:25:39.570977,528
2026-02-17 02:25:39.578955,515
2026-02-17 02:25:39.586944,525
2026-02-17 02:25:39.594847,518
2026-02-17 02:25:39.602901,513
2026-02-17 02:25:39.610957,515
2026-02-17 02:25:39.618880,504
2026-02-17 02:25:39.626931,512
2026-02-17 02:25:39.634897,517
2026-02-17 02:25:39.642877,515
2026-02-17 02:25:39.651006,517
2026-02-17 02:25:39.658925,503
2026-02-17 02:25:39.666905,504
2026-02-17 02:25:39.674903,494
2026-02-17 02:25:39.682901,501
2026-02-17 02:25:39.690885,504
2026-02-17 02:25:39.698875,502
2026-02-17 02:25:39.706879,518
2026-02-17 02:25:39.714881,508
2026-02-17 02:25:39.722880,515
2026-02-17 02:25:39.730865,515
2026-02-17 02:25:39.738928,521
2026-02-17 02:25:39.746866,518
2026-02-17 02:25:39.754896,520
2026-02-17 02:25:39.762915,521
2026-02-17 02:25:39.770936,526
2026-02-17 02:25:39.778882,525
2026-02-17 02:25:39.786933,523
2026-02-17 02:25:39.794894,522
2026-02-17 02:25:39.802892,524
2026-02-17 02:25:39.810866,519
2026-02-17 02:25:39.818926,519
2026-02-17 02:25:39.826904,529
2026-02-17 02:25:39.834869,517
2026-02-17 02:25:39.842869,504
2026-02-17 02:25:39.850971,518
2026-02-17 02:25:39.858936,513
2026-02-17 02:25:39.866921,515
2026-02-17 02:25:39.874909,501
2026-02-17 02:25:39.882931,510
2026-02-17 02:25:39.890945,516
2026-02-17 02:25:39.899025,514
2026-02-17 02:25:39.906858,516
2026-02-17 02:25:39.914875,517
2026-02-17 02:25:39.922881,517
2026-02-17 02:25:39.930931,519
2026-02-17 02:25:39.938868,519
2026-02-17 02:25:39.946889,508
2026-02-17 02:25:39.954880,520
2026-02-17 02:25:39.962864,526
2026-02-17 02:25:39.970862,520
2026-02-17 02:25:39.978896,515
2026-02-17 02:25:39.986856,526
2026-02-17 02:25:39.994924,515
2026-02-17 02:25:40.002935,513
2026-02-17 02:25:40.010876,519
2026-02-17 02:25:40.018917,521
2026-02-17 02:25:40.026982,516
2026-02-17 02:25:40.034881,512
2026-02-17 02:25:40.042806,520
2026-02-17 02:25:40.050889,517
2026-02-17 02:25:40.058836,515
2026-02-17 02:25:40.066864,514
2026-02-17 02:25:40.074858,499
2026-02-17 02:25:40.082883,514
2026-02-17 02:25:40.090813,513
2026-02-17 02:25:40.098840,514
2026-02-17 02:25:40.106839,519
2026-02-17 02:25:40.114805,514
2026-02-17 02:25:40.122832,502
2026-02-17 02:25:40.130849,511
2026-02-17 02:25:40.138831,517
2026-02-17 02:25:40.146827,520
2026-02-17 02:25:40.154856,525
2026-02-17 02:25:40.162851,519
2026-02-17 02:25:40.170831,513
2026-02-17 02:25:40.178846,510
2026-02-17 02:25:40.186815,515
2026-02-17 02:25:40.194836,514
2026-02-17 02:25:40.202852,509
2026-02-17 02:25:40.210847,513
2026-02-17 02:25:40.218840,520
2026-02-17 02:25:40.226851,525
2026-02-17 02:25:40.234828,520
2026-02-17 02:25:40.242825,504
2026-02-17 02:25:40.250847,508
2026-02-17 02:25:40.258841,506
2026-02-17 02:25:40.266847,505
2026-02-17 02:25:40.274882,514
2026-02-17 02:25:40.282937,516
2026-02-17 02:25:40.290831,516
2026-02-17 02:25:40.298870,522
2026-02-17 02:25:40.306940,519
2026-02-17 02:25:40.314855,516
2026-02-17 02:25:40.322867,505
2026-02-17 02:25:40.330851,496
2026-02-17 02:25:40.338856,502
2026-02-17 02:25:40.346866,494
2026-02-17 02:25:40.354872,490
2026-02-17 02:25:40.362842,480
2026-02-17 02:25:40.370847,484
2026-02-17 02:25:40.378902,469
2026-02-17 02:25:40.386843,473
2026-02-17 02:25:40.394851,469
2026-02-17 02:25:40.402911,464
2026-02-17 02:25:40.410901,467
2026-02-17 02:25:40.418887,464
2026-02-17 02:25:40.426861,477
2026-02-17 02:25:40.434851,478
2026-02-17 02:25:40.442896,482
2026-02-17 02:25:40.450897,490
2026-02-17 02:25:40.458843,483
2026-02-17 02:25:40.466863,502
2026-02-17 02:25:40.474889,500
2026-02-17 02:25:40.482959,524
2026-02-17 02:25:40.490892,519
2026-02-17 02:25:40.498868,543
2026-02-17 02:25:40.506849,546
2026-02-17 02:25:40.514868,541
2026-02-17 02:25:40.522851,559
2026-02-17 02:25:40.530852,570
2026-02-17 02:25:40.538864,568
2026-02-17 02:25:40.546844,585
2026-02-17 02:25:40.554855,590
2026-02-17 02:25:40.562854,586
2026-02-17 02:25:40.570846,576
2026-02-17 02:25:40.578834,590
2026-02-17 02:25:40.586826,594
2026-02-17 02:25:40.594907,586
2026-02-17 02:25:40.602885,587
2026-02-17 02:25:40.610929,580
2026-02-17 02:25:40.618868,572
2026-02-17 02:25:40.626797,567
2026-02-17 02:25:40.634793,563
2026-02-17 02:25:40.642850,580
2026-02-17 02:25:40.650833,561
2026-02-17 02:25:40.658888,565
2026-02-17 02:25:40.666837,555
2026-02-17 02:25:40.674837,555
2026-02-17 02:25:40.682833,556
2026-02-17 02:25:40.690837,549
2026-02-17 02:25:40.698829,544
2026-02-17 02:25:40.706831,548
2026-02-17 02:25:40.714838,545
2026-02-17 02:25:40.722829,538
2026-02-17 02:25:40.730798,535
2026-02-17 02:25:40.738866,529
2026-02-17 02:25:40.746820,532
2026-02-17 02:25:40.754858,526
2026-02-17 02:25:40.762899,525
2026-02-17 02:25:40.770976,518
2026-02-17 02:25:40.778917,525
2026-02-17 02:25:40.786847,529
2026-02-17 02:25:40.794902,522
2026-02-17 02:25:40.802908,529
2026-02-17 02:25:40.810878,519
2026-02-17 02:25:40.818888,517
2026-02-17 02:25:40.826832,529
2026-02-17 02:25:40.834842,508
2026-02-17 02:25:40.842892,509
2026-02-17 02:25:40.850883,521
2026-02-17 02:25:40.858856,519
2026-02-17 02:25:40.867028,526
2026-02-17 02:25:40.874971,520
2026-02-17 02:25:40.882899,524
2026-02-17 02:25:40.890898,510
2026-02-17 02:25:40.898848,515
2026-02-17 02:25:40.906872,536
2026-02-17 02:25:40.914770,534
2026-02-17 02:25:40.922841,531
2026-02-17 02:25:40.930899,534
2026-02-17 02:25:40.938881,534
2026-02-17 02:25:40.946831,539
2026-02-17 02:25:40.954825,528
2026-02-17 02:25:40.962843,524
2026-02-17 02:25:40.970835,530
2026-02-17 02:25:40.978875,526
2026-02-17 02:25:40.986822,532
2026-02-17 02:25:40.994831,521
2026-02-17 02:25:41.002912,525
2026-02-17 02:25:41.010889,513
2026-02-17 02:25:41.018916,524
2026-02-17 02:25:41.026850,529
2026-02-17 02:25:41.034825,522
2026-02-17 02:25:41.042955,527
2026-02-17 02:25:41.050959,510
2026-02-17 02:25:41.058915,514
2026-02-17 02:25:41.066941,515
2026-02-17 02:25:41.074888,509
2026-02-17 02:25:41.082919,518
2026-02-17 02:25:41.090978,521
2026-02-17 02:25:41.098842,525
2026-02-17 02:25:41.106822,520
2026-02-17 02:25:41.114849,516
2026-02-17 02:25:41.122828,518
2026-02-17 02:25:41.130856,508
2026-02-17 02:25:41.138852,513
2026-02-17 02:25:41.146819,519
2026-02-17 02:25:41.154866,512
2026-02-17 02:25:41.162835,508
2026-02-17 02:25:41.170836,512
2026-02-17 02:25:41.178824,512
2026-02-17 02:25:41.186831,521
2026-02-17 02:25:41.194815,514
2026-02-17 02:25:41.202883,516
2026-02-17 02:25:41.210823,514
2026-02-17 02:25:41.218844,511
2026-02-17 02:25:41.226827,519
2026-02-17 02:25:41.234884,517
2026-02-17 02:25:41.242823,519
2026-02-17 02:25:41.250883,516
2026-02-17 02:25:41.258963,511
2026-02-17 02:25:41.266873,518
2026-02-17 02:25:41.274922,507
2026-02-17 02:25:41.282806,513
2026-02-17 02:25:41.290793,513
2026-02-17 02:25:41.298838,515
2026-02-17 02:25:41.306809,517
2026-02-17 02:25:41.314871,505
2026-02-17 02:25:41.322889,509
2026-02-17 02:25:41.330899,515
2026-02-17 02:25:41.338844,510
2026-02-17 02:25:41.346842,510
2026-02-17 02:25:41.354838,510
2026-02-17 02:25:41.362823,518
2026-02-17 02:25:41.370899,517
2026-02-17 02:25:41.378818,506
2026-02-17 02:25:41.386866,513
2026-02-17 02:25:41.394825,507
2026-02-17 02:25:41.402844,507
2026-02-17 02:25:41.410866,518
2026-02-17 02:25:41.418808,518
2026-02-17 02:25:41.426878,509
2026-02-17 02:25:41.434817,509
2026-02-17 02:25:41.442811,506
2026-02-17 02:25:41.450809,507
2026-02-17 02:25:41.458811,496
2026-02-17 02:25:41.466832,517
2026-02-17 02:25:41.474824,506
2026-02-17 02:25:41.482837,511
2026-02-17 02:25:41.490837,519
2026-02-17 02:25:41.498797,513
2026-02-17 02:25:41.506806,511
2026-02-17 02:25:41.514802,507
2026-02-17 02:25:41.522852,501
2026-02-17 02:25:41.530814,504
2026-02-17 02:25:41.538811,502
2026-02-17 02:25:41.546874,513
2026-02-17 02:25:41.554862,511
2026-02-17 02:25:41.562833,510
2026-02-17 02:25:41.570805,513
2026-02-17 02:25:41.578810,519
2026-02-17 02:25:41.586758,515
2026-02-17 02:25:41.594813,506
2026-02-17 02:25:41.602771,517
2026-02-17 02:25:41.610835,518
2026-02-17 02:25:41.618829,514
2026-02-17 02:25:41.626838,512
2026-02-17 02:25:41.634756,507
2026-02-17 02:25:41.642852,516
2026-02-17 02:25:41.650781,507
2026-02-17 02:25:41.658821,514
2026-02-17 02:25:41.666832,521
2026-02-17 02:25:41.674813,516
2026-02-17 02:25:41.682798,515
2026-02-17 02:25:41.690891,516
2026-02-17 02:25:41.698823,511
2026-02-17 02:25:41.706824,510
2026-02-17 02:25:41.714794,513
2026-02-17 02:25:41.722800,526
2026-02-17 02:25:41.730780,525
2026-02-17 02:25:41.738865,516
2026-02-17 02:25:41.746838,520
2026-02-17 02:25:41.754872,507
2026-02-17 02:25:41.762821,510
2026-02-17 02:25:41.770835,520
2026-02-17 02:25:41.778860,509
2026-02-17 02:25:41.786804,518
2026-02-17 02:25:41.794802,508
2026-02-17 02:25:41.802797,520
2026-02-17 02:25:41.810868,505
2026-02-17 02:25:41.818840,510
2026-02-17 02:25:41.826812,516
2026-02-17 02:25:41.834827,510
2026-02-17 02:25:41.842813,514
2026-02-17 02:25:41.850928,513
2026-02-17 02:25:41.858870,512
2026-02-17 02:25:41.866888,510
2026-02-17 02:25:41.874854,505
2026-02-17 02:25:41.882847,514
2026-02-17 02:25:41.890942,504
2026-02-17 02:25:41.898970,501
2026-02-17 02:25:41.906913,522
2026-02-17 02:25:41.914843,513
2026-02-17 02:25:41.922783,516
2026-02-17 02:25:41.930836,526
2026-02-17 02:25:41.938824,521
2026-02-17 02:25:41.946803,513
2026-02-17 02:25:41.954797,517
2026-02-17 02:25:41.962812,519
2026-02-17 02:25:41.970805,513
2026-02-17 02:25:41.978800,512
2026-02-17 02:25:41.986803,520
2026-02-17 02:25:41.994796,515
2026-02-17 02:25:42.002814,508
2026-02-17 02:25:42.010864,510
2026-02-17 02:25:42.018813,510
2026-02-17 02:25:42.026874,519
2026-02-17 02:25:42.034801,511
2026-02-17 02:25:42.042743,506
2026-02-17 02:25:42.050822,514
2026-02-17 02:25:42.058772,507
2026-02-17 02:25:42.066853,518
2026-02-17 02:25:42.074809,507
2026-02-17 02:25:42.082812,520
2026-02-17 02:25:42.090795,519
2026-02-17 02:25:42.098787,513
2026-02-17 02:25:42.106788,505
2026-02-17 02:25:42.114778,504
2026-02-17 02:25:42.122744,510
2026-02-17 02:25:42.130791,505
2026-02-17 02:25:42.138819,508
2026-02-17 02:25:42.146842,512
2026-02-17 02:25:42.154765,515
2026-02-17 02:25:42.162789,501
2026-02-17 02:25:42.170809,513
2026-02-17 02:25:42.178789,515
2026-02-17 02:25:42.186795,512
2026-02-17 02:25:42.194795,507
2026-02-17 02:25:42.202818,508
2026-02-17 02:25:42.210825,515
2026-02-17 02:25:42.218801,513
2026-02-17 02:25:42.226795,516
2026-02-17 02:25:42.234819,516
2026-02-17 02:25:42.242818,527
2026-02-17 02:25:42.250851,516
2026-02-17 02:25:42.258897,513
2026-02-17 02:25:42.266800,517
2026-02-17 02:25:42.274859,498
2026-02-17 02:25:42.282795,512
2026-02-17 02:25:42.290795,509
2026-02-17 02:25:42.298799,505
2026-02-17 02:25:42.306789,517
2026-02-17 02:25:42.314792,504
2026-02-17 02:25:42.322791,515
2026-02-17 02:25:42.330832,514
2026-02-17 02:25:42.338787,514
2026-02-17 02:25:42.346798,516
2026-02-17 02:25:42.354777,505
2026-02-17 02:25:42.362793,502
2026-02-17 02:25:42.370799,513
2026-02-17 02:25:42.378895,514
2026-02-17 02:25:42.386807,507
2026-02-17 02:25:42.394850,498
2026-02-17 02:25:42.402802,509
2026-02-17 02:25:42.410836,503
2026-02-17 02:25:42.418788,522
2026-02-17 02:25:42.426794,517
2026-02-17 02:25:42.434784,497
2026-02-17 02:25:42.442810,480
2026-02-17 02:25:42.450789,462
2026-02-17 02:25:42.458783,445
2026-02-17 02:25:42.466782,437
2026-02-17 02:25:42.474801,415
2026-02-17 02:25:42.482777,414
2026-02-17 02:25:42.490781,416
2026-02-17 02:25:42.498774,416
2026-02-17 02:25:42.506864,422
2026-02-17 02:25:42.514806,415
2026-02-17 02:25:42.522781,434
2026-02-17 02:25:42.530788,459
2026-02-17 02:25:42.538833,463
2026-02-17 02:25:42.546781,477
2026-02-17 02:25:42.554784,468
2026-02-17 02:25:42.562778,487
2026-02-17 02:25:42.570797,500
2026-02-17 02:25:42.578782,501
2026-02-17 02:25:42.586739,504
2026-02-17 02:25:42.594802,510
2026-02-17 02:25:42.602781,512
2026-02-17 02:25:42.610801,513
2026-02-17 02:25:42.618822,508
2026-02-17 02:25:42.626754,520
2026-02-17 02:25:42.634803,513
2026-02-17 02:25:42.642834,519
2026-02-17 02:25:42.650850,525
2026-02-17 02:25:42.658820,506
2026-02-17 02:25:42.666784,498
2026-02-17 02:25:42.674772,470
2026-02-17 02:25:42.682774,466
2026-02-17 02:25:42.690799,446
2026-02-17 02:25:42.698812,442
2026-02-17 02:25:42.706762,462
2026-02-17 02:25:42.714764,456
2026-02-17 02:25:42.722766,456
2026-02-17 02:25:42.730834,467
2026-02-17 02:25:42.738820,469
2026-02-17 02:25:42.746779,485
2026-02-17 02:25:42.754775,489
2026-02-17 02:25:42.762797,486
2026-02-17 02:25:42.770773,498
2026-02-17 02:25:42.778789,505
2026-02-17 02:25:42.786772,525
2026-02-17 02:25:42.794807,497
2026-02-17 02:25:42.802813,511
2026-02-17 02:25:42.810801,509
2026-02-17 02:25:42.818777,511
2026-02-17 02:25:42.826710,517
2026-02-17 02:25:42.834811,500
2026-02-17 02:25:42.842769,506
2026-02-17 02:25:42.850860,507
2026-02-17 02:25:42.858795,508
2026-02-17 02:25:42.866851,522
2026-02-17 02:25:42.874862,509
2026-02-17 02:25:42.882819,510
2026-02-17 02:25:42.890844,512
2026-02-17 02:25:42.898774,501
2026-02-17 02:25:42.906778,516
2026-02-17 02:25:42.914775,507
2026-02-17 02:25:42.922734,513
2026-02-17 02:25:42.930848,521
2026-02-17 02:25:42.938774,515
2026-02-17 02:25:42.946783,527
2026-02-17 02:25:42.954776,526
2026-02-17 02:25:42.962781,539
2026-02-17 02:25:42.970772,539
2026-02-17 02:25:42.978769,530
2026-02-17 02:25:42.986762,540
2026-02-17 02:25:42.994782,540
2026-02-17 02:25:43.002771,523
2026-02-17 02:25:43.010845,522
2026-02-17 02:25:43.018848,520
2026-02-17 02:25:43.026871,529
2026-02-17 02:25:43.034782,523
2026-02-17 02:25:43.042747,533
2026-02-17 02:25:43.050791,529
2026-02-17 02:25:43.058810,521
2026-02-17 02:25:43.066751,518
2026-02-17 02:25:43.074871,510
2026-02-17 02:25:43.082789,517
2026-02-17 02:25:43.090828,525
2026-02-17 02:25:43.098787,520
2026-02-17 02:25:43.106776,529
2026-02-17 02:25:43.114802,520
2026-02-17 02:25:43.122823,530
2026-02-17 02:25:43.130809,518
2026-02-17 02:25:43.138745,516
2026-02-17 02:25:43.146798,521
2026-02-17 02:25:43.154815,522
2026-02-17 02:25:43.162799,518
2026-02-17 02:25:43.170789,512
2026-02-17 02:25:43.178775,505
2026-02-17 02:25:43.186760,506
2026-02-17 02:25:43.194762,507
2026-02-17 02:25:43.202758,511
2026-02-17 02:25:43.210789,511
2026-02-17 02:25:43.218811,511
2026-02-17 02:25:43.226770,514
2026-02-17 02:25:43.234854,506
2026-02-17 02:25:43.242793,511
2026-02-17 02:25:43.250813,512
2026-02-17 02:25:43.258861,502
2026-02-17 02:25:43.266770,518
2026-02-17 02:25:43.274721,510
2026-02-17 02:25:43.282762,514
2026-02-17 02:25:43.290719,512
2026-02-17 02:25:43.298794,509
2026-02-17 02:25:43.306908,512
2026-02-17 02:25:43.314888,503
2026-02-17 02:25:43.322833,514
2026-02-17 02:25:43.330718,510
2026-02-17 02:25:43.338856,513
2026-02-17 02:25:43.346834,514
2026-02-17 02:25:43.354867,510
2026-02-17 02:25:43.362800,506
2026-02-17 02:25:43.370764,509
2026-02-17 02:25:43.378795,507
2026-02-17 02:25:43.386765,511
2026-02-17 02:25:43.394767,505
2026-02-17 02:25:43.402827,511
2026-02-17 02:25:43.410757,504
2026-02-17 02:25:43.418823,510
2026-02-17 02:25:43.426894,517
2026-02-17 02:25:43.434839,506
2026-02-17 02:25:43.442758,519
2026-02-17 02:25:43.450695,507
2026-02-17 02:25:43.458808,524
2026-02-17 02:25:43.466805,520
2026-02-17 02:25:43.474810,513
2026-02-17 02:25:43.482763,520
2026-02-17 02:25:43.490794,518
2026-02-17 02:25:43.498755,521
2026-02-17 02:25:43.506759,534
2026-02-17 02:25:43.514796,532
2026-02-17 02:25:43.522754,528
2026-02-17 02:25:43.530732,527
2026-02-17 02:25:43.538829,520
2026-02-17 02:25:43.546881,528
2026-02-17 02:25:43.554847,523
2026-02-17 02:25:43.562774,520
2026-02-17 02:25:43.570825,531
2026-02-17 02:25:43.578806,528
2026-02-17 02:25:43.586789,523
2026-02-17 02:25:43.594748,516
2026-02-17 02:25:43.602703,526
2026-02-17 02:25:43.610686,518
2026-02-17 02:25:43.618760,513
2026-02-17 02:25:43.626747,523
2026-02-17 02:25:43.634748,516
2026-02-17 02:25:43.642740,524
2026-02-17 02:25:43.650749,510
2026-02-17 02:25:43.658789,516
2026-02-17 02:25:43.666755,522
2026-02-17 02:25:43.674687,514
2026-02-17 02:25:43.682740,510
2026-02-17 02:25:43.690780,518
2026-02-17 02:25:43.698778,513
2026-02-17 02:25:43.706747,519
2026-02-17 02:25:43.714746,523
2026-02-17 02:25:43.722770,522
2026-02-17 02:25:43.730793,516
2026-02-17 02:25:43.738738,516
2026-02-17 02:25:43.746757,523
2026-02-17 02:25:43.754809,515
2026-02-17 02:25:43.762750,521
2026-02-17 02:25:43.770735,521
2026-02-17 02:25:43.778806,523
2026-02-17 02:25:43.786748,522
2026-02-17 02:25:43.794742,508
2026-02-17 02:25:43.802681,515
2026-02-17 02:25:43.810695,511
2026-02-17 02:25:43.818759,510
2026-02-17 02:25:43.826711,520
2026-02-17 02:25:43.834741,510
2026-02-17 02:25:43.842739,511
2026-02-17 02:25:43.850689,513
2026-02-17 02:25:43.858692,508
2026-02-17 02:25:43.866730,520
2026-02-17 02:25:43.874738,516
2026-02-17 02:25:43.882742,510
2026-02-17 02:25:43.890753,506
2026-02-17 02:25:43.898744,512
2026-02-17 02:25:43.906749,518
2026-02-17 02:25:43.914737,512
2026-02-17 02:25:43.922689,518
2026-02-17 02:25:43.930690,515
2026-02-17 02:25:43.938713,516
2026-02-17 02:25:43.946726,505
2026-02-17 02:25:43.954679,501
2026-02-17 02:25:43.962744,505
2026-02-17 02:25:43.970734,504
2026-02-17 02:25:43.978736,502
2026-02-17 02:25:43.986732,507
2026-02-17 02:25:43.994746,512
2026-02-17 02:25:44.002739,517
2026-02-17 02:25:44.010701,508
2026-02-17 02:25:44.018678,492
2026-02-17 02:25:44.026718,509
2026-02-17 02:25:44.034756,508
2026-02-17 02:25:44.042730,510
2026-02-17 02:25:44.050819,507
2026-02-17 02:25:44.058678,506
2026-02-17 02:25:44.066712,520
2026-02-17 02:25:44.074727,504
2026-02-17 02:25:44.082701,503
2026-02-17 02:25:44.090694,507
2026-02-17 02:25:44.098702,509
2026-02-17 02:25:44.106698,510
2026-02-17 02:25:44.114714,501
2026-02-17 02:25:44.122708,514
2026-02-17 02:25:44.130696,516
2026-02-17 02:25:44.138687,505
2026-02-17 02:25:44.146686,519
2026-02-17 02:25:44.154734,511
2026-02-17 02:25:44.162727,513
2026-02-17 02:25:44.170743,513
2026-02-17 02:25:44.178746,512
2026-02-17 02:25:44.186761,511
2026-02-17 02:25:44.194733,511
2026-02-17 02:25:44.202728,512
2026-02-17 02:25:44.210721,521
2026-02-17 02:25:44.218735,508
2026-02-17 02:25:44.226742,518
2026-02-17 02:25:44.234762,517
2026-02-17 02:25:44.242737,514
2026-02-17 02:25:44.250671,510
2026-02-17 02:25:44.258695,509
2026-02-17 02:25:44.266811,512
2026-02-17 02:25:44.274713,501
2026-02-17 02:25:44.282705,513
2026-02-17 02:25:44.290732,518
2026-02-17 02:25:44.298684,512
2026-02-17 02:25:44.306745,519
2026-02-17 02:25:44.314760,517
2026-02-17 02:25:44.322813,512
2026-02-17 02:25:44.330760,512
2026-02-17 02:25:44.338813,503
2026-02-17 02:25:44.346836,518
2026-02-17 02:25:44.354788,517
2026-02-17 02:25:44.362680,513
2026-02-17 02:25:44.370734,514
2026-02-17 02:25:44.378806,513
2026-02-17 02:25:44.386850,511
2026-02-17 02:25:44.394775,511
2026-02-17 02:25:44.402757,511
2026-02-17 02:25:44.410701,510
2026-02-17 02:25:44.418704,502
2026-02-17 02:25:44.426736,510
2026-02-17 02:25:44.434715,513
2026-02-17 02:25:44.442747,520
2026-02-17 02:25:44.450683,510
2026-02-17 02:25:44.458722,514
2026-02-17 02:25:44.466757,516
2026-02-17 02:25:44.474749,500
2026-02-17 02:25:44.482745,511
2026-02-17 02:25:44.490711,513
2026-02-17 02:25:44.498712,505
2026-02-17 02:25:44.506695,517
2026-02-17 02:25:44.514729,507
2026-02-17 02:25:44.522695,508
2026-02-17 02:25:44.530724,513
2026-02-17 02:25:44.538703,512
2026-02-17 02:25:44.546746,513
2026-02-17 02:25:44.554716,510
2026-02-17 02:25:44.562659,511
2026-02-17 02:25:44.570757,509
2026-02-17 02:25:44.578695,506
2026-02-17 02:25:44.586686,511
2026-02-17 02:25:44.594757,505
2026-02-17 02:25:44.602676,519
2026-02-17 02:25:44.610740,511
2026-02-17 02:25:44.618710,502
2026-02-17 02:25:44.626707,513
2026-02-17 02:25:44.634734,511
2026-02-17 02:25:44.642698,512
2026-02-17 02:25:44.650747,504
2026-02-17 02:25:44.658719,506
2026-02-17 02:25:44.666735,516
2026-02-17 02:25:44.674707,497
2026-02-17 02:25:44.682714,510
2026-02-17 02:25:44.690795,516
2026-02-17 02:25:44.698686,516
2026-02-17 02:25:44.706700,517
2026-02-17 02:25:44.714762,502
2026-02-17 02:25:44.722753,503
2026-02-17 02:25:44.730741,508
2026-02-17 02:25:44.738757,507
2026-02-17 02:25:44.746719,514
2026-02-17 02:25:44.754801,505
2026-02-17 02:25:44.762817,507
2026-02-17 02:25:44.770788,510
2026-02-17 02:25:44.778726,513
2026-02-17 02:25:44.786730,512
2026-02-17 02:25:44.794738,510
2026-02-17 02:25:44.802779,514
2026-02-17 02:25:44.810721,501
2026-02-17 02:25:44.818766,512
2026-02-17 02:25:44.826728,510
2026-02-17 02:25:44.834725,512
2026-02-17 02:25:44.842724,517
2026-02-17 02:25:44.850796,513
2026-02-17 02:25:44.858693,505
2026-02-17 02:25:44.866804,516
2026-02-17 02:25:44.874804,508
2026-02-17 02:25:44.882800,509
2026-02-17 02:25:44.890721,507
2026-02-17 02:25:44.898813,511
2026-02-17 02:25:44.906782,519
2026-02-17 02:25:44.914719,509
2026-02-17 02:25:44.922772,521
2026-02-17 02:25:44.930662,508
2026-02-17 02:25:44.938713,515
2026-02-17 02:25:44.946730,520
2026-02-17 02:25:44.954732,503
2026-02-17 02:25:44.962721,517
2026-02-17 02:25:44.970714,511
2026-02-17 02:25:44.978753,516
2026-02-17 02:25:44.986720,507
2026-02-17 02:25:44.994714,510
2026-02-17 02:25:45.002716,516
2026-02-17 02:25:45.010795,517
2026-02-17 02:25:45.018759,515
2026-02-17 02:25:45.026735,516
2026-02-17 02:25:45.034753,506
2026-02-17 02:25:45.042703,508
2026-02-17 02:25:45.050723,515
2026-02-17 02:25:45.058690,516
2026-02-17 02:25:45.066733,512
2026-02-17 02:25:45.074721,506
2026-02-17 02:25:45.082689,512
2026-02-17 02:25:45.090678,511
2026-02-17 02:25:45.098684,507
2026-02-17 02:25:45.106714,509
2026-02-17 02:25:45.114686,510
2026-02-17 02:25:45.122688,514
2026-02-17 02:25:45.130685,507
2026-02-17 02:25:45.138707,507
2026-02-17 02:25:45.146683,512
2026-02-17 02:25:45.154789,512
2026-02-17 02:25:45.162676,512
2026-02-17 02:25:45.170751,514
2026-02-17 02:25:45.178701,513
2026-02-17 02:25:45.186721,512
2026-02-17 02:25:45.194783,509
2026-02-17 02:25:45.202729,514
2026-02-17 02:25:45.210759,503
2026-02-17 02:25:45.218704,514
2026-02-17 02:25:45.226708,516
2026-02-17 02:25:45.234719,509
2026-02-17 02:25:45.242692,501
2026-02-17 02:25:45.250699,503
2026-02-17 02:25:45.258714,510
2026-02-17 02:25:45.266693,515
2026-02-17 02:25:45.274654,513
2026-02-17 02:25:45.282788,510
2026-02-17 02:25:45.290683,516
2026-02-17 02:25:45.298660,511
2026-02-17 02:25:45.306742,517
2026-02-17 02:25:45.314812,507
2026-02-17 02:25:45.322720,510
2026-02-17 02:25:45.330709,505
2026-02-17 02:25:45.338737,504
2026-02-17 02:25:45.346701,516
2026-02-17 02:25:45.354699,512
2026-02-17 02:25:45.362696,512
2026-02-17 02:25:45.370735,516
2026-02-17 02:25:45.378702,511
2026-02-17 02:25:45.386707,519
2026-02-17 02:25:45.394699,506
2026-02-17 02:25:45.402688,517
2026-02-17 02:25:45.410729,516
2026-02-17 02:25:45.418645,505
2026-02-17 02:25:45.426758,512
2026-02-17 02:25:45.434729,509
2026-02-17 02:25:45.442739,515
2026-02-17 02:25:45.450711,516
2026-02-17 02:25:45.458704,508
2026-02-17 02:25:45.466723,519
2026-02-17 02:25:45.474734,515
2026-02-17 02:25:45.482719,516
2026-02-17 02:25:45.490700,509
2026-02-17 02:25:45.498705,508
2026-02-17 02:25:45.506754,500
2026-02-17 02:25:45.514706,505
2026-02-17 02:25:45.522693,512
2026-02-17 02:25:45.530686,508
2026-02-17 02:25:45.538691,508
2026-02-17 02:25:45.546682,522
2026-02-17 02:25:45.554691,508
2026-02-17 02:25:45.562694,514
2026-02-17 02:25:45.570706,504
2026-02-17 02:25:45.578699,506
2026-02-17 02:25:45.586687,515
2026-02-17 02:25:45.594697,516
2026-02-17 02:25:45.602695,524
2026-02-17 02:25:45.610713,516
2026-02-17 02:25:45.618714,513
2026-02-17 02:25:45.626670,513
2026-02-17 02:25:45.634656,503
2026-02-17 02:25:45.642649,510
2026-02-17 02:25:45.650643,510
2026-02-17 02:25:45.658631,519
2026-02-17 02:25:45.666642,517
2026-02-17 02:25:45.674646,510
2026-02-17 02:25:45.682650,508
2026-02-17 02:25:45.690642,505
2026-02-17 02:25:45.698652,509
2026-02-17 02:25:45.706703,511
2026-02-17 02:25:45.714665,500
2026-02-17 02:25:45.722664,507
2026-02-17 02:25:45.730659,501
2026-02-17 02:25:45.738646,517
2026-02-17 02:25:45.746643,517
2026-02-17 02:25:45.754677,509
2026-02-17 02:25:45.762630,510
2026-02-17 02:25:45.770738,515
2026-02-17 02:25:45.778649,509
2026-02-17 02:25:45.786684,518
2026-02-17 02:25:45.794668,513
2026-02-17 02:25:45.802710,516
2026-02-17 02:25:45.810658,512
2026-02-17 02:25:45.818689,516
2026-02-17 02:25:45.826683,520
2026-02-17 02:25:45.834704,509
2026-02-17 02:25:45.842633,512
2026-02-17 02:25:45.850685,516
2026-02-17 02:25:45.858635,507
2026-02-17 02:25:45.866722,506
2026-02-17 02:25:45.874640,513
2026-02-17 02:25:45.882742,522
2026-02-17 02:25:45.890721,519
2026-02-17 02:25:45.898717,510
2026-02-17 02:25:45.906709,520
2026-02-17 02:25:45.914756,511
2026-02-17 02:25:45.922779,513
2026-02-17 02:25:45.930825,513
2026-02-17 02:25:45.938716,508
2026-02-17 02:25:45.946693,517
2026-02-17 02:25:45.954752,514
2026-02-17 02:25:45.962799,512
2026-02-17 02:25:45.970756,513
2026-02-17 02:25:45.978843,505
2026-02-17 02:25:45.986807,507
2026-02-17 02:25:45.994851,513
2026-02-17 02:25:46.002783,518
2026-02-17 02:25:46.010883,513
2026-02-17 02:25:46.018822,498
2026-02-17 02:25:46.026770,511
2026-02-17 02:25:46.034720,514
2026-02-17 02:25:46.042693,516
2026-02-17 02:25:46.050691,507
2026-02-17 02:25:46.058717,513
2026-02-17 02:25:46.066698,512
2026-02-17 02:25:46.074696,501
2026-02-17 02:25:46.082701,508
2026-02-17 02:25:46.090678,520
2026-02-17 02:25:46.098772,513
2026-02-17 02:25:46.106706,518
2026-02-17 02:25:46.114789,520
2026-02-17 02:25:46.122754,513
2026-02-17 02:25:46.130759,509
2026-02-17 02:25:46.138705,513
2026-02-17 02:25:46.146693,519
2026-02-17 02:25:46.154760,509
2026-02-17 02:25:46.162727,515
2026-02-17 02:25:46.170683,512
2026-02-17 02:25:46.178669,509
2026-02-17 02:25:46.186722,520
2026-02-17 02:25:46.194706,509
2026-02-17 02:25:46.202681,512
2026-02-17 02:25:46.210759,519
2026-02-17 02:25:46.218665,507
2026-02-17 02:25:46.226769,510
2026-02-17 02:25:46.234727,506
2026-02-17 02:25:46.242684,506
2026-02-17 02:25:46.250673,506
2026-02-17 02:25:46.258733,501
2026-02-17 02:25:46.266647,506
2026-02-17 02:25:46.274777,512
2026-02-17 02:25:46.282789,510
2026-02-17 02:25:46.290648,512
2026-02-17 02:25:46.298693,514
2026-02-17 02:25:46.306759,521
2026-02-17 02:25:46.314678,502
2026-02-17 02:25:46.322692,512
2026-02-17 02:25:46.330702,510
2026-02-17 02:25:46.338684,509
2026-02-17 02:25:46.346693,524
2026-02-17 02:25:46.354727,516
2026-02-17 02:25:46.362694,523
2026-02-17 02:25:46.370701,505
2026-02-17 02:25:46.378809,494
2026-02-17 02:25:46.386774,520
2026-02-17 02:25:46.394807,520
2026-02-17 02:25:46.402743,515
2026-02-17 02:25:46.410699,512
2026-02-17 02:25:46.418723,509
2026-02-17 02:25:46.426732,504
2026-02-17 02:25:46.434700,504
2026-02-17 02:25:46.442694,512
2026-02-17 02:25:46.450688,516
2026-02-17 02:25:46.458705,505
2026-02-17 02:25:46.466689,515
2026-02-17 02:25:46.474687,508
2026-02-17 02:25:46.482685,515
2026-02-17 02:25:46.490688,506
2026-02-17 02:25:46.498674,500
2026-02-17 02:25:46.506689,511
2026-02-17 02:25:46.514677,509
2026-02-17 02:25:46.522679,511
2026-02-17 02:25:46.530684,513
2026-02-17 02:25:46.538681,515
2026-02-17 02:25:46.546672,517
2026-02-17 02:25:46.554729,511
2026-02-17 02:25:46.562691,520
2026-02-17 02:25:46.570680,521
2026-02-17 02:25:46.578676,504
2026-02-17 02:25:46.586713,518
2026-02-17 02:25:46.594694,515
2026-02-17 02:25:46.602683,520
2026-02-17 02:25:46.610700,512
2026-02-17 02:25:46.618722,516
2026-02-17 02:25:46.626731,524
2026-02-17 02:25:46.634691,516
2026-02-17 02:25:46.642737,508
2026-02-17 02:25:46.650710,506
2026-02-17 02:25:46.658686,508
2026-02-17 02:25:46.666720,517
2026-02-17 02:25:46.674681,509
2026-02-17 02:25:46.682738,521
2026-02-17 02:25:46.690670,522
2026-02-17 02:25:46.698735,517
2026-02-17 02:25:46.706768,512
2026-02-17 02:25:46.714750,498
2026-02-17 02:25:46.722770,506
2026-02-17 02:25:46.730729,514
2026-02-17 02:25:46.738746,517
2026-02-17 02:25:46.746808,513
2026-02-17 02:25:46.754743,506
2026-02-17 02:25:46.762750,510
2026-02-17 02:25:46.770702,510
2026-02-17 02:25:46.778765,507
2026-02-17 02:25:46.786727,520
2026-02-17 02:25:46.794706,514
2026-02-17 02:25:46.802682,510
2026-02-17 02:25:46.810670,516
2026-02-17 02:25:46.818676,514
2026-02-17 02:25:46.826684,520
2026-02-17 02:25:46.834697,514
2026-02-17 02:25:46.842797,517
2026-02-17 02:25:46.850803,504
2026-02-17 02:25:46.858725,511
2026-02-17 02:25:46.866668,521
2026-02-17 02:25:46.874643,514
2026-02-17 02:25:46.882701,516
2026-02-17 02:25:46.890700,511
2026-02-17 02:25:46.898669,510
2026-02-17 02:25:46.906700,509
2026-02-17 02:25:46.914711,500
2026-02-17 02:25:46.922709,524
2026-02-17 02:25:46.930613,511
2026-02-17 02:25:46.938618,510
2026-02-17 02:25:46.946710,516
2026-02-17 02:25:46.954694,504
2026-02-17 02:25:46.962711,512
2026-02-17 02:25:46.970683,515
2026-02-17 02:25:46.978719,509
2026-02-17 02:25:46.986671,519
2026-02-17 02:25:46.994671,508
2026-02-17 02:25:47.002714,504
2026-02-17 02:25:47.010666,506
2026-02-17 02:25:47.018703,506
2026-02-17 02:25:47.026754,503
2026-02-17 02:25:47.034655,501
2026-02-17 02:25:47.042646,501
2026-02-17 02:25:47.050676,502
2026-02-17 02:25:47.058639,514
2026-02-17 02:25:47.066667,525
2026-02-17 02:25:47.074654,514
2026-02-17 02:25:47.082716,511
2026-02-17 02:25:47.090652,512
2026-02-17 02:25:47.098625,505
2026-02-17 02:25:47.106791,511
2026-02-17 02:25:47.114631,516
2026-02-17 02:25:47.122654,503
2026-02-17 02:25:47.130673,508
2026-02-17 02:25:47.138666,510
2026-02-17 02:25:47.146684,514
2026-02-17 02:25:47.154665,509
2026-02-17 02:25:47.162681,509
2026-02-17 02:25:47.170686,510
2026-02-17 02:25:47.178714,514
2026-02-17 02:25:47.186664,516
2026-02-17 02:25:47.194617,511
2026-02-17 02:25:47.202655,513
2026-02-17 02:25:47.210720,513
2026-02-17 02:25:47.218684,510
2026-02-17 02:25:47.226648,518
2026-02-17 02:25:47.234851,512
2026-02-17 02:25:47.242743,509
2026-02-17 02:25:47.250719,516
2026-02-17 02:25:47.258765,514
2026-02-17 02:25:47.266725,506
2026-02-17 02:25:47.274694,501
2026-02-17 02:25:47.282754,512
2026-02-17 02:25:47.290738,508
2026-02-17 02:25:47.298709,516
2026-02-17 02:25:47.306670,517
2026-02-17 02:25:47.314694,506
2026-02-17 02:25:47.322667,513
2026-02-17 02:25:47.330667,508
2026-02-17 02:25:47.338666,511
2026-02-17 02:25:47.346678,520
2026-02-17 02:25:47.354679,499
2026-02-17 02:25:47.362689,519
2026-02-17 02:25:47.370660,517
2026-02-17 02:25:47.378704,516
2026-02-17 02:25:47.386667,518
2026-02-17 02:25:47.394691,516
2026-02-17 02:25:47.402664,509
2026-02-17 02:25:47.410660,496
2026-02-17 02:25:47.418657,501
2026-02-17 02:25:47.426729,521
2026-02-17 02:25:47.434697,516
2026-02-17 02:25:47.442647,516
2026-02-17 02:25:47.450636,514
2026-02-17 02:25:47.458647,516
2026-02-17 02:25:47.466659,508
2026-02-17 02:25:47.474660,504
2026-02-17 02:25:47.482733,521
2026-02-17 02:25:47.490601,508
2026-02-17 02:25:47.498659,512
2026-02-17 02:25:47.506676,514
2026-02-17 02:25:47.514700,505
2026-02-17 02:25:47.522652,514
2026-02-17 02:25:47.530663,515
2026-02-17 02:25:47.538654,505
2026-02-17 02:25:47.546667,520
2026-02-17 02:25:47.554658,499
2026-02-17 02:25:47.562669,516
2026-02-17 02:25:47.570661,514
2026-02-17 02:25:47.578654,499
2026-02-17 02:25:47.586687,515
2026-02-17 02:25:47.594795,506
2026-02-17 02:25:47.602742,508
2026-02-17 02:25:47.610641,513
2026-02-17 02:25:47.618693,511
2026-02-17 02:25:47.626742,514
2026-02-17 02:25:47.634710,512
2026-02-17 02:25:47.642672,512
2026-02-17 02:25:47.650707,508
2026-02-17 02:25:47.658703,514
2026-02-17 02:25:47.666673,506
2026-02-17 02:25:47.674657,502
2026-02-17 02:25:47.682665,510
2026-02-17 02:25:47.690660,508
2026-02-17 02:25:47.698676,512
2026-02-17 02:25:47.706700,518
2026-02-17 02:25:47.714821,505
2026-02-17 02:25:47.722674,511
2026-02-17 02:25:47.730766,520
2026-02-17 02:25:47.738711,510
2026-02-17 02:25:47.746678,512
2026-02-17 02:25:47.754662,516
2026-02-17 02:25:47.762677,522
2026-02-17 02:25:47.770697,509
2026-02-17 02:25:47.778749,509
2026-02-17 02:25:47.786714,513
2026-02-17 02:25:47.794665,503
2026-02-17 02:25:47.802699,506
2026-02-17 02:25:47.810647,516
2026-02-17 02:25:47.818690,520
2026-02-17 02:25:47.826703,522
2026-02-17 02:25:47.834671,504
2026-02-17 02:25:47.842671,507
2026-02-17 02:25:47.850771,505
2026-02-17 02:25:47.858729,504
2026-02-17 02:25:47.866712,517
2026-02-17 02:25:47.874694,513
2026-02-17 02:25:47.882663,513
2026-02-17 02:25:47.890707,516
2026-02-17 02:25:47.898727,509
2026-02-17 02:25:47.906719,514
2026-02-17 02:25:47.914758,505
2026-02-17 02:25:47.922789,514
2026-02-17 02:25:47.930715,520
2026-02-17 02:25:47.938665,518
2026-02-17 02:25:47.946617,520
2026-02-17 02:25:47.954650,516
2026-02-17 02:25:47.962703,514
2026-02-17 02:25:47.970648,510
2026-02-17 02:25:47.978671,512
2026-02-17 02:25:47.986655,509
2026-02-17 02:25:47.994668,503
2026-02-17 02:25:48.002672,517
2026-02-17 02:25:48.010684,503
2026-02-17 02:25:48.018720,503
2026-02-17 02:25:48.026738,516
2026-02-17 02:25:48.034642,510
2026-02-17 02:25:48.042630,504
2026-02-17 02:25:48.050673,504
2026-02-17 02:25:48.058677,510
2026-02-17 02:25:48.066677,514
2026-02-17 02:25:48.074615,512
2026-02-17 02:25:48.082719,520
2026-02-17 02:25:48.090651,519
2026-02-17 02:25:48.098664,510
2026-02-17 02:25:48.106667,510
2026-02-17 02:25:48.114650,506
2026-02-17 02:25:48.122655,511
2026-02-17 02:25:48.130660,521
2026-02-17 02:25:48.138706,509
2026-02-17 02:25:48.146649,518
2026-02-17 02:25:48.154690,511
2026-02-17 02:25:48.162686,513
2026-02-17 02:25:48.170645,520
2026-02-17 02:25:48.178657,510
2026-02-17 02:25:48.186647,515
2026-02-17 02:25:48.194645,509
2026-02-17 02:25:48.202823,520
2026-02-17 02:25:48.210757,526
2026-02-17 02:25:48.218686,512
2026-02-17 02:25:48.226709,509
2026-02-17 02:25:48.234742,511
2026-02-17 02:25:48.242702,518
2026-02-17 02:25:48.250648,514
2026-02-17 02:25:48.258755,505
2026-02-17 02:25:48.266719,514
2026-02-17 02:25:48.274662,507
2026-02-17 02:25:48.282621,516
2026-02-17 02:25:48.290627,517
2026-02-17 02:25:48.298656,519
2026-02-17 02:25:48.306649,515
2026-02-17 02:25:48.314639,507
2026-02-17 02:25:48.322752,522
2026-02-17 02:25:48.330651,514
2026-02-17 02:25:48.338655,504
2026-02-17 02:25:48.346620,517
2026-02-17 02:25:48.354657,508
2026-02-17 02:25:48.362625,503
2026-02-17 02:25:48.370597,501
2026-02-17 02:25:48.378644,510
2026-02-17 02:25:48.386648,516
2026-02-17 02:25:48.394646,512
2026-02-17 02:25:48.402797,520
2026-02-17 02:25:48.410660,513
2026-02-17 02:25:48.418647,513
2026-02-17 02:25:48.426666,508
2026-02-17 02:25:48.434702,497
2026-02-17 02:25:48.442691,503
2026-02-17 02:25:48.450644,511
2026-02-17 02:25:48.458641,513
2026-02-17 02:25:48.466666,520
2026-02-17 02:25:48.474647,512
2026-02-17 02:25:48.482659,518
2026-02-17 02:25:48.490703,504
2026-02-17 02:25:48.498643,508
2026-02-17 02:25:48.506645,516
2026-02-17 02:25:48.514638,513
2026-02-17 02:25:48.522649,516
2026-02-17 02:25:48.530601,509
2026-02-17 02:25:48.538647,505
2026-02-17 02:25:48.546653,505
2026-02-17 02:25:48.554640,500
2026-02-17 02:25:48.562639,508
2026-02-17 02:25:48.570658,509
2026-02-17 02:25:48.578653,510
2026-02-17 02:25:48.586610,510
2026-02-17 02:25:48.594735,516
2026-02-17 02:25:48.602652,513
2026-02-17 02:25:48.610678,516
2026-02-17 02:25:48.618641,524
2026-02-17 02:25:48.626646,529
2026-02-17 02:25:48.634663,521
2026-02-17 02:25:48.642650,517
2026-02-17 02:25:48.650648,511
2026-02-17 02:25:48.658659,509
2026-02-17 02:25:48.666639,515
2026-02-17 02:25:48.674638,507
2026-02-17 02:25:48.682639,514
2026-02-17 02:25:48.690633,515
2026-02-17 02:25:48.698642,515
2026-02-17 02:25:48.706633,516
2026-02-17 02:25:48.714630,509
2026-02-17 02:25:48.722703,513
2026-02-17 02:25:48.730638,506
2026-02-17 02:25:48.738838,510
2026-02-17 02:25:48.746724,516
2026-02-17 02:25:48.754646,518
2026-02-17 02:25:48.762714,510
2026-02-17 02:25:48.770692,514
2026-02-17 02:25:48.778639,508
2026-02-17 02:25:48.786650,515
2026-02-17 02:25:48.794656,500
2026-02-17 02:25:48.802700,512
2026-02-17 02:25:48.810644,510
2026-02-17 02:25:48.818641,515
2026-02-17 02:25:48.826641,517
2026-02-17 02:25:48.834631,509
2026-02-17 02:25:48.842643,514
2026-02-17 02:25:48.850760,512
2026-02-17 02:25:48.858811,507
2026-02-17 02:25:48.866717,517
2026-02-17 02:25:48.874695,514
2026-02-17 02:25:48.882663,522
2026-02-17 02:25:48.890632,510
2026-02-17 02:25:48.898647,518
2026-02-17 02:25:48.906636,513
2026-02-17 02:25:48.914633,507
2026-02-17 02:25:48.922649,512
2026-02-17 02:25:48.930649,514
2026-02-17 02:25:48.938626,509
2026-02-17 02:25:48.946629,519
2026-02-17 02:25:48.954642,508
2026-02-17 02:25:48.962653,518
2026-02-17 02:25:48.970668,520
2026-02-17 02:25:48.978635,516
2026-02-17 02:25:48.986632,525
2026-02-17 02:25:48.994633,514
2026-02-17 02:25:49.002632,508
2026-02-17 02:25:49.010707,509
2026-02-17 02:25:49.018689,508
2026-02-17 02:25:49.026619,517
2026-02-17 02:25:49.034611,503
2026-02-17 02:25:49.042705,516
2026-02-17 02:25:49.050668,509
2026-02-17 02:25:49.058684,510
2026-02-17 02:25:49.066724,516
2026-02-17 02:25:49.074645,504
2026-02-17 02:25:49.082624,513
2026-02-17 02:25:49.090643,511
2026-02-17 02:25:49.098713,513
2026-02-17 02:25:49.106673,510
2026-02-17 02:25:49.114728,507
2026-02-17 02:25:49.122687,523
2026-02-17 02:25:49.130617,515
2026-02-17 02:25:49.138718,520
2026-02-17 02:25:49.146619,518
2026-02-17 02:25:49.154606,501
2026-02-17 02:25:49.162615,507
2026-02-17 02:25:49.170606,515
2026-02-17 02:25:49.178713,509
2026-02-17 02:25:49.186692,512
2026-02-17 02:25:49.194630,509
2026-02-17 02:25:49.202643,519
2026-02-17 02:25:49.210685,515
2026-02-17 02:25:49.218627,507
2026-02-17 02:25:49.226639,507
2026-02-17 02:25:49.234748,513
2026-02-17 02:25:49.242629,511
2026-02-17 02:25:49.250578,512
2026-02-17 02:25:49.258691,512
2026-02-17 02:25:49.266746,524
2026-02-17 02:25:49.274694,518
2026-02-17 02:25:49.282655,513
2026-02-17 02:25:49.290662,510
2026-02-17 02:25:49.298607,509
2026-02-17 02:25:49.306663,514
2026-02-17 02:25:49.314633,500
2026-02-17 02:25:49.322603,500
2026-02-17 02:25:49.330632,504
2026-02-17 02:25:49.338624,505
2026-02-17 02:25:49.346639,513
2026-02-17 02:25:49.354674,504
2026-02-17 02:25:49.362686,501
2026-02-17 02:25:49.370623,506
2026-02-17 02:25:49.378620,501
2026-02-17 02:25:49.386634,517
2026-02-17 02:25:49.394607,513
2026-02-17 02:25:49.402630,514
2026-02-17 02:25:49.410631,510
2026-02-17 02:25:49.418614,507
2026-02-17 02:25:49.426624,522
2026-02-17 02:25:49.434624,506
2026-02-17 02:25:49.442677,522
2026-02-17 02:25:49.450645,520
2026-02-17 02:25:49.458628,510
2026-02-17 02:25:49.466643,513
2026-02-17 02:25:49.474612,509
2026-02-17 02:25:49.482627,516
2026-02-17 02:25:49.490624,510
2026-02-17 02:25:49.498673,505
2026-02-17 02:25:49.506619,520
2026-02-17 02:25:49.514613,515
2026-02-17 02:25:49.522623,518
2026-02-17 02:25:49.530616,519
2026-02-17 02:25:49.538633,512
2026-02-17 02:25:49.546686,502
2026-02-17 02:25:49.554659,505
2026-02-17 02:25:49.562655,516
2026-02-17 02:25:49.570638,522
2026-02-17 02:25:49.578636,520
2026-02-17 02:25:49.586589,521
2026-02-17 02:25:49.594620,514
2026-02-17 02:25:49.602645,518
2026-02-17 02:25:49.610673,518
2026-02-17 02:25:49.618619,515
2026-02-17 02:25:49.626629,521
2026-02-17 02:25:49.634624,517
2026-02-17 02:25:49.642644,513
2026-02-17 02:25:49.650628,504
2026-02-17 02:25:49.658621,510
2026-02-17 02:25:49.666666,510
2026-02-17 02:25:49.674623,511
2026-02-17 02:25:49.682794,512
2026-02-17 02:25:49.690695,514
2026-02-17 02:25:49.698658,508
2026-02-17 02:25:49.706700,521
2026-02-17 02:25:49.714681,499
2026-02-17 02:25:49.722697,506
2026-02-17 02:25:49.730625,514
2026-02-17 02:25:49.738757,516
2026-02-17 02:25:49.746628,513
2026-02-17 02:25:49.754705,502
2026-02-17 02:25:49.762681,504
2026-02-17 02:25:49.770703,502
2026-02-17 02:25:49.778634,510
2026-02-17 02:25:49.786621,520
2026-02-17 02:25:49.794640,504
2026-02-17 02:25:49.802639,514
2026-02-17 02:25:49.810625,509
2026-02-17 02:25:49.818659,509
2026-02-17 02:25:49.826618,527
2026-02-17 02:25:49.834611,509
2026-02-17 02:25:49.842705,515
2026-02-17 02:25:49.850725,517
2026-02-17 02:25:49.858634,506
2026-02-17 02:25:49.866628,512
2026-02-17 02:25:49.874690,504
2026-02-17 02:25:49.882624,514
2026-02-17 02:25:49.890633,518
2026-02-17 02:25:49.898634,514
2026-02-17 02:25:49.906622,518
2026-02-17 02:25:49.914659,499
2026-02-17 02:25:49.922627,514
2026-02-17 02:25:49.930618,522
2026-02-17 02:25:49.938613,511
2026-02-17 02:25:49.946569,511
2026-02-17 02:25:49.954565,514
2026-02-17 02:25:49.962615,515
2026-02-17 02:25:49.970627,505
2026-02-17 02:25:49.978614,512
2026-02-17 02:25:49.986617,508
2026-02-17 02:25:49.994610,504
2026-02-17 02:25:50.002629,512
2026-02-17 02:25:50.010705,518
2026-02-17 02:25:50.018737,511
2026-02-17 02:25:50.026630,512
2026-02-17 02:25:50.034681,506
2026-02-17 02:25:50.042704,514
2026-02-17 02:25:50.050690,522
2026-02-17 02:25:50.058641,515
2026-02-17 02:25:50.066715,506
2026-02-17 02:25:50.074640,506
2026-02-17 02:25:50.082729,510
2026-02-17 02:25:50.090670,509
2026-02-17 02:25:50.098592,507
2026-02-17 02:25:50.106592,506
2026-02-17 02:25:50.114585,508
2026-02-17 02:25:50.122600,506
2026-02-17 02:25:50.130590,514
2026-02-17 02:25:50.138590,514
2026-02-17 02:25:50.146600,521
2026-02-17 02:25:50.154624,503
2026-02-17 02:25:50.162590,507
2026-02-17 02:25:50.170623,513
2026-02-17 02:25:50.178587,518
2026-02-17 02:25:50.186582,517
2026-02-17 02:25:50.194589,514
2026-02-17 02:25:50.202603,510
2026-02-17 02:25:50.210600,517
2026-02-17 02:25:50.218596,516
2026-02-17 02:25:50.226607,521
2026-02-17 02:25:50.234570,520
2026-02-17 02:25:50.242589,507
2026-02-17 02:25:50.250652,510
2026-02-17 02:25:50.258572,512
2026-02-17 02:25:50.266589,522
2026-02-17 02:25:50.274645,509
2026-02-17 02:25:50.282590,515
2026-02-17 02:25:50.290561,508
2026-02-17 02:25:50.298635,509
2026-02-17 02:25:50.306626,524
2026-02-17 02:25:50.314630,515
2026-02-17 02:25:50.322646,512
2026-02-17 02:25:50.330669,507
2026-02-17 02:25:50.338608,515
2026-02-17 02:25:50.346638,518
2026-02-17 02:25:50.354620,507
2026-02-17 02:25:50.362622,521
2026-02-17 02:25:50.370609,516
2026-02-17 02:25:50.378622,514
2026-02-17 02:25:50.386620,518
2026-02-17 02:25:50.394614,499
2026-02-17 02:25:50.402610,512
2026-02-17 02:25:50.410751,519
2026-02-17 02:25:50.418629,512
2026-02-17 02:25:50.426637,524
2026-02-17 02:25:50.434608,509
2026-02-17 02:25:50.442609,507
2026-02-17 02:25:50.450671,510
2026-02-17 02:25:50.458625,518
2026-02-17 02:25:50.466665,522
2026-02-17 02:25:50.474614,521
2026-02-17 02:25:50.482648,498
2026-02-17 02:25:50.490623,510
2026-02-17 02:25:50.498617,508
2026-02-17 02:25:50.506591,512
2026-02-17 02:25:50.514612,514
2026-02-17 02:25:50.522610,519
2026-02-17 02:25:50.530604,508
2026-02-17 02:25:50.538647,506
2026-02-17 02:25:50.546601,522
2026-02-17 02:25:50.554603,520
2026-02-17 02:25:50.562595,520
2026-02-17 02:25:50.570603,519
2026-02-17 02:25:50.578620,509
2026-02-17 02:25:50.586739,507
2026-02-17 02:25:50.594665,511
2026-02-17 02:25:50.602668,515
2026-02-17 02:25:50.610667,512
2026-02-17 02:25:50.618611,516
2026-02-17 02:25:50.626644,521
2026-02-17 02:25:50.634637,503
2026-02-17 02:25:50.642609,514
2026-02-17 02:25:50.650618,507
2026-02-17 02:25:50.658713,508
2026-02-17 02:25:50.666677,516
2026-02-17 02:25:50.674632,505
2026-02-17 02:25:50.682544,512
2026-02-17 02:25:50.690618,517
2026-02-17 02:25:50.698540,508
2026-02-17 02:25:50.706602,516
2026-02-17 02:25:50.714558,510
2026-02-17 02:25:50.722572,510
2026-02-17 02:25:50.730578,517
2026-02-17 02:25:50.738635,519
2026-02-17 02:25:50.746582,514
2026-02-17 02:25:50.754609,507
2026-02-17 02:25:50.762556,515
2026-02-17 02:25:50.770651,512
2026-02-17 02:25:50.778544,519
2026-02-17 02:25:50.786575,522
2026-02-17 02:25:50.794576,518
2026-02-17 02:25:50.802548,511
2026-02-17 02:25:50.810578,516
2026-02-17 02:25:50.818570,513
2026-02-17 02:25:50.826643,521
2026-02-17 02:25:50.834619,507
2026-02-17 02:25:50.842653,514
2026-02-17 02:25:50.850694,514
2026-02-17 02:25:50.858661,511
2026-02-17 02:25:50.866608,521
2026-02-17 02:25:50.874737,495
2026-02-17 02:25:50.882690,501
2026-02-17 02:25:50.890717,503
2026-02-17 02:25:50.898791,503
2026-02-17 02:25:50.906752,501
2026-02-17 02:25:50.914765,504
2026-02-17 02:25:50.922683,511
2026-02-17 02:25:50.930756,513
2026-02-17 02:25:50.938719,513
2026-02-17 02:25:50.946817,520
2026-02-17 02:25:50.954675,513
2026-02-17 02:25:50.962689,519
2026-02-17 02:25:50.970707,518
2026-02-17 02:25:50.978639,509
2026-02-17 02:25:50.986624,518
2026-02-17 02:25:50.994616,507
2026-02-17 02:25:51.002751,517
2026-02-17 02:25:51.010700,516
2026-02-17 02:25:51.018655,517
2026-02-17 02:25:51.026625,511
2026-02-17 02:25:51.034615,501
2026-02-17 02:25:51.042675,513
2026-02-17 02:25:51.050616,516
2026-02-17 02:25:51.058795,516
2026-02-17 02:25:51.066663,512
2026-02-17 02:25:51.074652,501
2026-02-17 02:25:51.082657,501
2026-02-17 02:25:51.090612,503
2026-02-17 02:25:51.098603,510
2026-02-17 02:25:51.106599,522
2026-02-17 02:25:51.114598,506
2026-02-17 02:25:51.122598,515
2026-02-17 02:25:51.130627,515
2026-02-17 02:25:51.138648,512
2026-02-17 02:25:51.146603,504
2026-02-17 02:25:51.154662,510
2026-02-17 02:25:51.162616,517
2026-02-17 02:25:51.170663,515
2026-02-17 02:25:51.178595,506
2026-02-17 02:25:51.186613,516
2026-02-17 02:25:51.194687,507
2026-02-17 02:25:51.202691,520
2026-02-17 02:25:51.210688,506
2026-02-17 02:25:51.218647,516
2026-02-17 02:25:51.226598,524
2026-02-17 02:25:51.234664,507
2026-02-17 02:25:51.242611,511
2026-02-17 02:25:51.250643,515
2026-02-17 02:25:51.258658,517
2026-02-17 02:25:51.266692,505
2026-02-17 02:25:51.274656,508
2026-02-17 02:25:51.282580,512
2026-02-17 02:25:51.290604,512
2026-02-17 02:25:51.298623,506
2026-02-17 02:25:51.306601,526
2026-02-17 02:25:51.314605,509
2026-02-17 02:25:51.322596,510
2026-02-17 02:25:51.330637,510
2026-02-17 02:25:51.338688,518
2026-02-17 02:25:51.346565,508
2026-02-17 02:25:51.354579,504
2026-02-17 02:25:51.362630,514
2026-02-17 02:25:51.370620,516
2026-02-17 02:25:51.378599,509
2026-02-17 02:25:51.386618,510
2026-02-17 02:25:51.394692,507
2026-02-17 02:25:51.402602,515
2026-02-17 02:25:51.410601,511
2026-02-17 02:25:51.418599,515
2026-02-17 02:25:51.426603,521
2026-02-17 02:25:51.434636,509
2026-02-17 02:25:51.442593,513
2026-02-17 02:25:51.450621,512
2026-02-17 02:25:51.458597,502
2026-02-17 02:25:51.466589,515
2026-02-17 02:25:51.474598,518
2026-02-17 02:25:51.482604,518
2026-02-17 02:25:51.490641,515
2026-02-17 02:25:51.498684,510
2026-02-17 02:25:51.506756,520
2026-02-17 02:25:51.514667,512
2026-02-17 02:25:51.522604,505
2026-02-17 02:25:51.530596,510
2026-02-17 02:25:51.538598,517
2026-02-17 02:25:51.546595,513
2026-02-17 02:25:51.554607,512
2026-02-17 02:25:51.562607,516
2026-02-17 02:25:51.570636,516
2026-02-17 02:25:51.578595,515
2026-02-17 02:25:51.586588,512
2026-02-17 02:25:51.594613,514
2026-02-17 02:25:51.602605,519
2026-02-17 02:25:51.610593,521
2026-02-17 02:25:51.618587,519
2026-02-17 02:25:51.626592,513
2026-02-17 02:25:51.634585,504
2026-02-17 02:25:51.642602,511
2026-02-17 02:25:51.650644,512
2026-02-17 02:25:51.658644,507
2026-02-17 02:25:51.666593,517
2026-02-17 02:25:51.674597,511
2026-02-17 02:25:51.682598,497
2026-02-17 02:25:51.690591,509
2026-02-17 02:25:51.698585,504
2026-02-17 02:25:51.706592,512
2026-02-17 02:25:51.714594,512
2026-02-17 02:25:51.722589,516
2026-02-17 02:25:51.730602,516
2026-02-17 02:25:51.738633,517
2026-02-17 02:25:51.746662,521
2026-02-17 02:25:51.754629,522
2026-02-17 02:25:51.762671,513
2026-02-17 02:25:51.770597,507
2026-02-17 02:25:51.778578,511
2026-02-17 02:25:51.786649,523
2026-02-17 02:25:51.794669,510
2026-02-17 02:25:51.802557,517
2026-02-17 02:25:51.810602,515
2026-02-17 02:25:51.818614,508
2026-02-17 02:25:51.826589,511
2026-02-17 02:25:51.834575,500
2026-02-17 02:25:51.842592,513
2026-02-17 02:25:51.850698,527
2026-02-17 02:25:51.858551,512
2026-02-17 02:25:51.866659,517
2026-02-17 02:25:51.874581,503
2026-02-17 02:25:51.882654,517
2026-02-17 02:25:51.890638,513
2026-02-17 02:25:51.898637,513
2026-02-17 02:25:51.906582,523
2026-02-17 02:25:51.914595,506
2026-02-17 02:25:51.922604,508
2026-02-17 02:25:51.930586,516
2026-02-17 02:25:51.938601,511
2026-02-17 02:25:51.946608,522
2026-02-17 02:25:51.954539,517
2026-02-17 02:25:51.962587,505
2026-02-17 02:25:51.970592,518
2026-02-17 02:25:51.978599,516
2026-02-17 02:25:51.986596,521
2026-02-17 02:25:51.994587,515
2026-02-17 02:25:52.002642,525
2026-02-17 02:25:52.010596,514
2026-02-17 02:25:52.018700,502
2026-02-17 02:25:52.026633,519
2026-02-17 02:25:52.034611,497
2026-02-17 02:25:52.042729,512
2026-02-17 02:25:52.050697,513
2026-02-17 02:25:52.058667,520
2026-02-17 02:25:52.066621,518
2026-02-17 02:25:52.074613,504
2026-02-17 02:25:52.082699,512
2026-02-17 02:25:52.090649,500
2026-02-17 02:25:52.098639,512
2026-02-17 02:25:52.106572,522
2026-02-17 02:25:52.114592,510
2026-02-17 02:25:52.122595,505
2026-02-17 02:25:52.130639,513
2026-02-17 02:25:52.138592,508
2026-02-17 02:25:52.146584,520
2026-02-17 02:25:52.154617,507
2026-02-17 02:25:52.162603,511
2026-02-17 02:25:52.170589,519
2026-02-17 02:25:52.178622,504
2026-02-17 02:25:52.186590,515
2026-02-17 02:25:52.194583,517
2026-02-17 02:25:52.202594,513
2026-02-17 02:25:52.210591,518
2026-02-17 02:25:52.218585,519
2026-02-17 02:25:52.226583,509
2026-02-17 02:25:52.234603,516
2026-02-17 02:25:52.242571,514
2026-02-17 02:25:52.250591,507
2026-02-17 02:25:52.258588,505
2026-02-17 02:25:52.266684,505
2026-02-17 02:25:52.274635,500
2026-02-17 02:25:52.282582,515
2026-02-17 02:25:52.290633,518
2026-02-17 02:25:52.298565,517
2026-02-17 02:25:52.306606,504
2026-02-17 02:25:52.314618,514
2026-02-17 02:25:52.322604,510
2026-02-17 02:25:52.330595,511
2026-02-17 02:25:52.338582,514
2026-02-17 02:25:52.346588,514
2026-02-17 02:25:52.354622,510
2026-02-17 02:25:52.362580,515
2026-02-17 02:25:52.370584,507
2026-02-17 02:25:52.378582,513
2026-02-17 02:25:52.386582,506
2026-02-17 02:25:52.394586,506
2026-02-17 02:25:52.402626,510
2026-02-17 02:25:52.410594,508
2026-02-17 02:25:52.418584,507
2026-02-17 02:25:52.426577,512
2026-02-17 02:25:52.434579,515
2026-02-17 02:25:52.442586,516
2026-02-17 02:25:52.450576,519
2026-02-17 02:25:52.458617,510
2026-02-17 02:25:52.466589,509
2026-02-17 02:25:52.474630,496
2026-02-17 02:25:52.482589,516
2026-02-17 02:25:52.490573,524
2026-02-17 02:25:52.498587,514
2026-02-17 02:25:52.506581,500
2026-02-17 02:25:52.514579,496
2026-02-17 02:25:52.522587,502
2026-02-17 02:25:52.530586,514
2026-02-17 02:25:52.538585,515
2026-02-17 02:25:52.546575,513
2026-02-17 02:25:52.554589,508
2026-02-17 02:25:52.562576,507
2026-02-17 02:25:52.570575,511
2026-02-17 02:25:52.578597,512
2026-02-17 02:25:52.586544,511
2026-02-17 02:25:52.594580,511
2026-02-17 02:25:52.602585,514
2026-02-17 02:25:52.610586,506
2026-02-17 02:25:52.618607,504
2026-02-17 02:25:52.626592,516
2026-02-17 02:25:52.634577,513
2026-02-17 02:25:52.642571,517
2026-02-17 02:25:52.650583,509
2026-02-17 02:25:52.658590,510
2026-02-17 02:25:52.666583,516
2026-02-17 02:25:52.674585,509
2026-02-17 02:25:52.682580,513
2026-02-17 02:25:52.690658,505
2026-02-17 02:25:52.698596,503
2026-02-17 02:25:52.706695,510
2026-02-17 02:25:52.714685,509
2026-02-17 02:25:52.722696,519
2026-02-17 02:25:52.730729,507
2026-02-17 02:25:52.738706,514
2026-02-17 02:25:52.746675,524
2026-02-17 02:25:52.754684,516
2026-02-17 02:25:52.762659,511
2026-02-17 02:25:52.770769,522
2026-02-17 02:25:52.778670,505
2026-02-17 02:25:52.786594,515
2026-02-17 02:25:52.794599,517
2026-02-17 02:25:52.802574,521
2026-02-17 02:25:52.810637,521
2026-02-17 02:25:52.818647,519
2026-02-17 02:25:52.826536,510
2026-02-17 02:25:52.834603,499
2026-02-17 02:25:52.842600,505
2026-02-17 02:25:52.850665,507
2026-02-17 02:25:52.858595,516
2026-02-17 02:25:52.866634,529
2026-02-17 02:25:52.874593,517
2026-02-17 02:25:52.882644,518
2026-02-17 02:25:52.890606,509
2026-02-17 02:25:52.898638,514
2026-02-17 02:25:52.906673,512
2026-02-17 02:25:52.914654,513
2026-02-17 02:25:52.922585,518
2026-02-17 02:25:52.930580,511
2026-02-17 02:25:52.938588,509
2026-02-17 02:25:52.946593,514
2026-02-17 02:25:52.954564,509
2026-02-17 02:25:52.962619,521
2026-02-17 02:25:52.970616,523
2026-02-17 02:25:52.978597,504
2026-02-17 02:25:52.986643,503
2026-02-17 02:25:52.994591,509
2026-02-17 02:25:53.002603,517
2026-02-17 02:25:53.010609,504
2026-02-17 02:25:53.018651,508
2026-02-17 02:25:53.028470,516
2026-02-17 02:25:53.034591,513
2026-02-17 02:25:53.042607,516
2026-02-17 02:25:53.050531,509
2026-02-17 02:25:53.058657,506
2026-02-17 02:25:53.066532,525
2026-02-17 02:25:53.074558,514
2026-02-17 02:25:53.082588,507
2026-02-17 02:25:53.090565,504
2026-02-17 02:25:53.098609,514
2026-02-17 02:25:53.106570,519
2026-02-17 02:25:53.114544,510
2026-02-17 02:25:53.122619,504
2026-02-17 02:25:53.130575,520
2026-02-17 02:25:53.138571,504
2026-02-17 02:25:53.146559,515
2026-02-17 02:25:53.154564,511
2026-02-17 02:25:53.162584,509
2026-02-17 02:25:53.170557,504
2026-02-17 02:25:53.178569,507
2026-02-17 02:25:53.186538,518
2026-02-17 02:25:53.194562,517
2026-02-17 02:25:53.202566,506
2026-02-17 02:25:53.210570,511
2026-02-17 02:25:53.218631,506
2026-02-17 02:25:53.226536,524
2026-02-17 02:25:53.234617,506
2026-02-17 02:25:53.242629,513
2026-02-17 02:25:53.250613,526
2026-02-17 02:25:53.258645,517
2026-02-17 02:25:53.266634,516
2026-02-17 02:25:53.274650,503
2026-02-17 02:25:53.282625,513
2026-02-17 02:25:53.290603,498
2026-02-17 02:25:53.298610,511
2026-02-17 02:25:53.306635,522
2026-02-17 02:25:53.314572,504
2026-02-17 02:25:53.322591,519
2026-02-17 02:25:53.330575,512
2026-02-17 02:25:53.338584,507
2026-02-17 02:25:53.346582,516
2026-02-17 02:25:53.354572,515
2026-02-17 02:25:53.362565,515
2026-02-17 02:25:53.370579,518
2026-02-17 02:25:53.378573,508
2026-02-17 02:25:53.386574,517
2026-02-17 02:25:53.394567,519
2026-02-17 02:25:53.402574,518
2026-02-17 02:25:53.410581,514
2026-02-17 02:25:53.418592,509
2026-02-17 02:25:53.426558,515
2026-02-17 02:25:53.434569,520
2026-02-17 02:25:53.442587,519
2026-02-17 02:25:53.450565,520
2026-02-17 02:25:53.458584,512
2026-02-17 02:25:53.466571,505
2026-02-17 02:25:53.474573,509
2026-02-17 02:25:53.482574,514
2026-02-17 02:25:53.490561,520
2026-02-17 02:25:53.498575,517
2026-02-17 02:25:53.506561,518
2026-02-17 02:25:53.514557,506
2026-02-17 02:25:53.522560,511
2026-02-17 02:25:53.530572,508
2026-02-17 02:25:53.538576,523
2026-02-17 02:25:53.546560,514
2026-02-17 02:25:53.554577,515
2026-02-17 02:25:53.562575,519
2026-02-17 02:25:53.570559,508
2026-02-17 02:25:53.578568,513
2026-02-17 02:25:53.586508,520
2026-02-17 02:25:53.594699,514
2026-02-17 02:25:53.602667,521
2026-02-17 02:25:53.610559,523
2026-02-17 02:25:53.618605,515
2026-02-17 02:25:53.626580,520
2026-02-17 02:25:53.634599,515
2026-02-17 02:25:53.642563,528
2026-02-17 02:25:53.650613,525
2026-02-17 02:25:53.658630,503
2026-02-17 02:25:53.666564,518
2026-02-17 02:25:53.674567,514
2026-02-17 02:25:53.682573,523
2026-02-17 02:25:53.690551,516
2026-02-17 02:25:53.698564,508
2026-02-17 02:25:53.706782,517
2026-02-17 02:25:53.714675,509
2026-02-17 02:25:53.722631,512
2026-02-17 02:25:53.730584,514
2026-02-17 02:25:53.738694,509
2026-02-17 02:25:53.746610,526
2026-02-17 02:25:53.754540,502
2026-02-17 02:25:53.762508,519
2026-02-17 02:25:53.770625,509
2026-02-17 02:25:53.778515,503
2026-02-17 02:25:53.786529,503
2026-02-17 02:25:53.794596,508
2026-02-17 02:25:53.802577,520
2026-02-17 02:25:53.810502,516
2026-02-17 02:25:53.818522,508
2026-02-17 02:25:53.826597,515
2026-02-17 02:25:53.834622,502
2026-02-17 02:25:53.842610,517
2026-02-17 02:25:53.850623,518
2026-02-17 02:25:53.858581,515
2026-02-17 02:25:53.866572,513
2026-02-17 02:25:53.874583,506
2026-02-17 02:25:53.882567,515
2026-02-17 02:25:53.890558,502
2026-02-17 02:25:53.898562,519
2026-02-17 02:25:53.906558,519
2026-02-17 02:25:53.914558,508
2026-02-17 02:25:53.922549,516
2026-02-17 02:25:53.930575,507
2026-02-17 02:25:53.938562,502
2026-02-17 02:25:53.946562,525
2026-02-17 02:25:53.954568,505
2026-02-17 02:25:53.962555,517
2026-02-17 02:25:53.970516,505
2026-02-17 02:25:53.978566,507
2026-02-17 02:25:53.986591,507
2026-02-17 02:25:53.994562,508
2026-02-17 02:25:54.002583,516
2026-02-17 02:25:54.010566,514
2026-02-17 02:25:54.018567,496
2026-02-17 02:25:54.026593,506
2026-02-17 02:25:54.034514,505
2026-02-17 02:25:54.042586,503
2026-02-17 02:25:54.050608,507
2026-02-17 02:25:54.058581,512
2026-02-17 02:25:54.066698,524
2026-02-17 02:25:54.074519,485
2026-02-17 02:25:54.082587,498
2026-02-17 02:25:54.090574,516
2026-02-17 02:25:54.098572,518
2026-02-17 02:25:54.106606,507
2026-02-17 02:25:54.114574,514
2026-02-17 02:25:54.122563,514
2026-02-17 02:25:54.130575,507
2026-02-17 02:25:54.138546,512
2026-02-17 02:25:54.146556,514
2026-02-17 02:25:54.154549,501
2026-02-17 02:25:54.162563,506
2026-02-17 02:25:54.170567,511
2026-02-17 02:25:54.178562,506
2026-02-17 02:25:54.186574,512
2026-02-17 02:25:54.194564,515
2026-02-17 02:25:54.202618,511
2026-02-17 02:25:54.210623,510
2026-02-17 02:25:54.218655,502
2026-02-17 02:25:54.226570,510
2026-02-17 02:25:54.234623,514
2026-02-17 02:25:54.242601,518
2026-02-17 02:25:54.250567,513
2026-02-17 02:25:54.258632,507
2026-02-17 02:25:54.266693,509
2026-02-17 02:25:54.274630,505
2026-02-17 02:25:54.282574,504
2026-02-17 02:25:54.290515,521
2026-02-17 02:25:54.298608,502
2026-02-17 02:25:54.306567,516
2026-02-17 02:25:54.314591,514
2026-02-17 02:25:54.322686,505
2026-02-17 02:25:54.330627,497
2026-02-17 02:25:54.338631,505
2026-02-17 02:25:54.346607,517
2026-02-17 02:25:54.354551,508
2026-02-17 02:25:54.362571,507
2026-02-17 02:25:54.370602,497
2026-02-17 02:25:54.378573,505
2026-02-17 02:25:54.386576,521
2026-02-17 02:25:54.394581,509
2026-02-17 02:25:54.402566,518
2026-02-17 02:25:54.410551,518
2026-02-17 02:25:54.418559,508
2026-02-17 02:25:54.426557,517
2026-02-17 02:25:54.434559,518
2026-02-17 02:25:54.442568,517
2026-02-17 02:25:54.450565,518
2026-02-17 02:25:54.458551,505
2026-02-17 02:25:54.466571,509
2026-02-17 02:25:54.474563,512
2026-02-17 02:25:54.482560,516
2026-02-17 02:25:54.490616,500
2026-02-17 02:25:54.498572,504
2026-02-17 02:25:54.506565,517
2026-02-17 02:25:54.514576,505
2026-02-17 02:25:54.522574,509
2026-02-17 02:25:54.530571,513
2026-02-17 02:25:54.538557,518
2026-02-17 02:25:54.546558,510
2026-02-17 02:25:54.554561,502
2026-02-17 02:25:54.562568,519
2026-02-17 02:25:54.570557,515
2026-02-17 02:25:54.578549,518
2026-02-17 02:25:54.586512,516
2026-02-17 02:25:54.594571,499
2026-02-17 02:25:54.602575,511
2026-02-17 02:25:54.610596,510
2026-02-17 02:25:54.618558,509
2026-02-17 02:25:54.626558,525
2026-02-17 02:25:54.634559,497
2026-02-17 02:25:54.642557,521
2026-02-17 02:25:54.650596,520
2026-02-17 02:25:54.658566,513
2026-02-17 02:25:54.666585,520
2026-02-17 02:25:54.674575,498
2026-02-17 02:25:54.682547,518
2026-02-17 02:25:54.690607,519
2026-02-17 02:25:54.698672,521
2026-02-17 02:25:54.706618,518
2026-02-17 02:25:54.714578,519
2026-02-17 02:25:54.722553,509
2026-02-17 02:25:54.730595,500
2026-02-17 02:25:54.738630,514
2026-02-17 02:25:54.746648,516
2026-02-17 02:25:54.754606,518
2026-02-17 02:25:54.762577,512
2026-02-17 02:25:54.770611,509
2026-02-17 02:25:54.778563,500
2026-02-17 02:25:54.786605,518
2026-02-17 02:25:54.794564,507
2026-02-17 02:25:54.802556,527
2026-02-17 02:25:54.810630,519
2026-02-17 02:25:54.818589,514
2026-02-17 02:25:54.826618,524
2026-02-17 02:25:54.834525,507
2026-02-17 02:25:54.842587,521
2026-02-17 02:25:54.850671,511
2026-02-17 02:25:54.858638,510
2026-02-17 02:25:54.866657,526
2026-02-17 02:25:54.874666,521
2026-02-17 02:25:54.882660,515
2026-02-17 02:25:54.890701,520
2026-02-17 02:25:54.898674,512
2026-02-17 02:25:54.906651,517
2026-02-17 02:25:54.914624,521
2026-02-17 02:25:54.922707,529
2026-02-17 02:25:54.930664,517
2026-02-17 02:25:54.938646,508
2026-02-17 02:25:54.946723,513
2026-02-17 02:25:54.954717,512
2026-02-17 02:25:54.962657,509
2026-02-17 02:25:54.970656,504
2026-02-17 02:25:54.978754,509
2026-02-17 02:25:54.986679,510
2026-02-17 02:25:54.994655,507
2026-02-17 02:25:55.002734,511
2026-02-17 02:25:55.010856,509
2026-02-17 02:25:55.018655,507
2026-02-17 02:25:55.026628,505
2026-02-17 02:25:55.034560,503
2026-02-17 02:25:55.042620,504
2026-02-17 02:25:55.050588,501
2026-02-17 02:25:55.058626,513
2026-02-17 02:25:55.066699,503
2026-02-17 02:25:55.074684,503
2026-02-17 02:25:55.082682,513
2026-02-17 02:25:55.090653,513
2026-02-17 02:25:55.098597,503
2026-02-17 02:25:55.106605,513
2026-02-17 02:25:55.114570,502
2026-02-17 02:25:55.122546,510
2026-02-17 02:25:55.130559,506
2026-02-17 02:25:55.138561,505
2026-02-17 02:25:55.146515,495
2026-02-17 02:25:55.154553,496
2026-02-17 02:25:55.162544,512
2026-02-17 02:25:55.170509,520
2026-02-17 02:25:55.178557,516
2026-02-17 02:25:55.186537,509
2026-02-17 02:25:55.194538,502
2026-02-17 02:25:55.202561,513
2026-02-17 02:25:55.210507,499
2026-02-17 02:25:55.218551,505
2026-02-17 02:25:55.226554,518
2026-02-17 02:25:55.234536,503
2026-02-17 02:25:55.242548,504
2026-02-17 02:25:55.250525,508
2026-02-17 02:25:55.258550,511
2026-02-17 02:25:55.266530,513
2026-02-17 02:25:55.274665,511
2026-02-17 02:25:55.282512,520
2026-02-17 02:25:55.290530,505
2026-02-17 02:25:55.298520,503
2026-02-17 02:25:55.306552,516
2026-02-17 02:25:55.314547,520
2026-02-17 02:25:55.322556,513
2026-02-17 02:25:55.330553,508
2026-02-17 02:25:55.338594,513
2026-02-17 02:25:55.346540,512
2026-02-17 02:25:55.354588,505
2026-02-17 02:25:55.362494,511
2026-02-17 02:25:55.370547,511
2026-02-17 02:25:55.378552,515
2026-02-17 02:25:55.386590,517
2026-02-17 02:25:55.394553,505
2026-02-17 02:25:55.402605,510
2026-02-17 02:25:55.410601,508
2026-02-17 02:25:55.418592,505
2026-02-17 02:25:55.426555,518
2026-02-17 02:25:55.434554,510
2026-02-17 02:25:55.442553,514
2026-02-17 02:25:55.450548,510
2026-02-17 02:25:55.458549,519
2026-02-17 02:25:55.466557,516
2026-02-17 02:25:55.474599,512
2026-02-17 02:25:55.482549,511
2026-02-17 02:25:55.490562,501
2026-02-17 02:25:55.498536,509
2026-02-17 02:25:55.506544,513
2026-02-17 02:25:55.514590,503
2026-02-17 02:25:55.522545,506
2026-02-17 02:25:55.530542,516
2026-02-17 02:25:55.538561,519
2026-02-17 02:25:55.546556,521
2026-02-17 02:25:55.554548,508
2026-02-17 02:25:55.562555,515
2026-02-17 02:25:55.570540,514
2026-02-17 02:25:55.578538,507
2026-02-17 02:25:55.586502,511
2026-02-17 02:25:55.594597,511
2026-02-17 02:25:55.602612,514
2026-02-17 02:25:55.610550,509
2026-02-17 02:25:55.618546,512
2026-02-17 02:25:55.626551,527
2026-02-17 02:25:55.634545,507
2026-02-17 02:25:55.642552,505
2026-02-17 02:25:55.650585,511
2026-02-17 02:25:55.658544,516
2026-02-17 02:25:55.666600,512
2026-02-17 02:25:55.674556,513
2026-02-17 02:25:55.682546,506
2026-02-17 02:25:55.690622,498
2026-02-17 02:25:55.698611,505
2026-02-17 02:25:55.706649,512
2026-02-17 02:25:55.714603,512
2026-02-17 02:25:55.722561,502
2026-02-17 02:25:55.730604,504
2026-02-17 02:25:55.738594,513
2026-02-17 02:25:55.746511,512
2026-02-17 02:25:55.754523,520
2026-02-17 02:25:55.762553,506
2026-02-17 02:25:55.770604,504
2026-02-17 02:25:55.778620,508
2026-02-17 02:25:55.786548,521
2026-02-17 02:25:55.794543,510
2026-02-17 02:25:55.802505,509
2026-02-17 02:25:55.810552,515
2026-02-17 02:25:55.818494,510
2026-02-17 02:25:55.826641,518
2026-02-17 02:25:55.834495,507
2026-02-17 02:25:55.842493,511
2026-02-17 02:25:55.850580,505
2026-02-17 02:25:55.858626,514
2026-02-17 02:25:55.866568,520
2026-02-17 02:25:55.874561,511
2026-02-17 02:25:55.882609,513
2026-02-17 02:25:55.890535,508
2026-02-17 02:25:55.898560,510
2026-02-17 02:25:55.906552,518
2026-02-17 02:25:55.914624,500
2026-02-17 02:25:55.922566,518
2026-02-17 02:25:55.930601,515
2026-02-17 02:25:55.938602,517
2026-02-17 02:25:55.946543,518
2026-02-17 02:25:55.954546,508
2026-02-17 02:25:55.962537,512
2026-02-17 02:25:55.970487,514
2026-02-17 02:25:55.978549,516
2026-02-17 02:25:55.986571,516
2026-02-17 02:25:55.994638,506
2026-02-17 02:25:56.002573,515
2026-02-17 02:25:56.010604,512
2026-02-17 02:25:56.018542,517
2026-02-17 02:25:56.026492,517
2026-02-17 02:25:56.034483,505
2026-02-17 02:25:56.042563,520
2026-02-17 02:25:56.050541,517
2026-02-17 02:25:56.058588,510
2026-02-17 02:25:56.066521,520
2026-02-17 02:25:56.074596,495
2026-02-17 02:25:56.082506,508
2026-02-17 02:25:56.090591,504
2026-02-17 02:25:56.098509,513
2026-02-17 02:25:56.106656,517
2026-02-17 02:25:56.114509,500
2026-02-17 02:25:56.122541,511
2026-02-17 02:25:56.130550,514
2026-02-17 02:25:56.138571,509
2026-02-17 02:25:56.146548,512
2026-02-17 02:25:56.154581,504
2026-02-17 02:25:56.162578,506
2026-02-17 02:25:56.170589,513
2026-02-17 02:25:56.178587,520
2026-02-17 02:25:56.186544,510
2026-02-17 02:25:56.194556,507
2026-02-17 02:25:56.202546,506
2026-02-17 02:25:56.210541,501
2026-02-17 02:25:56.218565,510
2026-02-17 02:25:56.226587,514
2026-02-17 02:25:56.234680,510
2026-02-17 02:25:56.242621,509
2026-02-17 02:25:56.250556,504
2026-02-17 02:25:56.258534,502
2026-02-17 02:25:56.266633,517
2026-02-17 02:25:56.274613,513
2026-02-17 02:25:56.282551,509
2026-02-17 02:25:56.290561,501
2026-02-17 02:25:56.298628,510
2026-02-17 02:25:56.306569,527
2026-02-17 02:25:56.314563,511
2026-02-17 02:25:56.322601,519
2026-02-17 02:25:56.330540,508
2026-02-17 02:25:56.338540,510
2026-02-17 02:25:56.346573,519
2026-02-17 02:25:56.354497,512
2026-02-17 02:25:56.362502,519
2026-02-17 02:25:56.370604,515
2026-02-17 02:25:56.378537,508
2026-02-17 02:25:56.386527,507
2026-02-17 02:25:56.394564,502
2026-02-17 02:25:56.402565,520
2026-02-17 02:25:56.410593,520
2026-02-17 02:25:56.418585,509
2026-02-17 02:25:56.426556,515
2026-02-17 02:25:56.434547,502
2026-02-17 02:25:56.442543,511
2026-02-17 02:25:56.450544,511
2026-02-17 02:25:56.458584,517
2026-02-17 02:25:56.466547,524
2026-02-17 02:25:56.474559,508
2026-02-17 02:25:56.482542,517
2026-02-17 02:25:56.490542,503
2026-02-17 02:25:56.498607,516
2026-02-17 02:25:56.506544,515
2026-02-17 02:25:56.514548,512
2026-02-17 02:25:56.522536,518
2026-02-17 02:25:56.530543,508
2026-02-17 02:25:56.538541,514
2026-02-17 02:25:56.546535,519
2026-02-17 02:25:56.554551,518
2026-02-17 02:25:56.562588,517
2026-02-17 02:25:56.570539,501
2026-02-17 02:25:56.578576,506
2026-02-17 02:25:56.586500,516
2026-02-17 02:25:56.594531,505
2026-02-17 02:25:56.602871,519
2026-02-17 02:25:56.610604,505
2026-02-17 02:25:56.618573,511
2026-02-17 02:25:56.626557,516
2026-02-17 02:25:56.634556,515
2026-02-17 02:25:56.642533,514
2026-02-17 02:25:56.650542,513
2026-02-17 02:25:56.658613,506
2026-02-17 02:25:56.666553,516
2026-02-17 02:25:56.674570,508
2026-02-17 02:25:56.682556,522
2026-02-17 02:25:56.690539,512
2026-02-17 02:25:56.698548,508
2026-02-17 02:25:56.706542,507
2026-02-17 02:25:56.714552,504
2026-02-17 02:25:56.722544,518
2026-02-17 02:25:56.730542,522
2026-02-17 02:25:56.738605,510
2026-02-17 02:25:56.746566,518
2026-02-17 02:25:56.754556,510
2026-02-17 02:25:56.762568,505
2026-02-17 02:25:56.770596,506
2026-02-17 02:25:56.778549,511
2026-02-17 02:25:56.786544,508
2026-02-17 02:25:56.794549,515
2026-02-17 02:25:56.802542,518
2026-02-17 02:25:56.810543,510
2026-02-17 02:25:56.818574,514
2026-02-17 02:25:56.826540,513
2026-02-17 02:25:56.834534,517
2026-02-17 02:25:56.842537,509
2026-02-17 02:25:56.850610,512
2026-02-17 02:25:56.858516,518
2026-02-17 02:25:56.866575,514
2026-02-17 02:25:56.874616,512
2026-02-17 02:25:56.882716,520
2026-02-17 02:25:56.890635,513
2026-02-17 02:25:56.898630,510
2026-02-17 02:25:56.906629,510
2026-02-17 02:25:56.914550,496
2026-02-17 02:25:56.922541,510
2026-02-17 02:25:56.930537,506
2026-02-17 02:25:56.938551,506
2026-02-17 02:25:56.946535,520
2026-02-17 02:25:56.954549,510
2026-02-17 02:25:56.962545,519
2026-02-17 02:25:56.970528,512
2026-02-17 02:25:56.978477,513
2026-02-17 02:25:56.986580,512
2026-02-17 02:25:56.994537,511
2026-02-17 02:25:57.002545,516
2026-02-17 02:25:57.010546,516
2026-02-17 02:25:57.018603,513
2026-02-17 02:25:57.026542,514
2026-02-17 02:25:57.034506,510
2026-02-17 02:25:57.042540,520
2026-02-17 02:25:57.050533,523
2026-02-17 02:25:57.058521,519
2026-02-17 02:25:57.066504,514
2026-02-17 02:25:57.074580,509
2026-02-17 02:25:57.082524,508
2026-02-17 02:25:57.090523,510
2026-02-17 02:25:57.098522,511
2026-02-17 02:25:57.106505,526
2026-02-17 02:25:57.114525,516
2026-02-17 02:25:57.122633,510
2026-02-17 02:25:57.130507,511
2026-02-17 02:25:57.138542,506
2026-02-17 02:25:57.146536,504
2026-02-17 02:25:57.154541,510
2026-02-17 02:25:57.162602,514
2026-02-17 02:25:57.170541,510
2026-02-17 02:25:57.178525,509
2026-02-17 02:25:57.186536,518
2026-02-17 02:25:57.194540,516
2026-02-17 02:25:57.202599,517
2026-02-17 02:25:57.210541,518
2026-02-17 02:25:57.218564,516
2026-02-17 02:25:57.226539,514
2026-02-17 02:25:57.234604,501
2026-02-17 02:25:57.242590,511
2026-02-17 02:25:57.250564,504
2026-02-17 02:25:57.258594,503
2026-02-17 02:25:57.266538,519
2026-02-17 02:25:57.274637,512
2026-02-17 02:25:57.282560,508
2026-02-17 02:25:57.290525,515
2026-02-17 02:25:57.298514,502
2026-02-17 02:25:57.306527,513
2026-02-17 02:25:57.314551,510
2026-02-17 02:25:57.322539,515
2026-02-17 02:25:57.330538,511
2026-02-17 02:25:57.338552,511
2026-02-17 02:25:57.346534,507
2026-02-17 02:25:57.354532,506
2026-02-17 02:25:57.362526,510
2026-02-17 02:25:57.370526,513
2026-02-17 02:25:57.378505,509
2026-02-17 02:25:57.386530,506
2026-02-17 02:25:57.394594,512
2026-02-17 02:25:57.402581,524
2026-02-17 02:25:57.410541,513
2026-02-17 02:25:57.418537,514
2026-02-17 02:25:57.426541,520
2026-02-17 02:25:57.434535,488
2026-02-17 02:25:57.442534,514
2026-02-17 02:25:57.450535,514
2026-02-17 02:25:57.458530,513
2026-02-17 02:25:57.466529,521
2026-02-17 02:25:57.474532,505
2026-02-17 02:25:57.482549,513
2026-02-17 02:25:57.490536,513
2026-02-17 02:25:57.498519,506
2026-02-17 02:25:57.506620,513
2026-02-17 02:25:57.514555,504
2026-02-17 02:25:57.522567,508
2026-02-17 02:25:57.530550,503
2026-02-17 02:25:57.538527,510
2026-02-17 02:25:57.546536,518
2026-02-17 02:25:57.554561,498
2026-02-17 02:25:57.562517,509
2026-02-17 02:25:57.570540,521
2026-02-17 02:25:57.578529,508
2026-02-17 02:25:57.586526,514
2026-02-17 02:25:57.594537,514
2026-02-17 02:25:57.602519,521
2026-02-17 02:25:57.610534,507
2026-02-17 02:25:57.618525,521
2026-02-17 02:25:57.626535,524
2026-02-17 02:25:57.634532,509
2026-02-17 02:25:57.642548,518
2026-02-17 02:25:57.650528,514
2026-02-17 02:25:57.658534,512
2026-02-17 02:25:57.666535,515
2026-02-17 02:25:57.674523,507
2026-02-17 02:25:57.682594,514
2026-02-17 02:25:57.690540,513
2026-02-17 02:25:57.698520,514
2026-02-17 02:25:57.706532,507
2026-02-17 02:25:57.714572,490
2026-02-17 02:25:57.722564,507
2026-02-17 02:25:57.730548,509
2026-02-17 02:25:57.738606,515
2026-02-17 02:25:57.746569,512
2026-02-17 02:25:57.754593,503
2026-02-17 02:25:57.762582,520
2026-02-17 02:25:57.770531,513
2026-02-17 02:25:57.778533,517
2026-02-17 02:25:57.786633,515
2026-02-17 02:25:57.794596,515
2026-02-17 02:25:57.802555,523
2026-02-17 02:25:57.810550,517
2026-02-17 02:25:57.818545,518
2026-02-17 02:25:57.826538,511
2026-02-17 02:25:57.834653,507
2026-02-17 02:25:57.842587,518
2026-02-17 02:25:57.850640,519
2026-02-17 02:25:57.858625,510
2026-02-17 02:25:57.866545,508
2026-02-17 02:25:57.874573,512
2026-02-17 02:25:57.882600,506
2026-02-17 02:25:57.890533,505
2026-02-17 02:25:57.898470,522
2026-02-17 02:25:57.906526,514
2026-02-17 02:25:57.914546,509
2026-02-17 02:25:57.922556,510
2026-02-17 02:25:57.930535,515
2026-02-17 02:25:57.938572,505
2026-02-17 02:25:57.946577,502
2026-02-17 02:25:57.954533,523
2026-02-17 02:25:57.962529,525
2026-02-17 02:25:57.970528,512
2026-02-17 02:25:57.978488,510
2026-02-17 02:25:57.986537,515
2026-02-17 02:25:57.994588,517
2026-02-17 02:25:58.002576,518
2026-02-17 02:25:58.010625,516
2026-02-17 02:25:58.018606,514
2026-02-17 02:25:58.026511,512
2026-02-17 02:25:58.034556,510
2026-02-17 02:25:58.042644,522
2026-02-17 02:25:58.050550,514
2026-02-17 02:25:58.058583,513
2026-02-17 02:25:58.066537,507
2026-02-17 02:25:58.074678,500
2026-02-17 02:25:58.082556,521
2026-02-17 02:25:58.090547,513
2026-02-17 02:25:58.098594,508
2026-02-17 02:25:58.106555,508
2026-02-17 02:25:58.114609,503
2026-02-17 02:25:58.122617,517
2026-02-17 02:25:58.130582,517
2026-02-17 02:25:58.138553,508
2026-02-17 02:25:58.146561,511
2026-02-17 02:25:58.154549,507
2026-02-17 02:25:58.162584,501
2026-02-17 02:25:58.170526,509
2026-02-17 02:25:58.178526,516
2026-02-17 02:25:58.186554,523
2026-02-17 02:25:58.194537,512
2026-02-17 02:25:58.202524,512
2026-02-17 02:25:58.210533,506
2026-02-17 02:25:58.218544,514
2026-02-17 02:25:58.226532,512
2026-02-17 02:25:58.234574,512
2026-02-17 02:25:58.242540,498
2026-02-17 02:25:58.250621,510
2026-02-17 02:25:58.258570,513
2026-02-17 02:25:58.266620,518
2026-02-17 02:25:58.274617,512
2026-02-17 02:25:58.282623,506
2026-02-17 02:25:58.290490,507
2026-02-17 02:25:58.298528,510
2026-02-17 02:25:58.306565,515
2026-02-17 02:25:58.314529,522
2026-02-17 02:25:58.322534,519
2026-02-17 02:25:58.330528,509
2026-02-17 02:25:58.338542,497
2026-02-17 02:25:58.346533,506
2026-02-17 02:25:58.354535,509
2026-02-17 02:25:58.362519,512
2026-02-17 02:25:58.370522,511
2026-02-17 02:25:58.378525,501
2026-02-17 02:25:58.386546,498
2026-02-17 02:25:58.394486,501
2026-02-17 02:25:58.402534,523
2026-02-17 02:25:58.410615,510
2026-02-17 02:25:58.418577,506
2026-02-17 02:25:58.426477,501
2026-02-17 02:25:58.434551,505
2026-02-17 02:25:58.442564,505
2026-02-17 02:25:58.450537,510
2026-02-17 02:25:58.458526,509
2026-02-17 02:25:58.466539,511
2026-02-17 02:25:58.474529,515
2026-02-17 02:25:58.482594,516
2026-02-17 02:25:58.490593,507
2026-02-17 02:25:58.498537,510
2026-02-17 02:25:58.506533,510
2026-02-17 02:25:58.514560,511
2026-02-17 02:25:58.522525,514
2026-02-17 02:25:58.530537,513
2026-02-17 02:25:58.538544,518
2026-02-17 02:25:58.546528,516
2026-02-17 02:25:58.554563,508
2026-02-17 02:25:58.562533,518
2026-02-17 02:25:58.570544,511
2026-02-17 02:25:58.578523,503
2026-02-17 02:25:58.586484,522
2026-02-17 02:25:58.594574,513
2026-02-17 02:25:58.602553,514
2026-02-17 02:25:58.610531,514
2026-02-17 02:25:58.618519,507
2026-02-17 02:25:58.626527,511
2026-02-17 02:25:58.634522,516
2026-02-17 02:25:58.642525,520
2026-02-17 02:25:58.650529,514
2026-02-17 02:25:58.658535,514
2026-02-17 02:25:58.666535,514
2026-02-17 02:25:58.674523,505
2026-02-17 02:25:58.682527,502
2026-02-17 02:25:58.690618,505
2026-02-17 02:25:58.698585,516
2026-02-17 02:25:58.706560,516
2026-02-17 02:25:58.714550,516
2026-02-17 02:25:58.722532,521
2026-02-17 02:25:58.730605,517
2026-02-17 02:25:58.738597,516
2026-02-17 02:25:58.746587,517
2026-02-17 02:25:58.754542,503
2026-02-17 02:25:58.762537,515
2026-02-17 02:25:58.770581,514
2026-02-17 02:25:58.778532,512
2026-02-17 02:25:58.786530,519
2026-02-17 02:25:58.794527,512
2026-02-17 02:25:58.802543,520
2026-02-17 02:25:58.810521,527
2026-02-17 02:25:58.818529,522
2026-02-17 02:25:58.826530,518
2026-02-17 02:25:58.834522,506
2026-02-17 02:25:58.842518,509
2026-02-17 02:25:58.850633,524
2026-02-17 02:25:58.858598,507
2026-02-17 02:25:58.866565,507
2026-02-17 02:25:58.874540,511
2026-02-17 02:25:58.882586,510
2026-02-17 02:25:58.890516,511
2026-02-17 02:25:58.898544,514
2026-02-17 02:25:58.906475,512
2026-02-17 02:25:58.914535,508
2026-02-17 02:25:58.922560,516
2026-02-17 02:25:58.930563,504
2026-02-17 02:25:58.938591,500
2026-02-17 02:25:58.946531,514
2026-02-17 02:25:58.954567,513
2026-02-17 02:25:58.962566,517
2026-02-17 02:25:58.970518,506
2026-02-17 02:25:58.978527,507
2026-02-17 02:25:58.986478,509
2026-02-17 02:25:58.994530,506
2026-02-17 02:25:59.002584,509
2026-02-17 02:25:59.010596,518
2026-02-17 02:25:59.018652,504
2026-02-17 02:25:59.026625,501
2026-02-17 02:25:59.034568,506
2026-02-17 02:25:59.042614,516
2026-02-17 02:25:59.050563,513
2026-02-17 02:25:59.058546,507
2026-02-17 02:25:59.066510,515
2026-02-17 02:25:59.074635,500
2026-02-17 02:25:59.082515,502
2026-02-17 02:25:59.090548,512
2026-02-17 02:25:59.098545,521
2026-02-17 02:25:59.106538,515
2026-02-17 02:25:59.114528,510
2026-02-17 02:25:59.122525,514
2026-02-17 02:25:59.130522,509
2026-02-17 02:25:59.138526,513
2026-02-17 02:25:59.146523,517
2026-02-17 02:25:59.154560,511
2026-02-17 02:25:59.162528,503
2026-02-17 02:25:59.170515,511
2026-02-17 02:25:59.178527,513
2026-02-17 02:25:59.186530,523
2026-02-17 02:25:59.194520,507
2026-02-17 02:25:59.202523,515
2026-02-17 02:25:59.210538,505
2026-02-17 02:25:59.218527,501
2026-02-17 02:25:59.226568,516
2026-02-17 02:25:59.234532,510
2026-02-17 02:25:59.242586,518
2026-02-17 02:25:59.250517,512
2026-02-17 02:25:59.258633,510
2026-02-17 02:25:59.266538,516
2026-02-17 02:25:59.274575,513
2026-02-17 02:25:59.282554,521
2026-02-17 02:25:59.290560,507
2026-02-17 02:25:59.298587,509
2026-02-17 02:25:59.306544,516
2026-02-17 02:25:59.314616,505
2026-02-17 02:25:59.322528,507
2026-02-17 02:25:59.330544,505
2026-02-17 02:25:59.338557,508
2026-02-17 02:25:59.346523,509
2026-02-17 02:25:59.354561,498
2026-02-17 02:25:59.362527,502
2026-02-17 02:25:59.370526,510
2026-02-17 02:25:59.378523,494
2026-02-17 02:25:59.386524,501
2026-02-17 02:25:59.394562,512
2026-02-17 02:25:59.402523,509
2026-02-17 02:25:59.410516,507
2026-02-17 02:25:59.418514,512
2026-02-17 02:25:59.426469,501
2026-02-17 02:25:59.434500,507
2026-02-17 02:25:59.442554,513
2026-02-17 02:25:59.450511,516
2026-02-17 02:25:59.458543,504
2026-02-17 02:25:59.466537,510
2026-02-17 02:25:59.474526,505
2026-02-17 02:25:59.482563,511
2026-02-17 02:25:59.490583,507
2026-02-17 02:25:59.498515,509
2026-02-17 02:25:59.506529,514
2026-02-17 02:25:59.514537,505
2026-02-17 02:25:59.522521,515
2026-02-17 02:25:59.530514,520
2026-02-17 02:25:59.538521,526
2026-02-17 02:25:59.546583,516
2026-02-17 02:25:59.554523,508
2026-02-17 02:25:59.562519,519
2026-02-17 02:25:59.570517,514
2026-02-17 02:25:59.578525,510
2026-02-17 02:25:59.586470,521
2026-02-17 02:25:59.594505,501
2026-02-17 02:25:59.602563,508
2026-02-17 02:25:59.610643,517
2026-02-17 02:25:59.618609,514
2026-02-17 02:25:59.626654,515
2026-02-17 02:25:59.634591,512
2026-02-17 02:25:59.642603,526
2026-02-17 02:25:59.650528,503
2026-02-17 02:25:59.658528,509
2026-02-17 02:25:59.666520,512
2026-02-17 02:25:59.674537,503
2026-02-17 02:25:59.682523,511
2026-02-17 02:25:59.690580,514
2026-02-17 02:25:59.698537,507
2026-02-17 02:25:59.706528,519
2026-02-17 02:25:59.714619,506
2026-02-17 02:25:59.722614,500
2026-02-17 02:25:59.730677,502
2026-02-17 02:25:59.738736,498
2026-02-17 02:25:59.746602,506
2026-02-17 02:25:59.754534,503
2026-02-17 02:25:59.762545,510
2026-02-17 02:25:59.770604,512
2026-02-17 02:25:59.778531,513
2026-02-17 02:25:59.786536,513
2026-02-17 02:25:59.794521,514
2026-02-17 02:25:59.802520,516
2026-02-17 02:25:59.810509,523
2026-02-17 02:25:59.818510,521
2026-02-17 02:25:59.826521,519
2026-02-17 02:25:59.834517,502
2026-02-17 02:25:59.842514,518
2026-02-17 02:25:59.850624,517
2026-02-17 02:25:59.858619,506
2026-02-17 02:25:59.866543,521
2026-02-17 02:25:59.874610,512
2026-02-17 02:25:59.882534,524
2026-02-17 02:25:59.890577,512
2026-02-17 02:25:59.898577,520
2026-02-17 02:25:59.906585,527
2026-02-17 02:25:59.914543,512
2026-02-17 02:25:59.922582,522
2026-02-17 02:25:59.930523,511
2026-02-17 02:25:59.938667,509
2026-02-17 02:25:59.946601,517
2026-02-17 02:25:59.954592,519
2026-02-17 02:25:59.962524,522
2026-02-17 02:25:59.970540,516
2026-02-17 02:25:59.978534,519
2026-02-17 02:25:59.986459,516
2026-02-17 02:25:59.994468,520
2026-02-17 02:26:00.002585,523
2026-02-17 02:26:00.010636,522
2026-02-17 02:26:00.018534,519
2026-02-17 02:26:00.026511,520
2026-02-17 02:26:00.034530,521
2026-02-17 02:26:00.042548,522
2026-02-17 02:26:00.050580,509
2026-02-17 02:26:00.058489,505
2026-02-17 02:26:00.066539,510
2026-02-17 02:26:00.074519,499
2026-02-17 02:26:00.082502,519
2026-02-17 02:26:00.090547,513
2026-02-17 02:26:00.098497,514
2026-02-17 02:26:00.106550,513
2026-02-17 02:26:00.114494,499
2026-02-17 02:26:00.122491,517
2026-02-17 02:26:00.130502,511
2026-02-17 02:26:00.138485,515
2026-02-17 02:26:00.146492,520
2026-02-17 02:26:00.154490,516
2026-02-17 02:26:00.162512,511
2026-02-17 02:26:00.170538,516
2026-02-17 02:26:00.178472,512
2026-02-17 02:26:00.186492,529
2026-02-17 02:26:00.194516,515
2026-02-17 02:26:00.202492,509
2026-02-17 02:26:00.210519,516
2026-02-17 02:26:00.218503,510
2026-02-17 02:26:00.226484,518
2026-02-17 02:26:00.234500,500
2026-02-17 02:26:00.242505,517
2026-02-17 02:26:00.250477,519
2026-02-17 02:26:00.258477,505
2026-02-17 02:26:00.266609,504
2026-02-17 02:26:00.274483,494
2026-02-17 02:26:00.282516,501
2026-02-17 02:26:00.290619,512
2026-02-17 02:26:00.298614,515
2026-02-17 02:26:00.306603,517
2026-02-17 02:26:00.314592,512
2026-02-17 02:26:00.322537,523
2026-02-17 02:26:00.330514,506
2026-02-17 02:26:00.338516,512
2026-02-17 02:26:00.346515,514
2026-02-17 02:26:00.354530,508
2026-02-17 02:26:00.362589,521
2026-02-17 02:26:00.370582,514
2026-02-17 02:26:00.378517,516
2026-02-17 02:26:00.386591,514
2026-02-17 02:26:00.394559,512
2026-02-17 02:26:00.402519,518
2026-02-17 02:26:00.410519,513
2026-02-17 02:26:00.418499,510
2026-02-17 02:26:00.426515,517
2026-02-17 02:26:00.434527,506
2026-02-17 02:26:00.442571,516
2026-02-17 02:26:00.450477,522
2026-02-17 02:26:00.458513,516
2026-02-17 02:26:00.466558,514
2026-02-17 02:26:00.474516,503
2026-02-17 02:26:00.482512,506
2026-02-17 02:26:00.490646,512
2026-02-17 02:26:00.498541,521
2026-02-17 02:26:00.506560,514
2026-02-17 02:26:00.514527,511
2026-02-17 02:26:00.522518,518
2026-02-17 02:26:00.530514,516
2026-02-17 02:26:00.538507,506
2026-02-17 02:26:00.546509,519
2026-02-17 02:26:00.554523,509
2026-02-17 02:26:00.562516,517
2026-02-17 02:26:00.570523,527
2026-02-17 02:26:00.578516,510
2026-02-17 02:26:00.586471,514
2026-02-17 02:26:00.594551,503
2026-02-17 02:26:00.602493,498
2026-02-17 02:26:00.610519,491
2026-02-17 02:26:00.618507,499
2026-02-17 02:26:00.626499,513
2026-02-17 02:26:00.634521,509
2026-02-17 02:26:00.642519,500
2026-02-17 02:26:00.650512,507
2026-02-17 02:26:00.658515,510
2026-02-17 02:26:00.666510,515
2026-02-17 02:26:00.674513,507
2026-02-17 02:26:00.682509,513
2026-02-17 02:26:00.690565,519
2026-02-17 02:26:00.698504,512
2026-02-17 02:26:00.706519,516
2026-02-17 02:26:00.714520,516
2026-02-17 02:26:00.722505,515
2026-02-17 02:26:00.730504,519
2026-02-17 02:26:00.738573,509
2026-02-17 02:26:00.746572,517
2026-02-17 02:26:00.754521,516
2026-02-17 02:26:00.762517,519
2026-02-17 02:26:00.770625,516
2026-02-17 02:26:00.778522,510
2026-02-17 02:26:00.786500,504
2026-02-17 02:26:00.794567,513
2026-02-17 02:26:00.802523,513
2026-02-17 02:26:00.810522,504
2026-02-17 02:26:00.818565,504
2026-02-17 02:26:00.826517,512
2026-02-17 02:26:00.834547,509
2026-02-17 02:26:00.842527,513
2026-02-17 02:26:00.850606,511
2026-02-17 02:26:00.858602,500
2026-02-17 02:26:00.866546,506
2026-02-17 02:26:00.874521,507
2026-02-17 02:26:00.882525,518
2026-02-17 02:26:00.890578,522
2026-02-17 02:26:00.898584,521
2026-02-17 02:26:00.906525,515
2026-02-17 02:26:00.914514,508
2026-02-17 02:26:00.922534,520
2026-02-17 02:26:00.930498,518
2026-02-17 02:26:00.939254,510
2026-02-17 02:26:00.946645,519
2026-02-17 02:26:00.954549,519
2026-02-17 02:26:00.962564,520
2026-02-17 02:26:00.970558,504
2026-02-17 02:26:00.978574,508
2026-02-17 02:26:00.986508,511
2026-02-17 02:26:00.994453,508
2026-02-17 02:26:01.002520,521
2026-02-17 02:26:01.010666,513
2026-02-17 02:26:01.018615,508
2026-02-17 02:26:01.026564,509
2026-02-17 02:26:01.034589,509
2026-02-17 02:26:01.042587,516
2026-02-17 02:26:01.050574,508
2026-02-17 02:26:01.058549,517
2026-02-17 02:26:01.066576,516
2026-02-17 02:26:01.074606,514
2026-02-17 02:26:01.082512,521
2026-02-17 02:26:01.090553,512
2026-02-17 02:26:01.098567,507
2026-02-17 02:26:01.106530,507
2026-02-17 02:26:01.114478,512
2026-02-17 02:26:01.122559,515
2026-02-17 02:26:01.130517,508
2026-02-17 02:26:01.138510,515
2026-02-17 02:26:01.146552,513
2026-02-17 02:26:01.154516,503
2026-02-17 02:26:01.162522,508
2026-02-17 02:26:01.170522,514
2026-02-17 02:26:01.178521,517
2026-02-17 02:26:01.186512,519
2026-02-17 02:26:01.194511,511
2026-02-17 02:26:01.202706,508
2026-02-17 02:26:01.210731,505
2026-02-17 02:26:01.218753,497
2026-02-17 02:26:01.226684,517
2026-02-17 02:26:01.234666,511
2026-02-17 02:26:01.242620,515
2026-02-17 02:26:01.250684,516
2026-02-17 02:26:01.258703,516
2026-02-17 02:26:01.266648,520
2026-02-17 02:26:01.274662,513
2026-02-17 02:26:01.282636,512
2026-02-17 02:26:01.290586,512
2026-02-17 02:26:01.298649,515
2026-02-17 02:26:01.306714,521
2026-02-17 02:26:01.314662,511
2026-02-17 02:26:01.322652,522
2026-02-17 02:26:01.330588,505
2026-02-17 02:26:01.338577,507
2026-02-17 02:26:01.346570,508
2026-02-17 02:26:01.354529,505
2026-02-17 02:26:01.362543,519
2026-02-17 02:26:01.370506,510
2026-02-17 02:26:01.378527,508
2026-02-17 02:26:01.386517,510
2026-02-17 02:26:01.394501,518
2026-02-17 02:26:01.402623,518
2026-02-17 02:26:01.410543,509
2026-02-17 02:26:01.418523,511
2026-02-17 02:26:01.426542,508
2026-02-17 02:26:01.434520,507
2026-02-17 02:26:01.442506,517
2026-02-17 02:26:01.450480,518
2026-02-17 02:26:01.458497,512
2026-02-17 02:26:01.466558,528
2026-02-17 02:26:01.474486,502
2026-02-17 02:26:01.482563,510
2026-02-17 02:26:01.490514,512
2026-02-17 02:26:01.498573,521
2026-02-17 02:26:01.506518,522
2026-02-17 02:26:01.514506,515
2026-02-17 02:26:01.522510,514
2026-02-17 02:26:01.530524,507
2026-02-17 02:26:01.538502,508
2026-02-17 02:26:01.546509,514
2026-02-17 02:26:01.554506,508
2026-02-17 02:26:01.562515,514
2026-02-17 02:26:01.570509,512
2026-02-17 02:26:01.578554,513
2026-02-17 02:26:01.586519,507
2026-02-17 02:26:01.594567,507
2026-02-17 02:26:01.602549,515
2026-02-17 02:26:01.610511,516
2026-02-17 02:26:01.618499,515
2026-02-17 02:26:01.626511,518
2026-02-17 02:26:01.634507,513
2026-02-17 02:26:01.642512,523
2026-02-17 02:26:01.650516,517
2026-02-17 02:26:01.658512,513
2026-02-17 02:26:01.666541,511
2026-02-17 02:26:01.674507,510
2026-02-17 02:26:01.682519,517
2026-02-17 02:26:01.690501,514
2026-02-17 02:26:01.698578,508
2026-02-17 02:26:01.706511,523
2026-02-17 02:26:01.714598,513
2026-02-17 02:26:01.722560,515
2026-02-17 02:26:01.730524,497
2026-02-17 02:26:01.738546,499
2026-02-17 02:26:01.746481,521
2026-02-17 02:26:01.754513,507
2026-02-17 02:26:01.762523,507
2026-02-17 02:26:01.770530,509
2026-02-17 02:26:01.778594,500
2026-02-17 02:26:01.786530,506
2026-02-17 02:26:01.794507,502
2026-02-17 02:26:01.802543,517
2026-02-17 02:26:01.810504,510
2026-02-17 02:26:01.818516,509
2026-02-17 02:26:01.826508,512
2026-02-17 02:26:01.834515,512
2026-02-17 02:26:01.842549,517
2026-02-17 02:26:01.850595,514
2026-02-17 02:26:01.858557,510
2026-02-17 02:26:01.866502,517
2026-02-17 02:26:01.874553,514
2026-02-17 02:26:01.882501,518
2026-02-17 02:26:01.890515,513
2026-02-17 02:26:01.898536,515
2026-02-17 02:26:01.908643,513
2026-02-17 02:26:01.914598,510
2026-02-17 02:26:01.922630,513
2026-02-17 02:26:01.930621,510
2026-02-17 02:26:01.938611,511
2026-02-17 02:26:01.946584,518
2026-02-17 02:26:01.954551,512
2026-02-17 02:26:01.962562,514
2026-02-17 02:26:01.970549,508
2026-02-17 02:26:01.978502,511
2026-02-17 02:26:01.986531,516
2026-02-17 02:26:01.994453,506
2026-02-17 02:26:02.002458,518
2026-02-17 02:26:02.010640,505
2026-02-17 02:26:02.018606,502
2026-02-17 02:26:02.026492,517
2026-02-17 02:26:02.034524,516
2026-02-17 02:26:02.042540,510
2026-02-17 02:26:02.050530,512
2026-02-17 02:26:02.058520,508
2026-02-17 02:26:02.066560,511
2026-02-17 02:26:02.074533,507
2026-02-17 02:26:02.082597,518
2026-02-17 02:26:02.090479,516
2026-02-17 02:26:02.098498,510
2026-02-17 02:26:02.106514,516
2026-02-17 02:26:02.114499,498
2026-02-17 02:26:02.122530,510
2026-02-17 02:26:02.130541,515
2026-02-17 02:26:02.138516,511
2026-02-17 02:26:02.146508,506
2026-02-17 02:26:02.154513,503
2026-02-17 02:26:02.162505,517
2026-02-17 02:26:02.170514,516
2026-02-17 02:26:02.178502,515
2026-02-17 02:26:02.186506,507
2026-02-17 02:26:02.194502,505
2026-02-17 02:26:02.202515,514
2026-02-17 02:26:02.210510,518
2026-02-17 02:26:02.218493,505
2026-02-17 02:26:02.226494,513
2026-02-17 02:26:02.234619,504
2026-02-17 02:26:02.242563,508
2026-02-17 02:26:02.250508,513
2026-02-17 02:26:02.258596,506
2026-02-17 02:26:02.266609,516
2026-02-17 02:26:02.274536,512
2026-02-17 02:26:02.282534,515
2026-02-17 02:26:02.290531,513
2026-02-17 02:26:02.298587,509
2026-02-17 02:26:02.306557,517
2026-02-17 02:26:02.314550,511
2026-02-17 02:26:02.322495,516
2026-02-17 02:26:02.330534,506
2026-02-17 02:26:02.338507,507
2026-02-17 02:26:02.346530,521
2026-02-17 02:26:02.354513,502
2026-02-17 02:26:02.362515,509
2026-02-17 02:26:02.370505,520
2026-02-17 02:26:02.378512,521
2026-02-17 02:26:02.386508,520
2026-02-17 02:26:02.394500,515
2026-02-17 02:26:02.402522,517
2026-02-17 02:26:02.410507,509
2026-02-17 02:26:02.418506,507
2026-02-17 02:26:02.426506,513
2026-02-17 02:26:02.434549,513
2026-02-17 02:26:02.442507,515
2026-02-17 02:26:02.450508,509
2026-02-17 02:26:02.458548,509
2026-02-17 02:26:02.466456,513
2026-02-17 02:26:02.474471,509
2026-02-17 02:26:02.482560,512
2026-02-17 02:26:02.490561,506
2026-02-17 02:26:02.498545,509
2026-02-17 02:26:02.506507,515
2026-02-17 02:26:02.514511,508
2026-02-17 02:26:02.522521,514
2026-02-17 02:26:02.530496,516
2026-02-17 02:26:02.538510,509
2026-02-17 02:26:02.546508,521
2026-02-17 02:26:02.554547,515
2026-02-17 02:26:02.562496,511
2026-02-17 02:26:02.570506,518
2026-02-17 02:26:02.578519,518
2026-02-17 02:26:02.586468,515
2026-02-17 02:26:02.594485,506
2026-02-17 02:26:02.602644,516
2026-02-17 02:26:02.610581,520
2026-02-17 02:26:02.618670,512
2026-02-17 02:26:02.626578,507
2026-02-17 02:26:02.634570,514
2026-02-17 02:26:02.642534,520
2026-02-17 02:26:02.650535,508
2026-02-17 02:26:02.658530,514
2026-02-17 02:26:02.666556,521
2026-02-17 02:26:02.674513,514
2026-02-17 02:26:02.682503,509
2026-02-17 02:26:02.690506,517
2026-02-17 02:26:02.698549,506
2026-02-17 02:26:02.706512,515
2026-02-17 02:26:02.714511,512
2026-02-17 02:26:02.722506,507
2026-02-17 02:26:02.730558,506
2026-02-17 02:26:02.738568,507
2026-02-17 02:26:02.746578,510
2026-02-17 02:26:02.754555,513
2026-02-17 02:26:02.762517,519
2026-02-17 02:26:02.770516,515
2026-02-17 02:26:02.778577,514
2026-02-17 02:26:02.786558,514
2026-02-17 02:26:02.794529,501
2026-02-17 02:26:02.802545,519
2026-02-17 02:26:02.810543,506
2026-02-17 02:26:02.818549,517
2026-02-17 02:26:02.826508,516
2026-02-17 02:26:02.834507,502
2026-02-17 02:26:02.842511,511
2026-02-17 02:26:02.850581,507
2026-02-17 02:26:02.858549,513
2026-02-17 02:26:02.866588,517
2026-02-17 02:26:02.874580,517
2026-02-17 02:26:02.882522,513
2026-02-17 02:26:02.890509,515
2026-02-17 02:26:02.898592,510
2026-02-17 02:26:02.906569,505
2026-02-17 02:26:02.914527,512
2026-02-17 02:26:02.922529,519
2026-02-17 02:26:02.930511,504
2026-02-17 02:26:02.938513,511
2026-02-17 02:26:02.946497,515
2026-02-17 02:26:02.954510,508
2026-02-17 02:26:02.962500,512
2026-02-17 02:26:02.970503,513
2026-02-17 02:26:02.978476,507
2026-02-17 02:26:02.986471,517
2026-02-17 02:26:02.994512,514
2026-02-17 02:26:03.002470,521
2026-02-17 02:26:03.010590,509
2026-02-17 02:26:03.018503,513
2026-02-17 02:26:03.026540,519
2026-02-17 02:26:03.034508,510
2026-02-17 02:26:03.042515,513
2026-02-17 02:26:03.050554,516
2026-02-17 02:26:03.058478,514
2026-02-17 02:26:03.066520,521
2026-02-17 02:26:03.074508,517
2026-02-17 02:26:03.082500,521
2026-02-17 02:26:03.090484,513
2026-02-17 02:26:03.098557,513
2026-02-17 02:26:03.106618,514
2026-02-17 02:26:03.114527,511
2026-02-17 02:26:03.122531,515
2026-02-17 02:26:03.130535,510
2026-02-17 02:26:03.138507,515
2026-02-17 02:26:03.146554,515
2026-02-17 02:26:03.154503,510
2026-02-17 02:26:03.162503,522
2026-02-17 02:26:03.170518,511
2026-02-17 02:26:03.178495,507
2026-02-17 02:26:03.186502,519
2026-02-17 02:26:03.194505,516
2026-02-17 02:26:03.202524,513
2026-02-17 02:26:03.210581,519
2026-02-17 02:26:03.218510,520
2026-02-17 02:26:03.226497,516
2026-02-17 02:26:03.234555,507
2026-02-17 02:26:03.242546,516
2026-02-17 02:26:03.250470,511
2026-02-17 02:26:03.258572,502
2026-02-17 02:26:03.266577,518
2026-02-17 02:26:03.274508,514
2026-02-17 02:26:03.282504,516
2026-02-17 02:26:03.290503,515
2026-02-17 02:26:03.298502,514
2026-02-17 02:26:03.306487,514
2026-02-17 02:26:03.314511,513
2026-02-17 02:26:03.322530,515
2026-02-17 02:26:03.330489,505
2026-02-17 02:26:03.338505,501
2026-02-17 02:26:03.346500,512
2026-02-17 02:26:03.354506,505
2026-02-17 02:26:03.362523,516
2026-02-17 02:26:03.370508,516
2026-02-17 02:26:03.378519,510
2026-02-17 02:26:03.386498,511
2026-02-17 02:26:03.394538,511
2026-02-17 02:26:03.402517,512
2026-02-17 02:26:03.410501,509
2026-02-17 02:26:03.418508,501
2026-02-17 02:26:03.426526,513
2026-02-17 02:26:03.434507,515
2026-02-17 02:26:03.442511,519
2026-02-17 02:26:03.450501,521
2026-02-17 02:26:03.458516,519
2026-02-17 02:26:03.466521,510
2026-02-17 02:26:03.474512,513
2026-02-17 02:26:03.482503,518
2026-02-17 02:26:03.490459,513
2026-02-17 02:26:03.498583,511
2026-02-17 02:26:03.506456,514
2026-02-17 02:26:03.514488,511
2026-02-17 02:26:03.522543,504
2026-02-17 02:26:03.530514,505
2026-02-17 02:26:03.538515,508
2026-02-17 02:26:03.546513,522
2026-02-17 02:26:03.554539,518
2026-02-17 02:26:03.562510,523
2026-02-17 02:26:03.570512,514
2026-02-17 02:26:03.578508,512
2026-02-17 02:26:03.586480,513
2026-02-17 02:26:03.594513,514
2026-02-17 02:26:03.602502,513
2026-02-17 02:26:03.610508,508
2026-02-17 02:26:03.618504,507
2026-02-17 02:26:03.626515,520
2026-02-17 02:26:03.634508,514
2026-02-17 02:26:03.642541,509
2026-02-17 02:26:03.650507,498
2026-02-17 02:26:03.658522,510
2026-02-17 02:26:03.666501,516
2026-02-17 02:26:03.674507,505
2026-02-17 02:26:03.682506,522
2026-02-17 02:26:03.690502,519
2026-02-17 02:26:03.698502,525
2026-02-17 02:26:03.706558,515
2026-02-17 02:26:03.714493,503
2026-02-17 02:26:03.722502,510
2026-02-17 02:26:03.730568,518
2026-02-17 02:26:03.738556,514
2026-02-17 02:26:03.746515,509
2026-02-17 02:26:03.754519,508
2026-02-17 02:26:03.762550,519
2026-02-17 02:26:03.770496,515
2026-02-17 02:26:03.778663,514
2026-02-17 02:26:03.786485,519
2026-02-17 02:26:03.794574,507
2026-02-17 02:26:03.802681,506
2026-02-17 02:26:03.810557,506
2026-02-17 02:26:03.818553,514
2026-02-17 02:26:03.826569,517
2026-02-17 02:26:03.834531,515
2026-02-17 02:26:03.842510,516
2026-02-17 02:26:03.850592,504
2026-02-17 02:26:03.858561,503
2026-02-17 02:26:03.866548,519
2026-02-17 02:26:03.874470,516
2026-02-17 02:26:03.882481,517
2026-02-17 02:26:03.890511,519
2026-02-17 02:26:03.898515,511
2026-02-17 02:26:03.906563,507
2026-02-17 02:26:03.914527,505
2026-02-17 02:26:03.922503,518
2026-02-17 02:26:03.930490,511
2026-02-17 02:26:03.938516,508
2026-02-17 02:26:03.946500,514
2026-02-17 02:26:03.954601,508
2026-02-17 02:26:03.962563,509
2026-02-17 02:26:03.970511,513
2026-02-17 02:26:03.978509,510
2026-02-17 02:26:03.986558,509
2026-02-17 02:26:03.994498,512
2026-02-17 02:26:04.002510,512
2026-02-17 02:26:04.010580,507
2026-02-17 02:26:04.018590,508
2026-02-17 02:26:04.026522,513
2026-02-17 02:26:04.034546,507
2026-02-17 02:26:04.042568,510
2026-02-17 02:26:04.050489,510
2026-02-17 02:26:04.058556,507
2026-02-17 02:26:04.066536,513
2026-02-17 02:26:04.074522,504
2026-02-17 02:26:04.082523,516
2026-02-17 02:26:04.090508,513
2026-02-17 02:26:04.098509,511
2026-02-17 02:26:04.106551,516
2026-02-17 02:26:04.114571,512
2026-02-17 02:26:04.122549,524
2026-02-17 02:26:04.130512,508
2026-02-17 02:26:04.138494,508
2026-02-17 02:26:04.146506,507
2026-02-17 02:26:04.154519,509
2026-02-17 02:26:04.162495,514
2026-02-17 02:26:04.170541,513
2026-02-17 02:26:04.178527,513
2026-02-17 02:26:04.186507,520
2026-02-17 02:26:04.194505,510
2026-02-17 02:26:04.202506,510
2026-02-17 02:26:04.210485,509
2026-02-17 02:26:04.218499,522
2026-02-17 02:26:04.226563,516
2026-02-17 02:26:04.234607,510
2026-02-17 02:26:04.242521,505
2026-02-17 02:26:04.250506,510
2026-02-17 02:26:04.258592,511
2026-02-17 02:26:04.266505,518
2026-02-17 02:26:04.274507,503
2026-02-17 02:26:04.282502,510
2026-02-17 02:26:04.290506,518
2026-02-17 02:26:04.298447,514
2026-02-17 02:26:04.306449,513
2026-02-17 02:26:04.314486,509
2026-02-17 02:26:04.322484,519
2026-02-17 02:26:04.330506,512
2026-02-17 02:26:04.338539,509
2026-02-17 02:26:04.346509,520
2026-02-17 02:26:04.354499,515
2026-02-17 02:26:04.362503,510
2026-02-17 02:26:04.370496,506
2026-02-17 02:26:04.378503,512
2026-02-17 02:26:04.386497,516
2026-02-17 02:26:04.394591,516
2026-02-17 02:26:04.402526,513
2026-02-17 02:26:04.410506,511
2026-02-17 02:26:04.418558,512
2026-02-17 02:26:04.426660,513
2026-02-17 02:26:04.434542,506
2026-02-17 02:26:04.442574,506
2026-02-17 02:26:04.450510,517
2026-02-17 02:26:04.458547,519
2026-02-17 02:26:04.466505,512
2026-02-17 02:26:04.474495,514
2026-02-17 02:26:04.482491,513
2026-02-17 02:26:04.490506,513
2026-02-17 02:26:04.498505,507
2026-02-17 02:26:04.506559,506
2026-02-17 02:26:04.514497,510
2026-02-17 02:26:04.522524,519
2026-02-17 02:26:04.530546,509
2026-02-17 02:26:04.538468,516
2026-02-17 02:26:04.546491,522
2026-02-17 02:26:04.554531,511
2026-02-17 02:26:04.562517,517
2026-02-17 02:26:04.570528,519
2026-02-17 02:26:04.578491,501
2026-02-17 02:26:04.586439,513
2026-02-17 02:26:04.594516,517
2026-02-17 02:26:04.602492,527
2026-02-17 02:26:04.610498,519
2026-02-17 02:26:04.618544,509
2026-02-17 02:26:04.626503,513
2026-02-17 02:26:04.634559,521
2026-02-17 02:26:04.642526,520
2026-02-17 02:26:04.650501,514
2026-02-17 02:26:04.658499,514
2026-02-17 02:26:04.666504,519
2026-02-17 02:26:04.674493,502
2026-02-17 02:26:04.682497,516
2026-02-17 02:26:04.690498,514
2026-02-17 02:26:04.698493,510
2026-02-17 02:26:04.706682,508
2026-02-17 02:26:04.714696,512
2026-02-17 02:26:04.722586,511
2026-02-17 02:26:04.730614,507
2026-02-17 02:26:04.738643,510
2026-02-17 02:26:04.746541,509
2026-02-17 02:26:04.754524,501
2026-02-17 02:26:04.762582,511
2026-02-17 02:26:04.770543,511
2026-02-17 02:26:04.778599,518
2026-02-17 02:26:04.786556,522
2026-02-17 02:26:04.794551,510
2026-02-17 02:26:04.802501,508
2026-02-17 02:26:04.810506,504
2026-02-17 02:26:04.818542,513
2026-02-17 02:26:04.826503,511
2026-02-17 02:26:04.834502,508
2026-02-17 02:26:04.842504,516
2026-02-17 02:26:04.850591,507
2026-02-17 02:26:04.858500,508
2026-02-17 02:26:04.866549,520
2026-02-17 02:26:04.874540,520
2026-02-17 02:26:04.882492,519
2026-02-17 02:26:04.890505,517
2026-02-17 02:26:04.898498,512
2026-02-17 02:26:04.906496,512
2026-02-17 02:26:04.914515,516
2026-02-17 02:26:04.922497,520
2026-02-17 02:26:04.930506,513
2026-02-17 02:26:04.938510,519
2026-02-17 02:26:04.946495,521
2026-02-17 02:26:04.954496,507
2026-02-17 02:26:04.962503,505
2026-02-17 02:26:04.970491,508
2026-02-17 02:26:04.978502,513
2026-02-17 02:26:04.986507,508
2026-02-17 02:26:04.994506,501
2026-02-17 02:26:05.002676,507
2026-02-17 02:26:05.010650,501
2026-02-17 02:26:05.018654,509
2026-02-17 02:26:05.026543,511
2026-02-17 02:26:05.034557,508
2026-02-17 02:26:05.042530,524
2026-02-17 02:26:05.050572,512
2026-02-17 02:26:05.058596,506
2026-02-17 02:26:05.066502,516
2026-02-17 02:26:05.074519,517
2026-02-17 02:26:05.082499,514
2026-02-17 02:26:05.090469,504
2026-02-17 02:26:05.098526,510
2026-02-17 02:26:05.106517,521
2026-02-17 02:26:05.114469,511
2026-02-17 02:26:05.122493,517
2026-02-17 02:26:05.130497,503
2026-02-17 02:26:05.138479,504
2026-02-17 02:26:05.146477,513
2026-02-17 02:26:05.154511,507
2026-02-17 02:26:05.162498,513
2026-02-17 02:26:05.170485,511
2026-02-17 02:26:05.178510,508
2026-02-17 02:26:05.186488,526
2026-02-17 02:26:05.194493,512
2026-02-17 02:26:05.202476,519
2026-02-17 02:26:05.210532,509
2026-02-17 02:26:05.218452,504
2026-02-17 02:26:05.226458,512
2026-02-17 02:26:05.234465,513
2026-02-17 02:26:05.242460,519
2026-02-17 02:26:05.250486,510
2026-02-17 02:26:05.258459,504
2026-02-17 02:26:05.266489,502
2026-02-17 02:26:05.274465,513
2026-02-17 02:26:05.282495,521
2026-02-17 02:26:05.290562,517
2026-02-17 02:26:05.298469,506
2026-02-17 02:26:05.306494,514
2026-02-17 02:26:05.314528,505
2026-02-17 02:26:05.322565,512
2026-02-17 02:26:05.330541,513
2026-02-17 02:26:05.338544,523
2026-02-17 02:26:05.346511,507
2026-02-17 02:26:05.354501,508
2026-02-17 02:26:05.362535,521
2026-02-17 02:26:05.370499,515
2026-02-17 02:26:05.378509,507
2026-02-17 02:26:05.386502,506
2026-02-17 02:26:05.394507,507
2026-02-17 02:26:05.402544,513
2026-02-17 02:26:05.410507,505
2026-02-17 02:26:05.418548,511
2026-02-17 02:26:05.426498,518
2026-02-17 02:26:05.434501,497
2026-02-17 02:26:05.442518,517
2026-02-17 02:26:05.450518,523
2026-02-17 02:26:05.458513,524
2026-02-17 02:26:05.466502,520
2026-02-17 02:26:05.474503,516
2026-02-17 02:26:05.482499,507
2026-02-17 02:26:05.490506,508
2026-02-17 02:26:05.498503,515
2026-02-17 02:26:05.506505,512
2026-02-17 02:26:05.514548,514
2026-02-17 02:26:05.522522,514
2026-02-17 02:26:05.530501,517
2026-02-17 02:26:05.538514,516
2026-02-17 02:26:05.546497,517
2026-02-17 02:26:05.554486,503
2026-02-17 02:26:05.562523,510
2026-02-17 02:26:05.570500,518
2026-02-17 02:26:05.578522,519
2026-02-17 02:26:05.586451,516
2026-02-17 02:26:05.594509,504
2026-02-17 02:26:05.602514,510
2026-02-17 02:26:05.610529,513
2026-02-17 02:26:05.618614,528
2026-02-17 02:26:05.626593,520
2026-02-17 02:26:05.634526,510
2026-02-17 02:26:05.642524,518
2026-02-17 02:26:05.650518,514
2026-02-17 02:26:05.658516,517
2026-02-17 02:26:05.666551,521
2026-02-17 02:26:05.674501,510
2026-02-17 02:26:05.682501,515
2026-02-17 02:26:05.690504,509
2026-02-17 02:26:05.698537,517
2026-02-17 02:26:05.706490,521
2026-02-17 02:26:05.714560,519
2026-02-17 02:26:05.722572,513
2026-02-17 02:26:05.730499,505
2026-02-17 02:26:05.738619,512
2026-02-17 02:26:05.746528,510
2026-02-17 02:26:05.754535,506
2026-02-17 02:26:05.762528,518
2026-02-17 02:26:05.770543,499
2026-02-17 02:26:05.778596,512
2026-02-17 02:26:05.786510,520
2026-02-17 02:26:05.794503,513
2026-02-17 02:26:05.802516,521
2026-02-17 02:26:05.810532,505
2026-02-17 02:26:05.818496,506
2026-02-17 02:26:05.826504,518
2026-02-17 02:26:05.834506,511
2026-02-17 02:26:05.842532,517
2026-02-17 02:26:05.850616,509
2026-02-17 02:26:05.858566,505
2026-02-17 02:26:05.866537,514
2026-02-17 02:26:05.874554,517
2026-02-17 02:26:05.882552,509
2026-02-17 02:26:05.890567,512
2026-02-17 02:26:05.898545,514
2026-02-17 02:26:05.906513,502
2026-02-17 02:26:05.914511,502
2026-02-17 02:26:05.922507,513
2026-02-17 02:26:05.930515,514
2026-02-17 02:26:05.938499,513
2026-02-17 02:26:05.946498,512
2026-02-17 02:26:05.954507,506
2026-02-17 02:26:05.962586,508
2026-02-17 02:26:05.970569,513
2026-02-17 02:26:05.978534,512
2026-02-17 02:26:05.986553,508
2026-02-17 02:26:05.994514,508
2026-02-17 02:26:06.002540,509
2026-02-17 02:26:06.010544,516
2026-02-17 02:26:06.018564,500
2026-02-17 02:26:06.026531,512
2026-02-17 02:26:06.034515,518
2026-02-17 02:26:06.042583,521
2026-02-17 02:26:06.050469,519
2026-02-17 02:26:06.058568,518
2026-02-17 02:26:06.066527,509
2026-02-17 02:26:06.074536,504
2026-02-17 02:26:06.082533,520
2026-02-17 02:26:06.090524,514
2026-02-17 02:26:06.098516,514
2026-02-17 02:26:06.106556,516
2026-02-17 02:26:06.114601,508
2026-02-17 02:26:06.122530,513
2026-02-17 02:26:06.130557,520
2026-02-17 02:26:06.138538,510
2026-02-17 02:26:06.146509,514
2026-02-17 02:26:06.154507,516
2026-02-17 02:26:06.162499,510
2026-02-17 02:26:06.170501,502
2026-02-17 02:26:06.178502,506
2026-02-17 02:26:06.186499,510
2026-02-17 02:26:06.194543,515
2026-02-17 02:26:06.202504,518
2026-02-17 02:26:06.210557,503
2026-02-17 02:26:06.218496,510
2026-02-17 02:26:06.226515,514
2026-02-17 02:26:06.234516,502
2026-02-17 02:26:06.242562,511
2026-02-17 02:26:06.250496,508
2026-02-17 02:26:06.258608,512
2026-02-17 02:26:06.266543,518
2026-02-17 02:26:06.274552,513
2026-02-17 02:26:06.282567,517
2026-02-17 02:26:06.290613,512
2026-02-17 02:26:06.298476,516
2026-02-17 02:26:06.306554,519
2026-02-17 02:26:06.314605,509
2026-02-17 02:26:06.322558,519
2026-02-17 02:26:06.330549,511
2026-02-17 02:26:06.338505,514
2026-02-17 02:26:06.346500,512
2026-02-17 02:26:06.354507,506
2026-02-17 02:26:06.362503,518
2026-02-17 02:26:06.370493,517
2026-02-17 02:26:06.378498,514
2026-02-17 02:26:06.386500,502
2026-02-17 02:26:06.394580,507
2026-02-17 02:26:06.402508,515
2026-02-17 02:26:06.410510,514
2026-02-17 02:26:06.418506,513
2026-02-17 02:26:06.426511,516
2026-02-17 02:26:06.434508,507
2026-02-17 02:26:06.442505,512
2026-02-17 02:26:06.450499,505
2026-02-17 02:26:06.458504,510
2026-02-17 02:26:06.466495,513
2026-02-17 02:26:06.474497,502
2026-02-17 02:26:06.482496,507
2026-02-17 02:26:06.490495,501
2026-02-17 02:26:06.498573,512
2026-02-17 02:26:06.506620,519
2026-02-17 02:26:06.514597,512
2026-02-17 02:26:06.522516,515
2026-02-17 02:26:06.530543,515
2026-02-17 02:26:06.538502,512
2026-02-17 02:26:06.546493,517
2026-02-17 02:26:06.554455,505
2026-02-17 02:26:06.562445,520
2026-02-17 02:26:06.570576,513
2026-02-17 02:26:06.578511,514
2026-02-17 02:26:06.586515,507
2026-02-17 02:26:06.594548,513
2026-02-17 02:26:06.602509,512
2026-02-17 02:26:06.610500,512
2026-02-17 02:26:06.618496,512
2026-02-17 02:26:06.626508,521
2026-02-17 02:26:06.634487,512
2026-02-17 02:26:06.642524,514
2026-02-17 02:26:06.650547,519
2026-02-17 02:26:06.658561,506
2026-02-17 02:26:06.666488,497
2026-02-17 02:26:06.674512,510
2026-02-17 02:26:06.682498,505
2026-02-17 02:26:06.690503,506
2026-02-17 02:26:06.698485,512
2026-02-17 02:26:06.706488,517
2026-02-17 02:26:06.714502,505
2026-02-17 02:26:06.722556,525
2026-02-17 02:26:06.730506,511
2026-02-17 02:26:06.738556,500
2026-02-17 02:26:06.746503,516
2026-02-17 02:26:06.754511,517
2026-02-17 02:26:06.762506,521
2026-02-17 02:26:06.770511,518
2026-02-17 02:26:06.778599,516
2026-02-17 02:26:06.786503,505
2026-02-17 02:26:06.794518,506
2026-02-17 02:26:06.802599,516
2026-02-17 02:26:06.810588,522
2026-02-17 02:26:06.818500,509
2026-02-17 02:26:06.826510,514
2026-02-17 02:26:06.834498,505
2026-02-17 02:26:06.842515,510
2026-02-17 02:26:06.850606,513
2026-02-17 02:26:06.858585,513
2026-02-17 02:26:06.866560,518
2026-02-17 02:26:06.874508,509
2026-02-17 02:26:06.882533,518
2026-02-17 02:26:06.890492,507
2026-02-17 02:26:06.898517,507
2026-02-17 02:26:06.906505,521
2026-02-17 02:26:06.914492,517
2026-02-17 02:26:06.922512,516
2026-02-17 02:26:06.930491,515
2026-02-17 02:26:06.938504,514
2026-02-17 02:26:06.946506,508
2026-02-17 02:26:06.954533,505
2026-02-17 02:26:06.962501,518
2026-02-17 02:26:06.970488,517
2026-02-17 02:26:06.978504,517
2026-02-17 02:26:06.986498,522
2026-02-17 02:26:06.994493,513
2026-02-17 02:26:07.002503,516
2026-02-17 02:26:07.010560,506
2026-02-17 02:26:07.018538,493
2026-02-17 02:26:07.026515,516
2026-02-17 02:26:07.034486,511
2026-02-17 02:26:07.042549,521
2026-02-17 02:26:07.050558,510
2026-02-17 02:26:07.058594,513
2026-02-17 02:26:07.066587,512
2026-02-17 02:26:07.074465,507
2026-02-17 02:26:07.082516,504
2026-02-17 02:26:07.090544,511
2026-02-17 02:26:07.098524,506
2026-02-17 02:26:07.106505,512
2026-02-17 02:26:07.114501,507
2026-02-17 02:26:07.122553,520
2026-02-17 02:26:07.130511,517
2026-02-17 02:26:07.138493,504
2026-02-17 02:26:07.146538,514
2026-02-17 02:26:07.154504,510
2026-02-17 02:26:07.162506,506
2026-02-17 02:26:07.170503,521
2026-02-17 02:26:07.178552,510
2026-02-17 02:26:07.186540,513
2026-02-17 02:26:07.194488,509
2026-02-17 02:26:07.202510,521
2026-02-17 02:26:07.210493,519
2026-02-17 02:26:07.218491,510
2026-02-17 02:26:07.226507,511
2026-02-17 02:26:07.234583,497
2026-02-17 02:26:07.242479,503
2026-02-17 02:26:07.250475,499
2026-02-17 02:26:07.258568,515
2026-02-17 02:26:07.266572,518
2026-02-17 02:26:07.274571,515
2026-02-17 02:26:07.282514,517
2026-02-17 02:26:07.290513,512
2026-02-17 02:26:07.298477,515
2026-02-17 02:26:07.306607,520
2026-02-17 02:26:07.314534,511
2026-02-17 02:26:07.322504,520
2026-02-17 02:26:07.330486,510
2026-02-17 02:26:07.338541,514
2026-02-17 02:26:07.346496,522
2026-02-17 02:26:07.354522,514
2026-02-17 02:26:07.362537,516
2026-02-17 02:26:07.370495,506
2026-02-17 02:26:07.378494,514
2026-02-17 02:26:07.386499,509
2026-02-17 02:26:07.394502,505
2026-02-17 02:26:07.402506,509
2026-02-17 02:26:07.410497,509
2026-02-17 02:26:07.418507,509
2026-02-17 02:26:07.426578,519
2026-02-17 02:26:07.434507,511
2026-02-17 02:26:07.442497,518
2026-02-17 02:26:07.450669,511
2026-02-17 02:26:07.458535,510
2026-02-17 02:26:07.466584,512
2026-02-17 02:26:07.474574,510
2026-02-17 02:26:07.482550,505
2026-02-17 02:26:07.490496,504
2026-02-17 02:26:07.498515,513
2026-02-17 02:26:07.506615,515
2026-02-17 02:26:07.514564,512
2026-02-17 02:26:07.522597,519
2026-02-17 02:26:07.530558,515
2026-02-17 02:26:07.538537,522
2026-02-17 02:26:07.546549,512
2026-02-17 02:26:07.554516,509
2026-02-17 02:26:07.562501,511
2026-02-17 02:26:07.570497,519
2026-02-17 02:26:07.578489,517
2026-02-17 02:26:07.586512,509
2026-02-17 02:26:07.594496,505
2026-02-17 02:26:07.602500,517
2026-02-17 02:26:07.610516,518
2026-02-17 02:26:07.618496,506
2026-02-17 02:26:07.626462,514
2026-02-17 02:26:07.634504,512
2026-02-17 02:26:07.642489,513
2026-02-17 02:26:07.650520,515
2026-02-17 02:26:07.658500,516
2026-02-17 02:26:07.666489,516
2026-02-17 02:26:07.674493,511
2026-02-17 02:26:07.682558,518
2026-02-17 02:26:07.690576,519
2026-02-17 02:26:07.698557,508
2026-02-17 02:26:07.706505,507
2026-02-17 02:26:07.714550,503
2026-02-17 02:26:07.722619,509
2026-02-17 02:26:07.730614,509
2026-02-17 02:26:07.738587,510
2026-02-17 02:26:07.746529,522
2026-02-17 02:26:07.754521,518
2026-02-17 02:26:07.762505,522
2026-02-17 02:26:07.770518,504
2026-02-17 02:26:07.778692,505
2026-02-17 02:26:07.786546,514
2026-02-17 02:26:07.794579,503
2026-02-17 02:26:07.802545,519
2026-02-17 02:26:07.810494,516
2026-02-17 02:26:07.818487,507
2026-02-17 02:26:07.826507,514
2026-02-17 02:26:07.834497,504
2026-02-17 02:26:07.842485,509
2026-02-17 02:26:07.850595,513
2026-02-17 02:26:07.858562,511
2026-02-17 02:26:07.866536,515
2026-02-17 02:26:07.874527,502
2026-02-17 02:26:07.882554,511
2026-02-17 02:26:07.890525,511
2026-02-17 02:26:07.898443,507
2026-02-17 02:26:07.906436,522
2026-02-17 02:26:07.914491,508
2026-02-17 02:26:07.922499,517
2026-02-17 02:26:07.930493,516
2026-02-17 02:26:07.938482,511
2026-02-17 02:26:07.946508,512
2026-02-17 02:26:07.954491,503
2026-02-17 02:26:07.962438,520
2026-02-17 02:26:07.970611,516
2026-02-17 02:26:07.978591,510
2026-02-17 02:26:07.986516,516
2026-02-17 02:26:07.994524,516
2026-02-17 02:26:08.002591,510
2026-02-17 02:26:08.010432,511
2026-02-17 02:26:08.018560,513
2026-02-17 02:26:08.026576,513
2026-02-17 02:26:08.034499,496
2026-02-17 02:26:08.042454,517
2026-02-17 02:26:08.050491,519
2026-02-17 02:26:08.058533,518
2026-02-17 02:26:08.066455,526
2026-02-17 02:26:08.074437,514
2026-02-17 02:26:08.082448,516
2026-02-17 02:26:08.090449,508
2026-02-17 02:26:08.098489,513
2026-02-17 02:26:08.106497,515
2026-02-17 02:26:08.114494,511
2026-02-17 02:26:08.122467,518
2026-02-17 02:26:08.130497,516
2026-02-17 02:26:08.138492,511
2026-02-17 02:26:08.146490,518
2026-02-17 02:26:08.154434,500
2026-02-17 02:26:08.162471,511
2026-02-17 02:26:08.170484,520
2026-02-17 02:26:08.178494,516
2026-02-17 02:26:08.186501,509
2026-02-17 02:26:08.194493,508
2026-02-17 02:26:08.202483,521
2026-02-17 02:26:08.210485,512
2026-02-17 02:26:08.218482,523
2026-02-17 02:26:08.226481,518
2026-02-17 02:26:08.234554,502
2026-02-17 02:26:08.242550,510
2026-02-17 02:26:08.250869,513
2026-02-17 02:26:08.258440,508
2026-02-17 02:26:08.266492,515
2026-02-17 02:26:08.274527,512
2026-02-17 02:26:08.282488,514
2026-02-17 02:26:08.290531,513
2026-02-17 02:26:08.298497,511
2026-02-17 02:26:08.306519,512
2026-02-17 02:26:08.314518,510
2026-02-17 02:26:08.322543,515
2026-02-17 02:26:08.330509,508
2026-02-17 02:26:08.338495,511
2026-02-17 02:26:08.346438,513
2026-02-17 02:26:08.354489,516
2026-02-17 02:26:08.362498,514
2026-02-17 02:26:08.370488,512
2026-02-17 02:26:08.378479,506
2026-02-17 02:26:08.386484,508
2026-02-17 02:26:08.394500,515
2026-02-17 02:26:08.402501,522
2026-02-17 02:26:08.410486,511
2026-02-17 02:26:08.418437,513
2026-02-17 02:26:08.426444,514
2026-02-17 02:26:08.434484,514
2026-02-17 02:26:08.442544,514
2026-02-17 02:26:08.450501,510
2026-02-17 02:26:08.458490,515
2026-02-17 02:26:08.466470,514
2026-02-17 02:26:08.474487,515
2026-02-17 02:26:08.482487,515
2026-02-17 02:26:08.490480,511
2026-02-17 02:26:08.498492,508
2026-02-17 02:26:08.506484,511
2026-02-17 02:26:08.514489,502
2026-02-17 02:26:08.522491,515
2026-02-17 02:26:08.530436,517
2026-02-17 02:26:08.538439,509
2026-02-17 02:26:08.546492,504
2026-02-17 02:26:08.554483,499
2026-02-17 02:26:08.562494,506
2026-02-17 02:26:08.570472,512
2026-02-17 02:26:08.578491,511
2026-02-17 02:26:08.586439,510
2026-02-17 02:26:08.594483,498
2026-02-17 02:26:08.602483,510
2026-02-17 02:26:08.610573,508
2026-02-17 02:26:08.618510,511
2026-02-17 02:26:08.626487,515
2026-02-17 02:26:08.634497,514
2026-02-17 02:26:08.642497,510
2026-02-17 02:26:08.650491,508
2026-02-17 02:26:08.658508,515
2026-02-17 02:26:08.666501,517
2026-02-17 02:26:08.674486,509
2026-02-17 02:26:08.682494,522
2026-02-17 02:26:08.690479,515
2026-02-17 02:26:08.698499,514
2026-02-17 02:26:08.706486,517
2026-02-17 02:26:08.714492,518
2026-02-17 02:26:08.722489,518
2026-02-17 02:26:08.730496,513
2026-02-17 02:26:08.738555,514
2026-02-17 02:26:08.746563,513
2026-02-17 02:26:08.754544,507
2026-02-17 02:26:08.762575,521
2026-02-17 02:26:08.770507,518
2026-02-17 02:26:08.778508,510
2026-02-17 02:26:08.786485,503
2026-02-17 02:26:08.794494,505
2026-02-17 02:26:08.802517,505
2026-02-17 02:26:08.810493,503
2026-02-17 02:26:08.818491,505
2026-02-17 02:26:08.826486,519
2026-02-17 02:26:08.834490,508
2026-02-17 02:26:08.842435,513
2026-02-17 02:26:08.850670,519
2026-02-17 02:26:08.858476,521
2026-02-17 02:26:08.866522,511
2026-02-17 02:26:08.874517,517
2026-02-17 02:26:08.882560,507
2026-02-17 02:26:08.890512,510
2026-02-17 02:26:08.898500,517
2026-02-17 02:26:08.906518,521
2026-02-17 02:26:08.914553,506
2026-02-17 02:26:08.922509,519
2026-02-17 02:26:08.930516,521
2026-02-17 02:26:08.938493,508
2026-02-17 02:26:08.946504,504
2026-02-17 02:26:08.954440,500
2026-02-17 02:26:08.962451,520
2026-02-17 02:26:08.970460,513
2026-02-17 02:26:08.978497,512
2026-02-17 02:26:08.986493,510
2026-02-17 02:26:08.994506,506
2026-02-17 02:26:09.002500,511
2026-02-17 02:26:09.012286,511
2026-02-17 02:26:09.018669,512
2026-02-17 02:26:09.026576,517
2026-02-17 02:26:09.034527,505
2026-02-17 02:26:09.042917,520
2026-02-17 02:26:09.050586,513
2026-02-17 02:26:09.058554,512
2026-02-17 02:26:09.066578,508
2026-02-17 02:26:09.074571,499
2026-02-17 02:26:09.082546,516
2026-02-17 02:26:09.090573,512
2026-02-17 02:26:09.098518,520
2026-02-17 02:26:09.106517,519
2026-02-17 02:26:09.114612,510
2026-02-17 02:26:09.122542,515
2026-02-17 02:26:09.130569,507
2026-02-17 02:26:09.138492,510
2026-02-17 02:26:09.146521,516
2026-02-17 02:26:09.154576,507
2026-02-17 02:26:09.162498,505
2026-02-17 02:26:09.170500,516
2026-02-17 02:26:09.178524,516
2026-02-17 02:26:09.186510,518
2026-02-17 02:26:09.194558,511
2026-02-17 02:26:09.202674,519
2026-02-17 02:26:09.210612,515
2026-02-17 02:26:09.218621,511
2026-02-17 02:26:09.226589,516
2026-02-17 02:26:09.234622,509
2026-02-17 02:26:09.242676,517
2026-02-17 02:26:09.250550,506
2026-02-17 02:26:09.258547,509
2026-02-17 02:26:09.266616,510
2026-02-17 02:26:09.274453,512
2026-02-17 02:26:09.282724,519
2026-02-17 02:26:09.290605,518
2026-02-17 02:26:09.298576,519
2026-02-17 02:26:09.306516,510
2026-02-17 02:26:09.314472,510
2026-02-17 02:26:09.322508,517
2026-02-17 02:26:09.330562,516
2026-02-17 02:26:09.338522,505
2026-02-17 02:26:09.346518,509
2026-02-17 02:26:09.354511,512
2026-02-17 02:26:09.362502,520
2026-02-17 02:26:09.370563,525
2026-02-17 02:26:09.378548,509
2026-02-17 02:26:09.386495,513
2026-02-17 02:26:09.394492,509
2026-02-17 02:26:09.402495,516
2026-02-17 02:26:09.410496,516
2026-02-17 02:26:09.418483,526
2026-02-17 02:26:09.426493,512
2026-02-17 02:26:09.434490,508
2026-02-17 02:26:09.442498,520
2026-02-17 02:26:09.450495,507
2026-02-17 02:26:09.458545,502
2026-02-17 02:26:09.466519,508
2026-02-17 02:26:09.474493,514
2026-02-17 02:26:09.482498,518
2026-02-17 02:26:09.490502,515
2026-02-17 02:26:09.498492,514
2026-02-17 02:26:09.506552,512
2026-02-17 02:26:09.514547,509
2026-02-17 02:26:09.522542,517
2026-02-17 02:26:09.530551,518
2026-02-17 02:26:09.538476,500
2026-02-17 02:26:09.546511,510
2026-02-17 02:26:09.554498,504
2026-02-17 02:26:09.562506,517
2026-02-17 02:26:09.570547,520
2026-02-17 02:26:09.578489,515
2026-02-17 02:26:09.586575,510
2026-02-17 02:26:09.594573,507
2026-02-17 02:26:09.602555,502
2026-02-17 02:26:09.610489,518
2026-02-17 02:26:09.618520,513
2026-02-17 02:26:09.626487,511
2026-02-17 02:26:09.634493,509
2026-02-17 02:26:09.642491,500
2026-02-17 02:26:09.650507,499
2026-02-17 02:26:09.658492,513
2026-02-17 02:26:09.666488,515
2026-02-17 02:26:09.674520,506
2026-02-17 02:26:09.682483,511
2026-02-17 02:26:09.690431,510
2026-02-17 02:26:09.698497,519
2026-02-17 02:26:09.706476,526
2026-02-17 02:26:09.714476,509
2026-02-17 02:26:09.722483,508
2026-02-17 02:26:09.730555,513
2026-02-17 02:26:09.738531,519
2026-02-17 02:26:09.746516,521
2026-02-17 02:26:09.754604,507
2026-02-17 02:26:09.762630,509
2026-02-17 02:26:09.770601,511
2026-02-17 02:26:09.778629,506
2026-02-17 02:26:09.786562,512
2026-02-17 02:26:09.794517,513
2026-02-17 02:26:09.802603,515
2026-02-17 02:26:09.810541,505
2026-02-17 02:26:09.818512,508
2026-02-17 02:26:09.826435,508
2026-02-17 02:26:09.834437,502
2026-02-17 02:26:09.842431,518
2026-02-17 02:26:09.850640,502
2026-02-17 02:26:09.858611,509
2026-02-17 02:26:09.866590,507
2026-02-17 02:26:09.874570,508
2026-02-17 02:26:09.882494,519
2026-02-17 02:26:09.890500,523
2026-02-17 02:26:09.898518,515
2026-02-17 02:26:09.906507,515
2026-02-17 02:26:09.916266,504
2026-02-17 02:26:09.922560,512
2026-02-17 02:26:09.930512,521
2026-02-17 02:26:09.938487,510
2026-02-17 02:26:09.946550,515
2026-02-17 02:26:09.954508,510
2026-02-17 02:26:09.962544,518
2026-02-17 02:26:09.970510,509
2026-02-17 02:26:09.978536,522
2026-02-17 02:26:09.986500,521
2026-02-17 02:26:09.994551,513
2026-02-17 02:26:10.002498,516
2026-02-17 02:26:10.010616,504
2026-02-17 02:26:10.018532,507
2026-02-17 02:26:10.026540,518
2026-02-17 02:26:10.034551,517
2026-02-17 02:26:10.042549,513
2026-02-17 02:26:10.050510,506
2026-02-17 02:26:10.058503,505
2026-02-17 02:26:10.066561,517
2026-02-17 02:26:10.074450,514
2026-02-17 02:26:10.082531,515
2026-02-17 02:26:10.090522,511
2026-02-17 02:26:10.098544,516
2026-02-17 02:26:10.106552,508
2026-02-17 02:26:10.114498,508
2026-02-17 02:26:10.122481,519
2026-02-17 02:26:10.130470,501
2026-02-17 02:26:10.138501,506
2026-02-17 02:26:10.146482,517
2026-02-17 02:26:10.154481,506
2026-02-17 02:26:10.162489,523
2026-02-17 02:26:10.170485,517
2026-02-17 02:26:10.178480,515
2026-02-17 02:26:10.186485,509
2026-02-17 02:26:10.194472,502
2026-02-17 02:26:10.202485,522
2026-02-17 02:26:10.210474,515
2026-02-17 02:26:10.218534,504
2026-02-17 02:26:10.226533,504
2026-02-17 02:26:10.234464,512
2026-02-17 02:26:10.242456,520
2026-02-17 02:26:10.250489,521
2026-02-17 02:26:10.258472,510
2026-02-17 02:26:10.266456,514
2026-02-17 02:26:10.274484,504
2026-02-17 02:26:10.282467,520
2026-02-17 02:26:10.290588,512
2026-02-17 02:26:10.298439,512
2026-02-17 02:26:10.306464,511
2026-02-17 02:26:10.314437,507
2026-02-17 02:26:10.322491,515
2026-02-17 02:26:10.330545,513
2026-02-17 02:26:10.338555,516
2026-02-17 02:26:10.346489,507
2026-02-17 02:26:10.354516,506
2026-02-17 02:26:10.362494,519
2026-02-17 02:26:10.370500,512
2026-02-17 02:26:10.378520,514
2026-02-17 02:26:10.386484,508
2026-02-17 02:26:10.394596,510
2026-02-17 02:26:10.402641,504
2026-02-17 02:26:10.410532,503
2026-02-17 02:26:10.418568,509
2026-02-17 02:26:10.426542,526
2026-02-17 02:26:10.434523,519
2026-02-17 02:26:10.442519,522
2026-02-17 02:26:10.450506,520
2026-02-17 02:26:10.458496,507
2026-02-17 02:26:10.466499,509
2026-02-17 02:26:10.474506,520
2026-02-17 02:26:10.482509,520
2026-02-17 02:26:10.490503,513
2026-02-17 02:26:10.498497,503
2026-02-17 02:26:10.506517,507
2026-02-17 02:26:10.514505,507
2026-02-17 02:26:10.522574,514
2026-02-17 02:26:10.530569,513
2026-02-17 02:26:10.538551,506
2026-02-17 02:26:10.546502,508
2026-02-17 02:26:10.554501,507
2026-02-17 02:26:10.562505,520
2026-02-17 02:26:10.570494,521
2026-02-17 02:26:10.578526,513
2026-02-17 02:26:10.586447,511
2026-02-17 02:26:10.594500,509
2026-02-17 02:26:10.602449,515
2026-02-17 02:26:10.610517,512
2026-02-17 02:26:10.618496,510
2026-02-17 02:26:10.626483,522
2026-02-17 02:26:10.634495,503
2026-02-17 02:26:10.642508,504
2026-02-17 02:26:10.650506,513
2026-02-17 02:26:10.658500,515
2026-02-17 02:26:10.666504,516
2026-02-17 02:26:10.674496,505
2026-02-17 02:26:10.682496,512
2026-02-17 02:26:10.690497,511
2026-02-17 02:26:10.698567,516
2026-02-17 02:26:10.706499,508
2026-02-17 02:26:10.714612,504
2026-02-17 02:26:10.722595,518
2026-02-17 02:26:10.730582,503
2026-02-17 02:26:10.738588,517
2026-02-17 02:26:10.746555,511
2026-02-17 02:26:10.754533,504
2026-02-17 02:26:10.762576,510
2026-02-17 02:26:10.770507,505
2026-02-17 02:26:10.778502,507
2026-02-17 02:26:10.786500,517
2026-02-17 02:26:10.794498,504
2026-02-17 02:26:10.802533,521
2026-02-17 02:26:10.810533,509
2026-02-17 02:26:10.818499,506
2026-02-17 02:26:10.826494,512
2026-02-17 02:26:10.834507,508
2026-02-17 02:26:10.842495,515
2026-02-17 02:26:10.850581,502
2026-02-17 02:26:10.858507,509
2026-02-17 02:26:10.866516,518
2026-02-17 02:26:10.874505,506
2026-02-17 02:26:10.882498,510
2026-02-17 02:26:10.890506,514
2026-02-17 02:26:10.898550,514
2026-02-17 02:26:10.906500,510
2026-02-17 02:26:10.914497,503
2026-02-17 02:26:10.922489,514
2026-02-17 02:26:10.930488,516
2026-02-17 02:26:10.938636,514
2026-02-17 02:26:10.946550,521
2026-02-17 02:26:10.954510,514
2026-02-17 02:26:10.962520,511
2026-02-17 02:26:10.970496,505
2026-02-17 02:26:10.978503,509
2026-02-17 02:26:10.986494,516
2026-02-17 02:26:10.994511,519
2026-02-17 02:26:11.002503,515
2026-02-17 02:26:11.010650,508
2026-02-17 02:26:11.018528,518
2026-02-17 02:26:11.026512,525
2026-02-17 02:26:11.034474,515
2026-02-17 02:26:11.042574,508
2026-02-17 02:26:11.050512,514
2026-02-17 02:26:11.058547,512
2026-02-17 02:26:11.066489,514
2026-02-17 02:26:11.074642,511
2026-02-17 02:26:11.082490,517
2026-02-17 02:26:11.090490,512
2026-02-17 02:26:11.098526,508
2026-02-17 02:26:11.106564,509
2026-02-17 02:26:11.114637,510
2026-02-17 02:26:11.122572,522
2026-02-17 02:26:11.130584,519
2026-02-17 02:26:11.138558,511
2026-02-17 02:26:11.146535,514
2026-02-17 02:26:11.154515,511
2026-02-17 02:26:11.162539,513
2026-02-17 02:26:11.170517,495
2026-02-17 02:26:11.178516,513
2026-02-17 02:26:11.186502,514
2026-02-17 02:26:11.194510,510
2026-02-17 02:26:11.202521,515
2026-02-17 02:26:11.210499,509
2026-02-17 02:26:11.218500,519
2026-02-17 02:26:11.226492,505
2026-02-17 02:26:11.234534,497
2026-02-17 02:26:11.242511,511
2026-02-17 02:26:11.250444,514
2026-02-17 02:26:11.258490,511
2026-02-17 02:26:11.266574,503
2026-02-17 02:26:11.274504,510
2026-02-17 02:26:11.282554,510
2026-02-17 02:26:11.290551,503
2026-02-17 02:26:11.298526,508
2026-02-17 02:26:11.306617,507
2026-02-17 02:26:11.314592,511
2026-02-17 02:26:11.322511,516
2026-02-17 02:26:11.330489,508
2026-02-17 02:26:11.338538,513
2026-02-17 02:26:11.346568,522
2026-02-17 02:26:11.354560,512
2026-02-17 02:26:11.362506,514
2026-02-17 02:26:11.370501,505
2026-02-17 02:26:11.378504,510
2026-02-17 02:26:11.386523,521
2026-02-17 02:26:11.394497,511
2026-02-17 02:26:11.402501,519
2026-02-17 02:26:11.410492,519
2026-02-17 02:26:11.418522,513
2026-02-17 02:26:11.426494,516
2026-02-17 02:26:11.434513,514
2026-02-17 02:26:11.442501,516
2026-02-17 02:26:11.450501,503
2026-02-17 02:26:11.458496,503
2026-02-17 02:26:11.466495,514
2026-02-17 02:26:11.474481,516
2026-02-17 02:26:11.482492,512
2026-02-17 02:26:11.490500,503
2026-02-17 02:26:11.498493,508
2026-02-17 02:26:11.506498,513
2026-02-17 02:26:11.514503,508
2026-02-17 02:26:11.522488,512
2026-02-17 02:26:11.530485,519
2026-02-17 02:26:11.538519,520
2026-02-17 02:26:11.546498,525
2026-02-17 02:26:11.554503,513
2026-02-17 02:26:11.562499,517
2026-02-17 02:26:11.570493,514
2026-02-17 02:26:11.578495,521
2026-02-17 02:26:11.586564,528
2026-02-17 02:26:11.594568,500
2026-02-17 02:26:11.602526,519
2026-02-17 02:26:11.610500,510
2026-02-17 02:26:11.618448,517
2026-02-17 02:26:11.626541,522
2026-02-17 02:26:11.634550,505
2026-02-17 02:26:11.642522,517
2026-02-17 02:26:11.650486,514
2026-02-17 02:26:11.658546,507
2026-02-17 02:26:11.666570,518
2026-02-17 02:26:11.674495,514
2026-02-17 02:26:11.682519,519
2026-02-17 02:26:11.690498,509
2026-02-17 02:26:11.698494,517
2026-02-17 02:26:11.706491,511
2026-02-17 02:26:11.714493,504
2026-02-17 02:26:11.722506,513
2026-02-17 02:26:11.730577,512
2026-02-17 02:26:11.738585,514
2026-02-17 02:26:11.746534,506
2026-02-17 02:26:11.754554,511
2026-02-17 02:26:11.762587,519
2026-02-17 02:26:11.770585,506
2026-02-17 02:26:11.778526,499
2026-02-17 02:26:11.786500,509
2026-02-17 02:26:11.794499,509
2026-02-17 02:26:11.802542,520
2026-02-17 02:26:11.810525,506
2026-02-17 02:26:11.818546,504
2026-02-17 02:26:11.826492,516
2026-02-17 02:26:11.834496,497
2026-02-17 02:26:11.842524,514
2026-02-17 02:26:11.850623,515
2026-02-17 02:26:11.858544,516
2026-02-17 02:26:11.866557,512
2026-02-17 02:26:11.874532,506
2026-02-17 02:26:11.882511,510
2026-02-17 02:26:11.890499,503
2026-02-17 02:26:11.898492,511
2026-02-17 02:26:11.906538,519
2026-02-17 02:26:11.914510,516
2026-02-17 02:26:11.922542,513
2026-02-17 02:26:11.930527,507
2026-02-17 02:26:11.938484,512
2026-02-17 02:26:11.946554,523
2026-02-17 02:26:11.954521,514
2026-02-17 02:26:11.962510,518
2026-02-17 02:26:11.970555,505
2026-02-17 02:26:11.978497,512
2026-02-17 02:26:11.986556,507
2026-02-17 02:26:11.994490,509
2026-02-17 02:26:12.002513,518
2026-02-17 02:26:12.010567,508
2026-02-17 02:26:12.018583,510
2026-02-17 02:26:12.026601,520
2026-02-17 02:26:12.034512,509
2026-02-17 02:26:12.042678,515
2026-02-17 02:26:12.050581,510
2026-02-17 02:26:12.058541,516
2026-02-17 02:26:12.066506,515
2026-02-17 02:26:12.074523,516
2026-02-17 02:26:12.082577,510
2026-02-17 02:26:12.090505,511
2026-02-17 02:26:12.098464,513
2026-02-17 02:26:12.106467,512
2026-02-17 02:26:12.114495,510
2026-02-17 02:26:12.122490,521
2026-02-17 02:26:12.130514,508
2026-02-17 02:26:12.138448,509
2026-02-17 02:26:12.146471,512
2026-02-17 02:26:12.154493,505
2026-02-17 02:26:12.162571,518
2026-02-17 02:26:12.170549,511
2026-02-17 02:26:12.178514,509
2026-02-17 02:26:12.186512,509
2026-02-17 02:26:12.194781,500
2026-02-17 02:26:12.202560,514
2026-02-17 02:26:12.210542,512
2026-02-17 02:26:12.218501,508
2026-02-17 02:26:12.226564,515
2026-02-17 02:26:12.234520,503
2026-02-17 02:26:12.242548,510
2026-02-17 02:26:12.250513,507
2026-02-17 02:26:12.258538,517
2026-02-17 02:26:12.266603,518
2026-02-17 02:26:12.274569,512
2026-02-17 02:26:12.282609,522
2026-02-17 02:26:12.290517,516
2026-02-17 02:26:12.298510,497
2026-02-17 02:26:12.306454,515
2026-02-17 02:26:12.314462,514
2026-02-17 02:26:12.322502,517
2026-02-17 02:26:12.330502,513
2026-02-17 02:26:12.338517,508
2026-02-17 02:26:12.346553,509
2026-02-17 02:26:12.354498,509
2026-02-17 02:26:12.362513,506
2026-02-17 02:26:12.370499,509
2026-02-17 02:26:12.378542,512
2026-02-17 02:26:12.386508,517
2026-02-17 02:26:12.394498,514
2026-02-17 02:26:12.402503,512
2026-02-17 02:26:12.410539,504
2026-02-17 02:26:12.418500,503
2026-02-17 02:26:12.426485,512
2026-02-17 02:26:12.434545,516
2026-02-17 02:26:12.442495,516
2026-02-17 02:26:12.450498,507
2026-02-17 02:26:12.458502,507
2026-02-17 02:26:12.466492,512
2026-02-17 02:26:12.474504,518
2026-02-17 02:26:12.482503,524
2026-02-17 02:26:12.490496,515
2026-02-17 02:26:12.498581,508
2026-02-17 02:26:12.506528,513
2026-02-17 02:26:12.514519,515
2026-02-17 02:26:12.522499,520
2026-02-17 02:26:12.530565,509
2026-02-17 02:26:12.538508,510
2026-02-17 02:26:12.546521,515
2026-02-17 02:26:12.554509,518
2026-02-17 02:26:12.562511,508
2026-02-17 02:26:12.570543,517
2026-02-17 02:26:12.578500,521
2026-02-17 02:26:12.586440,509
2026-02-17 02:26:12.594509,504
2026-02-17 02:26:12.602441,513
2026-02-17 02:26:12.610463,509
2026-02-17 02:26:12.618535,518
2026-02-17 02:26:12.626548,519
2026-02-17 02:26:12.634506,507
2026-02-17 02:26:12.642474,519
2026-02-17 02:26:12.650552,505
2026-02-17 02:26:12.658492,508
2026-02-17 02:26:12.666547,516
2026-02-17 02:26:12.674519,516
2026-02-17 02:26:12.682586,525
2026-02-17 02:26:12.690646,511
2026-02-17 02:26:12.698579,515
2026-02-17 02:26:12.706551,515
2026-02-17 02:26:12.714538,503
2026-02-17 02:26:12.722525,518
2026-02-17 02:26:12.730501,519
2026-02-17 02:26:12.738602,516
2026-02-17 02:26:12.746588,522
2026-02-17 02:26:12.754579,517
2026-02-17 02:26:12.762514,509
2026-02-17 02:26:12.770581,507
2026-02-17 02:26:12.778503,513
2026-02-17 02:26:12.786498,522
2026-02-17 02:26:12.794524,516
2026-02-17 02:26:12.802524,519
2026-02-17 02:26:12.810521,512
2026-02-17 02:26:12.818511,509
2026-02-17 02:26:12.826513,503
2026-02-17 02:26:12.834510,508
2026-02-17 02:26:12.842495,518
2026-02-17 02:26:12.850605,505
2026-02-17 02:26:12.858548,522
2026-02-17 02:26:12.866549,515
2026-02-17 02:26:12.874566,498
2026-02-17 02:26:12.882548,511
2026-02-17 02:26:12.890602,508
2026-02-17 02:26:12.898532,511
2026-02-17 02:26:12.906573,513
2026-02-17 02:26:12.914549,508
2026-02-17 02:26:12.922497,512
2026-02-17 02:26:12.930499,508
2026-02-17 02:26:12.938504,512
2026-02-17 02:26:12.946541,519
2026-02-17 02:26:12.954504,513
2026-02-17 02:26:12.962490,518
2026-02-17 02:26:12.970508,505
2026-02-17 02:26:12.978503,499
2026-02-17 02:26:12.986508,509
2026-02-17 02:26:12.994507,508
2026-02-17 02:26:13.002491,515
2026-02-17 02:26:13.010511,502
2026-02-17 02:26:13.018589,503
2026-02-17 02:26:13.026485,499
2026-02-17 02:26:13.034441,511
2026-02-17 02:26:13.042488,519
2026-02-17 02:26:13.050535,506
2026-02-17 02:26:13.058561,512
2026-02-17 02:26:13.066487,514
2026-02-17 02:26:13.074513,516
2026-02-17 02:26:13.082481,522
2026-02-17 02:26:13.090553,504
2026-02-17 02:26:13.098460,519
2026-02-17 02:26:13.106580,518
2026-02-17 02:26:13.114531,504
2026-02-17 02:26:13.122536,519
2026-02-17 02:26:13.130535,514
2026-02-17 02:26:13.138504,519
2026-02-17 02:26:13.146553,514
2026-02-17 02:26:13.154502,510
2026-02-17 02:26:13.162561,509
2026-02-17 02:26:13.170508,500
2026-02-17 02:26:13.178503,519
2026-02-17 02:26:13.186521,520
2026-02-17 02:26:13.194507,517
2026-02-17 02:26:13.202544,513
2026-02-17 02:26:13.210500,515
2026-02-17 02:26:13.218494,513
2026-02-17 02:26:13.226506,509
2026-02-17 02:26:13.234611,509
2026-02-17 02:26:13.242519,518
2026-02-17 02:26:13.250509,518
2026-02-17 02:26:13.258517,510
2026-02-17 02:26:13.266586,512
2026-02-17 02:26:13.274555,504
2026-02-17 02:26:13.282614,523
2026-02-17 02:26:13.290583,519
2026-02-17 02:26:13.298563,516
2026-02-17 02:26:13.306624,513
2026-02-17 02:26:13.314502,503
2026-02-17 02:26:13.322589,516
2026-02-17 02:26:13.330508,510
2026-02-17 02:26:13.338533,511
2026-02-17 02:26:13.346579,509
2026-02-17 02:26:13.354537,506
2026-02-17 02:26:13.362552,510
2026-02-17 02:26:13.370515,512
2026-02-17 02:26:13.378518,514
2026-02-17 02:26:13.386508,510
2026-02-17 02:26:13.394502,510
2026-02-17 02:26:13.402576,508
2026-02-17 02:26:13.410525,509
2026-02-17 02:26:13.418539,509
2026-02-17 02:26:13.426575,512
2026-02-17 02:26:13.434502,517
2026-02-17 02:26:13.442513,515
2026-02-17 02:26:13.450556,512
2026-02-17 02:26:13.458495,518
2026-02-17 02:26:13.466478,515
2026-02-17 02:26:13.474505,505
2026-02-17 02:26:13.482607,506
2026-02-17 02:26:13.490513,514
2026-02-17 02:26:13.498565,520
2026-02-17 02:26:13.506503,515
2026-02-17 02:26:13.514513,507
2026-02-17 02:26:13.522520,529
2026-02-17 02:26:13.530498,508
2026-02-17 02:26:13.538507,520
2026-02-17 02:26:13.546557,522
2026-02-17 02:26:13.554513,511
2026-02-17 02:26:13.562538,509
2026-02-17 02:26:13.570547,502
2026-02-17 02:26:13.578499,513
2026-02-17 02:26:13.586440,512
2026-02-17 02:26:13.594517,506
2026-02-17 02:26:13.602500,511
2026-02-17 02:26:13.610542,507
2026-02-17 02:26:13.618525,506
2026-02-17 02:26:13.626493,498
2026-02-17 02:26:13.634498,502
2026-02-17 02:26:13.642507,517
2026-02-17 02:26:13.650514,502
2026-02-17 02:26:13.658498,500
2026-02-17 02:26:13.666467,511
2026-02-17 02:26:13.674560,507
2026-02-17 02:26:13.682568,521
2026-02-17 02:26:13.690523,515
2026-02-17 02:26:13.698576,515
2026-02-17 02:26:13.706552,502
2026-02-17 02:26:13.714570,508
2026-02-17 02:26:13.722447,516
2026-02-17 02:26:13.730561,507
2026-02-17 02:26:13.738561,506
2026-02-17 02:26:13.746543,515
2026-02-17 02:26:13.754501,512
2026-02-17 02:26:13.762505,524
2026-02-17 02:26:13.770534,516
2026-02-17 02:26:13.778506,501
2026-02-17 02:26:13.786435,499
2026-02-17 02:26:13.794506,503
2026-02-17 02:26:13.802563,509
2026-02-17 02:26:13.810547,504
2026-02-17 02:26:13.818536,517
2026-02-17 02:26:13.826507,517
2026-02-17 02:26:13.834482,507
2026-02-17 02:26:13.842505,515
2026-02-17 02:26:13.850589,507
2026-02-17 02:26:13.858543,515
2026-02-17 02:26:13.866500,510
2026-02-17 02:26:13.874499,507
2026-02-17 02:26:13.882516,513
2026-02-17 02:26:13.890492,513
2026-02-17 02:26:13.898554,515
2026-02-17 02:26:13.906508,515
2026-02-17 02:26:13.914500,516
2026-02-17 02:26:13.922487,517
2026-02-17 02:26:13.930501,514
2026-02-17 02:26:13.938487,512
2026-02-17 02:26:13.946516,519
2026-02-17 02:26:13.954563,513
2026-02-17 02:26:13.962498,515
2026-02-17 02:26:13.970489,505
2026-02-17 02:26:13.978513,513
2026-02-17 02:26:13.986668,514
2026-02-17 02:26:13.994653,514
2026-02-17 02:26:14.002559,520
2026-02-17 02:26:14.010606,507
2026-02-17 02:26:14.018611,507
2026-02-17 02:26:14.026525,503
2026-02-17 02:26:14.034557,508
2026-02-17 02:26:14.042564,520
2026-02-17 02:26:14.050700,516
2026-02-17 02:26:14.058532,512
2026-02-17 02:26:14.066507,517
2026-02-17 02:26:14.074514,503
2026-02-17 02:26:14.082638,504
2026-02-17 02:26:14.090506,511
2026-02-17 02:26:14.098582,519
2026-02-17 02:26:14.106518,516
2026-02-17 02:26:14.114566,521
2026-02-17 02:26:14.122500,521
2026-02-17 02:26:14.130529,518
2026-02-17 02:26:14.138502,520
2026-02-17 02:26:14.146500,504
2026-02-17 02:26:14.154558,505
2026-02-17 02:26:14.162551,516
2026-02-17 02:26:14.170457,516
2026-02-17 02:26:14.178514,517
2026-02-17 02:26:14.186521,520
2026-02-17 02:26:14.194522,519
2026-02-17 02:26:14.202535,514
2026-02-17 02:26:14.210493,509
2026-02-17 02:26:14.218544,518
2026-02-17 02:26:14.226446,510
2026-02-17 02:26:14.234585,516
2026-02-17 02:26:14.242511,521
2026-02-17 02:26:14.250503,510
2026-02-17 02:26:14.258498,517
2026-02-17 02:26:14.266568,524
2026-02-17 02:26:14.274510,522
2026-02-17 02:26:14.282541,497
2026-02-17 02:26:14.290502,509
2026-02-17 02:26:14.298519,514
2026-02-17 02:26:14.306443,509
2026-02-17 02:26:14.314559,507
2026-02-17 02:26:14.322508,518
2026-02-17 02:26:14.330470,509
2026-02-17 02:26:14.338504,506
2026-02-17 02:26:14.346469,501
2026-02-17 02:26:14.354560,500
2026-02-17 02:26:14.362497,518
2026-02-17 02:26:14.370524,515
2026-02-17 02:26:14.378524,517
2026-02-17 02:26:14.386476,515
2026-02-17 02:26:14.394442,515
2026-02-17 02:26:14.402509,514
2026-02-17 02:26:14.410522,505
2026-02-17 02:26:14.418594,506
2026-02-17 02:26:14.426494,505
2026-02-17 02:26:14.434494,507
2026-02-17 02:26:14.442502,516
2026-02-17 02:26:14.450501,510
2026-02-17 02:26:14.458485,512
2026-02-17 02:26:14.466510,509
2026-02-17 02:26:14.474495,506
2026-02-17 02:26:14.482491,513
2026-02-17 02:26:14.490498,504
2026-02-17 02:26:14.498502,518
2026-02-17 02:26:14.506508,518
2026-02-17 02:26:14.514500,501
2026-02-17 02:26:14.522491,525
2026-02-17 02:26:14.530504,523
2026-02-17 02:26:14.538498,509
2026-02-17 02:26:14.546499,517
2026-02-17 02:26:14.554510,516
2026-02-17 02:26:14.562495,520
2026-02-17 02:26:14.570503,510
2026-02-17 02:26:14.578502,516
2026-02-17 02:26:14.586516,517
2026-02-17 02:26:14.594455,512
2026-02-17 02:26:14.602473,522
2026-02-17 02:26:14.610575,522
2026-02-17 02:26:14.618501,517
2026-02-17 02:26:14.626538,509
2026-02-17 02:26:14.634513,499
2026-02-17 02:26:14.642507,511
2026-02-17 02:26:14.650512,506
2026-02-17 02:26:14.658495,506
2026-02-17 02:26:14.666504,507
2026-02-17 02:26:14.674644,498
2026-02-17 02:26:14.682605,499
2026-02-17 02:26:14.690629,505
2026-02-17 02:26:14.698577,505
2026-02-17 02:26:14.706540,521
2026-02-17 02:26:14.714553,518
2026-02-17 02:26:14.722508,515
2026-02-17 02:26:14.730484,512
2026-02-17 02:26:14.738588,520
2026-02-17 02:26:14.746560,515
2026-02-17 02:26:14.754549,505
2026-02-17 02:26:14.762559,513
2026-02-17 02:26:14.770715,518
2026-02-17 02:26:14.778603,518
2026-02-17 02:26:14.786514,503
2026-02-17 02:26:14.794505,507
2026-02-17 02:26:14.802522,521
2026-02-17 02:26:14.810549,513
2026-02-17 02:26:14.818507,514
2026-02-17 02:26:14.826510,518
2026-02-17 02:26:14.834506,509
2026-02-17 02:26:14.842494,516
2026-02-17 02:26:14.850577,524
2026-02-17 02:26:14.858585,521
2026-02-17 02:26:14.866518,507
2026-02-17 02:26:14.874516,511
2026-02-17 02:26:14.882520,525
2026-02-17 02:26:14.890544,515
2026-02-17 02:26:14.898580,513
2026-02-17 02:26:14.906540,521
2026-02-17 02:26:14.914523,506
2026-02-17 02:26:14.922490,521
2026-02-17 02:26:14.930494,512
2026-02-17 02:26:14.938509,505
2026-02-17 02:26:14.946510,519
2026-02-17 02:26:14.954516,507
2026-02-17 02:26:14.962545,516
2026-02-17 02:26:14.970497,510
2026-02-17 02:26:14.978513,510
2026-02-17 02:26:14.986497,506
2026-02-17 02:26:14.994534,513
2026-02-17 02:26:15.002499,518
2026-02-17 02:26:15.010567,511
2026-02-17 02:26:15.018560,517
2026-02-17 02:26:15.026567,512
2026-02-17 02:26:15.034505,513
2026-02-17 02:26:15.042504,510
2026-02-17 02:26:15.050478,506
2026-02-17 02:26:15.058569,519
2026-02-17 02:26:15.066477,512
2026-02-17 02:26:15.074524,514
2026-02-17 02:26:15.082562,519
2026-02-17 02:26:15.090483,503
2026-02-17 02:26:15.098470,497
2026-02-17 02:26:15.106507,516
2026-02-17 02:26:15.114487,510
2026-02-17 02:26:15.122453,515
2026-02-17 02:26:15.130529,505
2026-02-17 02:26:15.138482,507
2026-02-17 02:26:15.146468,500
2026-02-17 02:26:15.154466,495
2026-02-17 02:26:15.162494,513
2026-02-17 02:26:15.170497,511
2026-02-17 02:26:15.178501,510
2026-02-17 02:26:15.186465,512
2026-02-17 02:26:15.194455,510
2026-02-17 02:26:15.202441,508
2026-02-17 02:26:15.210479,501
2026-02-17 02:26:15.218500,505
2026-02-17 02:26:15.226526,521
2026-02-17 02:26:15.234488,517
2026-02-17 02:26:15.242494,516
2026-02-17 02:26:15.250491,508
2026-02-17 02:26:15.258494,517
2026-02-17 02:26:15.266475,517
2026-02-17 02:26:15.274498,514
2026-02-17 02:26:15.282478,516
2026-02-17 02:26:15.290503,501
2026-02-17 02:26:15.298563,502
2026-02-17 02:26:15.306449,503
2026-02-17 02:26:15.314473,512
2026-02-17 02:26:15.322503,511
2026-02-17 02:26:15.330458,515
2026-02-17 02:26:15.338511,507
2026-02-17 02:26:15.346549,521
2026-02-17 02:26:15.354510,512
2026-02-17 02:26:15.362512,516
2026-02-17 02:26:15.370512,515
2026-02-17 02:26:15.378561,518
2026-02-17 02:26:15.386500,508
2026-02-17 02:26:15.394497,508
2026-02-17 02:26:15.402512,525
2026-02-17 02:26:15.410504,507
2026-02-17 02:26:15.418510,511
2026-02-17 02:26:15.426513,518
2026-02-17 02:26:15.434560,508
2026-02-17 02:26:15.442507,517
2026-02-17 02:26:15.450500,515
2026-02-17 02:26:15.458505,509
2026-02-17 02:26:15.466510,507
2026-02-17 02:26:15.474493,512
2026-02-17 02:26:15.482506,512
2026-02-17 02:26:15.490487,509
2026-02-17 02:26:15.498592,511
2026-02-17 02:26:15.506514,514
2026-02-17 02:26:15.514583,518
2026-02-17 02:26:15.522548,515
2026-02-17 02:26:15.530527,498
2026-02-17 02:26:15.538505,497
2026-02-17 02:26:15.546503,514
2026-02-17 02:26:15.554524,508
2026-02-17 02:26:15.562552,525
2026-02-17 02:26:15.570550,516
2026-02-17 02:26:15.578524,520
2026-02-17 02:26:15.586460,503
2026-02-17 02:26:15.594517,520
2026-02-17 02:26:15.602496,526
2026-02-17 02:26:15.610501,514
2026-02-17 02:26:15.618529,519
2026-02-17 02:26:15.626497,512
2026-02-17 02:26:15.634501,507
2026-02-17 02:26:15.642542,508
2026-02-17 02:26:15.650511,510
2026-02-17 02:26:15.658523,510
2026-02-17 02:26:15.666507,513
2026-02-17 02:26:15.674507,509
2026-02-17 02:26:15.682506,509
2026-02-17 02:26:15.690500,513
2026-02-17 02:26:15.698455,506
2026-02-17 02:26:15.706527,517
2026-02-17 02:26:15.714576,516
2026-02-17 02:26:15.722521,524
2026-02-17 02:26:15.730535,517
2026-02-17 02:26:15.738647,513
2026-02-17 02:26:15.746565,516
2026-02-17 02:26:15.754553,508
2026-02-17 02:26:15.762523,514
2026-02-17 02:26:15.770593,516
2026-02-17 02:26:15.778522,517
2026-02-17 02:26:15.786506,511
2026-02-17 02:26:15.794514,497
2026-02-17 02:26:15.802516,510
2026-02-17 02:26:15.810581,510
2026-02-17 02:26:15.818530,513
2026-02-17 02:26:15.826592,511
2026-02-17 02:26:15.834560,502
2026-02-17 02:26:15.842535,522
2026-02-17 02:26:15.850629,525
2026-02-17 02:26:15.858610,512
2026-02-17 02:26:15.866543,512
2026-02-17 02:26:15.874515,505
2026-02-17 02:26:15.882571,511
2026-02-17 02:26:15.890492,514
2026-02-17 02:26:15.898496,509
2026-02-17 02:26:15.906517,519
2026-02-17 02:26:15.914512,515
2026-02-17 02:26:15.922459,515
2026-02-17 02:26:15.930530,509
2026-02-17 02:26:15.938514,506
2026-02-17 02:26:15.946503,508
2026-02-17 02:26:15.954488,518
2026-02-17 02:26:15.962520,529
2026-02-17 02:26:15.970511,507
2026-02-17 02:26:15.978507,515
2026-02-17 02:26:15.986559,519
2026-02-17 02:26:15.994601,512
2026-02-17 02:26:16.002634,512
2026-02-17 02:26:16.010682,503
2026-02-17 02:26:16.018591,510
2026-02-17 02:26:16.026532,510
2026-02-17 02:26:16.034657,510
2026-02-17 02:26:16.042559,520
2026-02-17 02:26:16.050577,514
2026-02-17 02:26:16.058563,507
2026-02-17 02:26:16.066484,513
2026-02-17 02:26:16.074477,512
2026-02-17 02:26:16.082491,504
2026-02-17 02:26:16.090589,503
2026-02-17 02:26:16.098502,498
2026-02-17 02:26:16.106471,511
2026-02-17 02:26:16.114456,516
2026-02-17 02:26:16.122455,523
2026-02-17 02:26:16.130520,506
2026-02-17 02:26:16.138472,514
2026-02-17 02:26:16.146537,518
2026-02-17 02:26:16.154497,515
2026-02-17 02:26:16.162532,517
2026-02-17 02:26:16.170520,520
2026-02-17 02:26:16.178546,519
2026-02-17 02:26:16.186498,511
2026-02-17 02:26:16.194522,508
2026-02-17 02:26:16.202579,518
2026-02-17 02:26:16.210475,511
2026-02-17 02:26:16.218463,512
2026-02-17 02:26:16.226443,517
2026-02-17 02:26:16.234584,513
2026-02-17 02:26:16.242550,513
2026-02-17 02:26:16.250564,511
2026-02-17 02:26:16.258571,499
2026-02-17 02:26:16.266600,513
2026-02-17 02:26:16.274524,512
2026-02-17 02:26:16.282562,508
2026-02-17 02:26:16.290601,509
2026-02-17 02:26:16.298574,510
2026-02-17 02:26:16.306562,509
2026-02-17 02:26:16.314480,503
2026-02-17 02:26:16.322521,522
2026-02-17 02:26:16.330534,510
2026-02-17 02:26:16.338570,508
2026-02-17 02:26:16.346507,513
2026-02-17 02:26:16.354533,515
2026-02-17 02:26:16.362547,523
2026-02-17 02:26:16.370556,515
2026-02-17 02:26:16.378512,510
2026-02-17 02:26:16.386512,516
2026-02-17 02:26:16.394507,512
2026-02-17 02:26:16.402596,525
2026-02-17 02:26:16.410515,516
2026-02-17 02:26:16.418600,516
2026-02-17 02:26:16.426598,516
2026-02-17 02:26:16.434509,506
2026-02-17 02:26:16.442571,514
2026-02-17 02:26:16.450499,512
2026-02-17 02:26:16.458500,504
2026-02-17 02:26:16.466530,518
2026-02-17 02:26:16.474502,516
2026-02-17 02:26:16.482512,513
2026-02-17 02:26:16.490505,512
2026-02-17 02:26:16.498509,510
2026-02-17 02:26:16.506518,514
2026-02-17 02:26:16.514513,519
2026-02-17 02:26:16.522522,511
2026-02-17 02:26:16.530545,509
2026-02-17 02:26:16.538501,518
2026-02-17 02:26:16.546506,509
2026-02-17 02:26:16.554505,514
2026-02-17 02:26:16.562551,522
2026-02-17 02:26:16.570513,518
2026-02-17 02:26:16.578508,518
2026-02-17 02:26:16.586472,514
2026-02-17 02:26:16.594534,504
2026-02-17 02:26:16.602546,507
2026-02-17 02:26:16.610520,516
2026-02-17 02:26:16.618519,509
2026-02-17 02:26:16.626513,507
2026-02-17 02:26:16.634512,499
2026-02-17 02:26:16.642506,510
2026-02-17 02:26:16.650502,510
2026-02-17 02:26:16.658555,507
2026-02-17 02:26:16.666559,505
2026-02-17 02:26:16.674508,505
2026-02-17 02:26:16.682523,506
2026-02-17 02:26:16.690518,508
2026-02-17 02:26:16.698516,514
2026-02-17 02:26:16.706518,520
2026-02-17 02:26:16.714462,512
2026-02-17 02:26:16.722629,509
2026-02-17 02:26:16.730481,510
2026-02-17 02:26:16.738616,512
2026-02-17 02:26:16.746522,512
2026-02-17 02:26:16.754566,511
2026-02-17 02:26:16.762563,518
2026-02-17 02:26:16.770546,514
2026-02-17 02:26:16.778540,515
2026-02-17 02:26:16.786507,514
2026-02-17 02:26:16.794515,520
2026-02-17 02:26:16.802529,512
2026-02-17 02:26:16.810511,515
2026-02-17 02:26:16.818512,509
2026-02-17 02:26:16.826509,514
2026-02-17 02:26:16.834507,501
2026-02-17 02:26:16.842546,516
2026-02-17 02:26:16.850609,509
2026-02-17 02:26:16.858501,511
2026-02-17 02:26:16.866530,519
2026-02-17 02:26:16.874511,510
2026-02-17 02:26:16.882518,508
2026-02-17 02:26:16.890507,507
2026-02-17 02:26:16.898510,510
2026-02-17 02:26:16.906508,508
2026-02-17 02:26:16.914504,508
2026-02-17 02:26:16.922507,522
2026-02-17 02:26:16.930505,502
2026-02-17 02:26:16.938511,510
2026-02-17 02:26:16.946515,508
2026-02-17 02:26:16.954511,507
2026-02-17 02:26:16.962520,518
2026-02-17 02:26:16.970511,514
2026-02-17 02:26:16.978498,512
2026-02-17 02:26:16.986506,507
2026-02-17 02:26:16.994496,505
2026-02-17 02:26:17.002563,510
2026-02-17 02:26:17.010566,501
2026-02-17 02:26:17.018546,515
2026-02-17 02:26:17.026573,519
2026-02-17 02:26:17.034495,510
2026-02-17 02:26:17.042510,510
2026-02-17 02:26:17.050493,509
2026-02-17 02:26:17.058540,505
2026-02-17 02:26:17.066460,505
2026-02-17 02:26:17.074474,517
2026-02-17 02:26:17.082485,518
2026-02-17 02:26:17.090492,516
2026-02-17 02:26:17.098546,516
2026-02-17 02:26:17.106477,509
2026-02-17 02:26:17.114483,500
2026-02-17 02:26:17.122497,517
2026-02-17 02:26:17.130495,519
2026-02-17 02:26:17.138646,521
2026-02-17 02:26:17.146530,516
2026-02-17 02:26:17.154553,520
2026-02-17 02:26:17.162530,528
2026-02-17 02:26:17.170513,510
2026-02-17 02:26:17.178504,523
2026-02-17 02:26:17.186512,520
2026-02-17 02:26:17.194519,515
2026-02-17 02:26:17.202550,518
2026-02-17 02:26:17.210509,503
2026-02-17 02:26:17.218522,508
2026-02-17 02:26:17.226475,513
2026-02-17 02:26:17.234565,514
2026-02-17 02:26:17.242618,514
2026-02-17 02:26:17.250538,507
2026-02-17 02:26:17.258568,513
2026-02-17 02:26:17.266577,514
2026-02-17 02:26:17.274519,507
2026-02-17 02:26:17.282566,508
2026-02-17 02:26:17.290650,507
2026-02-17 02:26:17.298668,512
2026-02-17 02:26:17.306619,515
2026-02-17 02:26:17.314533,515
2026-02-17 02:26:17.322561,520
2026-02-17 02:26:17.330576,517
2026-02-17 02:26:17.338528,509
2026-02-17 02:26:17.346528,517
2026-02-17 02:26:17.354527,510
2026-02-17 02:26:17.362528,514
2026-02-17 02:26:17.370527,503
2026-02-17 02:26:17.378560,513
2026-02-17 02:26:17.386517,514
2026-02-17 02:26:17.394520,514
2026-02-17 02:26:17.402514,518
2026-02-17 02:26:17.410508,518
2026-02-17 02:26:17.418617,507
2026-02-17 02:26:17.426558,513
2026-02-17 02:26:17.434510,514
2026-02-17 02:26:17.442510,505
2026-02-17 02:26:17.450512,514
2026-02-17 02:26:17.458510,512
2026-02-17 02:26:17.466510,505
2026-02-17 02:26:17.474521,474
2026-02-17 02:26:17.482512,473
2026-02-17 02:26:17.490519,461
2026-02-17 02:26:17.498511,476
2026-02-17 02:26:17.506515,476
2026-02-17 02:26:17.514550,463
2026-02-17 02:26:17.522504,482
2026-02-17 02:26:17.530505,475
2026-02-17 02:26:17.538517,477
2026-02-17 02:26:17.546509,473
2026-02-17 02:26:17.554512,482
2026-02-17 02:26:17.562496,506
2026-02-17 02:26:17.570558,505
2026-02-17 02:26:17.578515,502
2026-02-17 02:26:17.586475,508
2026-02-17 02:26:17.594528,511
2026-02-17 02:26:17.602565,516
2026-02-17 02:26:17.610518,516
2026-02-17 02:26:17.618505,511
2026-02-17 02:26:17.626506,515
2026-02-17 02:26:17.634510,515
2026-02-17 02:26:17.642569,525
2026-02-17 02:26:17.650509,519
2026-02-17 02:26:17.658512,512
2026-02-17 02:26:17.666510,516
2026-02-17 02:26:17.674510,519
2026-02-17 02:26:17.682515,523
2026-02-17 02:26:17.690520,516
2026-02-17 02:26:17.698525,519
2026-02-17 02:26:17.706515,526
2026-02-17 02:26:17.714517,520
2026-02-17 02:26:17.722503,520
2026-02-17 02:26:17.730561,508
2026-02-17 02:26:17.738611,511
2026-02-17 02:26:17.746498,513
2026-02-17 02:26:17.754581,513
2026-02-17 02:26:17.762508,526
2026-02-17 02:26:17.770601,525
2026-02-17 02:26:17.778582,510
2026-02-17 02:26:17.786555,513
2026-02-17 02:26:17.794508,515
2026-02-17 02:26:17.802528,520
2026-02-17 02:26:17.810512,524
2026-02-17 02:26:17.818508,524
2026-02-17 02:26:17.826510,519
2026-02-17 02:26:17.834508,509
2026-02-17 02:26:17.842531,513
2026-02-17 02:26:17.850625,517
2026-02-17 02:26:17.858573,533
2026-02-17 02:26:17.866574,501
2026-02-17 02:26:17.874532,502
2026-02-17 02:26:17.882518,506
2026-02-17 02:26:17.890609,512
2026-02-17 02:26:17.898633,511
2026-02-17 02:26:17.906570,503
2026-02-17 02:26:17.914572,506
2026-02-17 02:26:17.922557,519
2026-02-17 02:26:17.930537,505
2026-02-17 02:26:17.938516,511
2026-02-17 02:26:17.946566,511
2026-02-17 02:26:17.954509,511
2026-02-17 02:26:17.962498,519
2026-02-17 02:26:17.970555,519
2026-02-17 02:26:17.978459,520
2026-02-17 02:26:17.986546,517
2026-02-17 02:26:17.994551,511
2026-02-17 02:26:18.002524,512
2026-02-17 02:26:18.010533,510
2026-02-17 02:26:18.018541,525
2026-02-17 02:26:18.026517,521
2026-02-17 02:26:18.034639,520
2026-02-17 02:26:18.042602,517
2026-02-17 02:26:18.050611,507
2026-02-17 02:26:18.058625,511
2026-02-17 02:26:18.066571,515
2026-02-17 02:26:18.074482,518
2026-02-17 02:26:18.082500,531
2026-02-17 02:26:18.090532,517
2026-02-17 02:26:18.098525,519
2026-02-17 02:26:18.106459,505
2026-02-17 02:26:18.114530,512
2026-02-17 02:26:18.122576,522
2026-02-17 02:26:18.130510,517
2026-02-17 02:26:18.138508,514
2026-02-17 02:26:18.146517,510
2026-02-17 02:26:18.154519,505
2026-02-17 02:26:18.162530,509
2026-02-17 02:26:18.170574,508
2026-02-17 02:26:18.178520,514
2026-02-17 02:26:18.186506,511
2026-02-17 02:26:18.194588,508
2026-02-17 02:26:18.202587,520
2026-02-17 02:26:18.210563,507
2026-02-17 02:26:18.218527,509
2026-02-17 02:26:18.226533,519
2026-02-17 02:26:18.234541,520
2026-02-17 02:26:18.242525,527
2026-02-17 02:26:18.250568,514
2026-02-17 02:26:18.258633,508
2026-02-17 02:26:18.266516,517
2026-02-17 02:26:18.274497,513
2026-02-17 02:26:18.282567,520
2026-02-17 02:26:18.290551,511
2026-02-17 02:26:18.298535,508
2026-02-17 02:26:18.306514,512
2026-02-17 02:26:18.314547,516
2026-02-17 02:26:18.322548,521
2026-02-17 02:26:18.330526,507
2026-02-17 02:26:18.338577,512
2026-02-17 02:26:18.346480,522
2026-02-17 02:26:18.354523,522
2026-02-17 02:26:18.362507,510
2026-02-17 02:26:18.370540,501
2026-02-17 02:26:18.378534,508
2026-02-17 02:26:18.386509,494
2026-02-17 02:26:18.394519,487
2026-02-17 02:26:18.402524,484
2026-02-17 02:26:18.410509,472
2026-02-17 02:26:18.418520,466
2026-02-17 02:26:18.426511,480
2026-02-17 02:26:18.434499,478
2026-02-17 02:26:18.442511,482
2026-02-17 02:26:18.450515,483
2026-02-17 02:26:18.458512,481
2026-02-17 02:26:18.466510,484
2026-02-17 02:26:18.474502,499
2026-02-17 02:26:18.482581,509
2026-02-17 02:26:18.490513,513
2026-02-17 02:26:18.498504,519
2026-02-17 02:26:18.506548,514
2026-02-17 02:26:18.514533,503
2026-02-17 02:26:18.522528,511
2026-02-17 02:26:18.530524,518
2026-02-17 02:26:18.538527,516
2026-02-17 02:26:18.546505,515
2026-02-17 02:26:18.554507,512
2026-02-17 02:26:18.562522,514
2026-02-17 02:26:18.570563,515
2026-02-17 02:26:18.578526,512
2026-02-17 02:26:18.586527,520
2026-02-17 02:26:18.594556,524
2026-02-17 02:26:18.602511,532
2026-02-17 02:26:18.610503,518
2026-02-17 02:26:18.618523,517
2026-02-17 02:26:18.626506,517
2026-02-17 02:26:18.634508,521
2026-02-17 02:26:18.642510,522
2026-02-17 02:26:18.650513,514
2026-02-17 02:26:18.658514,518
2026-02-17 02:26:18.666518,523
2026-02-17 02:26:18.674485,519
2026-02-17 02:26:18.682516,516
2026-02-17 02:26:18.690526,517
2026-02-17 02:26:18.698520,518
2026-02-17 02:26:18.706504,517
2026-02-17 02:26:18.714527,514
2026-02-17 02:26:18.722504,524
2026-02-17 02:26:18.730496,512
2026-02-17 02:26:18.738604,514
2026-02-17 02:26:18.746575,523
2026-02-17 02:26:18.754641,523
2026-02-17 02:26:18.762718,522
2026-02-17 02:26:18.770702,514
2026-02-17 02:26:18.778759,526
2026-02-17 02:26:18.786688,528
2026-02-17 02:26:18.794644,509
2026-02-17 02:26:18.802632,518
2026-02-17 02:26:18.810590,512
2026-02-17 02:26:18.818596,514
2026-02-17 02:26:18.826593,519
2026-02-17 02:26:18.834530,517
2026-02-17 02:26:18.842528,531
2026-02-17 02:26:18.850636,520
2026-02-17 02:26:18.858605,508
2026-02-17 02:26:18.866579,507
2026-02-17 02:26:18.874530,511
2026-02-17 02:26:18.882521,518
2026-02-17 02:26:18.890502,517
2026-02-17 02:26:18.898578,519
2026-02-17 02:26:18.906518,521
2026-02-17 02:26:18.914517,506
2026-02-17 02:26:18.922532,510
2026-02-17 02:26:18.930516,521
2026-02-17 02:26:18.938522,516
2026-02-17 02:26:18.946510,512
2026-02-17 02:26:18.954511,504
2026-02-17 02:26:18.962560,519
2026-02-17 02:26:18.970549,512
2026-02-17 02:26:18.978582,511
2026-02-17 02:26:18.986530,514
2026-02-17 02:26:18.994508,514
2026-02-17 02:26:19.002557,511
2026-02-17 02:26:19.010600,516
2026-02-17 02:26:19.018574,512
2026-02-17 02:26:19.026578,509
2026-02-17 02:26:19.034536,510
2026-02-17 02:26:19.042630,514
2026-02-17 02:26:19.050541,504
2026-02-17 02:26:19.058488,506
2026-02-17 02:26:19.066491,502
2026-02-17 02:26:19.074616,505
2026-02-17 02:26:19.082532,515
2026-02-17 02:26:19.090594,507
2026-02-17 02:26:19.098584,516
2026-02-17 02:26:19.106603,515
2026-02-17 02:26:19.114567,516
2026-02-17 02:26:19.122671,517
2026-02-17 02:26:19.130598,515
2026-02-17 02:26:19.138542,507
2026-02-17 02:26:19.146541,521
2026-02-17 02:26:19.154533,513
2026-02-17 02:26:19.162516,522
2026-02-17 02:26:19.170503,521
2026-02-17 02:26:19.178576,522
2026-02-17 02:26:19.186532,521
2026-02-17 02:26:19.194505,516
2026-02-17 02:26:19.202524,516
2026-02-17 02:26:19.210517,510
2026-02-17 02:26:19.218518,514
2026-02-17 02:26:19.226524,517
2026-02-17 02:26:19.234600,515
2026-02-17 02:26:19.242578,506
2026-02-17 02:26:19.250515,504
2026-02-17 02:26:19.258617,494
2026-02-17 02:26:19.266483,509
2026-02-17 02:26:19.274468,508
2026-02-17 02:26:19.282529,508
2026-02-17 02:26:19.290523,508
2026-02-17 02:26:19.298566,523
2026-02-17 02:26:19.306505,500
2026-02-17 02:26:19.314544,517
2026-02-17 02:26:19.322530,526
2026-02-17 02:26:19.330509,501
2026-02-17 02:26:19.338493,496
2026-02-17 02:26:19.346541,501
2026-02-17 02:26:19.354481,493
2026-02-17 02:26:19.362494,486
2026-02-17 02:26:19.370488,470
2026-02-17 02:26:19.378566,477
2026-02-17 02:26:19.386514,469
2026-02-17 02:26:19.394635,469
2026-02-17 02:26:19.402538,478
2026-02-17 02:26:19.410583,465
2026-02-17 02:26:19.418564,482
2026-02-17 02:26:19.426579,482
2026-02-17 02:26:19.434516,488
2026-02-17 02:26:19.442515,493
2026-02-17 02:26:19.450553,504
2026-02-17 02:26:19.458537,513
2026-02-17 02:26:19.466516,521
2026-02-17 02:26:19.474512,531
2026-02-17 02:26:19.482513,529
2026-02-17 02:26:19.490514,527
2026-02-17 02:26:19.498512,532
2026-02-17 02:26:19.506562,534
2026-02-17 02:26:19.514525,536
2026-02-17 02:26:19.522513,536
2026-02-17 02:26:19.530519,530
2026-02-17 02:26:19.538525,522
2026-02-17 02:26:19.546514,532
2026-02-17 02:26:19.554514,537
2026-02-17 02:26:19.562519,536
2026-02-17 02:26:19.570511,526
2026-02-17 02:26:19.578528,536
2026-02-17 02:26:19.586492,534
2026-02-17 02:26:19.594575,531
2026-02-17 02:26:19.602522,533
2026-02-17 02:26:19.610532,525
2026-02-17 02:26:19.618518,518
2026-02-17 02:26:19.626536,525
2026-02-17 02:26:19.634530,514
2026-02-17 02:26:19.642525,528
2026-02-17 02:26:19.650519,524
2026-02-17 02:26:19.658515,518
2026-02-17 02:26:19.666512,518
2026-02-17 02:26:19.674505,528
2026-02-17 02:26:19.682537,526
2026-02-17 02:26:19.690546,523
2026-02-17 02:26:19.698602,532
2026-02-17 02:26:19.706609,533
2026-02-17 02:26:19.714645,516
2026-02-17 02:26:19.722578,522
2026-02-17 02:26:19.730556,513
2026-02-17 02:26:19.738639,522
2026-02-17 02:26:19.746577,521
2026-02-17 02:26:19.754551,525
2026-02-17 02:26:19.762516,525
2026-02-17 02:26:19.770599,512
2026-02-17 02:26:19.778563,513
2026-02-17 02:26:19.786651,517
2026-02-17 02:26:19.794578,516
2026-02-17 02:26:19.802579,520
2026-02-17 02:26:19.810556,522
2026-02-17 02:26:19.818558,529
2026-02-17 02:26:19.826522,520
2026-02-17 02:26:19.834542,512
2026-02-17 02:26:19.842517,529
2026-02-17 02:26:19.850615,514
2026-02-17 02:26:19.858599,516
2026-02-17 02:26:19.866534,516
2026-02-17 02:26:19.874520,519
2026-02-17 02:26:19.882535,522
2026-02-17 02:26:19.890562,512
2026-02-17 02:26:19.898551,519
2026-02-17 02:26:19.906512,517
2026-02-17 02:26:19.914521,514
2026-02-17 02:26:19.922527,517
2026-02-17 02:26:19.930512,516
2026-02-17 02:26:19.938506,514
2026-02-17 02:26:19.946516,516
2026-02-17 02:26:19.954537,512
2026-02-17 02:26:19.962508,520
2026-02-17 02:26:19.970517,508
2026-02-17 02:26:19.978569,508
2026-02-17 02:26:19.986514,506
2026-02-17 02:26:19.994566,511
2026-02-17 02:26:20.002558,517
2026-02-17 02:26:20.010601,508
2026-02-17 02:26:20.018551,511
2026-02-17 02:26:20.026553,518
2026-02-17 02:26:20.034589,521
2026-02-17 02:26:20.042569,521
2026-02-17 02:26:20.050551,509
2026-02-17 02:26:20.058549,525
2026-02-17 02:26:20.066475,523
2026-02-17 02:26:20.074516,509
2026-02-17 02:26:20.082513,526
2026-02-17 02:26:20.090516,510
2026-02-17 02:26:20.098559,516
2026-02-17 02:26:20.106528,519
2026-02-17 02:26:20.114554,509
2026-02-17 02:26:20.122467,515
2026-02-17 02:26:20.130506,514
2026-02-17 02:26:20.138491,513
2026-02-17 02:26:20.146485,520
2026-02-17 02:26:20.154499,512
2026-02-17 02:26:20.162510,509
2026-02-17 02:26:20.170498,507
2026-02-17 02:26:20.178561,514
2026-02-17 02:26:20.186486,513
2026-02-17 02:26:20.194517,512
2026-02-17 02:26:20.202492,510
2026-02-17 02:26:20.210501,519
2026-02-17 02:26:20.218483,509
2026-02-17 02:26:20.226498,511
2026-02-17 02:26:20.234511,511
2026-02-17 02:26:20.242504,520
2026-02-17 02:26:20.250505,511
2026-02-17 02:26:20.258502,515
2026-02-17 02:26:20.266503,507
2026-02-17 02:26:20.274507,498
2026-02-17 02:26:20.282478,520
2026-02-17 02:26:20.290496,510
2026-02-17 02:26:20.298546,519
2026-02-17 02:26:20.306529,519
2026-02-17 02:26:20.314565,512
2026-02-17 02:26:20.322552,513
2026-02-17 02:26:20.330581,513
2026-02-17 02:26:20.338562,517
2026-02-17 02:26:20.346540,517
2026-02-17 02:26:20.354542,508
2026-02-17 02:26:20.362526,512
2026-02-17 02:26:20.370515,517
2026-02-17 02:26:20.378571,510
2026-02-17 02:26:20.386516,521
2026-02-17 02:26:20.394521,513
2026-02-17 02:26:20.402558,521
2026-02-17 02:26:20.410570,518
2026-02-17 02:26:20.418511,521
2026-02-17 02:26:20.426494,526
2026-02-17 02:26:20.434525,522
2026-02-17 02:26:20.442519,514
2026-02-17 02:26:20.450515,507
2026-02-17 02:26:20.458523,517
2026-02-17 02:26:20.466518,521
2026-02-17 02:26:20.474518,512
2026-02-17 02:26:20.482564,502
2026-02-17 02:26:20.490515,513
2026-02-17 02:26:20.498516,526
2026-02-17 02:26:20.506521,519
2026-02-17 02:26:20.514518,518
2026-02-17 02:26:20.522512,521
2026-02-17 02:26:20.530524,504
2026-02-17 02:26:20.538522,506
2026-02-17 02:26:20.546506,514
2026-02-17 02:26:20.554518,512
2026-02-17 02:26:20.562520,512
2026-02-17 02:26:20.570520,518
2026-02-17 02:26:20.578570,516
2026-02-17 02:26:20.586515,516
2026-02-17 02:26:20.594532,512
2026-02-17 02:26:20.602516,520
2026-02-17 02:26:20.610537,509
2026-02-17 02:26:20.618526,509
2026-02-17 02:26:20.626534,506
2026-02-17 02:26:20.634521,507
2026-02-17 02:26:20.642558,514
2026-02-17 02:26:20.650523,504
2026-02-17 02:26:20.658532,512
2026-02-17 02:26:20.666525,523
2026-02-17 02:26:20.674565,512
2026-02-17 02:26:20.682525,514
2026-02-17 02:26:20.690526,514
2026-02-17 02:26:20.698515,513
2026-02-17 02:26:20.706523,511
2026-02-17 02:26:20.714556,511
2026-02-17 02:26:20.722507,520
2026-02-17 02:26:20.730521,517
2026-02-17 02:26:20.738622,513
2026-02-17 02:26:20.746585,509
2026-02-17 02:26:20.754531,498
2026-02-17 02:26:20.762511,518
2026-02-17 02:26:20.770575,515
2026-02-17 02:26:20.778566,511
2026-02-17 02:26:20.786530,521
2026-02-17 02:26:20.794503,515
2026-02-17 02:26:20.802559,521
2026-02-17 02:26:20.810519,510
2026-02-17 02:26:20.818514,499
2026-02-17 02:26:20.826481,511
2026-02-17 02:26:20.834523,505
2026-02-17 02:26:20.842527,516
2026-02-17 02:26:20.850601,511
2026-02-17 02:26:20.858536,505
2026-02-17 02:26:20.866579,510
2026-02-17 02:26:20.874536,505
2026-02-17 02:26:20.882515,514
2026-02-17 02:26:20.890590,511
2026-02-17 02:26:20.898571,516
2026-02-17 02:26:20.906580,501
2026-02-17 02:26:20.914537,515
2026-02-17 02:26:20.922525,526
2026-02-17 02:26:20.930526,505
2026-02-17 02:26:20.938570,510
2026-02-17 02:26:20.946522,513
2026-02-17 02:26:20.954526,508
2026-02-17 02:26:20.962510,516
2026-02-17 02:26:20.970536,506
2026-02-17 02:26:20.978548,506
2026-02-17 02:26:20.986525,516
2026-02-17 02:26:20.994577,507
2026-02-17 02:26:21.002557,516
2026-02-17 02:26:21.010608,514
2026-02-17 02:26:21.018528,514
2026-02-17 02:26:21.026637,517
2026-02-17 02:26:21.034547,510
2026-02-17 02:26:21.042468,515
2026-02-17 02:26:21.050535,496
2026-02-17 02:26:21.058509,496
2026-02-17 02:26:21.066503,511
2026-02-17 02:26:21.074516,513
2026-02-17 02:26:21.082528,515
2026-02-17 02:26:21.090519,508
2026-02-17 02:26:21.098521,509
2026-02-17 02:26:21.106554,517
2026-02-17 02:26:21.114481,516
2026-02-17 02:26:21.122495,515
2026-02-17 02:26:21.130540,510
2026-02-17 02:26:21.138530,517
2026-02-17 02:26:21.146573,528
2026-02-17 02:26:21.154501,516
2026-02-17 02:26:21.162499,519
2026-02-17 02:26:21.170540,511
2026-02-17 02:26:21.178561,512
2026-02-17 02:26:21.186579,514
2026-02-17 02:26:21.194533,509
2026-02-17 02:26:21.202777,517
2026-02-17 02:26:21.210579,511
2026-02-17 02:26:21.218541,513
2026-02-17 02:26:21.226521,512
2026-02-17 02:26:21.234607,510
2026-02-17 02:26:21.242558,523
2026-02-17 02:26:21.250525,514
2026-02-17 02:26:21.258624,514
2026-02-17 02:26:21.266524,505
2026-02-17 02:26:21.274520,507
2026-02-17 02:26:21.282524,523
2026-02-17 02:26:21.290586,508
2026-02-17 02:26:21.298533,518
2026-02-17 02:26:21.306508,517
2026-02-17 02:26:21.314478,516
2026-02-17 02:26:21.322509,512
2026-02-17 02:26:21.330591,504
2026-02-17 02:26:21.338549,514
2026-02-17 02:26:21.346580,524
2026-02-17 02:26:21.354531,513
2026-02-17 02:26:21.362544,532
2026-02-17 02:26:21.370559,513
2026-02-17 02:26:21.378555,506
2026-02-17 02:26:21.386583,490
2026-02-17 02:26:21.394584,499
2026-02-17 02:26:21.402583,500
2026-02-17 02:26:21.410539,490
2026-02-17 02:26:21.418535,497
2026-02-17 02:26:21.426573,503
2026-02-17 02:26:21.434545,502
2026-02-17 02:26:21.442587,507
2026-02-17 02:26:21.450524,492
2026-02-17 02:26:21.458522,517
2026-02-17 02:26:21.466515,519
2026-02-17 02:26:21.474521,514
2026-02-17 02:26:21.482524,521
2026-02-17 02:26:21.490526,510
2026-02-17 02:26:21.498523,515
2026-02-17 02:26:21.506564,517
2026-02-17 02:26:21.514516,510
2026-02-17 02:26:21.522539,528
2026-02-17 02:26:21.530562,524
2026-02-17 02:26:21.538529,521
2026-02-17 02:26:21.546531,517
2026-02-17 02:26:21.554514,512
2026-02-17 02:26:21.562537,514
2026-02-17 02:26:21.570519,522
2026-02-17 02:26:21.578520,513
2026-02-17 02:26:21.586554,513
2026-02-17 02:26:21.594511,515
2026-02-17 02:26:21.602550,515
2026-02-17 02:26:21.610530,510
2026-02-17 02:26:21.618536,515
2026-02-17 02:26:21.626522,520
2026-02-17 02:26:21.634527,504
2026-02-17 02:26:21.642537,519
2026-02-17 02:26:21.650527,515
2026-02-17 02:26:21.658570,520
2026-02-17 02:26:21.666522,514
2026-02-17 02:26:21.674547,512
2026-02-17 02:26:21.682516,512
2026-02-17 02:26:21.690515,520
2026-02-17 02:26:21.698559,516
2026-02-17 02:26:21.706538,513
2026-02-17 02:26:21.714513,497
2026-02-17 02:26:21.722521,511
2026-02-17 02:26:21.730521,513
2026-02-17 02:26:21.738598,507
2026-02-17 02:26:21.746586,514
2026-02-17 02:26:21.754529,511
2026-02-17 02:26:21.762523,521
2026-02-17 02:26:21.770543,520
2026-02-17 02:26:21.778530,509
2026-02-17 02:26:21.786606,511
2026-02-17 02:26:21.794548,515
2026-02-17 02:26:21.802537,509
2026-02-17 02:26:21.810481,505
2026-02-17 02:26:21.818604,511
2026-02-17 02:26:21.826511,514
2026-02-17 02:26:21.834559,500
2026-02-17 02:26:21.842528,507
2026-02-17 02:26:21.850652,506
2026-02-17 02:26:21.858568,500
2026-02-17 02:26:21.866538,508
2026-02-17 02:26:21.874532,511
2026-02-17 02:26:21.882538,527
2026-02-17 02:26:21.890565,513
2026-02-17 02:26:21.898519,519
2026-02-17 02:26:21.906554,515
2026-02-17 02:26:21.914569,515
2026-02-17 02:26:21.922523,523
2026-02-17 02:26:21.930530,504
2026-02-17 02:26:21.938547,500
2026-02-17 02:26:21.946524,510
2026-02-17 02:26:21.954528,512
2026-02-17 02:26:21.962535,517
2026-02-17 02:26:21.970530,512
2026-02-17 02:26:21.978535,517
2026-02-17 02:26:21.986543,510
2026-02-17 02:26:21.994531,503
2026-02-17 02:26:22.002560,508
2026-02-17 02:26:22.010543,506
2026-02-17 02:26:22.018560,520
2026-02-17 02:26:22.026612,515
2026-02-17 02:26:22.034675,515
2026-02-17 02:26:22.042597,522
2026-02-17 02:26:22.050670,510
2026-02-17 02:26:22.058534,510
2026-02-17 02:26:22.066512,512
2026-02-17 02:26:22.074554,515
2026-02-17 02:26:22.082594,512
2026-02-17 02:26:22.090648,512
2026-02-17 02:26:22.098552,505
2026-02-17 02:26:22.106517,517
2026-02-17 02:26:22.114604,515
2026-02-17 02:26:22.122574,516
2026-02-17 02:26:22.130561,507
2026-02-17 02:26:22.138528,507
2026-02-17 02:26:22.146559,507
2026-02-17 02:26:22.154597,508
2026-02-17 02:26:22.162543,516
2026-02-17 02:26:22.170522,514
2026-02-17 02:26:22.178526,519
2026-02-17 02:26:22.186642,513
2026-02-17 02:26:22.194527,516
2026-02-17 02:26:22.202535,511
2026-02-17 02:26:22.210554,507
2026-02-17 02:26:22.218523,519
2026-02-17 02:26:22.226529,511
2026-02-17 02:26:22.234593,509
2026-02-17 02:26:22.242587,515
2026-02-17 02:26:22.250528,512
2026-02-17 02:26:22.258618,509
2026-02-17 02:26:22.266524,512
2026-02-17 02:26:22.274513,510
2026-02-17 02:26:22.282519,517
2026-02-17 02:26:22.290562,513
2026-02-17 02:26:22.298559,510
2026-02-17 02:26:22.306537,507
2026-02-17 02:26:22.314469,514
2026-02-17 02:26:22.322505,522
2026-02-17 02:26:22.330521,512
2026-02-17 02:26:22.338580,518
2026-02-17 02:26:22.346529,513
2026-02-17 02:26:22.354546,512
2026-02-17 02:26:22.362537,513
2026-02-17 02:26:22.370525,505
2026-02-17 02:26:22.378563,509
2026-02-17 02:26:22.386527,503
2026-02-17 02:26:22.394566,507
2026-02-17 02:26:22.402531,519
2026-02-17 02:26:22.410619,514
2026-02-17 02:26:22.418727,513
2026-02-17 02:26:22.426626,518
2026-02-17 02:26:22.434582,512
2026-02-17 02:26:22.442562,507
2026-02-17 02:26:22.450532,508
2026-02-17 02:26:22.458538,515
2026-02-17 02:26:22.466523,512
2026-02-17 02:26:22.474514,510
2026-02-17 02:26:22.482543,509
2026-02-17 02:26:22.490532,502
2026-02-17 02:26:22.498537,507
2026-02-17 02:26:22.506525,512
2026-02-17 02:26:22.514530,512
2026-02-17 02:26:22.522599,510
2026-02-17 02:26:22.530545,504
2026-02-17 02:26:22.538534,509
2026-02-17 02:26:22.546524,508
2026-02-17 02:26:22.554547,501
2026-02-17 02:26:22.562574,512
2026-02-17 02:26:22.570579,505
2026-02-17 02:26:22.578562,510
2026-02-17 02:26:22.586510,522
2026-02-17 02:26:22.594585,513
2026-02-17 02:26:22.602530,519
2026-02-17 02:26:22.610525,510
2026-02-17 02:26:22.618529,517
2026-02-17 02:26:22.626567,504
2026-02-17 02:26:22.634545,508
2026-02-17 02:26:22.642533,517
2026-02-17 02:26:22.650533,515
2026-02-17 02:26:22.658528,518
2026-02-17 02:26:22.666531,516
2026-02-17 02:26:22.674517,510
2026-02-17 02:26:22.682541,516
2026-02-17 02:26:22.690560,507
2026-02-17 02:26:22.698534,515
2026-02-17 02:26:22.706669,523
2026-02-17 02:26:22.714562,519
2026-02-17 02:26:22.722550,515
2026-02-17 02:26:22.730567,524
2026-02-17 02:26:22.738620,501
2026-02-17 02:26:22.746572,504
2026-02-17 02:26:22.754538,506
2026-02-17 02:26:22.762607,519
2026-02-17 02:26:22.770519,511
2026-02-17 02:26:22.778586,521
2026-02-17 02:26:22.786545,513
2026-02-17 02:26:22.794580,506
2026-02-17 02:26:22.802530,519
2026-02-17 02:26:22.810538,515
2026-02-17 02:26:22.818532,510
2026-02-17 02:26:22.826564,508
2026-02-17 02:26:22.834519,513
2026-02-17 02:26:22.842607,508
2026-02-17 02:26:22.850549,510
2026-02-17 02:26:22.858581,510
2026-02-17 02:26:22.866537,517
2026-02-17 02:26:22.874605,512
2026-02-17 02:26:22.882536,524
2026-02-17 02:26:22.890546,517
2026-02-17 02:26:22.898578,507
2026-02-17 02:26:22.906580,516
2026-02-17 02:26:22.914571,514
2026-02-17 02:26:22.922550,520
2026-02-17 02:26:22.930526,506
2026-02-17 02:26:22.938558,519
2026-02-17 02:26:22.946540,509
2026-02-17 02:26:22.954527,513
2026-02-17 02:26:22.962535,518
2026-02-17 02:26:22.970585,507
2026-02-17 02:26:22.978520,514
2026-02-17 02:26:22.986529,520
2026-02-17 02:26:22.994595,516
2026-02-17 02:26:23.002530,514
2026-02-17 02:26:23.010558,504
2026-02-17 02:26:23.018561,520
2026-02-17 02:26:23.026513,525
2026-02-17 02:26:23.034654,509
2026-02-17 02:26:23.042485,526
2026-02-17 02:26:23.050536,524
2026-02-17 02:26:23.058599,518
2026-02-17 02:26:23.066555,516
2026-02-17 02:26:23.074552,510
2026-02-17 02:26:23.082487,510
2026-02-17 02:26:23.090532,507
2026-02-17 02:26:23.098541,507
2026-02-17 02:26:23.106618,519
2026-02-17 02:26:23.114626,509
2026-02-17 02:26:23.122569,516
2026-02-17 02:26:23.130602,512
2026-02-17 02:26:23.138591,507
2026-02-17 02:26:23.146581,512
2026-02-17 02:26:23.154589,501
2026-02-17 02:26:23.162535,511
2026-02-17 02:26:23.170561,507
2026-02-17 02:26:23.178534,507
2026-02-17 02:26:23.186521,509
2026-02-17 02:26:23.194540,501
2026-02-17 02:26:23.202634,513
2026-02-17 02:26:23.210602,499
2026-02-17 02:26:23.218550,510
2026-02-17 02:26:23.226545,510
2026-02-17 02:26:23.234550,509
2026-02-17 02:26:23.242615,522
2026-02-17 02:26:23.250547,510
2026-02-17 02:26:23.258602,516
2026-02-17 02:26:23.266552,513
2026-02-17 02:26:23.274535,504
2026-02-17 02:26:23.282582,517
2026-02-17 02:26:23.290531,510
2026-02-17 02:26:23.298531,510
2026-02-17 02:26:23.306532,513
2026-02-17 02:26:23.314489,499
2026-02-17 02:26:23.322481,512
2026-02-17 02:26:23.330517,513
2026-02-17 02:26:23.338542,518
2026-02-17 02:26:23.346627,510
2026-02-17 02:26:23.354617,505
2026-02-17 02:26:23.362589,508
2026-02-17 02:26:23.370601,507
2026-02-17 02:26:23.378555,517
2026-02-17 02:26:23.386543,511
2026-02-17 02:26:23.394561,503
2026-02-17 02:26:23.402537,508
2026-02-17 02:26:23.410524,503
2026-02-17 02:26:23.418529,508
2026-02-17 02:26:23.426550,520
2026-02-17 02:26:23.434524,516
2026-02-17 02:26:23.442523,514
2026-02-17 02:26:23.450537,510
2026-02-17 02:26:23.458523,509
2026-02-17 02:26:23.466535,512
2026-02-17 02:26:23.474523,509
2026-02-17 02:26:23.482525,524
2026-02-17 02:26:23.490527,510
2026-02-17 02:26:23.498602,511
2026-02-17 02:26:23.506520,513
2026-02-17 02:26:23.514588,514
2026-02-17 02:26:23.522550,519
2026-02-17 02:26:23.530566,519
2026-02-17 02:26:23.538579,516
2026-02-17 02:26:23.546523,516
2026-02-17 02:26:23.554526,507
2026-02-17 02:26:23.562551,514
2026-02-17 02:26:23.570534,503
2026-02-17 02:26:23.578528,515
2026-02-17 02:26:23.586525,514
2026-02-17 02:26:23.594614,511
2026-02-17 02:26:23.602516,516
2026-02-17 02:26:23.610539,503
2026-02-17 02:26:23.618544,512
2026-02-17 02:26:23.626536,520
2026-02-17 02:26:23.634531,511
2026-02-17 02:26:23.642535,513
2026-02-17 02:26:23.650529,514
2026-02-17 02:26:23.658528,508
2026-02-17 02:26:23.666535,516
2026-02-17 02:26:23.674527,515
2026-02-17 02:26:23.682575,519
2026-02-17 02:26:23.690536,513
2026-02-17 02:26:23.698530,515
2026-02-17 02:26:23.706535,509
2026-02-17 02:26:23.714536,519
2026-02-17 02:26:23.722536,519
2026-02-17 02:26:23.730547,503
2026-02-17 02:26:23.738569,512
2026-02-17 02:26:23.746484,515
2026-02-17 02:26:23.754575,512
2026-02-17 02:26:23.762537,518
2026-02-17 02:26:23.770533,511
2026-02-17 02:26:23.778620,509
2026-02-17 02:26:23.786561,510
2026-02-17 02:26:23.794582,506
2026-02-17 02:26:23.802577,509
2026-02-17 02:26:23.810566,512
2026-02-17 02:26:23.818564,525
2026-02-17 02:26:23.826601,514
2026-02-17 02:26:23.834558,511
2026-02-17 02:26:23.842552,511
2026-02-17 02:26:23.850642,505
2026-02-17 02:26:23.858530,507
2026-02-17 02:26:23.866545,515
2026-02-17 02:26:23.874522,518
2026-02-17 02:26:23.882544,517
2026-02-17 02:26:23.890615,502
2026-02-17 02:26:23.898589,509
2026-02-17 02:26:23.906574,509
2026-02-17 02:26:23.914530,510
2026-02-17 02:26:23.922534,513
2026-02-17 02:26:23.930570,518
2026-02-17 02:26:23.938529,521
2026-02-17 02:26:23.946531,508
2026-02-17 02:26:23.954576,509
2026-02-17 02:26:23.962538,514
2026-02-17 02:26:23.970529,513
2026-02-17 02:26:23.978575,515
2026-02-17 02:26:23.986549,508
2026-02-17 02:26:23.994550,509
2026-02-17 02:26:24.002550,507
2026-02-17 02:26:24.010531,508
2026-02-17 02:26:24.018610,517
2026-02-17 02:26:24.026546,513
2026-02-17 02:26:24.034709,516
2026-02-17 02:26:24.042552,515
2026-02-17 02:26:24.050560,507
2026-02-17 02:26:24.058604,506
2026-02-17 02:26:24.066558,512
2026-02-17 02:26:24.074550,509
2026-02-17 02:26:24.082499,518
2026-02-17 02:26:24.090491,505
2026-02-17 02:26:24.098557,515
2026-02-17 02:26:24.106545,522
2026-02-17 02:26:24.114522,507
2026-02-17 02:26:24.122510,509
2026-02-17 02:26:24.130537,508
2026-02-17 02:26:24.138533,515
2026-02-17 02:26:24.146560,505
2026-02-17 02:26:24.154536,508
2026-02-17 02:26:24.162526,518
2026-02-17 02:26:24.170535,509
2026-02-17 02:26:24.178535,505
2026-02-17 02:26:24.186541,509
2026-02-17 02:26:24.194607,507
2026-02-17 02:26:24.202594,511
2026-02-17 02:26:24.210535,503
2026-02-17 02:26:24.218531,517
2026-02-17 02:26:24.226532,519
2026-02-17 02:26:24.234592,513
2026-02-17 02:26:24.242523,512
2026-02-17 02:26:24.250538,513
2026-02-17 02:26:24.258615,518
2026-02-17 02:26:24.266524,520
2026-02-17 02:26:24.274537,513
2026-02-17 02:26:24.282529,514
2026-02-17 02:26:24.290527,504
2026-02-17 02:26:24.298523,510
2026-02-17 02:26:24.306538,518
2026-02-17 02:26:24.314481,516
2026-02-17 02:26:24.322485,509
2026-02-17 02:26:24.330525,511
2026-02-17 02:26:24.338549,519
2026-02-17 02:26:24.346541,511
2026-02-17 02:26:24.354515,513
2026-02-17 02:26:24.362492,521
2026-02-17 02:26:24.370611,501
2026-02-17 02:26:24.378528,506
2026-02-17 02:26:24.386541,511
2026-02-17 02:26:24.394602,516
2026-02-17 02:26:24.402620,517
2026-02-17 02:26:24.410590,509
2026-02-17 02:26:24.418732,508
2026-02-17 02:26:24.426634,512
2026-02-17 02:26:24.434535,515
2026-02-17 02:26:24.442596,519
2026-02-17 02:26:24.450572,505
2026-02-17 02:26:24.458528,520
2026-02-17 02:26:24.466555,520
2026-02-17 02:26:24.474509,516
2026-02-17 02:26:24.482539,516
2026-02-17 02:26:24.491866,516
2026-02-17 02:26:24.498493,516
2026-02-17 02:26:24.506533,517
2026-02-17 02:26:24.514554,506
2026-02-17 02:26:24.522531,514
2026-02-17 02:26:24.530533,517
2026-02-17 02:26:24.538535,516
2026-02-17 02:26:24.546549,518
2026-02-17 02:26:24.554544,513
2026-02-17 02:26:24.562550,512
2026-02-17 02:26:24.570544,502
2026-02-17 02:26:24.578523,515
2026-02-17 02:26:24.586549,508
2026-02-17 02:26:24.594623,494
2026-02-17 02:26:24.602639,508
2026-02-17 02:26:24.610579,511
2026-02-17 02:26:24.618549,521
2026-02-17 02:26:24.626558,517
2026-02-17 02:26:24.634541,516
2026-02-17 02:26:24.642536,511
2026-02-17 02:26:24.650541,502
2026-02-17 02:26:24.658528,503
2026-02-17 02:26:24.666536,513
2026-02-17 02:26:24.674534,518
2026-02-17 02:26:24.682523,527
2026-02-17 02:26:24.690549,520
2026-02-17 02:26:24.698552,519
2026-02-17 02:26:24.706694,510
2026-02-17 02:26:24.714618,514
2026-02-17 02:26:24.722601,512
2026-02-17 02:26:24.730535,515
2026-02-17 02:26:24.738618,518
2026-02-17 02:26:24.746593,512
2026-02-17 02:26:24.754540,516
2026-02-17 02:26:24.762545,523
2026-02-17 02:26:24.770598,508
2026-02-17 02:26:24.778617,513
2026-02-17 02:26:24.786607,510
2026-02-17 02:26:24.794547,507
2026-02-17 02:26:24.802721,509
2026-02-17 02:26:24.810601,517
2026-02-17 02:26:24.818646,521
2026-02-17 02:26:24.826598,513
2026-02-17 02:26:24.834536,507
2026-02-17 02:26:24.842560,515
2026-02-17 02:26:24.850650,500
2026-02-17 02:26:24.858620,519
2026-02-17 02:26:24.866636,513
2026-02-17 02:26:24.874625,514
2026-02-17 02:26:24.882752,513
2026-02-17 02:26:24.890643,505
2026-02-17 02:26:24.898599,509
2026-02-17 02:26:24.906712,516
2026-02-17 02:26:24.914699,511
2026-02-17 02:26:24.922674,509
2026-02-17 02:26:24.930657,503
2026-02-17 02:26:24.938598,504
2026-02-17 02:26:24.946614,518
2026-02-17 02:26:24.954727,506
2026-02-17 02:26:24.962654,511
2026-02-17 02:26:24.972965,503
2026-02-17 02:26:24.978650,514
2026-02-17 02:26:24.986687,509
2026-02-17 02:26:24.994721,512
2026-02-17 02:26:25.002710,521
2026-02-17 02:26:25.013096,511
2026-02-17 02:26:25.018667,514
2026-02-17 02:26:25.026643,513
2026-02-17 02:26:25.034603,515
2026-02-17 02:26:25.042587,514
2026-02-17 02:26:25.050631,512
2026-02-17 02:26:25.058584,517
2026-02-17 02:26:25.066550,517
2026-02-17 02:26:25.074583,515
2026-02-17 02:26:25.082574,514
2026-02-17 02:26:25.090586,500
2026-02-17 02:26:25.098726,507
2026-02-17 02:26:25.106620,508
2026-02-17 02:26:25.114610,512
2026-02-17 02:26:25.122613,514
2026-02-17 02:26:25.130570,514
2026-02-17 02:26:25.138566,501
2026-02-17 02:26:25.146512,508
2026-02-17 02:26:25.154483,514
2026-02-17 02:26:25.162495,519
2026-02-17 02:26:25.170545,510
2026-02-17 02:26:25.178523,515
2026-02-17 02:26:25.186528,508
2026-02-17 02:26:25.194553,506
2026-02-17 02:26:25.202577,512
2026-02-17 02:26:25.210555,516
2026-02-17 02:26:25.218527,518
2026-02-17 02:26:25.226515,512
2026-02-17 02:26:25.234499,515
2026-02-17 02:26:25.242508,511
2026-02-17 02:26:25.250523,505
2026-02-17 02:26:25.258524,521
2026-02-17 02:26:25.266536,521
2026-02-17 02:26:25.274531,511
2026-02-17 02:26:25.282531,523
2026-02-17 02:26:25.290501,516
2026-02-17 02:26:25.298675,505
2026-02-17 02:26:25.306485,512
2026-02-17 02:26:25.314700,506
2026-02-17 02:26:25.322648,522
2026-02-17 02:26:25.330556,523
2026-02-17 02:26:25.338562,525
2026-02-17 02:26:25.346591,525
2026-02-17 02:26:25.354533,508
2026-02-17 02:26:25.362561,509
2026-02-17 02:26:25.370581,523
2026-02-17 02:26:25.378547,524
2026-02-17 02:26:25.386494,524
2026-02-17 02:26:25.394569,521
2026-02-17 02:26:25.402493,523
2026-02-17 02:26:25.410608,513
2026-02-17 02:26:25.418548,518
2026-02-17 02:26:25.426600,524
2026-02-17 02:26:25.434559,524
2026-02-17 02:26:25.442609,528
2026-02-17 02:26:25.450603,510
2026-02-17 02:26:25.458554,524
2026-02-17 02:26:25.466538,524
2026-02-17 02:26:25.474528,516
2026-02-17 02:26:25.482536,516
2026-02-17 02:26:25.490528,509
2026-02-17 02:26:25.498541,507
2026-02-17 02:26:25.506556,513
2026-02-17 02:26:25.514540,511
2026-02-17 02:26:25.522547,519
2026-02-17 02:26:25.530543,501
2026-02-17 02:26:25.538542,506
2026-02-17 02:26:25.546538,514
2026-02-17 02:26:25.554554,506
2026-02-17 02:26:25.562542,507
2026-02-17 02:26:25.570536,514
2026-02-17 02:26:25.578540,512
2026-02-17 02:26:25.586523,517
2026-02-17 02:26:25.594546,504
2026-02-17 02:26:25.602598,515
2026-02-17 02:26:25.610548,504
2026-02-17 02:26:25.618636,504
2026-02-17 02:26:25.626584,509
2026-02-17 02:26:25.634603,503
2026-02-17 02:26:25.642555,514
2026-02-17 02:26:25.650548,511
2026-02-17 02:26:25.658547,520
2026-02-17 02:26:25.666562,525
2026-02-17 02:26:25.674533,509
2026-02-17 02:26:25.682544,505
2026-02-17 02:26:25.690539,503
2026-02-17 02:26:25.698578,512
2026-02-17 02:26:25.706548,506
2026-02-17 02:26:25.714535,503
2026-02-17 02:26:25.722533,514
2026-02-17 02:26:25.730532,513
2026-02-17 02:26:25.738636,525
2026-02-17 02:26:25.746550,515
2026-02-17 02:26:25.754552,509
2026-02-17 02:26:25.762543,511
2026-02-17 02:26:25.770541,510
2026-02-17 02:26:25.778617,518
2026-02-17 02:26:25.786541,518
2026-02-17 02:26:25.794606,512
2026-02-17 02:26:25.802604,511
2026-02-17 02:26:25.810598,502
2026-02-17 02:26:25.818584,506
2026-02-17 02:26:25.826579,522
2026-02-17 02:26:25.834594,522
2026-02-17 02:26:25.842536,516
2026-02-17 02:26:25.850639,511
2026-02-17 02:26:25.858568,508
2026-02-17 02:26:25.866553,512
2026-02-17 02:26:25.874541,512
2026-02-17 02:26:25.882538,520
2026-02-17 02:26:25.890639,513
2026-02-17 02:26:25.898577,504
2026-02-17 02:26:25.906592,517
2026-02-17 02:26:25.914722,520
2026-02-17 02:26:25.922575,516
2026-02-17 02:26:25.930520,518
2026-02-17 02:26:25.938625,513
2026-02-17 02:26:25.946587,502
2026-02-17 02:26:25.954591,512
2026-02-17 02:26:25.962579,526
2026-02-17 02:26:25.970547,514
2026-02-17 02:26:25.978574,523
2026-02-17 02:26:25.986549,524
2026-02-17 02:26:25.994587,514
2026-02-17 02:26:26.002584,522
2026-02-17 02:26:26.010602,519
2026-02-17 02:26:26.018611,507
2026-02-17 02:26:26.026553,510
2026-02-17 02:26:26.034583,513
2026-02-17 02:26:26.042552,514
2026-02-17 02:26:26.050527,504
2026-02-17 02:26:26.058632,502
2026-02-17 02:26:26.066523,510
2026-02-17 02:26:26.074536,505
2026-02-17 02:26:26.082569,513
2026-02-17 02:26:26.090554,519
2026-02-17 02:26:26.098484,507
2026-02-17 02:26:26.106592,503
2026-02-17 02:26:26.114615,506
2026-02-17 02:26:26.122557,513
2026-02-17 02:26:26.130547,514
2026-02-17 02:26:26.138552,515
2026-02-17 02:26:26.146544,515
2026-02-17 02:26:26.154540,520
2026-02-17 02:26:26.162650,519
2026-02-17 02:26:26.170555,508
2026-02-17 02:26:26.178562,502
2026-02-17 02:26:26.186559,520
2026-02-17 02:26:26.194553,508
2026-02-17 02:26:26.202584,513
2026-02-17 02:26:26.210572,512
2026-02-17 02:26:26.218620,502
2026-02-17 02:26:26.226560,514
2026-02-17 02:26:26.234619,511
2026-02-17 02:26:26.242562,518
2026-02-17 02:26:26.250594,513
2026-02-17 02:26:26.258638,509
2026-02-17 02:26:26.266549,513
2026-02-17 02:26:26.274538,503
2026-02-17 02:26:26.282547,517
2026-02-17 02:26:26.290551,515
2026-02-17 02:26:26.298537,517
2026-02-17 02:26:26.306541,508
2026-02-17 02:26:26.314557,513
2026-02-17 02:26:26.322496,510
2026-02-17 02:26:26.330497,516
2026-02-17 02:26:26.338540,520
2026-02-17 02:26:26.346558,516
2026-02-17 02:26:26.354536,515
2026-02-17 02:26:26.362542,506
2026-02-17 02:26:26.370540,519
2026-02-17 02:26:26.378587,507
2026-02-17 02:26:26.386536,512
2026-02-17 02:26:26.394544,513
2026-02-17 02:26:26.402566,522
2026-02-17 02:26:26.410588,512
2026-02-17 02:26:26.418602,517
2026-02-17 02:26:26.426505,518
2026-02-17 02:26:26.434523,510
2026-02-17 02:26:26.442541,519
2026-02-17 02:26:26.450535,515
2026-02-17 02:26:26.458563,499
2026-02-17 02:26:26.466546,497
2026-02-17 02:26:26.474566,505
2026-02-17 02:26:26.482549,512
2026-02-17 02:26:26.490530,513
2026-02-17 02:26:26.498632,520
2026-02-17 02:26:26.506585,512
2026-02-17 02:26:26.514555,511
2026-02-17 02:26:26.522597,511
2026-02-17 02:26:26.530669,501
2026-02-17 02:26:26.538590,513
2026-02-17 02:26:26.546586,519
2026-02-17 02:26:26.554601,510
2026-02-17 02:26:26.562553,518
2026-02-17 02:26:26.570552,495
2026-02-17 02:26:26.578536,508
2026-02-17 02:26:26.586505,523
2026-02-17 02:26:26.594553,519
2026-02-17 02:26:26.602545,517
2026-02-17 02:26:26.610562,503
2026-02-17 02:26:26.618551,509
2026-02-17 02:26:26.626561,515
2026-02-17 02:26:26.634561,515
2026-02-17 02:26:26.642542,518
2026-02-17 02:26:26.650581,504
2026-02-17 02:26:26.658552,518
2026-02-17 02:26:26.666566,516
2026-02-17 02:26:26.674540,506
2026-02-17 02:26:26.682588,524
2026-02-17 02:26:26.690552,517
2026-02-17 02:26:26.698577,507
2026-02-17 02:26:26.706559,514
2026-02-17 02:26:26.714544,514
2026-02-17 02:26:26.722550,512
2026-02-17 02:26:26.730538,509
2026-02-17 02:26:26.738607,512
2026-02-17 02:26:26.746591,510
2026-02-17 02:26:26.754670,505
2026-02-17 02:26:26.762609,525
2026-02-17 02:26:26.770604,519
2026-02-17 02:26:26.778649,530
2026-02-17 02:26:26.786601,503
2026-02-17 02:26:26.794581,512
2026-02-17 02:26:26.802653,517
2026-02-17 02:26:26.810582,509
2026-02-17 02:26:26.818644,517
2026-02-17 02:26:26.826588,512
2026-02-17 02:26:26.834588,510
2026-02-17 02:26:26.842577,514
2026-02-17 02:26:26.850649,510
2026-02-17 02:26:26.858622,515
2026-02-17 02:26:26.866560,507
2026-02-17 02:26:26.874533,504
2026-02-17 02:26:26.882547,514
2026-02-17 02:26:26.890606,505
2026-02-17 02:26:26.898541,512
2026-02-17 02:26:26.906543,511
2026-02-17 02:26:26.914502,512
2026-02-17 02:26:26.922625,513
2026-02-17 02:26:26.930543,504
2026-02-17 02:26:26.938558,509
2026-02-17 02:26:26.946569,508
2026-02-17 02:26:26.954608,505
2026-02-17 02:26:26.962646,517
2026-02-17 02:26:26.970625,502
2026-02-17 02:26:26.978554,510
2026-02-17 02:26:26.986554,514
2026-02-17 02:26:26.994583,512
2026-02-17 02:26:27.002596,510
2026-02-17 02:26:27.010627,502
2026-02-17 02:26:27.018568,518
2026-02-17 02:26:27.026594,516
2026-02-17 02:26:27.034510,516
2026-02-17 02:26:27.042539,513
2026-02-17 02:26:27.050594,508
2026-02-17 02:26:27.058528,515
2026-02-17 02:26:27.066531,516
2026-02-17 02:26:27.074560,508
2026-02-17 02:26:27.082618,520
2026-02-17 02:26:27.090551,512
2026-02-17 02:26:27.098555,515
2026-02-17 02:26:27.106610,524
2026-02-17 02:26:27.114605,522
2026-02-17 02:26:27.122542,517
2026-02-17 02:26:27.130641,494
2026-02-17 02:26:27.138582,510
2026-02-17 02:26:27.146578,509
2026-02-17 02:26:27.154552,510
2026-02-17 02:26:27.162558,517
2026-02-17 02:26:27.170547,514
2026-02-17 02:26:27.178543,512
2026-02-17 02:26:27.186551,506
2026-02-17 02:26:27.194560,511
2026-02-17 02:26:27.202592,521
2026-02-17 02:26:27.210597,522
2026-02-17 02:26:27.218599,508
2026-02-17 02:26:27.226575,506
2026-02-17 02:26:27.234653,512
2026-02-17 02:26:27.242591,522
2026-02-17 02:26:27.250593,515
2026-02-17 02:26:27.258611,515
2026-02-17 02:26:27.266592,499
2026-02-17 02:26:27.274554,496
2026-02-17 02:26:27.282544,500
2026-02-17 02:26:27.290540,508
2026-02-17 02:26:27.298541,517
2026-02-17 02:26:27.306584,517
2026-02-17 02:26:27.314549,509
2026-02-17 02:26:27.322591,508
2026-02-17 02:26:27.330561,511
2026-02-17 02:26:27.338540,517
2026-02-17 02:26:27.346552,520
2026-02-17 02:26:27.354548,513
2026-02-17 02:26:27.362573,510
2026-02-17 02:26:27.370556,494
2026-02-17 02:26:27.378544,512
2026-02-17 02:26:27.386545,518
2026-02-17 02:26:27.394571,515
2026-02-17 02:26:27.402560,516
2026-02-17 02:26:27.410579,509
2026-02-17 02:26:27.418565,499
2026-02-17 02:26:27.426543,504
2026-02-17 02:26:27.434617,517
2026-02-17 02:26:27.442549,518
2026-02-17 02:26:27.450541,504
2026-02-17 02:26:27.458536,521
2026-02-17 02:26:27.466547,505
2026-02-17 02:26:27.474542,511
2026-02-17 02:26:27.482557,516
2026-02-17 02:26:27.490538,514
2026-02-17 02:26:27.498530,518
2026-02-17 02:26:27.506538,507
2026-02-17 02:26:27.514542,504
2026-02-17 02:26:27.522585,510
2026-02-17 02:26:27.530554,514
2026-02-17 02:26:27.538558,522
2026-02-17 02:26:27.546554,515
2026-02-17 02:26:27.554550,522
2026-02-17 02:26:27.562542,525
2026-02-17 02:26:27.570547,512
2026-02-17 02:26:27.578583,517
2026-02-17 02:26:27.586506,513
2026-02-17 02:26:27.594574,509
2026-02-17 02:26:27.602575,518
2026-02-17 02:26:27.610645,510
2026-02-17 02:26:27.618583,502
2026-02-17 02:26:27.626564,506
2026-02-17 02:26:27.634588,508
2026-02-17 02:26:27.642598,512
2026-02-17 02:26:27.650547,512
2026-02-17 02:26:27.658558,518
2026-02-17 02:26:27.666562,512
2026-02-17 02:26:27.674545,510
2026-02-17 02:26:27.682555,517
2026-02-17 02:26:27.690549,513
2026-02-17 02:26:27.698555,519
2026-02-17 02:26:27.706554,509
2026-02-17 02:26:27.714781,504
2026-02-17 02:26:27.722628,506
2026-02-17 02:26:27.730571,508
2026-02-17 02:26:27.738651,509
2026-02-17 02:26:27.746608,510
2026-02-17 02:26:27.754558,512
2026-02-17 02:26:27.762615,522
2026-02-17 02:26:27.770548,506
2026-02-17 02:26:27.778640,510
2026-02-17 02:26:27.786551,514
2026-02-17 02:26:27.794552,521
2026-02-17 02:26:27.802550,512
2026-02-17 02:26:27.810548,512
2026-02-17 02:26:27.818573,523
2026-02-17 02:26:27.826560,509
2026-02-17 02:26:27.834709,512
2026-02-17 02:26:27.842603,520
2026-02-17 02:26:27.850668,509
2026-02-17 02:26:27.858627,514
2026-02-17 02:26:27.866546,512
2026-02-17 02:26:27.874578,508
2026-02-17 02:26:27.882547,503
2026-02-17 02:26:27.890546,508
2026-02-17 02:26:27.898568,513
2026-02-17 02:26:27.906588,512
2026-02-17 02:26:27.914554,510
2026-02-17 02:26:27.922557,513
2026-02-17 02:26:27.930521,503
2026-02-17 02:26:27.938530,508
2026-02-17 02:26:27.946567,513
2026-02-17 02:26:27.954509,510
2026-02-17 02:26:27.962542,517
2026-02-17 02:26:27.970588,502
2026-02-17 02:26:27.978561,514
2026-02-17 02:26:27.986548,506
2026-02-17 02:26:27.994647,514
2026-02-17 02:26:28.002620,524
2026-02-17 02:26:28.010638,507
2026-02-17 02:26:28.018587,518
2026-02-17 02:26:28.026526,515
2026-02-17 02:26:28.034591,509
2026-02-17 02:26:28.042689,507
2026-02-17 02:26:28.050576,503
2026-02-17 02:26:28.058567,512
2026-02-17 02:26:28.066606,511
2026-02-17 02:26:28.074621,517
2026-02-17 02:26:28.082596,521
2026-02-17 02:26:28.090549,506
2026-02-17 02:26:28.098579,515
2026-02-17 02:26:28.106506,513
2026-02-17 02:26:28.114567,509
2026-02-17 02:26:28.122569,515
2026-02-17 02:26:28.130597,510
2026-02-17 02:26:28.138605,511
2026-02-17 02:26:28.146606,510
2026-02-17 02:26:28.154556,515
2026-02-17 02:26:28.162556,514
2026-02-17 02:26:28.170568,518
2026-02-17 02:26:28.178558,507
2026-02-17 02:26:28.186555,508
2026-02-17 02:26:28.194572,508
2026-02-17 02:26:28.202590,513
2026-02-17 02:26:28.210551,502
2026-02-17 02:26:28.218580,493
2026-02-17 02:26:28.226555,495
2026-02-17 02:26:28.234629,503
2026-02-17 02:26:28.242607,504
2026-02-17 02:26:28.250616,505
2026-02-17 02:26:28.258607,511
2026-02-17 02:26:28.266669,506
2026-02-17 02:26:28.274631,514
2026-02-17 02:26:28.282616,518
2026-02-17 02:26:28.290551,514
2026-02-17 02:26:28.298553,509
2026-02-17 02:26:28.306551,505
2026-02-17 02:26:28.314631,511
2026-02-17 02:26:28.322644,521
2026-02-17 02:26:28.330580,503
2026-02-17 02:26:28.338586,521
2026-02-17 02:26:28.346500,519
2026-02-17 02:26:28.354510,517
2026-02-17 02:26:28.362569,517
2026-02-17 02:26:28.370551,511
2026-02-17 02:26:28.378556,518
2026-02-17 02:26:28.386547,513
2026-02-17 02:26:28.394558,507
2026-02-17 02:26:28.402541,514
2026-02-17 02:26:28.410596,498
2026-02-17 02:26:28.418600,519
2026-02-17 02:26:28.426558,513
2026-02-17 02:26:28.434588,513
2026-02-17 02:26:28.442571,513
2026-02-17 02:26:28.450552,513
2026-02-17 02:26:28.458628,513
2026-02-17 02:26:28.466499,517
2026-02-17 02:26:28.474528,515
2026-02-17 02:26:28.482540,518
2026-02-17 02:26:28.490551,492
2026-02-17 02:26:28.498561,508
2026-02-17 02:26:28.506546,514
2026-02-17 02:26:28.514552,517
2026-02-17 02:26:28.522555,521
2026-02-17 02:26:28.530562,508
2026-02-17 02:26:28.538555,518
2026-02-17 02:26:28.546544,508
2026-02-17 02:26:28.554552,502
2026-02-17 02:26:28.562545,518
2026-02-17 02:26:28.570542,503
2026-02-17 02:26:28.578550,516
2026-02-17 02:26:28.586518,518
2026-02-17 02:26:28.594596,512
2026-02-17 02:26:28.602592,516
2026-02-17 02:26:28.610552,500
2026-02-17 02:26:28.618610,505
2026-02-17 02:26:28.626594,505
2026-02-17 02:26:28.634564,517
2026-02-17 02:26:28.642551,517
2026-02-17 02:26:28.650571,512
2026-02-17 02:26:28.658602,511
2026-02-17 02:26:28.666552,508
2026-02-17 02:26:28.674548,499
2026-02-17 02:26:28.682557,510
2026-02-17 02:26:28.690542,504
2026-02-17 02:26:28.698539,514
2026-02-17 02:26:28.706544,512
2026-02-17 02:26:28.714541,509
2026-02-17 02:26:28.722563,512
2026-02-17 02:26:28.730551,506
2026-02-17 02:26:28.738712,516
2026-02-17 02:26:28.746618,514
2026-02-17 02:26:28.754571,513
2026-02-17 02:26:28.762623,517
2026-02-17 02:26:28.770596,511
2026-02-17 02:26:28.778586,516
2026-02-17 02:26:28.786551,509
2026-02-17 02:26:28.794548,514
2026-02-17 02:26:28.802568,519
2026-02-17 02:26:28.810552,513
2026-02-17 02:26:28.818601,512
2026-02-17 02:26:28.826558,514
2026-02-17 02:26:28.834548,505
2026-02-17 02:26:28.842558,511
2026-02-17 02:26:28.850628,513
2026-02-17 02:26:28.858526,514
2026-02-17 02:26:28.866673,514
2026-02-17 02:26:28.874566,513
2026-02-17 02:26:28.882557,512
2026-02-17 02:26:28.890552,506
2026-02-17 02:26:28.898608,515
2026-02-17 02:26:28.906591,511
2026-02-17 02:26:28.914657,510
2026-02-17 02:26:28.922626,505
2026-02-17 02:26:28.930563,510
2026-02-17 02:26:28.938604,517
2026-02-17 02:26:28.946569,513
2026-02-17 02:26:28.954554,512
2026-02-17 02:26:28.962592,518
2026-02-17 02:26:28.970611,501
2026-02-17 02:26:28.978555,504
2026-02-17 02:26:28.986571,513
2026-02-17 02:26:28.994554,522
2026-02-17 02:26:29.002570,518
2026-02-17 02:26:29.010563,508
2026-02-17 02:26:29.018579,510
2026-02-17 02:26:29.026577,506
2026-02-17 02:26:29.034622,513
2026-02-17 02:26:29.042605,516
2026-02-17 02:26:29.050562,514
2026-02-17 02:26:29.058532,522
2026-02-17 02:26:29.066545,518
2026-02-17 02:26:29.074586,511
2026-02-17 02:26:29.082527,506
2026-02-17 02:26:29.090569,505
2026-02-17 02:26:29.098561,515
2026-02-17 02:26:29.106518,509
2026-02-17 02:26:29.114621,511
2026-02-17 02:26:29.122561,511
2026-02-17 02:26:29.130578,499
2026-02-17 02:26:29.138681,504
2026-02-17 02:26:29.146578,507
2026-02-17 02:26:29.154576,510
2026-02-17 02:26:29.162565,512
2026-02-17 02:26:29.170554,510
2026-02-17 02:26:29.178556,506
2026-02-17 02:26:29.186562,508
2026-02-17 02:26:29.194559,504
2026-02-17 02:26:29.202596,517
2026-02-17 02:26:29.210571,507
2026-02-17 02:26:29.218565,512
2026-02-17 02:26:29.226562,512
2026-02-17 02:26:29.234638,511
2026-02-17 02:26:29.242617,511
2026-02-17 02:26:29.250576,511
2026-02-17 02:26:29.258607,527
2026-02-17 02:26:29.266626,519
2026-02-17 02:26:29.274558,515
2026-02-17 02:26:29.282563,517
2026-02-17 02:26:29.290562,501
2026-02-17 02:26:29.298559,505
2026-02-17 02:26:29.306555,512
2026-02-17 02:26:29.314545,524
2026-02-17 02:26:29.322612,506
2026-02-17 02:26:29.330566,506
2026-02-17 02:26:29.338549,512
2026-02-17 02:26:29.346543,515
2026-02-17 02:26:29.354560,529
2026-02-17 02:26:29.362557,512
2026-02-17 02:26:29.370552,509
2026-02-17 02:26:29.378595,519
2026-02-17 02:26:29.386560,516
2026-02-17 02:26:29.394551,508
2026-02-17 02:26:29.402596,512
2026-02-17 02:26:29.410550,511
2026-02-17 02:26:29.418605,507
2026-02-17 02:26:29.426560,514
2026-02-17 02:26:29.434549,520
2026-02-17 02:26:29.442569,521
2026-02-17 02:26:29.450549,507
2026-02-17 02:26:29.458608,518
2026-02-17 02:26:29.466557,515
2026-02-17 02:26:29.474495,504
2026-02-17 02:26:29.482570,511
2026-02-17 02:26:29.490538,511
2026-02-17 02:26:29.498606,506
2026-02-17 02:26:29.506563,503
2026-02-17 02:26:29.514541,501
2026-02-17 02:26:29.522656,517
2026-02-17 02:26:29.530610,520
2026-02-17 02:26:29.538577,527
2026-02-17 02:26:29.546563,515
2026-02-17 02:26:29.554573,505
2026-02-17 02:26:29.562581,508
2026-02-17 02:26:29.570556,507
2026-02-17 02:26:29.578562,513
2026-02-17 02:26:29.586517,516
2026-02-17 02:26:29.594559,510
2026-02-17 02:26:29.602626,509
2026-02-17 02:26:29.610560,503
2026-02-17 02:26:29.618571,514
2026-02-17 02:26:29.626601,516
2026-02-17 02:26:29.634562,514
2026-02-17 02:26:29.642561,515
2026-02-17 02:26:29.650543,513
2026-02-17 02:26:29.658546,512
2026-02-17 02:26:29.666562,515
2026-02-17 02:26:29.674603,511
2026-02-17 02:26:29.682545,510
2026-02-17 02:26:29.690607,508
2026-02-17 02:26:29.698599,508
2026-02-17 02:26:29.706556,517
2026-02-17 02:26:29.714543,512
2026-02-17 02:26:29.722561,516
2026-02-17 02:26:29.730569,514
2026-02-17 02:26:29.738644,516
2026-02-17 02:26:29.746632,505
2026-02-17 02:26:29.754566,518
2026-02-17 02:26:29.762587,512
2026-02-17 02:26:29.770559,504
2026-02-17 02:26:29.778556,505
2026-02-17 02:26:29.786561,506
2026-02-17 02:26:29.794645,496
2026-02-17 02:26:29.802635,513
2026-02-17 02:26:29.810603,513
2026-02-17 02:26:29.818579,510
2026-02-17 02:26:29.826702,516
2026-02-17 02:26:29.834625,512
2026-02-17 02:26:29.842578,507
2026-02-17 02:26:29.850640,506
2026-02-17 02:26:29.858544,504
2026-02-17 02:26:29.866609,500
2026-02-17 02:26:29.874689,503
2026-02-17 02:26:29.882619,507
2026-02-17 02:26:29.890557,504
2026-02-17 02:26:29.898545,507
2026-02-17 02:26:29.906571,513
2026-02-17 02:26:29.914553,518
2026-02-17 02:26:29.922551,511
2026-02-17 02:26:29.930547,503
2026-02-17 02:26:29.938545,500
2026-02-17 02:26:29.946566,494
2026-02-17 02:26:29.954546,519
2026-02-17 02:26:29.962557,518
2026-02-17 02:26:29.970569,516
2026-02-17 02:26:29.978577,521
2026-02-17 02:26:29.986554,517
2026-02-17 02:26:29.994548,515
2026-02-17 02:26:30.002551,516
2026-02-17 02:26:30.010594,519
2026-02-17 02:26:30.018550,513
2026-02-17 02:26:30.026504,519
2026-02-17 02:26:30.034638,510
2026-02-17 02:26:30.042676,518
2026-02-17 02:26:30.050666,520
2026-02-17 02:26:30.058617,520
2026-02-17 02:26:30.066630,523
2026-02-17 02:26:30.074631,533
2026-02-17 02:26:30.082572,522
2026-02-17 02:26:30.090554,521
2026-02-17 02:26:30.098574,517
2026-02-17 02:26:30.106692,520
2026-02-17 02:26:30.114567,517
2026-02-17 02:26:30.122525,515
2026-02-17 02:26:30.130507,516
2026-02-17 02:26:30.138544,509
2026-02-17 02:26:30.146543,519
2026-02-17 02:26:30.154550,509
2026-02-17 02:26:30.162534,516
2026-02-17 02:26:30.170525,505
2026-02-17 02:26:30.178553,509
2026-02-17 02:26:30.186556,509
2026-02-17 02:26:30.194541,509
2026-02-17 02:26:30.202560,512
2026-02-17 02:26:30.210537,521
2026-02-17 02:26:30.218604,513
2026-02-17 02:26:30.226526,507
2026-02-17 02:26:30.234552,516
2026-02-17 02:26:30.242551,528
2026-02-17 02:26:30.250506,508
2026-02-17 02:26:30.258547,516
2026-02-17 02:26:30.266544,518
2026-02-17 02:26:30.274556,517
2026-02-17 02:26:30.282594,517
2026-02-17 02:26:30.290557,513
2026-02-17 02:26:30.298603,522
2026-02-17 02:26:30.306559,506
2026-02-17 02:26:30.314619,507
2026-02-17 02:26:30.322659,520
2026-02-17 02:26:30.330578,513
2026-02-17 02:26:30.338604,518
2026-02-17 02:26:30.346511,522
2026-02-17 02:26:30.354560,505
2026-02-17 02:26:30.362583,509
2026-02-17 02:26:30.370616,524
2026-02-17 02:26:30.378573,518
2026-02-17 02:26:30.386560,512
2026-02-17 02:26:30.394604,509
2026-02-17 02:26:30.402581,501
2026-02-17 02:26:30.410632,504
2026-02-17 02:26:30.418610,507
2026-02-17 02:26:30.426586,519
2026-02-17 02:26:30.434564,513
2026-02-17 02:26:30.442557,506
2026-02-17 02:26:30.450578,495
2026-02-17 02:26:30.458598,512
2026-02-17 02:26:30.466577,517
2026-02-17 02:26:30.474520,509
2026-02-17 02:26:30.482538,505
2026-02-17 02:26:30.490590,497
2026-02-17 02:26:30.498513,508
2026-02-17 02:26:30.506559,520
2026-02-17 02:26:30.514581,514
2026-02-17 02:26:30.522603,514
2026-02-17 02:26:30.530568,501
2026-02-17 02:26:30.538598,509
2026-02-17 02:26:30.546548,507
2026-02-17 02:26:30.554555,517
2026-02-17 02:26:30.562660,522
2026-02-17 02:26:30.570569,495
2026-02-17 02:26:30.578565,511
2026-02-17 02:26:30.586528,509
2026-02-17 02:26:30.594640,497
2026-02-17 02:26:30.602559,507
2026-02-17 02:26:30.610569,508
2026-02-17 02:26:30.618567,507
2026-02-17 02:26:30.626564,508
2026-02-17 02:26:30.634571,505
2026-02-17 02:26:30.642564,518
2026-02-17 02:26:30.650562,515
2026-02-17 02:26:30.658557,513
2026-02-17 02:26:30.666559,504
2026-02-17 02:26:30.674556,516
2026-02-17 02:26:30.682580,506
2026-02-17 02:26:30.690568,503
2026-02-17 02:26:30.698778,517
2026-02-17 02:26:30.706676,521
2026-02-17 02:26:30.714614,515
2026-02-17 02:26:30.722564,512
2026-02-17 02:26:30.730601,495
2026-02-17 02:26:30.738661,505
2026-02-17 02:26:30.746610,519
2026-02-17 02:26:30.754563,520
2026-02-17 02:26:30.762670,514
2026-02-17 02:26:30.770586,502
2026-02-17 02:26:30.778593,511
2026-02-17 02:26:30.786634,511
2026-02-17 02:26:30.794563,515
2026-02-17 02:26:30.802601,517
2026-02-17 02:26:30.810558,505
2026-02-17 02:26:30.818565,514
2026-02-17 02:26:30.826573,498
2026-02-17 02:26:30.834562,509
2026-02-17 02:26:30.842560,515
2026-02-17 02:26:30.850704,510
2026-02-17 02:26:30.858538,512
2026-02-17 02:26:30.866619,516
2026-02-17 02:26:30.874596,507
2026-02-17 02:26:30.882599,504
2026-02-17 02:26:30.890574,509
2026-02-17 02:26:30.898593,516
2026-02-17 02:26:30.906591,517
2026-02-17 02:26:30.914569,517
2026-02-17 02:26:30.922566,510
2026-02-17 02:26:30.930605,509
2026-02-17 02:26:30.938566,516
2026-02-17 02:26:30.946556,510
2026-02-17 02:26:30.954576,506
2026-02-17 02:26:30.962603,519
2026-02-17 02:26:30.970559,507
2026-02-17 02:26:30.978565,516
2026-02-17 02:26:30.986549,510
2026-02-17 02:26:30.994515,507
2026-02-17 02:26:31.002558,512
2026-02-17 02:26:31.010690,511
2026-02-17 02:26:31.018642,519
2026-02-17 02:26:31.026580,516
2026-02-17 02:26:31.034665,515
2026-02-17 02:26:31.042660,515
2026-02-17 02:26:31.050556,519
2026-02-17 02:26:31.058631,517
2026-02-17 02:26:31.066661,507
2026-02-17 02:26:31.074597,519
2026-02-17 02:26:31.082629,516
2026-02-17 02:26:31.090579,510
2026-02-17 02:26:31.098561,516
2026-02-17 02:26:31.106660,518
2026-02-17 02:26:31.114664,515
2026-02-17 02:26:31.122628,516
2026-02-17 02:26:31.130624,508
2026-02-17 02:26:31.138590,514
2026-02-17 02:26:31.146669,510
2026-02-17 02:26:31.154612,514
2026-02-17 02:26:31.162598,517
2026-02-17 02:26:31.170634,508
2026-02-17 02:26:31.178594,502
2026-02-17 02:26:31.186578,505
2026-02-17 02:26:31.194625,505
2026-02-17 02:26:31.202569,521
2026-02-17 02:26:31.210563,510
2026-02-17 02:26:31.218574,516
2026-02-17 02:26:31.226598,512
2026-02-17 02:26:31.234696,515
2026-02-17 02:26:31.242650,505
2026-02-17 02:26:31.250578,511
2026-02-17 02:26:31.258569,508
2026-02-17 02:26:31.266634,506
2026-02-17 02:26:31.274594,508
2026-02-17 02:26:31.282568,519
2026-02-17 02:26:31.290615,506
2026-02-17 02:26:31.298564,513
2026-02-17 02:26:31.306602,512
2026-02-17 02:26:31.314623,504
2026-02-17 02:26:31.322617,506
2026-02-17 02:26:31.330524,509
2026-02-17 02:26:31.338559,519
2026-02-17 02:26:31.346596,524
2026-02-17 02:26:31.354613,523
2026-02-17 02:26:31.362588,510
2026-02-17 02:26:31.370575,502
2026-02-17 02:26:31.378568,518
2026-02-17 02:26:31.386566,519
2026-02-17 02:26:31.394563,516
2026-02-17 02:26:31.402562,522
2026-02-17 02:26:31.410562,505
2026-02-17 02:26:31.418559,504
2026-02-17 02:26:31.426571,501
2026-02-17 02:26:31.434573,503
2026-02-17 02:26:31.442566,516
2026-02-17 02:26:31.450556,508
2026-02-17 02:26:31.458558,513
2026-02-17 02:26:31.466573,505
2026-02-17 02:26:31.474545,508
2026-02-17 02:26:31.482609,519
2026-02-17 02:26:31.490549,511
2026-02-17 02:26:31.498539,513
2026-02-17 02:26:31.506579,511
2026-02-17 02:26:31.514567,511
2026-02-17 02:26:31.522626,519
2026-02-17 02:26:31.530562,512
2026-02-17 02:26:31.538561,513
2026-02-17 02:26:31.546568,512
2026-02-17 02:26:31.554604,514
2026-02-17 02:26:31.562565,515
2026-02-17 02:26:31.570588,513
2026-02-17 02:26:31.578556,517
2026-02-17 02:26:31.586548,514
2026-02-17 02:26:31.594621,511
2026-02-17 02:26:31.602567,518
2026-02-17 02:26:31.610571,505
2026-02-17 02:26:31.618630,510
2026-02-17 02:26:31.626567,505
2026-02-17 02:26:31.634628,520
2026-02-17 02:26:31.642625,510
2026-02-17 02:26:31.650573,510
2026-02-17 02:26:31.658577,516
2026-02-17 02:26:31.666573,518
2026-02-17 02:26:31.674569,521
2026-02-17 02:26:31.682568,510
2026-02-17 02:26:31.690570,500
2026-02-17 02:26:31.698593,512
2026-02-17 02:26:31.706583,519
2026-02-17 02:26:31.714582,519
2026-02-17 02:26:31.722572,518
2026-02-17 02:26:31.730556,505
2026-02-17 02:26:31.738588,520
2026-02-17 02:26:31.746517,513
2026-02-17 02:26:31.754620,510
2026-02-17 02:26:31.762655,517
2026-02-17 02:26:31.770607,519
2026-02-17 02:26:31.778569,508
2026-02-17 02:26:31.786570,513
2026-02-17 02:26:31.794556,511
2026-02-17 02:26:31.802590,507
2026-02-17 02:26:31.810578,515
2026-02-17 02:26:31.818563,511
2026-02-17 02:26:31.826573,524
2026-02-17 02:26:31.834582,521
2026-02-17 02:26:31.842567,515
2026-02-17 02:26:31.850655,502
2026-02-17 02:26:31.858578,511
2026-02-17 02:26:31.866593,505
2026-02-17 02:26:31.874587,510
2026-02-17 02:26:31.882563,514
2026-02-17 02:26:31.890579,501
2026-02-17 02:26:31.898629,517
2026-02-17 02:26:31.906577,508
2026-02-17 02:26:31.914606,505
2026-02-17 02:26:31.922626,509
2026-02-17 02:26:31.930571,512
2026-02-17 02:26:31.938580,521
2026-02-17 02:26:31.946570,518
2026-02-17 02:26:31.954572,510
2026-02-17 02:26:31.962563,506
2026-02-17 02:26:31.970589,511
2026-02-17 02:26:31.978572,498
2026-02-17 02:26:31.986566,506
2026-02-17 02:26:31.994567,511
2026-02-17 02:26:32.002599,523
2026-02-17 02:26:32.010620,509
2026-02-17 02:26:32.018648,517
2026-02-17 02:26:32.026544,505
2026-02-17 02:26:32.034688,502
2026-02-17 02:26:32.042692,516
2026-02-17 02:26:32.050676,510
2026-02-17 02:26:32.058630,518
2026-02-17 02:26:32.066686,511
2026-02-17 02:26:32.074602,516
2026-02-17 02:26:32.082640,517
2026-02-17 02:26:32.090612,508
2026-02-17 02:26:32.098616,515
2026-02-17 02:26:32.106519,505
2026-02-17 02:26:32.114578,521
2026-02-17 02:26:32.122528,524
2026-02-17 02:26:32.130571,515
2026-02-17 02:26:32.138588,514
2026-02-17 02:26:32.146576,513
2026-02-17 02:26:32.154574,513
2026-02-17 02:26:32.162571,504
2026-02-17 02:26:32.170573,511
2026-02-17 02:26:32.178570,503
2026-02-17 02:26:32.186600,506
2026-02-17 02:26:32.194574,504
2026-02-17 02:26:32.202644,510
2026-02-17 02:26:32.210634,504
2026-02-17 02:26:32.218638,509
2026-02-17 02:26:32.226613,512
2026-02-17 02:26:32.234650,511
2026-02-17 02:26:32.242642,510
2026-02-17 02:26:32.250623,509
2026-02-17 02:26:32.258579,519
2026-02-17 02:26:32.266634,527
2026-02-17 02:26:32.274592,520
2026-02-17 02:26:32.282606,517
2026-02-17 02:26:32.290571,513
2026-02-17 02:26:32.298574,526
2026-02-17 02:26:32.306574,519
2026-02-17 02:26:32.314557,506
2026-02-17 02:26:32.322617,511
2026-02-17 02:26:32.330591,506
2026-02-17 02:26:32.338645,508
2026-02-17 02:26:32.346525,512
2026-02-17 02:26:32.354560,515
2026-02-17 02:26:32.362581,523
2026-02-17 02:26:32.370610,508
2026-02-17 02:26:32.378555,505
2026-02-17 02:26:32.386570,508
2026-02-17 02:26:32.394577,507
2026-02-17 02:26:32.402569,520
2026-02-17 02:26:32.410569,512
2026-02-17 02:26:32.418573,511
2026-02-17 02:26:32.426570,514
2026-02-17 02:26:32.434600,519
2026-02-17 02:26:32.442569,511
2026-02-17 02:26:32.450572,508
2026-02-17 02:26:32.458564,525
2026-02-17 02:26:32.466569,515
2026-02-17 02:26:32.474579,516
2026-02-17 02:26:32.482584,529
2026-02-17 02:26:32.490579,505
2026-02-17 02:26:32.498651,515
2026-02-17 02:26:32.506580,514
2026-02-17 02:26:32.514618,520
2026-02-17 02:26:32.522561,523
2026-02-17 02:26:32.530533,512
2026-02-17 02:26:32.538665,516
2026-02-17 02:26:32.546592,519
2026-02-17 02:26:32.554576,511
2026-02-17 02:26:32.562572,515
2026-02-17 02:26:32.570571,513
2026-02-17 02:26:32.578591,512
2026-02-17 02:26:32.586525,507
2026-02-17 02:26:32.594584,496
2026-02-17 02:26:32.602592,515
2026-02-17 02:26:32.610590,515
2026-02-17 02:26:32.618569,515
2026-02-17 02:26:32.626588,511
2026-02-17 02:26:32.634597,506
2026-02-17 02:26:32.642586,504
2026-02-17 02:26:32.650575,513
2026-02-17 02:26:32.658574,518
2026-02-17 02:26:32.666584,512
2026-02-17 02:26:32.674575,506
2026-02-17 02:26:32.682578,503
2026-02-17 02:26:32.690569,510
2026-02-17 02:26:32.698572,516
2026-02-17 02:26:32.706574,514
2026-02-17 02:26:32.714574,508
2026-02-17 02:26:32.722563,512
2026-02-17 02:26:32.730584,498
2026-02-17 02:26:32.738664,507
2026-02-17 02:26:32.746605,516
2026-02-17 02:26:32.754618,524
2026-02-17 02:26:32.762574,516
2026-02-17 02:26:32.770646,510
2026-02-17 02:26:32.778607,520
2026-02-17 02:26:32.786562,513
2026-02-17 02:26:32.794575,510
2026-02-17 02:26:32.802608,488
2026-02-17 02:26:32.810586,491
2026-02-17 02:26:32.818583,497
2026-02-17 02:26:32.826639,499
2026-02-17 02:26:32.834616,496
2026-02-17 02:26:32.842615,495
2026-02-17 02:26:32.850648,496
2026-02-17 02:26:32.858655,517
2026-02-17 02:26:32.866633,502
2026-02-17 02:26:32.874572,507
2026-02-17 02:26:32.882575,515
2026-02-17 02:26:32.890573,494
2026-02-17 02:26:32.898577,514
2026-02-17 02:26:32.906566,521
2026-02-17 02:26:32.914565,521
2026-02-17 02:26:32.922600,523
2026-02-17 02:26:32.930577,518
2026-02-17 02:26:32.938582,508
2026-02-17 02:26:32.946574,520
2026-02-17 02:26:32.954576,517
2026-02-17 02:26:32.962563,520
2026-02-17 02:26:32.970571,505
2026-02-17 02:26:32.978593,504
2026-02-17 02:26:32.986562,502
2026-02-17 02:26:32.994571,506
2026-02-17 02:26:33.002585,515
2026-02-17 02:26:33.010608,515
2026-02-17 02:26:33.018618,523
2026-02-17 02:26:33.026644,513
2026-02-17 02:26:33.034568,512
2026-02-17 02:26:33.042580,521
2026-02-17 02:26:33.050585,502
2026-02-17 02:26:33.058646,520
2026-02-17 02:26:33.066534,528
2026-02-17 02:26:33.074563,508
2026-02-17 02:26:33.082518,518
2026-02-17 02:26:33.090583,508
2026-02-17 02:26:33.098573,525
2026-02-17 02:26:33.106744,516
2026-02-17 02:26:33.114561,506
2026-02-17 02:26:33.122593,515
2026-02-17 02:26:33.130654,505
2026-02-17 02:26:33.138623,506
2026-02-17 02:26:33.146648,512
2026-02-17 02:26:33.154684,512
2026-02-17 02:26:33.162629,516
2026-02-17 02:26:33.170637,515
2026-02-17 02:26:33.178578,501
2026-02-17 02:26:33.186562,517
2026-02-17 02:26:33.194597,508
2026-02-17 02:26:33.202596,514
2026-02-17 02:26:33.210573,513
2026-02-17 02:26:33.218582,516
2026-02-17 02:26:33.226567,519
2026-02-17 02:26:33.234652,513
2026-02-17 02:26:33.242599,521
2026-02-17 02:26:33.250639,515
2026-02-17 02:26:33.258589,527
2026-02-17 02:26:33.266662,520
2026-02-17 02:26:33.274631,513
2026-02-17 02:26:33.282587,520
2026-02-17 02:26:33.290566,500
2026-02-17 02:26:33.298579,524
2026-02-17 02:26:33.306601,518
2026-02-17 02:26:33.314590,500
2026-02-17 02:26:33.322623,516
2026-02-17 02:26:33.330534,501
2026-02-17 02:26:33.338617,508
2026-02-17 02:26:33.346589,515
2026-02-17 02:26:33.354599,516
2026-02-17 02:26:33.362598,517
2026-02-17 02:26:33.370572,513
2026-02-17 02:26:33.378575,504
2026-02-17 02:26:33.386619,504
2026-02-17 02:26:33.394616,506
2026-02-17 02:26:33.402576,517
2026-02-17 02:26:33.410645,508
2026-02-17 02:26:33.418601,517
2026-02-17 02:26:33.426566,504
2026-02-17 02:26:33.434640,514
2026-02-17 02:26:33.442609,524
2026-02-17 02:26:33.450636,515
2026-02-17 02:26:33.458583,518
2026-02-17 02:26:33.466616,508
2026-02-17 02:26:33.474568,495
2026-02-17 02:26:33.482571,514
2026-02-17 02:26:33.490581,511
2026-02-17 02:26:33.498575,514
2026-02-17 02:26:33.506576,517
2026-02-17 02:26:33.514592,508
2026-02-17 02:26:33.522569,513
2026-02-17 02:26:33.530595,502
2026-02-17 02:26:33.538571,512
2026-02-17 02:26:33.546616,509
2026-02-17 02:26:33.554576,503
2026-02-17 02:26:33.562582,521
2026-02-17 02:26:33.570579,515
2026-02-17 02:26:33.578587,515
2026-02-17 02:26:33.586549,509
2026-02-17 02:26:33.594620,507
2026-02-17 02:26:33.602580,502
2026-02-17 02:26:33.610566,506
2026-02-17 02:26:33.618571,522
2026-02-17 02:26:33.626588,522
2026-02-17 02:26:33.634622,511
2026-02-17 02:26:33.642653,525
2026-02-17 02:26:33.650595,510
2026-02-17 02:26:33.658676,507
2026-02-17 02:26:33.666598,521
2026-02-17 02:26:33.674575,519
2026-02-17 02:26:33.682596,519
2026-02-17 02:26:33.690593,511
2026-02-17 02:26:33.698742,507
2026-02-17 02:26:33.706635,502
2026-02-17 02:26:33.714752,512
2026-02-17 02:26:33.722677,518
2026-02-17 02:26:33.730595,500
2026-02-17 02:26:33.738689,508
2026-02-17 02:26:33.746636,502
2026-02-17 02:26:33.754594,506
2026-02-17 02:26:33.762591,511
2026-02-17 02:26:33.770623,500
2026-02-17 02:26:33.778600,504
2026-02-17 02:26:33.786575,502
2026-02-17 02:26:33.794596,508
2026-02-17 02:26:33.802582,518
2026-02-17 02:26:33.810587,515
2026-02-17 02:26:33.818656,520
2026-02-17 02:26:33.826669,521
2026-02-17 02:26:33.834629,508
2026-02-17 02:26:33.842598,515
2026-02-17 02:26:33.850662,512
2026-02-17 02:26:33.858632,523
2026-02-17 02:26:33.866612,512
2026-02-17 02:26:33.874585,517
2026-02-17 02:26:33.882609,519
2026-02-17 02:26:33.890582,513
2026-02-17 02:26:33.898581,510
2026-02-17 02:26:33.906603,511
2026-02-17 02:26:33.914623,506
2026-02-17 02:26:33.922586,515
2026-02-17 02:26:33.930577,503
2026-02-17 02:26:33.938600,510
2026-02-17 02:26:33.946580,506
2026-02-17 02:26:33.954593,513
2026-02-17 02:26:33.962579,509
2026-02-17 02:26:33.970580,507
2026-02-17 02:26:33.978581,521
2026-02-17 02:26:33.986579,518
2026-02-17 02:26:33.994643,507
2026-02-17 02:26:34.002592,510
2026-02-17 02:26:34.010664,509
2026-02-17 02:26:34.018642,512
2026-02-17 02:26:34.026692,513
2026-02-17 02:26:34.034734,525
2026-02-17 02:26:34.042742,520
2026-02-17 02:26:34.050700,509
2026-02-17 02:26:34.058648,515
2026-02-17 02:26:34.066592,513
2026-02-17 02:26:34.074562,510
2026-02-17 02:26:34.082617,509
2026-02-17 02:26:34.090592,503
2026-02-17 02:26:34.098587,511
2026-02-17 02:26:34.106534,516
2026-02-17 02:26:34.114539,517
2026-02-17 02:26:34.122574,518
2026-02-17 02:26:34.130532,508
2026-02-17 02:26:34.138583,507
2026-02-17 02:26:34.146574,503
2026-02-17 02:26:34.154586,507
2026-02-17 02:26:34.162706,524
2026-02-17 02:26:34.170871,515
2026-02-17 02:26:34.178773,514
2026-02-17 02:26:34.186710,508
2026-02-17 02:26:34.194724,515
2026-02-17 02:26:34.202640,513
2026-02-17 02:26:34.210677,507
2026-02-17 02:26:34.218587,515
2026-02-17 02:26:34.226637,514
2026-02-17 02:26:34.234602,511
2026-02-17 02:26:34.242650,519
2026-02-17 02:26:34.250609,511
2026-02-17 02:26:34.258592,518
2026-02-17 02:26:34.266660,515
2026-02-17 02:26:34.274595,517
2026-02-17 02:26:34.282620,513
2026-02-17 02:26:34.290585,503
2026-02-17 02:26:34.298687,512
2026-02-17 02:26:34.306615,508
2026-02-17 02:26:34.314575,514
2026-02-17 02:26:34.322605,515
2026-02-17 02:26:34.330545,504
2026-02-17 02:26:34.338575,505
2026-02-17 02:26:34.346597,510
2026-02-17 02:26:34.354581,512
2026-02-17 02:26:34.362585,508
2026-02-17 02:26:34.370589,509
2026-02-17 02:26:34.378587,517
2026-02-17 02:26:34.386603,506
2026-02-17 02:26:34.394584,509
2026-02-17 02:26:34.402590,518
2026-02-17 02:26:34.410584,519
2026-02-17 02:26:34.418577,514
2026-02-17 02:26:34.426583,520
2026-02-17 02:26:34.434641,516
2026-02-17 02:26:34.442598,529
2026-02-17 02:26:34.450584,514
2026-02-17 02:26:34.458581,516
2026-02-17 02:26:34.466619,523
2026-02-17 02:26:34.474572,528
2026-02-17 02:26:34.482590,521
2026-02-17 02:26:34.490597,521
2026-02-17 02:26:34.498578,520
2026-02-17 02:26:34.506570,509
2026-02-17 02:26:34.514587,505
2026-02-17 02:26:34.522578,518
2026-02-17 02:26:34.530579,521
2026-02-17 02:26:34.538581,526
2026-02-17 02:26:34.546571,514
2026-02-17 02:26:34.554553,510
2026-02-17 02:26:34.562641,509
2026-02-17 02:26:34.570628,503
2026-02-17 02:26:34.578564,516
2026-02-17 02:26:34.586532,514
2026-02-17 02:26:34.594573,518
2026-02-17 02:26:34.602584,520
2026-02-17 02:26:34.610591,508
2026-02-17 02:26:34.618568,511
2026-02-17 02:26:34.626624,506
2026-02-17 02:26:34.634597,515
2026-02-17 02:26:34.642635,517
2026-02-17 02:26:34.650654,514
2026-02-17 02:26:34.658580,521
2026-02-17 02:26:34.666583,506
2026-02-17 02:26:34.674573,504
2026-02-17 02:26:34.682578,506
2026-02-17 02:26:34.690587,501
2026-02-17 02:26:34.698580,507
2026-02-17 02:26:34.706577,506
2026-02-17 02:26:34.714624,508
2026-02-17 02:26:34.722572,517
2026-02-17 02:26:34.730589,503
2026-02-17 02:26:34.738673,512
2026-02-17 02:26:34.746636,507
2026-02-17 02:26:34.754585,511
2026-02-17 02:26:34.762577,510
2026-02-17 02:26:34.770653,508
2026-02-17 02:26:34.778581,513
2026-02-17 02:26:34.786587,512
2026-02-17 02:26:34.794592,517
2026-02-17 02:26:34.802591,514
2026-02-17 02:26:34.810572,521
2026-02-17 02:26:34.818580,516
2026-02-17 02:26:34.826600,508
2026-02-17 02:26:34.834588,511
2026-02-17 02:26:34.842734,501
2026-02-17 02:26:34.850681,505
2026-02-17 02:26:34.858668,518
2026-02-17 02:26:34.866632,522
2026-02-17 02:26:34.874591,515
2026-02-17 02:26:34.882583,512
2026-02-17 02:26:34.890614,500
2026-02-17 02:26:34.898612,517
2026-02-17 02:26:34.906627,511
2026-02-17 02:26:34.914629,517
2026-02-17 02:26:34.922581,521
2026-02-17 02:26:34.930580,509
2026-02-17 02:26:34.938602,512
2026-02-17 02:26:34.946642,516
2026-02-17 02:26:34.954589,512
2026-02-17 02:26:34.962591,513
2026-02-17 02:26:34.970593,509
2026-02-17 02:26:34.978593,510
2026-02-17 02:26:34.986583,515
2026-02-17 02:26:34.994589,518
2026-02-17 02:26:35.002579,507
2026-02-17 02:26:35.010667,510
2026-02-17 02:26:35.018630,504
2026-02-17 02:26:35.026703,505
2026-02-17 02:26:35.034689,515
2026-02-17 02:26:35.042623,511
2026-02-17 02:26:35.050738,498
2026-02-17 02:26:35.058743,505
2026-02-17 02:26:35.066625,505
2026-02-17 02:26:35.074546,509
2026-02-17 02:26:35.082629,508
2026-02-17 02:26:35.090550,516
2026-02-17 02:26:35.098643,526
2026-02-17 02:26:35.106542,513
2026-02-17 02:26:35.114619,505
2026-02-17 02:26:35.122651,520
2026-02-17 02:26:35.130560,516
2026-02-17 02:26:35.138543,517
2026-02-17 02:26:35.146594,520
2026-02-17 02:26:35.154571,514
2026-02-17 02:26:35.162558,513
2026-02-17 02:26:35.170559,509
2026-02-17 02:26:35.178573,510
2026-02-17 02:26:35.186581,514
2026-02-17 02:26:35.194594,517
2026-02-17 02:26:35.202585,522
2026-02-17 02:26:35.210588,520
2026-02-17 02:26:35.218566,527
2026-02-17 02:26:35.226568,510
2026-02-17 02:26:35.234550,522
2026-02-17 02:26:35.242568,505
2026-02-17 02:26:35.250623,505
2026-02-17 02:26:35.258568,511
2026-02-17 02:26:35.266595,504
2026-02-17 02:26:35.274578,500
2026-02-17 02:26:35.282572,510
2026-02-17 02:26:35.290606,514
2026-02-17 02:26:35.298594,512
2026-02-17 02:26:35.306647,512
2026-02-17 02:26:35.314539,517
2026-02-17 02:26:35.322537,518
2026-02-17 02:26:35.330535,501
2026-02-17 02:26:35.338539,524
2026-02-17 02:26:35.346599,511
2026-02-17 02:26:35.354595,513
2026-02-17 02:26:35.362585,520
2026-02-17 02:26:35.370580,507
2026-02-17 02:26:35.378594,511
2026-02-17 02:26:35.386594,507
2026-02-17 02:26:35.394601,507
2026-02-17 02:26:35.402602,522
2026-02-17 02:26:35.410595,516
2026-02-17 02:26:35.418640,521
2026-02-17 02:26:35.426575,515
2026-02-17 02:26:35.434579,519
2026-02-17 02:26:35.442595,519
2026-02-17 02:26:35.450602,509
2026-02-17 02:26:35.458594,524
2026-02-17 02:26:35.466625,512
2026-02-17 02:26:35.474578,512
2026-02-17 02:26:35.482580,514
2026-02-17 02:26:35.490599,508
2026-02-17 02:26:35.498586,517
2026-02-17 02:26:35.506583,512
2026-02-17 02:26:35.514680,510
2026-02-17 02:26:35.522629,510
2026-02-17 02:26:35.530645,502
2026-02-17 02:26:35.538641,509
2026-02-17 02:26:35.546584,502
2026-02-17 02:26:35.554615,517
2026-02-17 02:26:35.562594,508
2026-02-17 02:26:35.570536,512
2026-02-17 02:26:35.578577,521
2026-02-17 02:26:35.586640,510
2026-02-17 02:26:35.594583,517
2026-02-17 02:26:35.602561,501
2026-02-17 02:26:35.610642,506
2026-02-17 02:26:35.618588,523
2026-02-17 02:26:35.626603,522
2026-02-17 02:26:35.634629,525
2026-02-17 02:26:35.642624,525
2026-02-17 02:26:35.650618,516
2026-02-17 02:26:35.658612,510
2026-02-17 02:26:35.666587,513
2026-02-17 02:26:35.674585,511
2026-02-17 02:26:35.682579,532
2026-02-17 02:26:35.690591,513
2026-02-17 02:26:35.698589,519
2026-02-17 02:26:35.706587,510
2026-02-17 02:26:35.714593,505
2026-02-17 02:26:35.722587,522
2026-02-17 02:26:35.730585,513
2026-02-17 02:26:35.738680,526
2026-02-17 02:26:35.746609,515
2026-02-17 02:26:35.754596,522
2026-02-17 02:26:35.762590,526
2026-02-17 02:26:35.770682,512
2026-02-17 02:26:35.778600,516
2026-02-17 02:26:35.786634,513
2026-02-17 02:26:35.794728,507
2026-02-17 02:26:35.802657,509
2026-02-17 02:26:35.810612,504
2026-02-17 02:26:35.818669,514
2026-02-17 02:26:35.826596,513
2026-02-17 02:26:35.834599,505
2026-02-17 02:26:35.842588,517
2026-02-17 02:26:35.850703,507
2026-02-17 02:26:35.858609,517
2026-02-17 02:26:35.866606,512
2026-02-17 02:26:35.874599,512
2026-02-17 02:26:35.882589,514
2026-02-17 02:26:35.890589,508
2026-02-17 02:26:35.898634,504
2026-02-17 02:26:35.906611,507
2026-02-17 02:26:35.914639,519
2026-02-17 02:26:35.922590,510
2026-02-17 02:26:35.930580,509
2026-02-17 02:26:35.938585,516
2026-02-17 02:26:35.946589,515
2026-02-17 02:26:35.954632,517
2026-02-17 02:26:35.962594,520
2026-02-17 02:26:35.970601,507
2026-02-17 02:26:35.978590,511
2026-02-17 02:26:35.986590,510
2026-02-17 02:26:35.994615,510
2026-02-17 02:26:36.002592,517
2026-02-17 02:26:36.010636,512
2026-02-17 02:26:36.018592,515
2026-02-17 02:26:36.026601,506
2026-02-17 02:26:36.034539,494
2026-02-17 02:26:36.042567,504
2026-02-17 02:26:36.050616,506
2026-02-17 02:26:36.058697,517
2026-02-17 02:26:36.066604,509
2026-02-17 02:26:36.074647,506
2026-02-17 02:26:36.082703,507
2026-02-17 02:26:36.090668,512
2026-02-17 02:26:36.098549,513
2026-02-17 02:26:36.106739,515
2026-02-17 02:26:36.114658,512
2026-02-17 02:26:36.122600,512
2026-02-17 02:26:36.130546,510
2026-02-17 02:26:36.138589,522
2026-02-17 02:26:36.146566,498
2026-02-17 02:26:36.154586,507
2026-02-17 02:26:36.162614,507
2026-02-17 02:26:36.170637,512
2026-02-17 02:26:36.178598,518
2026-02-17 02:26:36.186613,519
2026-02-17 02:26:36.194622,500
2026-02-17 02:26:36.202617,511
2026-02-17 02:26:36.210582,517
2026-02-17 02:26:36.218596,519
2026-02-17 02:26:36.226640,515
2026-02-17 02:26:36.234693,529
2026-02-17 02:26:36.242625,515
2026-02-17 02:26:36.250658,503
2026-02-17 02:26:36.258637,525
2026-02-17 02:26:36.266696,517
2026-02-17 02:26:36.274606,510
2026-02-17 02:26:36.282670,511
2026-02-17 02:26:36.290724,501
2026-02-17 02:26:36.298623,518
2026-02-17 02:26:36.306621,513
2026-02-17 02:26:36.314629,510
2026-02-17 02:26:36.322607,514
2026-02-17 02:26:36.330576,511
2026-02-17 02:26:36.338569,516
2026-02-17 02:26:36.346594,517
2026-02-17 02:26:36.354592,514
2026-02-17 02:26:36.362590,520
2026-02-17 02:26:36.370588,491
2026-02-17 02:26:36.378626,508
2026-02-17 02:26:36.386585,509
2026-02-17 02:26:36.394600,520
2026-02-17 02:26:36.402655,518
2026-02-17 02:26:36.410592,515
2026-02-17 02:26:36.418630,509
2026-02-17 02:26:36.426601,500
2026-02-17 02:26:36.434586,513
2026-02-17 02:26:36.442589,521
2026-02-17 02:26:36.450663,508
2026-02-17 02:26:36.458594,508
2026-02-17 02:26:36.466639,515
2026-02-17 02:26:36.474583,517
2026-02-17 02:26:36.482589,510
2026-02-17 02:26:36.490599,511
2026-02-17 02:26:36.498583,512
2026-02-17 02:26:36.506597,512
2026-02-17 02:26:36.514580,524
2026-02-17 02:26:36.522591,502
2026-02-17 02:26:36.530586,506
2026-02-17 02:26:36.538613,508
2026-02-17 02:26:36.546584,504
2026-02-17 02:26:36.554592,513
2026-02-17 02:26:36.562590,518
2026-02-17 02:26:36.570581,512
2026-02-17 02:26:36.578584,510
2026-02-17 02:26:36.586602,517
2026-02-17 02:26:36.594553,508
2026-02-17 02:26:36.602657,513
2026-02-17 02:26:36.610549,508
2026-02-17 02:26:36.618602,517
2026-02-17 02:26:36.626561,508
2026-02-17 02:26:36.634656,515
2026-02-17 02:26:36.642653,504
2026-02-17 02:26:36.650667,503
2026-02-17 02:26:36.658662,514
2026-02-17 02:26:36.666604,514
2026-02-17 02:26:36.674592,516
2026-02-17 02:26:36.682605,518
2026-02-17 02:26:36.690597,511
2026-02-17 02:26:36.698606,513
2026-02-17 02:26:36.706620,513
2026-02-17 02:26:36.714675,516
2026-02-17 02:26:36.722634,519
2026-02-17 02:26:36.730621,508
2026-02-17 02:26:36.738677,515
2026-02-17 02:26:36.746644,507
2026-02-17 02:26:36.754610,505
2026-02-17 02:26:36.762588,509
2026-02-17 02:26:36.770656,502
2026-02-17 02:26:36.778611,511
2026-02-17 02:26:36.786619,517
2026-02-17 02:26:36.794617,515
2026-02-17 02:26:36.802599,515
2026-02-17 02:26:36.810641,502
2026-02-17 02:26:36.818597,507
2026-02-17 02:26:36.826588,499
2026-02-17 02:26:36.834589,503
2026-02-17 02:26:36.842595,515
2026-02-17 02:26:36.850676,517
2026-02-17 02:26:36.858681,520
2026-02-17 02:26:36.866658,507
2026-02-17 02:26:36.874649,514
2026-02-17 02:26:36.882606,518
2026-02-17 02:26:36.890618,518
2026-02-17 02:26:36.898610,517
2026-02-17 02:26:36.906644,513
2026-02-17 02:26:36.914611,506
2026-02-17 02:26:36.922596,503
2026-02-17 02:26:36.930600,512
2026-02-17 02:26:36.938602,518
2026-02-17 02:26:36.946593,514
2026-02-17 02:26:36.954593,505
2026-02-17 02:26:36.962592,509
2026-02-17 02:26:36.970594,506
2026-02-17 02:26:36.978591,513
2026-02-17 02:26:36.986592,505
2026-02-17 02:26:36.994629,515
2026-02-17 02:26:37.002612,514
2026-02-17 02:26:37.010778,505
2026-02-17 02:26:37.018636,510
2026-02-17 02:26:37.026640,510
2026-02-17 02:26:37.034542,514
2026-02-17 02:26:37.042628,516
2026-02-17 02:26:37.050581,507
2026-02-17 02:26:37.058739,512
2026-02-17 02:26:37.066637,506
2026-02-17 02:26:37.074565,509
2026-02-17 02:26:37.082562,516
2026-02-17 02:26:37.090570,514
2026-02-17 02:26:37.098611,512
2026-02-17 02:26:37.106612,503
2026-02-17 02:26:37.114579,510
2026-02-17 02:26:37.122640,512
2026-02-17 02:26:37.130599,515
2026-02-17 02:26:37.138551,526
2026-02-17 02:26:37.146616,511
2026-02-17 02:26:37.154606,504
2026-02-17 02:26:37.162606,510
2026-02-17 02:26:37.170597,514
2026-02-17 02:26:37.178650,514
2026-02-17 02:26:37.186655,513
2026-02-17 02:26:37.194612,516
2026-02-17 02:26:37.202608,510
2026-02-17 02:26:37.210655,496
2026-02-17 02:26:37.218598,519
2026-02-17 02:26:37.226603,518
2026-02-17 02:26:37.234681,513
2026-02-17 02:26:37.242668,516
2026-02-17 02:26:37.250611,512
2026-02-17 02:26:37.258604,507
2026-02-17 02:26:37.266672,516
2026-02-17 02:26:37.274590,514
2026-02-17 02:26:37.282606,508
2026-02-17 02:26:37.290602,507
2026-02-17 02:26:37.298637,506
2026-02-17 02:26:37.306599,505
2026-02-17 02:26:37.314612,512
2026-02-17 02:26:37.322601,520
2026-02-17 02:26:37.330607,514
2026-02-17 02:26:37.338573,508
2026-02-17 02:26:37.346638,504
2026-02-17 02:26:37.354594,516
2026-02-17 02:26:37.362593,519
2026-02-17 02:26:37.370597,527
2026-02-17 02:26:37.378615,514
2026-02-17 02:26:37.386656,497
2026-02-17 02:26:37.394609,495
2026-02-17 02:26:37.402606,503
2026-02-17 02:26:37.410596,505
2026-02-17 02:26:37.418606,493
2026-02-17 02:26:37.426605,500
2026-02-17 02:26:37.434593,490
2026-02-17 02:26:37.442603,507
2026-02-17 02:26:37.450600,512
2026-02-17 02:26:37.458655,516
2026-02-17 02:26:37.466605,512
2026-02-17 02:26:37.474591,503
2026-02-17 02:26:37.482590,519
2026-02-17 02:26:37.490599,507
2026-02-17 02:26:37.498632,513
2026-02-17 02:26:37.506598,517
2026-02-17 02:26:37.514604,506
2026-02-17 02:26:37.522596,520
2026-02-17 02:26:37.530599,512
2026-02-17 02:26:37.538598,516
2026-02-17 02:26:37.546593,509
2026-02-17 02:26:37.554598,516
2026-02-17 02:26:37.562582,511
2026-02-17 02:26:37.570583,510
2026-02-17 02:26:37.578596,517
2026-02-17 02:26:37.586560,512
2026-02-17 02:26:37.594597,496
2026-02-17 02:26:37.602622,514
2026-02-17 02:26:37.610560,519
2026-02-17 02:26:37.618553,510
2026-02-17 02:26:37.626541,502
2026-02-17 02:26:37.634592,504
2026-02-17 02:26:37.642598,504
2026-02-17 02:26:37.650643,512
2026-02-17 02:26:37.658649,513
2026-02-17 02:26:37.666615,509
2026-02-17 02:26:37.674593,518
2026-02-17 02:26:37.682597,503
2026-02-17 02:26:37.690596,509
2026-02-17 02:26:37.698595,528
2026-02-17 02:26:37.706634,514
2026-02-17 02:26:37.714594,511
2026-02-17 02:26:37.722590,516
2026-02-17 02:26:37.730690,507
2026-02-17 02:26:37.738686,517
2026-02-17 02:26:37.746622,510
2026-02-17 02:26:37.754679,512
2026-02-17 02:26:37.762620,512
2026-02-17 02:26:37.770602,508
2026-02-17 02:26:37.778603,513
2026-02-17 02:26:37.786678,512
2026-02-17 02:26:37.794645,507
2026-02-17 02:26:37.802654,514
2026-02-17 02:26:37.810593,505
2026-02-17 02:26:37.818597,505
2026-02-17 02:26:37.826616,508
2026-02-17 02:26:37.834605,515
2026-02-17 02:26:37.842615,503
2026-02-17 02:26:37.850694,514
2026-02-17 02:26:37.858620,514
2026-02-17 02:26:37.866604,508
2026-02-17 02:26:37.874608,512
2026-02-17 02:26:37.882591,522
2026-02-17 02:26:37.890592,506
2026-02-17 02:26:37.898630,517
2026-02-17 02:26:37.906606,520
2026-02-17 02:26:37.914611,517
2026-02-17 02:26:37.922595,510
2026-02-17 02:26:37.930608,506
2026-02-17 02:26:37.938600,520
2026-02-17 02:26:37.946606,519
2026-02-17 02:26:37.954604,509
2026-02-17 02:26:37.962609,517
2026-02-17 02:26:37.970604,506
2026-02-17 02:26:37.978652,511
2026-02-17 02:26:37.986637,511
2026-02-17 02:26:37.994605,511
2026-02-17 02:26:38.002595,511
2026-02-17 02:26:38.010661,508
2026-02-17 02:26:38.018610,519
2026-02-17 02:26:38.026583,513
2026-02-17 02:26:38.034567,497
2026-02-17 02:26:38.042611,516
2026-02-17 02:26:38.050733,509
2026-02-17 02:26:38.058770,521
2026-02-17 02:26:38.066659,516
2026-02-17 02:26:38.074576,514
2026-02-17 02:26:38.082553,507
2026-02-17 02:26:38.090560,499
2026-02-17 02:26:38.098638,516
2026-02-17 02:26:38.106605,505
2026-02-17 02:26:38.114595,517
2026-02-17 02:26:38.122610,518
2026-02-17 02:26:38.130605,518
2026-02-17 02:26:38.138553,507
2026-02-17 02:26:38.146613,498
2026-02-17 02:26:38.154645,504
2026-02-17 02:26:38.162591,509
2026-02-17 02:26:38.170603,514
2026-02-17 02:26:38.178618,515
2026-02-17 02:26:38.186601,512
2026-02-17 02:26:38.194601,512
2026-02-17 02:26:38.202613,505
2026-02-17 02:26:38.210606,497
2026-02-17 02:26:38.218603,517
2026-02-17 02:26:38.226601,518
2026-02-17 02:26:38.234627,513
2026-02-17 02:26:38.242611,511
2026-02-17 02:26:38.250636,506
2026-02-17 02:26:38.258730,511
2026-02-17 02:26:38.266691,504
2026-02-17 02:26:38.274658,516
2026-02-17 02:26:38.282646,517
2026-02-17 02:26:38.290672,515
2026-02-17 02:26:38.298626,501
2026-02-17 02:26:38.306656,503
2026-02-17 02:26:38.314649,514
2026-02-17 02:26:38.322606,512
2026-02-17 02:26:38.330611,515
2026-02-17 02:26:38.338564,516
2026-02-17 02:26:38.346565,507
2026-02-17 02:26:38.354602,511
2026-02-17 02:26:38.362650,512
2026-02-17 02:26:38.370634,508
2026-02-17 02:26:38.378649,521
2026-02-17 02:26:38.386614,516
2026-02-17 02:26:38.394642,513
2026-02-17 02:26:38.402608,515
2026-02-17 02:26:38.410616,511
2026-02-17 02:26:38.418600,522
2026-02-17 02:26:38.426606,514
2026-02-17 02:26:38.434593,506
2026-02-17 02:26:38.442617,503
2026-02-17 02:26:38.450615,513
2026-02-17 02:26:38.458640,503
2026-02-17 02:26:38.466610,511
2026-02-17 02:26:38.474597,515
2026-02-17 02:26:38.482599,512
2026-02-17 02:26:38.490598,513
2026-02-17 02:26:38.498618,522
2026-02-17 02:26:38.506615,518
2026-02-17 02:26:38.514594,515
2026-02-17 02:26:38.522605,506
2026-02-17 02:26:38.530600,510
2026-02-17 02:26:38.538609,520
2026-02-17 02:26:38.546601,513
2026-02-17 02:26:38.554610,513
2026-02-17 02:26:38.562603,517
2026-02-17 02:26:38.570608,508
2026-02-17 02:26:38.578597,514
2026-02-17 02:26:38.586683,506
2026-02-17 02:26:38.594677,509
2026-02-17 02:26:38.602665,513
2026-02-17 02:26:38.610615,509
2026-02-17 02:26:38.618602,511
2026-02-17 02:26:38.626599,508
2026-02-17 02:26:38.634557,513
2026-02-17 02:26:38.642665,505
2026-02-17 02:26:38.650550,501
2026-02-17 02:26:38.658629,509
2026-02-17 02:26:38.666611,514
2026-02-17 02:26:38.674598,514
2026-02-17 02:26:38.682627,506
2026-02-17 02:26:38.690614,514
2026-02-17 02:26:38.698597,523
2026-02-17 02:26:38.706560,504
2026-02-17 02:26:38.714666,502
2026-02-17 02:26:38.722638,521
2026-02-17 02:26:38.730620,522
2026-02-17 02:26:38.738585,513
2026-02-17 02:26:38.746612,512
2026-02-17 02:26:38.754621,514
2026-02-17 02:26:38.762599,519
2026-02-17 02:26:38.770595,514
2026-02-17 02:26:38.778600,522
2026-02-17 02:26:38.786673,519
2026-02-17 02:26:38.794613,507
2026-02-17 02:26:38.802625,503
2026-02-17 02:26:38.810613,506
2026-02-17 02:26:38.818671,517
2026-02-17 02:26:38.826634,509
2026-02-17 02:26:38.834614,513
2026-02-17 02:26:38.842618,510
2026-02-17 02:26:38.850603,514
2026-02-17 02:26:38.858607,515
2026-02-17 02:26:38.866672,520
2026-02-17 02:26:38.874696,514
2026-02-17 02:26:38.882704,508
2026-02-17 02:26:38.890612,505
2026-02-17 02:26:38.898656,512
2026-02-17 02:26:38.906629,516
2026-02-17 02:26:38.914608,505
2026-02-17 02:26:38.922632,514
2026-02-17 02:26:38.930595,507
2026-02-17 02:26:38.938641,509
2026-02-17 02:26:38.946618,508
2026-02-17 02:26:38.954611,520
2026-02-17 02:26:38.962604,513
2026-02-17 02:26:38.970611,512
2026-02-17 02:26:38.978607,528
2026-02-17 02:26:38.986607,517
2026-02-17 02:26:38.994602,496
2026-02-17 02:26:39.002650,511
2026-02-17 02:26:39.010678,512
2026-02-17 02:26:39.018659,513
2026-02-17 02:26:39.026655,519
2026-02-17 02:26:39.034675,510
2026-02-17 02:26:39.042663,521
2026-02-17 02:26:39.052227,516
2026-02-17 02:26:39.058720,522
2026-02-17 02:26:39.066620,509
2026-02-17 02:26:39.074712,516
2026-02-17 02:26:39.082679,514
2026-02-17 02:26:39.090643,507
2026-02-17 02:26:39.098571,509
2026-02-17 02:26:39.106631,514
2026-02-17 02:26:39.114590,509
2026-02-17 02:26:39.122597,518
2026-02-17 02:26:39.130567,509
2026-02-17 02:26:39.138614,516
2026-02-17 02:26:39.146593,514
2026-02-17 02:26:39.154635,519
2026-02-17 02:26:39.162608,512
2026-02-17 02:26:39.170607,511
2026-02-17 02:26:39.178688,526
2026-02-17 02:26:39.186625,515
2026-02-17 02:26:39.194618,521
2026-02-17 02:26:39.202608,528
2026-02-17 02:26:39.210606,508
2026-02-17 02:26:39.218602,517
2026-02-17 02:26:39.226623,516
2026-02-17 02:26:39.234612,516
2026-02-17 02:26:39.242639,510
2026-02-17 02:26:39.250740,513
2026-02-17 02:26:39.258690,516
2026-02-17 02:26:39.266624,508
2026-02-17 02:26:39.274620,515
2026-02-17 02:26:39.282606,510
2026-02-17 02:26:39.290613,511
2026-02-17 02:26:39.298652,521
2026-02-17 02:26:39.306642,510
2026-02-17 02:26:39.314637,515
2026-02-17 02:26:39.322606,506
2026-02-17 02:26:39.330586,516
2026-02-17 02:26:39.338601,515
2026-02-17 02:26:39.346617,507
2026-02-17 02:26:39.354609,512
2026-02-17 02:26:39.362611,522
2026-02-17 02:26:39.370613,499
2026-02-17 02:26:39.378614,518
2026-02-17 02:26:39.386660,511
2026-02-17 02:26:39.394711,507
2026-02-17 02:26:39.402689,517
2026-02-17 02:26:39.410635,519
2026-02-17 02:26:39.418684,505
2026-02-17 02:26:39.426635,511
2026-02-17 02:26:39.434608,516
2026-02-17 02:26:39.442608,503
2026-02-17 02:26:39.450670,514
2026-02-17 02:26:39.458612,518
2026-02-17 02:26:39.466615,506
2026-02-17 02:26:39.474608,518
2026-02-17 02:26:39.482628,518
2026-02-17 02:26:39.490604,514
2026-02-17 02:26:39.498621,516
2026-02-17 02:26:39.506612,514
2026-02-17 02:26:39.514604,519
2026-02-17 02:26:39.522606,509
2026-02-17 02:26:39.530613,512
2026-02-17 02:26:39.538612,527
2026-02-17 02:26:39.546602,515
2026-02-17 02:26:39.554607,520
2026-02-17 02:26:39.562614,510
2026-02-17 02:26:39.570618,503
2026-02-17 02:26:39.578673,514
2026-02-17 02:26:39.586576,514
2026-02-17 02:26:39.594626,519
2026-02-17 02:26:39.602616,509
2026-02-17 02:26:39.610614,500
2026-02-17 02:26:39.618609,504
2026-02-17 02:26:39.626614,510
2026-02-17 02:26:39.634609,510
2026-02-17 02:26:39.642584,515
2026-02-17 02:26:39.650603,513
2026-02-17 02:26:39.658661,510
2026-02-17 02:26:39.666622,501
2026-02-17 02:26:39.674624,513
2026-02-17 02:26:39.682613,509
2026-02-17 02:26:39.690609,509
2026-02-17 02:26:39.698632,513
2026-02-17 02:26:39.706647,504
2026-02-17 02:26:39.714740,509
2026-02-17 02:26:39.722726,522
2026-02-17 02:26:39.730661,516
2026-02-17 02:26:39.738735,515
2026-02-17 02:26:39.746667,518
2026-02-17 02:26:39.754631,515
2026-02-17 02:26:39.762608,516
2026-02-17 02:26:39.770670,512
2026-02-17 02:26:39.778694,522
2026-02-17 02:26:39.786619,510
2026-02-17 02:26:39.794660,510
2026-02-17 02:26:39.802634,515
2026-02-17 02:26:39.810616,508
2026-02-17 02:26:39.818604,514
2026-02-17 02:26:39.826610,508
2026-02-17 02:26:39.834674,512
2026-02-17 02:26:39.842642,521
2026-02-17 02:26:39.850739,508
2026-02-17 02:26:39.858662,520
2026-02-17 02:26:39.866784,518
2026-02-17 02:26:39.874715,516
2026-02-17 02:26:39.882678,513
2026-02-17 02:26:39.890683,516
2026-02-17 02:26:39.898666,511
2026-02-17 02:26:39.906625,510
2026-02-17 02:26:39.914703,517
2026-02-17 02:26:39.922684,517
2026-02-17 02:26:39.930640,503
2026-02-17 02:26:39.938627,510
2026-02-17 02:26:39.946661,518
2026-02-17 02:26:39.954608,520
2026-02-17 02:26:39.962556,512
2026-02-17 02:26:39.970616,514
2026-02-17 02:26:39.978611,524
2026-02-17 02:26:39.986614,508
2026-02-17 02:26:39.994600,510
2026-02-17 02:26:40.002611,510
2026-02-17 02:26:40.010640,506
2026-02-17 02:26:40.018601,514
2026-02-17 02:26:40.026616,515
2026-02-17 02:26:40.034670,512
2026-02-17 02:26:40.042613,511
2026-02-17 02:26:40.050552,504
2026-02-17 02:26:40.058625,501
2026-02-17 02:26:40.066698,516
2026-02-17 02:26:40.074699,509
2026-02-17 02:26:40.082630,511
2026-02-17 02:26:40.090619,510
2026-02-17 02:26:40.098614,513
2026-02-17 02:26:40.106607,509
2026-02-17 02:26:40.114607,518
2026-02-17 02:26:40.122565,506
2026-02-17 02:26:40.130564,511
2026-02-17 02:26:40.138545,509
2026-02-17 02:26:40.146565,511
2026-02-17 02:26:40.154557,514
2026-02-17 02:26:40.162562,516
2026-02-17 02:26:40.170557,506
2026-02-17 02:26:40.178565,508
2026-02-17 02:26:40.186557,513
2026-02-17 02:26:40.194562,515
2026-02-17 02:26:40.202560,511
2026-02-17 02:26:40.210600,510
2026-02-17 02:26:40.218584,513
2026-02-17 02:26:40.226578,503
2026-02-17 02:26:40.234582,504
2026-02-17 02:26:40.242567,517
2026-02-17 02:26:40.250555,516
2026-02-17 02:26:40.258579,521
2026-02-17 02:26:40.266575,512
2026-02-17 02:26:40.274575,508
2026-02-17 02:26:40.282546,520
2026-02-17 02:26:40.290549,517
2026-02-17 02:26:40.298548,512
2026-02-17 02:26:40.306578,508
2026-02-17 02:26:40.314621,528
2026-02-17 02:26:40.322617,519
2026-02-17 02:26:40.330555,507
2026-02-17 02:26:40.338611,512
2026-02-17 02:26:40.346947,505
2026-02-17 02:26:40.354665,516
2026-02-17 02:26:40.362613,518
2026-02-17 02:26:40.370604,515
2026-02-17 02:26:40.378614,526
2026-02-17 02:26:40.386599,505
2026-02-17 02:26:40.394618,515
2026-02-17 02:26:40.402603,506
2026-02-17 02:26:40.410618,509
2026-02-17 02:26:40.418609,519
2026-02-17 02:26:40.426551,506
2026-02-17 02:26:40.434606,502
2026-02-17 02:26:40.442622,503
2026-02-17 02:26:40.450608,504
2026-02-17 02:26:40.458621,511
2026-02-17 02:26:40.466641,518
2026-02-17 02:26:40.474624,506
2026-02-17 02:26:40.482611,504
2026-02-17 02:26:40.490605,507
2026-02-17 02:26:40.498604,521
2026-02-17 02:26:40.506614,518
2026-02-17 02:26:40.514612,511
2026-02-17 02:26:40.522610,512
2026-02-17 02:26:40.530625,516
2026-02-17 02:26:40.538598,523
2026-02-17 02:26:40.546737,520
2026-02-17 02:26:40.554664,507
2026-02-17 02:26:40.562607,501
2026-02-17 02:26:40.570635,505
2026-02-17 02:26:40.578661,520
2026-02-17 02:26:40.586547,519
2026-02-17 02:26:40.594636,513
2026-02-17 02:26:40.602611,520
2026-02-17 02:26:40.610632,512
2026-02-17 02:26:40.618607,497
2026-02-17 02:26:40.626620,509
2026-02-17 02:26:40.634629,518
2026-02-17 02:26:40.642611,521
2026-02-17 02:26:40.650606,511
2026-02-17 02:26:40.658555,504
2026-02-17 02:26:40.666625,508
2026-02-17 02:26:40.674619,513
2026-02-17 02:26:40.682664,523
2026-02-17 02:26:40.690626,509
2026-02-17 02:26:40.698607,511
2026-02-17 02:26:40.706612,509
2026-02-17 02:26:40.714607,514
2026-02-17 02:26:40.722611,512
2026-02-17 02:26:40.730606,510
2026-02-17 02:26:40.738656,518
2026-02-17 02:26:40.746625,505
2026-02-17 02:26:40.754640,512
2026-02-17 02:26:40.762618,515
2026-02-17 02:26:40.770688,511
2026-02-17 02:26:40.778613,521
2026-02-17 02:26:40.786616,500
2026-02-17 02:26:40.794626,496
2026-02-17 02:26:40.802620,503
2026-02-17 02:26:40.810609,508
2026-02-17 02:26:40.818632,513
2026-02-17 02:26:40.826665,495
2026-02-17 02:26:40.834611,510
2026-02-17 02:26:40.842576,511
2026-02-17 02:26:40.850662,507
2026-02-17 02:26:40.858560,508
2026-02-17 02:26:40.866630,510
2026-02-17 02:26:40.874684,517
2026-02-17 02:26:40.882760,506
2026-02-17 02:26:40.890778,510
2026-02-17 02:26:40.898773,522
2026-02-17 02:26:40.906732,518
2026-02-17 02:26:40.914713,521
2026-02-17 02:26:40.922650,511
2026-02-17 02:26:40.930651,512
2026-02-17 02:26:40.938639,522
2026-02-17 02:26:40.946698,512
2026-02-17 02:26:40.954698,509
2026-02-17 02:26:40.962645,505
2026-02-17 02:26:40.970705,504
2026-02-17 02:26:40.978643,517
2026-02-17 02:26:40.986612,512
2026-02-17 02:26:40.994633,515
2026-02-17 02:26:41.002706,510
2026-02-17 02:26:41.011243,497
2026-02-17 02:26:41.018687,518
2026-02-17 02:26:41.026753,520
2026-02-17 02:26:41.034695,519
2026-02-17 02:26:41.042814,508
2026-02-17 02:26:41.050700,510
2026-02-17 02:26:41.058641,510
2026-02-17 02:26:41.066693,518
2026-02-17 02:26:41.074689,521
2026-02-17 02:26:41.082697,520
2026-02-17 02:26:41.090698,513
2026-02-17 02:26:41.098572,519
2026-02-17 02:26:41.106678,517
2026-02-17 02:26:41.114708,517
2026-02-17 02:26:41.122576,520
2026-02-17 02:26:41.130693,510
2026-02-17 02:26:41.138753,516
2026-02-17 02:26:41.146710,514
2026-02-17 02:26:41.154567,523
2026-02-17 02:26:41.162573,515
2026-02-17 02:26:41.170582,504
2026-02-17 02:26:41.178589,516
2026-02-17 02:26:41.186632,507
2026-02-17 02:26:41.194682,506
2026-02-17 02:26:41.202689,515
2026-02-17 02:26:41.210651,515
2026-02-17 02:26:41.218699,510
2026-02-17 02:26:41.226634,506
2026-02-17 02:26:41.234655,509
2026-02-17 02:26:41.242685,513
2026-02-17 02:26:41.250662,500
2026-02-17 02:26:41.258715,514
2026-02-17 02:26:41.266683,517
2026-02-17 02:26:41.274652,503
2026-02-17 02:26:41.282665,505
2026-02-17 02:26:41.290683,504
2026-02-17 02:26:41.298641,517
2026-02-17 02:26:41.306617,510
2026-02-17 02:26:41.314611,515
2026-02-17 02:26:41.322697,518
2026-02-17 02:26:41.330707,508
2026-02-17 02:26:41.338618,515
2026-02-17 02:26:41.346594,510
2026-02-17 02:26:41.354591,518
2026-02-17 02:26:41.362624,512
2026-02-17 02:26:41.370601,504
2026-02-17 02:26:41.378638,517
2026-02-17 02:26:41.386627,507
2026-02-17 02:26:41.394610,516
2026-02-17 02:26:41.402620,512
2026-02-17 02:26:41.410625,508
2026-02-17 02:26:41.418655,516
2026-02-17 02:26:41.426621,505
2026-02-17 02:26:41.434626,515
2026-02-17 02:26:41.442654,510
2026-02-17 02:26:41.450621,511
2026-02-17 02:26:41.458625,506
2026-02-17 02:26:41.466620,513
2026-02-17 02:26:41.474670,515
2026-02-17 02:26:41.482620,518
2026-02-17 02:26:41.490630,505
2026-02-17 02:26:41.498639,522
2026-02-17 02:26:41.506631,514
2026-02-17 02:26:41.514612,513
2026-02-17 02:26:41.522614,521
2026-02-17 02:26:41.530611,517
2026-02-17 02:26:41.538621,522
2026-02-17 02:26:41.546669,512
2026-02-17 02:26:41.554617,510
2026-02-17 02:26:41.562617,515
2026-02-17 02:26:41.570620,496
2026-02-17 02:26:41.578615,501
2026-02-17 02:26:41.586662,510
2026-02-17 02:26:41.594570,510
2026-02-17 02:26:41.602635,514
2026-02-17 02:26:41.610633,515
2026-02-17 02:26:41.618639,522
2026-02-17 02:26:41.626656,508
2026-02-17 02:26:41.634613,503
2026-02-17 02:26:41.642615,518
2026-02-17 02:26:41.650659,514
2026-02-17 02:26:41.658610,520
2026-02-17 02:26:41.666639,505
2026-02-17 02:26:41.674637,513
2026-02-17 02:26:41.682617,521
2026-02-17 02:26:41.690598,514
2026-02-17 02:26:41.698620,515
2026-02-17 02:26:41.706626,503
2026-02-17 02:26:41.714616,506
2026-02-17 02:26:41.722612,511
2026-02-17 02:26:41.730607,515
2026-02-17 02:26:41.738569,516
2026-02-17 02:26:41.746552,510
2026-02-17 02:26:41.754565,504
2026-02-17 02:26:41.762610,513
2026-02-17 02:26:41.770691,509
2026-02-17 02:26:41.778639,514
2026-02-17 02:26:41.786667,522
2026-02-17 02:26:41.794684,512
2026-02-17 02:26:41.802628,513
2026-02-17 02:26:41.810632,513
2026-02-17 02:26:41.818616,509
2026-02-17 02:26:41.826690,508
2026-02-17 02:26:41.834617,515
2026-02-17 02:26:41.842563,523
2026-02-17 02:26:41.850688,510
2026-02-17 02:26:41.858629,517
2026-02-17 02:26:41.866664,507
2026-02-17 02:26:41.874639,510
2026-02-17 02:26:41.882641,507
2026-02-17 02:26:41.890622,510
2026-02-17 02:26:41.898616,513
2026-02-17 02:26:41.906640,504
2026-02-17 02:26:41.914633,505
2026-02-17 02:26:41.922622,521
2026-02-17 02:26:41.930618,507
2026-02-17 02:26:41.938641,520
2026-02-17 02:26:41.946658,510
2026-02-17 02:26:41.954621,519
2026-02-17 02:26:41.962642,513
2026-02-17 02:26:41.970612,505
2026-02-17 02:26:41.978634,523
2026-02-17 02:26:41.986618,518
2026-02-17 02:26:41.994621,519
2026-02-17 02:26:42.002668,518
2026-02-17 02:26:42.010699,512
2026-02-17 02:26:42.018735,518
2026-02-17 02:26:42.026660,518
2026-02-17 02:26:42.034660,521
2026-02-17 02:26:42.042594,517
2026-02-17 02:26:42.050652,512
2026-02-17 02:26:42.058661,524
2026-02-17 02:26:42.066601,515
2026-02-17 02:26:42.074585,509
2026-02-17 02:26:42.082604,520
2026-02-17 02:26:42.090623,513
2026-02-17 02:26:42.098617,508
2026-02-17 02:26:42.106638,503
2026-02-17 02:26:42.114658,513
2026-02-17 02:26:42.122632,518
2026-02-17 02:26:42.130634,514
2026-02-17 02:26:42.138578,517
2026-02-17 02:26:42.146614,512
2026-02-17 02:26:42.154585,514
2026-02-17 02:26:42.162704,510
2026-02-17 02:26:42.170593,519
2026-02-17 02:26:42.178688,519
2026-02-17 02:26:42.186655,493
2026-02-17 02:26:42.194638,501
2026-02-17 02:26:42.202684,516
2026-02-17 02:26:42.210716,507
2026-02-17 02:26:42.218627,518
2026-02-17 02:26:42.226621,514
2026-02-17 02:26:42.234736,502
2026-02-17 02:26:42.242697,510
2026-02-17 02:26:42.250680,521
2026-02-17 02:26:42.258697,508
2026-02-17 02:26:42.266703,511
2026-02-17 02:26:42.274637,505
2026-02-17 02:26:42.282677,500
2026-02-17 02:26:42.290673,507
2026-02-17 02:26:42.298648,523
2026-02-17 02:26:42.306678,511
2026-02-17 02:26:42.314620,496
2026-02-17 02:26:42.322675,502
2026-02-17 02:26:42.330575,505
2026-02-17 02:26:42.338734,512
2026-02-17 02:26:42.346605,519
2026-02-17 02:26:42.354681,519
2026-02-17 02:26:42.362613,515
2026-02-17 02:26:42.370594,507
2026-02-17 02:26:42.378676,518
2026-02-17 02:26:42.386637,509
2026-02-17 02:26:42.394637,507
2026-02-17 02:26:42.402627,508
2026-02-17 02:26:42.410735,507
2026-02-17 02:26:42.418681,510
2026-02-17 02:26:42.426687,521
2026-02-17 02:26:42.434624,515
2026-02-17 02:26:42.442630,510
2026-02-17 02:26:42.450625,515
2026-02-17 02:26:42.458624,517
2026-02-17 02:26:42.466641,527
2026-02-17 02:26:42.474613,508
2026-02-17 02:26:42.482628,520
2026-02-17 02:26:42.490657,507
2026-02-17 02:26:42.498627,518
2026-02-17 02:26:42.506626,512
2026-02-17 02:26:42.514619,512
2026-02-17 02:26:42.522620,509
2026-02-17 02:26:42.530629,507
2026-02-17 02:26:42.538626,508
2026-02-17 02:26:42.546662,513
2026-02-17 02:26:42.554668,506
2026-02-17 02:26:42.562631,516
2026-02-17 02:26:42.570628,510
2026-02-17 02:26:42.578616,523
2026-02-17 02:26:42.586587,519
2026-02-17 02:26:42.594633,512
2026-02-17 02:26:42.602642,518
2026-02-17 02:26:42.610624,512
2026-02-17 02:26:42.618634,522
2026-02-17 02:26:42.626630,518
2026-02-17 02:26:42.634629,518
2026-02-17 02:26:42.642617,503
2026-02-17 02:26:42.650623,505
2026-02-17 02:26:42.658610,519
2026-02-17 02:26:42.666621,514
2026-02-17 02:26:42.674624,520
2026-02-17 02:26:42.682706,518
2026-02-17 02:26:42.690612,500
2026-02-17 02:26:42.698632,516
2026-02-17 02:26:42.706668,507
2026-02-17 02:26:42.714652,508
2026-02-17 02:26:42.722644,517
2026-02-17 02:26:42.730635,509
2026-02-17 02:26:42.738705,518
2026-02-17 02:26:42.746646,510
2026-02-17 02:26:42.754692,516
2026-02-17 02:26:42.762762,509
2026-02-17 02:26:42.770627,507
2026-02-17 02:26:42.778655,518
2026-02-17 02:26:42.786625,509
2026-02-17 02:26:42.794627,514
2026-02-17 02:26:42.802624,505
2026-02-17 02:26:42.810628,504
2026-02-17 02:26:42.818668,516
2026-02-17 02:26:42.826619,512
2026-02-17 02:26:42.834625,518
2026-02-17 02:26:42.842653,529
2026-02-17 02:26:42.850771,506
2026-02-17 02:26:42.858625,511
2026-02-17 02:26:42.866661,501
2026-02-17 02:26:42.874635,506
2026-02-17 02:26:42.882656,517
2026-02-17 02:26:42.890631,514
2026-02-17 02:26:42.898699,517
2026-02-17 02:26:42.906681,517
2026-02-17 02:26:42.914707,510
2026-02-17 02:26:42.922637,504
2026-02-17 02:26:42.930634,505
2026-02-17 02:26:42.938623,507
2026-02-17 02:26:42.946615,516
2026-02-17 02:26:42.954631,517
2026-02-17 02:26:42.962642,514
2026-02-17 02:26:42.970605,508
2026-02-17 02:26:42.978687,522
2026-02-17 02:26:42.986803,509
2026-02-17 02:26:42.994730,523
2026-02-17 02:26:43.002744,509
2026-02-17 02:26:43.010690,487
2026-02-17 02:26:43.018631,517
2026-02-17 02:26:43.026667,513
2026-02-17 02:26:43.034707,514
2026-02-17 02:26:43.042610,520
2026-02-17 02:26:43.050664,510
2026-02-17 02:26:43.058606,490
2026-02-17 02:26:43.066675,501
2026-02-17 02:26:43.074624,510
2026-02-17 02:26:43.082752,518
2026-02-17 02:26:43.090610,512
2026-02-17 02:26:43.098645,521
2026-02-17 02:26:43.106696,510
2026-02-17 02:26:43.114677,502
2026-02-17 02:26:43.122667,510
2026-02-17 02:26:43.130654,518
2026-02-17 02:26:43.138632,526
2026-02-17 02:26:43.146630,521
2026-02-17 02:26:43.154628,516
2026-02-17 02:26:43.162596,512
2026-02-17 02:26:43.170744,507
2026-02-17 02:26:43.178634,521
2026-02-17 02:26:43.186639,513
2026-02-17 02:26:43.194697,512
2026-02-17 02:26:43.202629,503
2026-02-17 02:26:43.210596,499
2026-02-17 02:26:43.218718,502
2026-02-17 02:26:43.226759,510
2026-02-17 02:26:43.234672,509
2026-02-17 02:26:43.242643,508
2026-02-17 02:26:43.250662,513
2026-02-17 02:26:43.258724,507
2026-02-17 02:26:43.266700,518
2026-02-17 02:26:43.274624,505
2026-02-17 02:26:43.282652,507
2026-02-17 02:26:43.290651,512
2026-02-17 02:26:43.298737,520
2026-02-17 02:26:43.306669,518
2026-02-17 02:26:43.314705,511
2026-02-17 02:26:43.322640,515
2026-02-17 02:26:43.330641,517
2026-02-17 02:26:43.338654,519
2026-02-17 02:26:43.346642,517
2026-02-17 02:26:43.354650,516
2026-02-17 02:26:43.362633,518
2026-02-17 02:26:43.370626,512
2026-02-17 02:26:43.378649,517
2026-02-17 02:26:43.386684,518
2026-02-17 02:26:43.394632,522
2026-02-17 02:26:43.402627,513
2026-02-17 02:26:43.410626,507
2026-02-17 02:26:43.418635,512
2026-02-17 02:26:43.426633,509
2026-02-17 02:26:43.434634,510
2026-02-17 02:26:43.442630,529
2026-02-17 02:26:43.450627,514
2026-02-17 02:26:43.458626,509
2026-02-17 02:26:43.466620,511
2026-02-17 02:26:43.474619,514
2026-02-17 02:26:43.482688,504
2026-02-17 02:26:43.490623,519
2026-02-17 02:26:43.498639,518
2026-02-17 02:26:43.506641,512
2026-02-17 02:26:43.514634,515
2026-02-17 02:26:43.522653,516
2026-02-17 02:26:43.530638,515
2026-02-17 02:26:43.538635,516
2026-02-17 02:26:43.546631,502
2026-02-17 02:26:43.554680,514
2026-02-17 02:26:43.562638,524
2026-02-17 02:26:43.570624,516
2026-02-17 02:26:43.578645,513
2026-02-17 02:26:43.586602,508
2026-02-17 02:26:43.594690,509
2026-02-17 02:26:43.602669,515
2026-02-17 02:26:43.610728,512
2026-02-17 02:26:43.618653,524
2026-02-17 02:26:43.626650,509
2026-02-17 02:26:43.634644,511
2026-02-17 02:26:43.642673,509
2026-02-17 02:26:43.650699,514
2026-02-17 02:26:43.658643,519
2026-02-17 02:26:43.666637,520
2026-02-17 02:26:43.674730,510
2026-02-17 02:26:43.682723,513
2026-02-17 02:26:43.690649,507
2026-02-17 02:26:43.698670,518
2026-02-17 02:26:43.706602,513
2026-02-17 02:26:43.714585,521
2026-02-17 02:26:43.722639,516
2026-02-17 02:26:43.730592,513
2026-02-17 02:26:43.738747,506
2026-02-17 02:26:43.746700,501
2026-02-17 02:26:43.754655,518
2026-02-17 02:26:43.762676,510
2026-02-17 02:26:43.770634,505
2026-02-17 02:26:43.778693,513
2026-02-17 02:26:43.786649,506
2026-02-17 02:26:43.794677,511
2026-02-17 02:26:43.802632,517
2026-02-17 02:26:43.810637,503
2026-02-17 02:26:43.818628,497
2026-02-17 02:26:43.826637,501
2026-02-17 02:26:43.834630,508
2026-02-17 02:26:43.842652,517
2026-02-17 02:26:43.850685,516
2026-02-17 02:26:43.858666,507
2026-02-17 02:26:43.866654,509
2026-02-17 02:26:43.874652,508
2026-02-17 02:26:43.882680,517
2026-02-17 02:26:43.890645,517
2026-02-17 02:26:43.898635,520
2026-02-17 02:26:43.906690,498
2026-02-17 02:26:43.914640,510
2026-02-17 02:26:43.922639,513
2026-02-17 02:26:43.930649,517
2026-02-17 02:26:43.938627,515
2026-02-17 02:26:43.946674,516
2026-02-17 02:26:43.954662,522
2026-02-17 02:26:43.962635,514
2026-02-17 02:26:43.970682,501
2026-02-17 02:26:43.978684,523
2026-02-17 02:26:43.986628,512
2026-02-17 02:26:43.994633,517
2026-02-17 02:26:44.002673,510
2026-02-17 02:26:44.010623,503
2026-02-17 02:26:44.018607,500
2026-02-17 02:26:44.026603,508
2026-02-17 02:26:44.034666,515
2026-02-17 02:26:44.042609,507
2026-02-17 02:26:44.050681,517
2026-02-17 02:26:44.058615,512
2026-02-17 02:26:44.066656,510
2026-02-17 02:26:44.074604,520
2026-02-17 02:26:44.082626,521
2026-02-17 02:26:44.090685,524
2026-02-17 02:26:44.098733,526
2026-02-17 02:26:44.106589,520
2026-02-17 02:26:44.114591,512
2026-02-17 02:26:44.122667,518
2026-02-17 02:26:44.130643,516
2026-02-17 02:26:44.138705,519
2026-02-17 02:26:44.146637,518
2026-02-17 02:26:44.154663,514
2026-02-17 02:26:44.162586,503
2026-02-17 02:26:44.170593,507
2026-02-17 02:26:44.178683,518
2026-02-17 02:26:44.186630,513
2026-02-17 02:26:44.194641,511
2026-02-17 02:26:44.202636,511
2026-02-17 02:26:44.210613,505
2026-02-17 02:26:44.218578,516
2026-02-17 02:26:44.226595,508
2026-02-17 02:26:44.234726,514
2026-02-17 02:26:44.242726,509
2026-02-17 02:26:44.250660,501
2026-02-17 02:26:44.258696,511
2026-02-17 02:26:44.266658,511
2026-02-17 02:26:44.274662,512
2026-02-17 02:26:44.282645,518
2026-02-17 02:26:44.290648,506
2026-02-17 02:26:44.298633,507
2026-02-17 02:26:44.306638,503
2026-02-17 02:26:44.314655,512
2026-02-17 02:26:44.322640,509
2026-02-17 02:26:44.330667,514
2026-02-17 02:26:44.338611,522
2026-02-17 02:26:44.346586,507
2026-02-17 02:26:44.354629,506
2026-02-17 02:26:44.362656,521
2026-02-17 02:26:44.370716,516
2026-02-17 02:26:44.378679,514
2026-02-17 02:26:44.386648,521
2026-02-17 02:26:44.394648,511
2026-02-17 02:26:44.402642,510
2026-02-17 02:26:44.410638,511
2026-02-17 02:26:44.418650,526
2026-02-17 02:26:44.426635,519
2026-02-17 02:26:44.434655,509
2026-02-17 02:26:44.442635,510
2026-02-17 02:26:44.450651,517
2026-02-17 02:26:44.458749,521
2026-02-17 02:26:44.466691,512
2026-02-17 02:26:44.474696,519
2026-02-17 02:26:44.482707,526
2026-02-17 02:26:44.490693,508
2026-02-17 02:26:44.498682,522
2026-02-17 02:26:44.506579,517
2026-02-17 02:26:44.514619,521
2026-02-17 02:26:44.522648,507
2026-02-17 02:26:44.530689,503
2026-02-17 02:26:44.538691,518
2026-02-17 02:26:44.546676,510
2026-02-17 02:26:44.554633,516
2026-02-17 02:26:44.562738,517
2026-02-17 02:26:44.570699,505
2026-02-17 02:26:44.578704,507
2026-02-17 02:26:44.586648,497
2026-02-17 02:26:44.594630,509
2026-02-17 02:26:44.602681,518
2026-02-17 02:26:44.610638,513
2026-02-17 02:26:44.618648,518
2026-02-17 02:26:44.626701,509
2026-02-17 02:26:44.634675,511
2026-02-17 02:26:44.642636,517
2026-02-17 02:26:44.650650,494
2026-02-17 02:26:44.658656,515
2026-02-17 02:26:44.666647,514
2026-02-17 02:26:44.674625,515
2026-02-17 02:26:44.682630,509
2026-02-17 02:26:44.690697,506
2026-02-17 02:26:44.698633,514
2026-02-17 02:26:44.706664,508
2026-02-17 02:26:44.714655,514
2026-02-17 02:26:44.722590,525
2026-02-17 02:26:44.730634,512
2026-02-17 02:26:44.738754,512
2026-02-17 02:26:44.746656,512
2026-02-17 02:26:44.754665,519
2026-02-17 02:26:44.762701,504
2026-02-17 02:26:44.770642,506
2026-02-17 02:26:44.778762,523
2026-02-17 02:26:44.786647,512
2026-02-17 02:26:44.794653,511
2026-02-17 02:26:44.802678,510
2026-02-17 02:26:44.810646,507
2026-02-17 02:26:44.818638,528
2026-02-17 02:26:44.826640,507
2026-02-17 02:26:44.834683,504
2026-02-17 02:26:44.842623,508
2026-02-17 02:26:44.850688,518
2026-02-17 02:26:44.858709,524
2026-02-17 02:26:44.866697,515
2026-02-17 02:26:44.874707,512
2026-02-17 02:26:44.882776,512
2026-02-17 02:26:44.890681,510
2026-02-17 02:26:44.898663,505
2026-02-17 02:26:44.906771,511
2026-02-17 02:26:44.914689,515
2026-02-17 02:26:44.922664,519
2026-02-17 02:26:44.930689,515
2026-02-17 02:26:44.938635,517
2026-02-17 02:26:44.946652,503
2026-02-17 02:26:44.954653,514
2026-02-17 02:26:44.962661,523
2026-02-17 02:26:44.970635,516
2026-02-17 02:26:44.978681,520
2026-02-17 02:26:44.986639,513
2026-02-17 02:26:44.994641,507
2026-02-17 02:26:45.002651,512
2026-02-17 02:26:45.010650,504
2026-02-17 02:26:45.018637,511
2026-02-17 02:26:45.026619,516
2026-02-17 02:26:45.034597,512
2026-02-17 02:26:45.042645,515
2026-02-17 02:26:45.050620,500
2026-02-17 02:26:45.058638,512
2026-02-17 02:26:45.066605,499
2026-02-17 02:26:45.074615,504
2026-02-17 02:26:45.082795,509
2026-02-17 02:26:45.090623,514
2026-02-17 02:26:45.098594,505
2026-02-17 02:26:45.106659,510
2026-02-17 02:26:45.114660,514
2026-02-17 02:26:45.122647,508
2026-02-17 02:26:45.130632,508
2026-02-17 02:26:45.138733,519
2026-02-17 02:26:45.146600,511
2026-02-17 02:26:45.154654,519
2026-02-17 02:26:45.162602,511
2026-02-17 02:26:45.170605,510
2026-02-17 02:26:45.178625,515
2026-02-17 02:26:45.186613,512
2026-02-17 02:26:45.194610,515
2026-02-17 02:26:45.202632,514
2026-02-17 02:26:45.210643,511
2026-02-17 02:26:45.218642,520
2026-02-17 02:26:45.226618,513
2026-02-17 02:26:45.234592,522
2026-02-17 02:26:45.242578,507
2026-02-17 02:26:45.250579,513
2026-02-17 02:26:45.258628,512
2026-02-17 02:26:45.266622,505
2026-02-17 02:26:45.274614,512
2026-02-17 02:26:45.282629,515
2026-02-17 02:26:45.290647,505
2026-02-17 02:26:45.298617,513
2026-02-17 02:26:45.306609,513
2026-02-17 02:26:45.314629,513
2026-02-17 02:26:45.322616,510
2026-02-17 02:26:45.330679,513
2026-02-17 02:26:45.338599,516
2026-02-17 02:26:45.346654,510
2026-02-17 02:26:45.354690,517
2026-02-17 02:26:45.362673,517
2026-02-17 02:26:45.370642,513
2026-02-17 02:26:45.378640,510
2026-02-17 02:26:45.386641,505
2026-02-17 02:26:45.394652,505
2026-02-17 02:26:45.402646,513
2026-02-17 02:26:45.410646,506
2026-02-17 02:26:45.418648,508
2026-02-17 02:26:45.426654,507
2026-02-17 02:26:45.434650,520
2026-02-17 02:26:45.442658,517
2026-02-17 02:26:45.450651,511
2026-02-17 02:26:45.458658,517
2026-02-17 02:26:45.466640,512
2026-02-17 02:26:45.474642,508
2026-02-17 02:26:45.482651,513
2026-02-17 02:26:45.490699,518
2026-02-17 02:26:45.498650,517
2026-02-17 02:26:45.506669,515
2026-02-17 02:26:45.514656,513
2026-02-17 02:26:45.522657,517
2026-02-17 02:26:45.530640,499
2026-02-17 02:26:45.538641,507
2026-02-17 02:26:45.546645,515
2026-02-17 02:26:45.554653,512
2026-02-17 02:26:45.562636,511
2026-02-17 02:26:45.570651,505
2026-02-17 02:26:45.578651,509
2026-02-17 02:26:45.586670,519
2026-02-17 02:26:45.594678,514
2026-02-17 02:26:45.602699,507
2026-02-17 02:26:45.610652,499
2026-02-17 02:26:45.618645,509
2026-02-17 02:26:45.626649,499
2026-02-17 02:26:45.634656,513
2026-02-17 02:26:45.642635,516
2026-02-17 02:26:45.650648,507
2026-02-17 02:26:45.658651,519
2026-02-17 02:26:45.666639,507
2026-02-17 02:26:45.674642,516
2026-02-17 02:26:45.682654,516
2026-02-17 02:26:45.690696,514
2026-02-17 02:26:45.698644,528
2026-02-17 02:26:45.706645,519
2026-02-17 02:26:45.714641,508
2026-02-17 02:26:45.722649,513
2026-02-17 02:26:45.730620,517
2026-02-17 02:26:45.738957,522
2026-02-17 02:26:45.746759,503
2026-02-17 02:26:45.754727,513
2026-02-17 02:26:45.762845,514
2026-02-17 02:26:45.770715,513
2026-02-17 02:26:45.778782,516
2026-02-17 02:26:45.786704,512
2026-02-17 02:26:45.794648,511
2026-02-17 02:26:45.802708,516
2026-02-17 02:26:45.810647,511
2026-02-17 02:26:45.818652,513
2026-02-17 02:26:45.826663,507
2026-02-17 02:26:45.834687,515
2026-02-17 02:26:45.842671,516
2026-02-17 02:26:45.850739,515
2026-02-17 02:26:45.858690,519
2026-02-17 02:26:45.866734,513
2026-02-17 02:26:45.874707,503
2026-02-17 02:26:45.882677,508
2026-02-17 02:26:45.890661,509
2026-02-17 02:26:45.898656,527
2026-02-17 02:26:45.906647,519
2026-02-17 02:26:45.914653,508
2026-02-17 02:26:45.922638,514
2026-02-17 02:26:45.930671,514
2026-02-17 02:26:45.938649,514
2026-02-17 02:26:45.946650,510
2026-02-17 02:26:45.954692,522
2026-02-17 02:26:45.962652,509
2026-02-17 02:26:45.970640,516
2026-02-17 02:26:45.978661,525
2026-02-17 02:26:45.986649,509
2026-02-17 02:26:45.994641,503
2026-02-17 02:26:46.002642,511
2026-02-17 02:26:46.010638,505
2026-02-17 02:26:46.018730,514
2026-02-17 02:26:46.026631,515
2026-02-17 02:26:46.034728,511
2026-02-17 02:26:46.042740,512
2026-02-17 02:26:46.050718,515
2026-02-17 02:26:46.059511,508
2026-02-17 02:26:46.066714,510
2026-02-17 02:26:46.074700,523
2026-02-17 02:26:46.082703,523
2026-02-17 02:26:46.090716,505
2026-02-17 02:26:46.098661,518
2026-02-17 02:26:46.106742,513
2026-02-17 02:26:46.114693,506
2026-02-17 02:26:46.122672,526
2026-02-17 02:26:46.130650,510
2026-02-17 02:26:46.138660,517
2026-02-17 02:26:46.146666,494
2026-02-17 02:26:46.154706,499
2026-02-17 02:26:46.162660,482
2026-02-17 02:26:46.170643,474
2026-02-17 02:26:46.178715,482
2026-02-17 02:26:46.186677,480
2026-02-17 02:26:46.194724,480
2026-02-17 02:26:46.202661,473
2026-02-17 02:26:46.210668,465
2026-02-17 02:26:46.218650,475
2026-02-17 02:26:46.226649,479
2026-02-17 02:26:46.234750,483
2026-02-17 02:26:46.242685,494
2026-02-17 02:26:46.250703,499
2026-02-17 02:26:46.258725,503
2026-02-17 02:26:46.266710,491
2026-02-17 02:26:46.274652,505
2026-02-17 02:26:46.282705,507
2026-02-17 02:26:46.290658,497
2026-02-17 02:26:46.298778,500
2026-02-17 02:26:46.306728,493
2026-02-17 02:26:46.314651,481
2026-02-17 02:26:46.322671,482
2026-02-17 02:26:46.330676,486
2026-02-17 02:26:46.338717,496
2026-02-17 02:26:46.346698,491
2026-02-17 02:26:46.354654,491
2026-02-17 02:26:46.362629,496
2026-02-17 02:26:46.370694,493
2026-02-17 02:26:46.378650,514
2026-02-17 02:26:46.386679,501
2026-02-17 02:26:46.394664,523
2026-02-17 02:26:46.402658,517
2026-02-17 02:26:46.410647,509
2026-02-17 02:26:46.418650,527
2026-02-17 02:26:46.426642,516
2026-02-17 02:26:46.434641,518
2026-02-17 02:26:46.442653,526
2026-02-17 02:26:46.450699,531
2026-02-17 02:26:46.458658,519
2026-02-17 02:26:46.466643,521
2026-02-17 02:26:46.474652,520
2026-02-17 02:26:46.482692,525
2026-02-17 02:26:46.490641,526
2026-02-17 02:26:46.498705,518
2026-02-17 02:26:46.506668,520
2026-02-17 02:26:46.514648,533
2026-02-17 02:26:46.522644,524
2026-02-17 02:26:46.530695,518
2026-02-17 02:26:46.538649,527
2026-02-17 02:26:46.546694,511
2026-02-17 02:26:46.554682,524
2026-02-17 02:26:46.562648,526
2026-02-17 02:26:46.570702,523
2026-02-17 02:26:46.578642,536
2026-02-17 02:26:46.586618,523
2026-02-17 02:26:46.594634,522
2026-02-17 02:26:46.602721,514
2026-02-17 02:26:46.610647,514
2026-02-17 02:26:46.618643,527
2026-02-17 02:26:46.626670,519
2026-02-17 02:26:46.634649,523
2026-02-17 02:26:46.642662,522
2026-02-17 02:26:46.650660,532
2026-02-17 02:26:46.658731,512
2026-02-17 02:26:46.666722,502
2026-02-17 02:26:46.674651,505
2026-02-17 02:26:46.682692,518
2026-02-17 02:26:46.690646,508
2026-02-17 02:26:46.698666,510
2026-02-17 02:26:46.706663,510
2026-02-17 02:26:46.714654,512
2026-02-17 02:26:46.722653,512
2026-02-17 02:26:46.730666,518
2026-02-17 02:26:46.738722,525
2026-02-17 02:26:46.746707,507
2026-02-17 02:26:46.754656,512
2026-02-17 02:26:46.762681,522
2026-02-17 02:26:46.770632,509
2026-02-17 02:26:46.778736,514
2026-02-17 02:26:46.786737,509
2026-02-17 02:26:46.794714,513
2026-02-17 02:26:46.802662,514
2026-02-17 02:26:46.810670,512
2026-02-17 02:26:46.818661,525
2026-02-17 02:26:46.826655,521
2026-02-17 02:26:46.834655,514
2026-02-17 02:26:46.842658,505
2026-02-17 02:26:46.850720,498
2026-02-17 02:26:46.858706,515
2026-02-17 02:26:46.866688,506
2026-02-17 02:26:46.874651,516
2026-02-17 02:26:46.882647,514
2026-02-17 02:26:46.890697,510
2026-02-17 02:26:46.898671,513
2026-02-17 02:26:46.906683,515
2026-02-17 02:26:46.914731,515
2026-02-17 02:26:46.922695,516
2026-02-17 02:26:46.930718,513
2026-02-17 02:26:46.938665,514
2026-02-17 02:26:46.946676,502
2026-02-17 02:26:46.954665,506
2026-02-17 02:26:46.962675,521
2026-02-17 02:26:46.970703,512
2026-02-17 02:26:46.978672,517
2026-02-17 02:26:46.986666,515
2026-02-17 02:26:46.994652,515
2026-02-17 02:26:47.002701,517
2026-02-17 02:26:47.010647,504
2026-02-17 02:26:47.018644,513
2026-02-17 02:26:47.026654,510
2026-02-17 02:26:47.034661,519
2026-02-17 02:26:47.042701,511
2026-02-17 02:26:47.050767,505
2026-02-17 02:26:47.058704,516
2026-02-17 02:26:47.066694,506
2026-02-17 02:26:47.074842,506
2026-02-17 02:26:47.082760,508
2026-02-17 02:26:47.090661,501
2026-02-17 02:26:47.098679,516
2026-02-17 02:26:47.106681,516
2026-02-17 02:26:47.114660,517
2026-02-17 02:26:47.122675,512
2026-02-17 02:26:47.130666,511
2026-02-17 02:26:47.138651,509
2026-02-17 02:26:47.146690,514
2026-02-17 02:26:47.154660,513
2026-02-17 02:26:47.162668,518
2026-02-17 02:26:47.170648,522
2026-02-17 02:26:47.178629,526
2026-02-17 02:26:47.186612,506
2026-02-17 02:26:47.194651,522
2026-02-17 02:26:47.202695,525
2026-02-17 02:26:47.210777,522
2026-02-17 02:26:47.218730,510
2026-02-17 02:26:47.226711,508
2026-02-17 02:26:47.234784,522
2026-02-17 02:26:47.242633,519
2026-02-17 02:26:47.250648,515
2026-02-17 02:26:47.258782,518
2026-02-17 02:26:47.266703,507
2026-02-17 02:26:47.274725,507
2026-02-17 02:26:47.282626,512
2026-02-17 02:26:47.290744,512
2026-02-17 02:26:47.298622,518
2026-02-17 02:26:47.306618,514
2026-02-17 02:26:47.314797,514
2026-02-17 02:26:47.322720,514
2026-02-17 02:26:47.330815,510
2026-02-17 02:26:47.338756,515
2026-02-17 02:26:47.346743,517
2026-02-17 02:26:47.354801,521
2026-02-17 02:26:47.362696,520
2026-02-17 02:26:47.370782,510
2026-02-17 02:26:47.378741,512
2026-02-17 02:26:47.386690,509
2026-02-17 02:26:47.394614,524
2026-02-17 02:26:47.402610,520
2026-02-17 02:26:47.410801,513
2026-02-17 02:26:47.418713,525
2026-02-17 02:26:47.426725,522
2026-02-17 02:26:47.434717,513
2026-02-17 02:26:47.442793,516
2026-02-17 02:26:47.450715,506
2026-02-17 02:26:47.458710,520
2026-02-17 02:26:47.466707,506
2026-02-17 02:26:47.474735,521
2026-02-17 02:26:47.482746,519
2026-02-17 02:26:47.490757,516
2026-02-17 02:26:47.498876,508
2026-02-17 02:26:47.506806,507
2026-02-17 02:26:47.514699,521
2026-02-17 02:26:47.522671,512
2026-02-17 02:26:47.530671,517
2026-02-17 02:26:47.538870,522
2026-02-17 02:26:47.546783,513
2026-02-17 02:26:47.554753,509
2026-02-17 02:26:47.562807,509
2026-02-17 02:26:47.570719,521
2026-02-17 02:26:47.578687,516
2026-02-17 02:26:47.586794,509
2026-02-17 02:26:47.594752,511
2026-02-17 02:26:47.602707,513
2026-02-17 02:26:47.610800,508
2026-02-17 02:26:47.618712,516
2026-02-17 02:26:47.626695,513
2026-02-17 02:26:47.634684,512
2026-02-17 02:26:47.642663,512
2026-02-17 02:26:47.650684,511
2026-02-17 02:26:47.658658,518
2026-02-17 02:26:47.666657,495
2026-02-17 02:26:47.674668,506
2026-02-17 02:26:47.682661,516
2026-02-17 02:26:47.690769,513
2026-02-17 02:26:47.698748,523
2026-02-17 02:26:47.706748,513
2026-02-17 02:26:47.714666,508
2026-02-17 02:26:47.722660,516
2026-02-17 02:26:47.730689,514
2026-02-17 02:26:47.738717,515
2026-02-17 02:26:47.746706,509
2026-02-17 02:26:47.754672,510
2026-02-17 02:26:47.762658,512
2026-02-17 02:26:47.770661,520
2026-02-17 02:26:47.778852,526
2026-02-17 02:26:47.786784,521
2026-02-17 02:26:47.794790,515
2026-02-17 02:26:47.802752,498
2026-02-17 02:26:47.810715,497
2026-02-17 02:26:47.818765,519
2026-02-17 02:26:47.826606,512
2026-02-17 02:26:47.834689,511
2026-02-17 02:26:47.842742,508
2026-02-17 02:26:47.850785,512
2026-02-17 02:26:47.858840,519
2026-02-17 02:26:47.866759,499
2026-02-17 02:26:47.874702,508
2026-02-17 02:26:47.882715,512
2026-02-17 02:26:47.890720,516
2026-02-17 02:26:47.898696,519
2026-02-17 02:26:47.906729,506
2026-02-17 02:26:47.914779,508
2026-02-17 02:26:47.922792,507
2026-02-17 02:26:47.930843,507
2026-02-17 02:26:47.938698,518
2026-02-17 02:26:47.946637,512
2026-02-17 02:26:47.954608,516
2026-02-17 02:26:47.962808,512
2026-02-17 02:26:47.970714,509
2026-02-17 02:26:47.978714,507
2026-02-17 02:26:47.986726,514
2026-02-17 02:26:47.994684,523
2026-02-17 02:26:48.002737,519
2026-02-17 02:26:48.010744,517
2026-02-17 02:26:48.018675,517
2026-02-17 02:26:48.026623,503
2026-02-17 02:26:48.034751,513
2026-02-17 02:26:48.042684,514
2026-02-17 02:26:48.050693,510
2026-02-17 02:26:48.058678,511
2026-02-17 02:26:48.066724,508
2026-02-17 02:26:48.074729,518
2026-02-17 02:26:48.082669,517
2026-02-17 02:26:48.090667,498
2026-02-17 02:26:48.098662,526
2026-02-17 02:26:48.106667,518
2026-02-17 02:26:48.114666,520
2026-02-17 02:26:48.122650,517
2026-02-17 02:26:48.130673,510
2026-02-17 02:26:48.138659,509
2026-02-17 02:26:48.146669,505
2026-02-17 02:26:48.154660,505
2026-02-17 02:26:48.162657,506
2026-02-17 02:26:48.170665,515
2026-02-17 02:26:48.178667,512
2026-02-17 02:26:48.186616,510
2026-02-17 02:26:48.194724,515
2026-02-17 02:26:48.202731,512
2026-02-17 02:26:48.210680,514
2026-02-17 02:26:48.218655,512
2026-02-17 02:26:48.226670,514
2026-02-17 02:26:48.234732,519
2026-02-17 02:26:48.242706,508
2026-02-17 02:26:48.250665,506
2026-02-17 02:26:48.258650,516
2026-02-17 02:26:48.266655,506
2026-02-17 02:26:48.274663,508
2026-02-17 02:26:48.282671,506
2026-02-17 02:26:48.290656,508
2026-02-17 02:26:48.298631,519
2026-02-17 02:26:48.306651,512
2026-02-17 02:26:48.314661,516
2026-02-17 02:26:48.322652,513
2026-02-17 02:26:48.330659,507
2026-02-17 02:26:48.338606,508
2026-02-17 02:26:48.346697,507
2026-02-17 02:26:48.354703,520
2026-02-17 02:26:48.362596,523
2026-02-17 02:26:48.370691,518
2026-02-17 02:26:48.378668,516
2026-02-17 02:26:48.386675,522
2026-02-17 02:26:48.394658,521
2026-02-17 02:26:48.402716,517
2026-02-17 02:26:48.410661,519
2026-02-17 02:26:48.418654,514
2026-02-17 02:26:48.426603,508
2026-02-17 02:26:48.434647,512
2026-02-17 02:26:48.442661,525
2026-02-17 02:26:48.450682,512
2026-02-17 02:26:48.458808,520
2026-02-17 02:26:48.466724,516
2026-02-17 02:26:48.474665,509
2026-02-17 02:26:48.482683,513
2026-02-17 02:26:48.490670,516
2026-02-17 02:26:48.498600,527
2026-02-17 02:26:48.506776,515
2026-02-17 02:26:48.514666,514
2026-02-17 02:26:48.522675,510
2026-02-17 02:26:48.530674,505
2026-02-17 02:26:48.538661,510
2026-02-17 02:26:48.546657,514
2026-02-17 02:26:48.554662,519
2026-02-17 02:26:48.562598,512
2026-02-17 02:26:48.570664,505
2026-02-17 02:26:48.578672,509
2026-02-17 02:26:48.586603,507
2026-02-17 02:26:48.594682,512
2026-02-17 02:26:48.602599,509
2026-02-17 02:26:48.610604,512
2026-02-17 02:26:48.618676,521
2026-02-17 02:26:48.626722,505
2026-02-17 02:26:48.634658,510
2026-02-17 02:26:48.642677,519
2026-02-17 02:26:48.650656,507
2026-02-17 02:26:48.658670,512
2026-02-17 02:26:48.666681,516
2026-02-17 02:26:48.674656,519
2026-02-17 02:26:48.682650,516
2026-02-17 02:26:48.690650,510
2026-02-17 02:26:48.698712,503
2026-02-17 02:26:48.706673,506
2026-02-17 02:26:48.714671,517
2026-02-17 02:26:48.722670,512
2026-02-17 02:26:48.731319,512
2026-02-17 02:26:48.738779,519
2026-02-17 02:26:48.746828,495
2026-02-17 02:26:48.754755,493
2026-02-17 02:26:48.762732,510
2026-02-17 02:26:48.770687,511
2026-02-17 02:26:48.778723,517
2026-02-17 02:26:48.786734,507
2026-02-17 02:26:48.794665,499
2026-02-17 02:26:48.802679,508
2026-02-17 02:26:48.810682,516
2026-02-17 02:26:48.818729,518
2026-02-17 02:26:48.826616,514
2026-02-17 02:26:48.834681,512
2026-02-17 02:26:48.842685,507
2026-02-17 02:26:48.850755,504
2026-02-17 02:26:48.858735,514
2026-02-17 02:26:48.866735,507
2026-02-17 02:26:48.874664,515
2026-02-17 02:26:48.882759,525
2026-02-17 02:26:48.890670,514
2026-02-17 02:26:48.898731,509
2026-02-17 02:26:48.906723,519
2026-02-17 02:26:48.914669,513
2026-02-17 02:26:48.922740,519
2026-02-17 02:26:48.930732,511
2026-02-17 02:26:48.938667,522
2026-02-17 02:26:48.946668,511
2026-02-17 02:26:48.954707,511
2026-02-17 02:26:48.962687,511
2026-02-17 02:26:48.970661,506
2026-02-17 02:26:48.978664,519
2026-02-17 02:26:48.986724,499
2026-02-17 02:26:48.994681,516
2026-02-17 02:26:49.002716,520
2026-02-17 02:26:49.010813,507
2026-02-17 02:26:49.018712,523
2026-02-17 02:26:49.026652,514
2026-02-17 02:26:49.034656,518
2026-02-17 02:26:49.042717,503
2026-02-17 02:26:49.050699,514
2026-02-17 02:26:49.058710,517
2026-02-17 02:26:49.066781,517
2026-02-17 02:26:49.074690,518
2026-02-17 02:26:49.082719,509
2026-02-17 02:26:49.090671,523
2026-02-17 02:26:49.098686,513
2026-02-17 02:26:49.106681,513
2026-02-17 02:26:49.114718,516
2026-02-17 02:26:49.122727,514
2026-02-17 02:26:49.130792,516
2026-02-17 02:26:49.138750,516
2026-02-17 02:26:49.146729,511
2026-02-17 02:26:49.154713,517
2026-02-17 02:26:49.162681,503
2026-02-17 02:26:49.170680,511
2026-02-17 02:26:49.178671,511
2026-02-17 02:26:49.186682,509
2026-02-17 02:26:49.194612,516
2026-02-17 02:26:49.202672,507
2026-02-17 02:26:49.210678,508
2026-02-17 02:26:49.218670,505
2026-02-17 02:26:49.226674,521
2026-02-17 02:26:49.234641,518
2026-02-17 02:26:49.242691,513
2026-02-17 02:26:49.250780,514
2026-02-17 02:26:49.258826,509
2026-02-17 02:26:49.266745,499
2026-02-17 02:26:49.274734,515
2026-02-17 02:26:49.282710,524
2026-02-17 02:26:49.290666,523
2026-02-17 02:26:49.298652,523
2026-02-17 02:26:49.306733,508
2026-02-17 02:26:49.314689,515
2026-02-17 02:26:49.322654,514
2026-02-17 02:26:49.330678,513
2026-02-17 02:26:49.338613,518
2026-02-17 02:26:49.346623,518
2026-02-17 02:26:49.354655,520
2026-02-17 02:26:49.362714,516
2026-02-17 02:26:49.370714,504
2026-02-17 02:26:49.378664,509
2026-02-17 02:26:49.386653,514
2026-02-17 02:26:49.394677,517
2026-02-17 02:26:49.402654,518
2026-02-17 02:26:49.410687,508
2026-02-17 02:26:49.418661,514
2026-02-17 02:26:49.426663,506
2026-02-17 02:26:49.434683,511
2026-02-17 02:26:49.442670,519
2026-02-17 02:26:49.450663,505
2026-02-17 02:26:49.458678,513
2026-02-17 02:26:49.466665,517
2026-02-17 02:26:49.474667,518
2026-02-17 02:26:49.482662,509
2026-02-17 02:26:49.490669,500
2026-02-17 02:26:49.498663,514
2026-02-17 02:26:49.506776,518
2026-02-17 02:26:49.514767,511
2026-02-17 02:26:49.522745,514
2026-02-17 02:26:49.530699,511
2026-02-17 02:26:49.538678,516
2026-02-17 02:26:49.546676,490
2026-02-17 02:26:49.554671,505
2026-02-17 02:26:49.562666,509
2026-02-17 02:26:49.570700,504
2026-02-17 02:26:49.578704,517
2026-02-17 02:26:49.586635,508
2026-02-17 02:26:49.594665,514
2026-02-17 02:26:49.602678,511
2026-02-17 02:26:49.610667,517
2026-02-17 02:26:49.618684,524
2026-02-17 02:26:49.626673,494
2026-02-17 02:26:49.634673,516
2026-02-17 02:26:49.642675,513
2026-02-17 02:26:49.650673,517
2026-02-17 02:26:49.658664,518
2026-02-17 02:26:49.666671,508
2026-02-17 02:26:49.674710,517
2026-02-17 02:26:49.682755,505
2026-02-17 02:26:49.690804,511
2026-02-17 02:26:49.698779,519
2026-02-17 02:26:49.706675,511
2026-02-17 02:26:49.714729,510
2026-02-17 02:26:49.722685,513
2026-02-17 02:26:49.730693,509
2026-02-17 02:26:49.738717,518
2026-02-17 02:26:49.746668,510
2026-02-17 02:26:49.754721,507
2026-02-17 02:26:49.762722,510
2026-02-17 02:26:49.770726,510
2026-02-17 02:26:49.778666,515
2026-02-17 02:26:49.786676,512
2026-02-17 02:26:49.794674,517
2026-02-17 02:26:49.802668,513
2026-02-17 02:26:49.810670,514
2026-02-17 02:26:49.818692,516
2026-02-17 02:26:49.826622,506
2026-02-17 02:26:49.834664,514
2026-02-17 02:26:49.842701,513
2026-02-17 02:26:49.850712,508
2026-02-17 02:26:49.858714,514
2026-02-17 02:26:49.866722,511
2026-02-17 02:26:49.874664,515
2026-02-17 02:26:49.882675,514
2026-02-17 02:26:49.890734,512
2026-02-17 02:26:49.898755,521
2026-02-17 02:26:49.906756,506
2026-02-17 02:26:49.914705,517
2026-02-17 02:26:49.922766,509
2026-02-17 02:26:49.930675,515
2026-02-17 02:26:49.938766,519
2026-02-17 02:26:49.946681,512
2026-02-17 02:26:49.954706,513
2026-02-17 02:26:49.962682,510
2026-02-17 02:26:49.970672,508
2026-02-17 02:26:49.978664,513
2026-02-17 02:26:49.986670,504
2026-02-17 02:26:49.994693,510
2026-02-17 02:26:50.002672,514
2026-02-17 02:26:50.010759,507
2026-02-17 02:26:50.018739,508
2026-02-17 02:26:50.026790,501
2026-02-17 02:26:50.034715,515
2026-02-17 02:26:50.042732,512
2026-02-17 02:26:50.050676,510
2026-02-17 02:26:50.058677,518
2026-02-17 02:26:50.066744,506
2026-02-17 02:26:50.074679,520
2026-02-17 02:26:50.082684,515
2026-02-17 02:26:50.090732,519
2026-02-17 02:26:50.098691,511
2026-02-17 02:26:50.106685,517
2026-02-17 02:26:50.114696,516
2026-02-17 02:26:50.122679,511
2026-02-17 02:26:50.130799,514
2026-02-17 02:26:50.138679,503
2026-02-17 02:26:50.146628,508
2026-02-17 02:26:50.154674,521
2026-02-17 02:26:50.162711,510
2026-02-17 02:26:50.170661,516
2026-02-17 02:26:50.178652,516
2026-02-17 02:26:50.186666,510
2026-02-17 02:26:50.194684,517
2026-02-17 02:26:50.202651,500
2026-02-17 02:26:50.210658,514
2026-02-17 02:26:50.218668,523
2026-02-17 02:26:50.226643,502
2026-02-17 02:26:50.234653,516
2026-02-17 02:26:50.242666,514
2026-02-17 02:26:50.250677,514
2026-02-17 02:26:50.258644,512
2026-02-17 02:26:50.266655,502
2026-02-17 02:26:50.274660,515
2026-02-17 02:26:50.282664,517
2026-02-17 02:26:50.290665,510
2026-02-17 02:26:50.298650,513
2026-02-17 02:26:50.306662,514
2026-02-17 02:26:50.314662,502
2026-02-17 02:26:50.322737,498
2026-02-17 02:26:50.330617,511
2026-02-17 02:26:50.338746,505
2026-02-17 02:26:50.346675,504
2026-02-17 02:26:50.354770,509
2026-02-17 02:26:50.362631,504
2026-02-17 02:26:50.370674,513
2026-02-17 02:26:50.378688,506
2026-02-17 02:26:50.386685,507
2026-02-17 02:26:50.394714,502
2026-02-17 02:26:50.402670,494
2026-02-17 02:26:50.410679,481
2026-02-17 02:26:50.418737,492
2026-02-17 02:26:50.426744,488
2026-02-17 02:26:50.434676,495
2026-02-17 02:26:50.442692,498
2026-02-17 02:26:50.450673,495
2026-02-17 02:26:50.458672,496
2026-02-17 02:26:50.466680,506
2026-02-17 02:26:50.474675,513
2026-02-17 02:26:50.482664,509
2026-02-17 02:26:50.490665,505
2026-02-17 02:26:50.498674,518
2026-02-17 02:26:50.506719,515
2026-02-17 02:26:50.514701,506
2026-02-17 02:26:50.522730,509
2026-02-17 02:26:50.530676,518
2026-02-17 02:26:50.538725,514
2026-02-17 02:26:50.546687,517
2026-02-17 02:26:50.554695,520
2026-02-17 02:26:50.562666,514
2026-02-17 02:26:50.570673,508
2026-02-17 02:26:50.578680,519
2026-02-17 02:26:50.586635,512
2026-02-17 02:26:50.594707,505
2026-02-17 02:26:50.602686,519
2026-02-17 02:26:50.610681,509
2026-02-17 02:26:50.618666,519
2026-02-17 02:26:50.626681,513
2026-02-17 02:26:50.634755,517
2026-02-17 02:26:50.642693,512
2026-02-17 02:26:50.650673,511
2026-02-17 02:26:50.658672,522
2026-02-17 02:26:50.666667,511
2026-02-17 02:26:50.674668,514
2026-02-17 02:26:50.682671,511
2026-02-17 02:26:50.690699,518
2026-02-17 02:26:50.698692,505
2026-02-17 02:26:50.706682,508
2026-02-17 02:26:50.714701,520
2026-02-17 02:26:50.722676,511
2026-02-17 02:26:50.730690,508
2026-02-17 02:26:50.738779,515
2026-02-17 02:26:50.746717,504
2026-02-17 02:26:50.754674,518
2026-02-17 02:26:50.762710,520
2026-02-17 02:26:50.770676,510
2026-02-17 02:26:50.778677,508
2026-02-17 02:26:50.786670,506
2026-02-17 02:26:50.794675,515
2026-02-17 02:26:50.802678,515
2026-02-17 02:26:50.810674,508
2026-02-17 02:26:50.818671,510
2026-02-17 02:26:50.826669,517
2026-02-17 02:26:50.834726,526
2026-02-17 02:26:50.842699,520
2026-02-17 02:26:50.850785,510
2026-02-17 02:26:50.858734,519
2026-02-17 02:26:50.866757,494
2026-02-17 02:26:50.874686,507
2026-02-17 02:26:50.882703,514
2026-02-17 02:26:50.890679,516
2026-02-17 02:26:50.898730,524
2026-02-17 02:26:50.906709,513
2026-02-17 02:26:50.914705,511
2026-02-17 02:26:50.922683,510
2026-02-17 02:26:50.930685,517
2026-02-17 02:26:50.938774,526
2026-02-17 02:26:50.946693,518
2026-02-17 02:26:50.954681,522
2026-02-17 02:26:50.962692,512
2026-02-17 02:26:50.970682,512
2026-02-17 02:26:50.978676,519
2026-02-17 02:26:50.986691,509
2026-02-17 02:26:50.994675,513
2026-02-17 02:26:51.002671,505
2026-02-17 02:26:51.010728,500
2026-02-17 02:26:51.018729,504
2026-02-17 02:26:51.026730,507
2026-02-17 02:26:51.034765,518
2026-02-17 02:26:51.042781,511
2026-02-17 02:26:51.050733,512
2026-02-17 02:26:51.058696,512
2026-02-17 02:26:51.066771,507
2026-02-17 02:26:51.074701,509
2026-02-17 02:26:51.082733,503
2026-02-17 02:26:51.090740,499
2026-02-17 02:26:51.098724,514
2026-02-17 02:26:51.106707,510
2026-02-17 02:26:51.114740,515
2026-02-17 02:26:51.122691,518
2026-02-17 02:26:51.130737,510
2026-02-17 02:26:51.138685,510
2026-02-17 02:26:51.146714,509
2026-02-17 02:26:51.154724,517
2026-02-17 02:26:51.162722,512
2026-02-17 02:26:51.170691,519
2026-02-17 02:26:51.178680,518
2026-02-17 02:26:51.186668,506
2026-02-17 02:26:51.194667,519
2026-02-17 02:26:51.202629,511
2026-02-17 02:26:51.210731,504
2026-02-17 02:26:51.218673,512
2026-02-17 02:26:51.226688,505
2026-02-17 02:26:51.234778,516
2026-02-17 02:26:51.242738,510
2026-02-17 02:26:51.250754,512
2026-02-17 02:26:51.258683,508
2026-02-17 02:26:51.266869,510
2026-02-17 02:26:51.274754,516
2026-02-17 02:26:51.282728,512
2026-02-17 02:26:51.290671,506
2026-02-17 02:26:51.298705,504
2026-02-17 02:26:51.306704,510
2026-02-17 02:26:51.314791,519
2026-02-17 02:26:51.322733,503
2026-02-17 02:26:51.330702,511
2026-02-17 02:26:51.338623,506
2026-02-17 02:26:51.346698,506
2026-02-17 02:26:51.354744,516
2026-02-17 02:26:51.362698,513
2026-02-17 02:26:51.370695,517
2026-02-17 02:26:51.378669,520
2026-02-17 02:26:51.386725,513
2026-02-17 02:26:51.394683,523
2026-02-17 02:26:51.402701,518
2026-02-17 02:26:51.410681,512
2026-02-17 02:26:51.418685,526
2026-02-17 02:26:51.426682,513
2026-02-17 02:26:51.434695,519
2026-02-17 02:26:51.442755,518
2026-02-17 02:26:51.450688,515
2026-02-17 02:26:51.458690,521
2026-02-17 02:26:51.466672,515
2026-02-17 02:26:51.474736,509
2026-02-17 02:26:51.482679,510
2026-02-17 02:26:51.490687,515
2026-02-17 02:26:51.498671,514
2026-02-17 02:26:51.506723,504
2026-02-17 02:26:51.514658,521
2026-02-17 02:26:51.522709,514
2026-02-17 02:26:51.530681,509
2026-02-17 02:26:51.538690,516
2026-02-17 02:26:51.546682,521
2026-02-17 02:26:51.554679,526
2026-02-17 02:26:51.562686,521
2026-02-17 02:26:51.570705,512
2026-02-17 02:26:51.578686,520
2026-02-17 02:26:51.586649,514
2026-02-17 02:26:51.594746,511
2026-02-17 02:26:51.602721,511
2026-02-17 02:26:51.610684,510
2026-02-17 02:26:51.618679,516
2026-02-17 02:26:51.626690,517
2026-02-17 02:26:51.634725,513
2026-02-17 02:26:51.642715,513
2026-02-17 02:26:51.650677,510
2026-02-17 02:26:51.658712,516
2026-02-17 02:26:51.666730,515
2026-02-17 02:26:51.674689,513
2026-02-17 02:26:51.682674,508
2026-02-17 02:26:51.690682,520
2026-02-17 02:26:51.698744,511
2026-02-17 02:26:51.706680,512
2026-02-17 02:26:51.714688,504
2026-02-17 02:26:51.722690,500
2026-02-17 02:26:51.730741,517
2026-02-17 02:26:51.738811,515
2026-02-17 02:26:51.746733,513
2026-02-17 02:26:51.754719,505
2026-02-17 02:26:51.762862,509
2026-02-17 02:26:51.770767,505
2026-02-17 02:26:51.778725,513
2026-02-17 02:26:51.786725,513
2026-02-17 02:26:51.794665,513
2026-02-17 02:26:51.802698,512
2026-02-17 02:26:51.810687,516
2026-02-17 02:26:51.818818,521
2026-02-17 02:26:51.826754,500
2026-02-17 02:26:51.834730,504
2026-02-17 02:26:51.842684,502
2026-02-17 02:26:51.850791,499
2026-02-17 02:26:51.858720,521
2026-02-17 02:26:51.866705,507
2026-02-17 02:26:51.874672,516
2026-02-17 02:26:51.882715,507
2026-02-17 02:26:51.890689,512
2026-02-17 02:26:51.898644,513
2026-02-17 02:26:51.906685,509
2026-02-17 02:26:51.914679,520
2026-02-17 02:26:51.922744,512
2026-02-17 02:26:51.930686,525
2026-02-17 02:26:51.938676,515
2026-02-17 02:26:51.946698,504
2026-02-17 02:26:51.954720,516
2026-02-17 02:26:51.962685,519
2026-02-17 02:26:51.970693,518
2026-02-17 02:26:51.978701,523
2026-02-17 02:26:51.986685,509
2026-02-17 02:26:51.994676,515
2026-02-17 02:26:52.002672,511
2026-02-17 02:26:52.010732,515
2026-02-17 02:26:52.018720,516
2026-02-17 02:26:52.026741,502
2026-02-17 02:26:52.034791,519
2026-02-17 02:26:52.042882,514
2026-02-17 02:26:52.051078,510
2026-02-17 02:26:52.058768,514
2026-02-17 02:26:52.066701,508
2026-02-17 02:26:52.074727,505
2026-02-17 02:26:52.082774,505
2026-02-17 02:26:52.090747,509
2026-02-17 02:26:52.098709,519
2026-02-17 02:26:52.106673,500
2026-02-17 02:26:52.114691,513
2026-02-17 02:26:52.122632,512
2026-02-17 02:26:52.130635,513
2026-02-17 02:26:52.138728,524
2026-02-17 02:26:52.146688,508
2026-02-17 02:26:52.154692,521
2026-02-17 02:26:52.162686,515
2026-02-17 02:26:52.170682,511
2026-02-17 02:26:52.178682,515
2026-02-17 02:26:52.186684,511
2026-02-17 02:26:52.194680,513
2026-02-17 02:26:52.202748,518
2026-02-17 02:26:52.210651,512
2026-02-17 02:26:52.218712,520
2026-02-17 02:26:52.226708,510
2026-02-17 02:26:52.234813,505
2026-02-17 02:26:52.242711,514
2026-02-17 02:26:52.250739,521
2026-02-17 02:26:52.258694,516
2026-02-17 02:26:52.266755,502
2026-02-17 02:26:52.274708,505
2026-02-17 02:26:52.282692,508
2026-02-17 02:26:52.290681,514
2026-02-17 02:26:52.298673,522
2026-02-17 02:26:52.306675,510
2026-02-17 02:26:52.314678,513
2026-02-17 02:26:52.322731,510
2026-02-17 02:26:52.330741,520
2026-02-17 02:26:52.338726,529
2026-02-17 02:26:52.346669,515
2026-02-17 02:26:52.354675,510
2026-02-17 02:26:52.362696,514
2026-02-17 02:26:52.370718,517
2026-02-17 02:26:52.378713,530
2026-02-17 02:26:52.386644,517
2026-02-17 02:26:52.394740,513
2026-02-17 02:26:52.402645,517
2026-02-17 02:26:52.410682,523
2026-02-17 02:26:52.418694,524
2026-02-17 02:26:52.426686,503
2026-02-17 02:26:52.434691,504
2026-02-17 02:26:52.442685,517
2026-02-17 02:26:52.450692,517
2026-02-17 02:26:52.458751,523
2026-02-17 02:26:52.466677,505
2026-02-17 02:26:52.474700,509
2026-02-17 02:26:52.482700,504
2026-02-17 02:26:52.490698,506
2026-02-17 02:26:52.498728,514
2026-02-17 02:26:52.506688,511
2026-02-17 02:26:52.514692,509
2026-02-17 02:26:52.522701,507
2026-02-17 02:26:52.530686,503
2026-02-17 02:26:52.538676,513
2026-02-17 02:26:52.546681,505
2026-02-17 02:26:52.554685,506
2026-02-17 02:26:52.562680,502
2026-02-17 02:26:52.570702,516
2026-02-17 02:26:52.578687,523
2026-02-17 02:26:52.586648,507
2026-02-17 02:26:52.594693,517
2026-02-17 02:26:52.602705,496
2026-02-17 02:26:52.610685,501
2026-02-17 02:26:52.618679,517
2026-02-17 02:26:52.626684,510
2026-02-17 02:26:52.634693,516
2026-02-17 02:26:52.642802,510
2026-02-17 02:26:52.650742,502
2026-02-17 02:26:52.658713,512
2026-02-17 02:26:52.666746,501
2026-02-17 02:26:52.674689,510
2026-02-17 02:26:52.682705,510
2026-02-17 02:26:52.690685,518
2026-02-17 02:26:52.698704,511
2026-02-17 02:26:52.706677,507
2026-02-17 02:26:52.714704,515
2026-02-17 02:26:52.722700,522
2026-02-17 02:26:52.730695,513
2026-02-17 02:26:52.738787,523
2026-02-17 02:26:52.746729,504
2026-02-17 02:26:52.754708,512
2026-02-17 02:26:52.762739,504
2026-02-17 02:26:52.770736,513
2026-02-17 02:26:52.778691,520
2026-02-17 02:26:52.786723,504
2026-02-17 02:26:52.794705,512
2026-02-17 02:26:52.802699,509
2026-02-17 02:26:52.810699,506
2026-02-17 02:26:52.818679,515
2026-02-17 02:26:52.826687,496
2026-02-17 02:26:52.834682,516
2026-02-17 02:26:52.842678,514
2026-02-17 02:26:52.850763,511
2026-02-17 02:26:52.858739,514
2026-02-17 02:26:52.866688,514
2026-02-17 02:26:52.874751,507
2026-02-17 02:26:52.882687,517
2026-02-17 02:26:52.890704,511
2026-02-17 02:26:52.898636,512
2026-02-17 02:26:52.906705,508
2026-02-17 02:26:52.914683,519
2026-02-17 02:26:52.922701,518
2026-02-17 02:26:52.930738,514
2026-02-17 02:26:52.938687,521
2026-02-17 02:26:52.946691,498
2026-02-17 02:26:52.954698,513
2026-02-17 02:26:52.962686,509
2026-02-17 02:26:52.970690,510
2026-02-17 02:26:52.978730,519
2026-02-17 02:26:52.986678,512
2026-02-17 02:26:52.994679,510
2026-02-17 02:26:53.002691,514
2026-02-17 02:26:53.010702,512
2026-02-17 02:26:53.018740,509
2026-02-17 02:26:53.026802,499
2026-02-17 02:26:53.034807,521
2026-02-17 02:26:53.042886,518
2026-02-17 02:26:53.050796,522
2026-02-17 02:26:53.058730,517
2026-02-17 02:26:53.067968,514
2026-02-17 02:26:53.074854,502
2026-02-17 02:26:53.082822,506
2026-02-17 02:26:53.090781,512
2026-02-17 02:26:53.098760,509
2026-02-17 02:26:53.106710,503
2026-02-17 02:26:53.114775,513
2026-02-17 02:26:53.122642,512
2026-02-17 02:26:53.130635,511
2026-02-17 02:26:53.138682,516
2026-02-17 02:26:53.146686,517
2026-02-17 02:26:53.154711,502
2026-02-17 02:26:53.162702,514
2026-02-17 02:26:53.170682,520
2026-02-17 02:26:53.178687,516
2026-02-17 02:26:53.186702,513
2026-02-17 02:26:53.194685,509
2026-02-17 02:26:53.202682,519
2026-02-17 02:26:53.210644,515
2026-02-17 02:26:53.218690,517
2026-02-17 02:26:53.226693,509
2026-02-17 02:26:53.234744,514
2026-02-17 02:26:53.242723,506
2026-02-17 02:26:53.250749,507
2026-02-17 02:26:53.258700,508
2026-02-17 02:26:53.266766,506
2026-02-17 02:26:53.274695,521
2026-02-17 02:26:53.282745,509
2026-02-17 02:26:53.290680,513
2026-02-17 02:26:53.298688,513
2026-02-17 02:26:53.306734,507
2026-02-17 02:26:53.314687,521
2026-02-17 02:26:53.322736,519
2026-02-17 02:26:53.330758,513
2026-02-17 02:26:53.338705,529
2026-02-17 02:26:53.346751,499
2026-02-17 02:26:53.354691,501
2026-02-17 02:26:53.362688,508
2026-02-17 02:26:53.370717,510
2026-02-17 02:26:53.378686,518
2026-02-17 02:26:53.386703,507
2026-02-17 02:26:53.394636,520
2026-02-17 02:26:53.402696,505
2026-02-17 02:26:53.410708,516
2026-02-17 02:26:53.418740,511
2026-02-17 02:26:53.426698,504
2026-02-17 02:26:53.434704,520
2026-02-17 02:26:53.442694,514
2026-02-17 02:26:53.450693,509
2026-02-17 02:26:53.458694,520
2026-02-17 02:26:53.466694,503
2026-02-17 02:26:53.474686,511
2026-02-17 02:26:53.482701,514
2026-02-17 02:26:53.490687,514
2026-02-17 02:26:53.498690,509
2026-02-17 02:26:53.506696,513
2026-02-17 02:26:53.514690,518
2026-02-17 02:26:53.522691,515
2026-02-17 02:26:53.530757,514
2026-02-17 02:26:53.538727,516
2026-02-17 02:26:53.546684,505
2026-02-17 02:26:53.554694,508
2026-02-17 02:26:53.562726,517
2026-02-17 02:26:53.570682,516
2026-02-17 02:26:53.578702,516
2026-02-17 02:26:53.586638,508
2026-02-17 02:26:53.594631,519
2026-02-17 02:26:53.602673,516
2026-02-17 02:26:53.610686,512
2026-02-17 02:26:53.618731,507
2026-02-17 02:26:53.626704,517
2026-02-17 02:26:53.634685,520
2026-02-17 02:26:53.642686,511
2026-02-17 02:26:53.650738,518
2026-02-17 02:26:53.658694,511
2026-02-17 02:26:53.666733,506
2026-02-17 02:26:53.674691,520
2026-02-17 02:26:53.682695,506
2026-02-17 02:26:53.690705,508
2026-02-17 02:26:53.698697,525
2026-02-17 02:26:53.706688,513
2026-02-17 02:26:53.714691,516
2026-02-17 02:26:53.722684,514
2026-02-17 02:26:53.730756,517
2026-02-17 02:26:53.738800,510
2026-02-17 02:26:53.746754,503
2026-02-17 02:26:53.754690,512
2026-02-17 02:26:53.762738,504
2026-02-17 02:26:53.770730,507
2026-02-17 02:26:53.778711,514
2026-02-17 02:26:53.786700,509
2026-02-17 02:26:53.794707,515
2026-02-17 02:26:53.802740,506
2026-02-17 02:26:53.810694,512
2026-02-17 02:26:53.818693,519
2026-02-17 02:26:53.826698,519
2026-02-17 02:26:53.834701,513
2026-02-17 02:26:53.842751,509
2026-02-17 02:26:53.850916,505
2026-02-17 02:26:53.858725,508
2026-02-17 02:26:53.866731,498
2026-02-17 02:26:53.874698,509
2026-02-17 02:26:53.882754,513
2026-02-17 02:26:53.890743,516
2026-02-17 02:26:53.898698,514
2026-02-17 02:26:53.906663,513
2026-02-17 02:26:53.914657,511
2026-02-17 02:26:53.922715,506
2026-02-17 02:26:53.930730,508
2026-02-17 02:26:53.938757,512
2026-02-17 02:26:53.946735,502
2026-02-17 02:26:53.954742,509
2026-02-17 02:26:53.962700,521
2026-02-17 02:26:53.970688,516
2026-02-17 02:26:53.978695,523
2026-02-17 02:26:53.986703,511
2026-02-17 02:26:53.994685,525
2026-02-17 02:26:54.002692,526
2026-02-17 02:26:54.010770,516
2026-02-17 02:26:54.018780,524
2026-02-17 02:26:54.026826,507
2026-02-17 02:26:54.034852,514
2026-02-17 02:26:54.042763,518
2026-02-17 02:26:54.050807,503
2026-02-17 02:26:54.058742,516
2026-02-17 02:26:54.066802,515
2026-02-17 02:26:54.074651,517
2026-02-17 02:26:54.082801,514
2026-02-17 02:26:54.090658,512
2026-02-17 02:26:54.098665,515
2026-02-17 02:26:54.106703,511
2026-02-17 02:26:54.114672,507
2026-02-17 02:26:54.122657,510
2026-02-17 02:26:54.130650,511
2026-02-17 02:26:54.138687,506
2026-02-17 02:26:54.146778,504
2026-02-17 02:26:54.154778,512
2026-02-17 02:26:54.162828,514
2026-02-17 02:26:54.170772,514
2026-02-17 02:26:54.178703,516
2026-02-17 02:26:54.186720,503
2026-02-17 02:26:54.194706,504
2026-02-17 02:26:54.202748,504
2026-02-17 02:26:54.210696,510
2026-02-17 02:26:54.218650,523
2026-02-17 02:26:54.226698,509
2026-02-17 02:26:54.234792,512
2026-02-17 02:26:54.242717,514
2026-02-17 02:26:54.250709,509
2026-02-17 02:26:54.258694,506
2026-02-17 02:26:54.266805,513
2026-02-17 02:26:54.274722,521
2026-02-17 02:26:54.282741,507
2026-02-17 02:26:54.290705,511
2026-02-17 02:26:54.298688,506
2026-02-17 02:26:54.306698,505
2026-02-17 02:26:54.314677,517
2026-02-17 02:26:54.322694,523
2026-02-17 02:26:54.330720,504
2026-02-17 02:26:54.338712,517
2026-02-17 02:26:54.346732,517
2026-02-17 02:26:54.354703,518
2026-02-17 02:26:54.362702,517
2026-02-17 02:26:54.370722,503
2026-02-17 02:26:54.378702,511
2026-02-17 02:26:54.386685,507
2026-02-17 02:26:54.394702,520
2026-02-17 02:26:54.402706,524
2026-02-17 02:26:54.410703,511
2026-02-17 02:26:54.418670,512
2026-02-17 02:26:54.426703,518
2026-02-17 02:26:54.434740,522
2026-02-17 02:26:54.442699,520
2026-02-17 02:26:54.450695,514
2026-02-17 02:26:54.458726,511
2026-02-17 02:26:54.466713,515
2026-02-17 02:26:54.474701,516
2026-02-17 02:26:54.482752,517
2026-02-17 02:26:54.490696,522
2026-02-17 02:26:54.498684,506
2026-02-17 02:26:54.506732,508
2026-02-17 02:26:54.514698,515
2026-02-17 02:26:54.522689,512
2026-02-17 02:26:54.530713,505
2026-02-17 02:26:54.538689,508
2026-02-17 02:26:54.546717,510
2026-02-17 02:26:54.554703,518
2026-02-17 02:26:54.562703,514
2026-02-17 02:26:54.570697,505
2026-02-17 02:26:54.578698,495
2026-02-17 02:26:54.586682,502
2026-02-17 02:26:54.594697,518
2026-02-17 02:26:54.602714,515
2026-02-17 02:26:54.610707,512
2026-02-17 02:26:54.618694,514
2026-02-17 02:26:54.626700,498
2026-02-17 02:26:54.634696,509
2026-02-17 02:26:54.642712,516
2026-02-17 02:26:54.650703,517
2026-02-17 02:26:54.658711,520
2026-02-17 02:26:54.666705,509
2026-02-17 02:26:54.674700,507
2026-02-17 02:26:54.682738,516
2026-02-17 02:26:54.690689,512
2026-02-17 02:26:54.698705,508
2026-02-17 02:26:54.706748,507
2026-02-17 02:26:54.714698,514
2026-02-17 02:26:54.722691,506
2026-02-17 02:26:54.730724,504
2026-02-17 02:26:54.738830,509
2026-02-17 02:26:54.746726,511
2026-02-17 02:26:54.754854,516
2026-02-17 02:26:54.762777,509
2026-02-17 02:26:54.770768,500
2026-02-17 02:26:54.778722,519
2026-02-17 02:26:54.786724,509
2026-02-17 02:26:54.794727,511
2026-02-17 02:26:54.802749,507
2026-02-17 02:26:54.810707,508
2026-02-17 02:26:54.818699,514
2026-02-17 02:26:54.826707,509
2026-02-17 02:26:54.834722,521
2026-02-17 02:26:54.842702,512
2026-02-17 02:26:54.850830,524
2026-02-17 02:26:54.858796,513
2026-02-17 02:26:54.866742,505
2026-02-17 02:26:54.874848,522
2026-02-17 02:26:54.882817,512
2026-02-17 02:26:54.890805,516
2026-02-17 02:26:54.898778,510
2026-02-17 02:26:54.906831,489
2026-02-17 02:26:54.914906,506
2026-02-17 02:26:54.922837,511
2026-02-17 02:26:54.930815,507
2026-02-17 02:26:54.938872,515
2026-02-17 02:26:54.946814,508
2026-02-17 02:26:54.954877,517
2026-02-17 02:26:54.962820,503
2026-02-17 02:26:54.970847,507
2026-02-17 02:26:54.978888,523
2026-02-17 02:26:54.986863,508
2026-02-17 02:26:54.994890,520
2026-02-17 02:26:55.002853,515
2026-02-17 02:26:55.010857,508
2026-02-17 02:26:55.018777,511
2026-02-17 02:26:55.026874,503
2026-02-17 02:26:55.034846,522
2026-02-17 02:26:55.042785,517
2026-02-17 02:26:55.050849,513
2026-02-17 02:26:55.058807,509
2026-02-17 02:26:55.066778,504
2026-02-17 02:26:55.074797,506
2026-02-17 02:26:55.082896,510
2026-02-17 02:26:55.090737,514
2026-02-17 02:26:55.098782,517
2026-02-17 02:26:55.106835,512
2026-02-17 02:26:55.114774,506
2026-02-17 02:26:55.122765,506
2026-02-17 02:26:55.130923,513
2026-02-17 02:26:55.138756,516
2026-02-17 02:26:55.146703,503
2026-02-17 02:26:55.154716,511
2026-02-17 02:26:55.162703,519
2026-02-17 02:26:55.170670,512
2026-02-17 02:26:55.178706,513
2026-02-17 02:26:55.186678,511
2026-02-17 02:26:55.194707,512
2026-02-17 02:26:55.202731,509
2026-02-17 02:26:55.210671,514
2026-02-17 02:26:55.218668,529
2026-02-17 02:26:55.226701,513
2026-02-17 02:26:55.234666,517
2026-02-17 02:26:55.242695,515
2026-02-17 02:26:55.250691,506
2026-02-17 02:26:55.258680,511
2026-02-17 02:26:55.266665,505
2026-02-17 02:26:55.274691,517
2026-02-17 02:26:55.282681,505
2026-02-17 02:26:55.290667,509
2026-02-17 02:26:55.298684,511
2026-02-17 02:26:55.306695,516
2026-02-17 02:26:55.314668,520
2026-02-17 02:26:55.322788,519
2026-02-17 02:26:55.330814,510
2026-02-17 02:26:55.338782,511
2026-02-17 02:26:55.346678,500
2026-02-17 02:26:55.354718,506
2026-02-17 02:26:55.362735,521
2026-02-17 02:26:55.370655,515
2026-02-17 02:26:55.378715,512
2026-02-17 02:26:55.386777,504
2026-02-17 02:26:55.394708,514
2026-02-17 02:26:55.402715,508
2026-02-17 02:26:55.410708,517
2026-02-17 02:26:55.418706,519
2026-02-17 02:26:55.426702,513
2026-02-17 02:26:55.434752,507
2026-02-17 02:26:55.442652,510
2026-02-17 02:26:55.450651,500
2026-02-17 02:26:55.458748,514
2026-02-17 02:26:55.466721,517
2026-02-17 02:26:55.474706,519
2026-02-17 02:26:55.482699,515
2026-02-17 02:26:55.490703,513
2026-02-17 02:26:55.498746,516
2026-02-17 02:26:55.506701,507
2026-02-17 02:26:55.514766,517
2026-02-17 02:26:55.522725,521
2026-02-17 02:26:55.530701,506
2026-02-17 02:26:55.538729,518
2026-02-17 02:26:55.546697,517
2026-02-17 02:26:55.554715,508
2026-02-17 02:26:55.562722,518
2026-02-17 02:26:55.570729,513
2026-02-17 02:26:55.578710,521
2026-02-17 02:26:55.586670,517
2026-02-17 02:26:55.594796,521
2026-02-17 02:26:55.602716,514
2026-02-17 02:26:55.610696,515
2026-02-17 02:26:55.618724,505
2026-02-17 02:26:55.626700,506
2026-02-17 02:26:55.634762,514
2026-02-17 02:26:55.642705,509
2026-02-17 02:26:55.650786,508
2026-02-17 02:26:55.658708,520
2026-02-17 02:26:55.666728,510
2026-02-17 02:26:55.674742,513
2026-02-17 02:26:55.682703,512
2026-02-17 02:26:55.690723,507
2026-02-17 02:26:55.698802,505
2026-02-17 02:26:55.706706,496
2026-02-17 02:26:55.714706,508
2026-02-17 02:26:55.722702,517
2026-02-17 02:26:55.730717,513
2026-02-17 02:26:55.738874,518
2026-02-17 02:26:55.746768,492
2026-02-17 02:26:55.754750,516
2026-02-17 02:26:55.762738,520
2026-02-17 02:26:55.770740,513
2026-02-17 02:26:55.778700,519
2026-02-17 02:26:55.786720,505
2026-02-17 02:26:55.794745,518
2026-02-17 02:26:55.802714,515
2026-02-17 02:26:55.810700,506
2026-02-17 02:26:55.818743,517
2026-02-17 02:26:55.826712,516
2026-02-17 02:26:55.834706,510
2026-02-17 02:26:55.842695,513
2026-02-17 02:26:55.850857,512
2026-02-17 02:26:55.858755,520
2026-02-17 02:26:55.866706,515
2026-02-17 02:26:55.874716,509
2026-02-17 02:26:55.882721,514
2026-02-17 02:26:55.890709,508
2026-02-17 02:26:55.898764,516
2026-02-17 02:26:55.906706,514
2026-02-17 02:26:55.914734,517
2026-02-17 02:26:55.922709,514
2026-02-17 02:26:55.930720,511
2026-02-17 02:26:55.938819,507
2026-02-17 02:26:55.946821,508
2026-02-17 02:26:55.954792,509
2026-02-17 02:26:55.962749,517
2026-02-17 02:26:55.970764,518
2026-02-17 02:26:55.978725,516
2026-02-17 02:26:55.986754,512
2026-02-17 02:26:55.994701,511
2026-02-17 02:26:56.002716,511
2026-02-17 02:26:56.010797,514
2026-02-17 02:26:56.018757,517
2026-02-17 02:26:56.026701,514
2026-02-17 02:26:56.034661,506
2026-02-17 02:26:56.042724,505
2026-02-17 02:26:56.050666,517
2026-02-17 02:26:56.058765,520
2026-02-17 02:26:56.066723,511
2026-02-17 02:26:56.074684,508
2026-02-17 02:26:56.082698,503
2026-02-17 02:26:56.090793,514
2026-02-17 02:26:56.098682,505
2026-02-17 02:26:56.106719,509
2026-02-17 02:26:56.114796,513
2026-02-17 02:26:56.122657,503
2026-02-17 02:26:56.130709,517
2026-02-17 02:26:56.138708,507
2026-02-17 02:26:56.146761,505
2026-02-17 02:26:56.154729,518
2026-02-17 02:26:56.162711,514
2026-02-17 02:26:56.170703,505
2026-02-17 02:26:56.178706,512
2026-02-17 02:26:56.186705,518
2026-02-17 02:26:56.194704,512
2026-02-17 02:26:56.202816,513
2026-02-17 02:26:56.210741,509
2026-02-17 02:26:56.218691,513
2026-02-17 02:26:56.226672,505
2026-02-17 02:26:56.234815,516
2026-02-17 02:26:56.242739,516
2026-02-17 02:26:56.250728,515
2026-02-17 02:26:56.258735,507
2026-02-17 02:26:56.266899,508
2026-02-17 02:26:56.274766,507
2026-02-17 02:26:56.282757,509
2026-02-17 02:26:56.290733,515
2026-02-17 02:26:56.298714,516
2026-02-17 02:26:56.306713,515
2026-02-17 02:26:56.314719,525
2026-02-17 02:26:56.322722,505
2026-02-17 02:26:56.330712,509
2026-02-17 02:26:56.338742,524
2026-02-17 02:26:56.346755,516
2026-02-17 02:26:56.354721,520
2026-02-17 02:26:56.362763,510
2026-02-17 02:26:56.370759,513
2026-02-17 02:26:56.378710,514
2026-02-17 02:26:56.386749,514
2026-02-17 02:26:56.394725,515
2026-02-17 02:26:56.402716,512
2026-02-17 02:26:56.410709,518
2026-02-17 02:26:56.418721,515
2026-02-17 02:26:56.426719,499
2026-02-17 02:26:56.434703,512
2026-02-17 02:26:56.442704,522
2026-02-17 02:26:56.450705,507
2026-02-17 02:26:56.458719,509
2026-02-17 02:26:56.466796,511
2026-02-17 02:26:56.474655,522
2026-02-17 02:26:56.482666,504
2026-02-17 02:26:56.490701,510
2026-02-17 02:26:56.498719,518
2026-02-17 02:26:56.506715,506
2026-02-17 02:26:56.514703,505
2026-02-17 02:26:56.522709,500
2026-02-17 02:26:56.530711,505
2026-02-17 02:26:56.538774,504
2026-02-17 02:26:56.546727,512
2026-02-17 02:26:56.554730,512
2026-02-17 02:26:56.562718,515
2026-02-17 02:26:56.570792,513
2026-02-17 02:26:56.578769,514
2026-02-17 02:26:56.586715,519
2026-02-17 02:26:56.594750,522
2026-02-17 02:26:56.602714,514
2026-02-17 02:26:56.610782,514
2026-02-17 02:26:56.618762,512
2026-02-17 02:26:56.626712,513
2026-02-17 02:26:56.634736,513
2026-02-17 02:26:56.642725,514
2026-02-17 02:26:56.650778,512
2026-02-17 02:26:56.658723,518
2026-02-17 02:26:56.666755,505
2026-02-17 02:26:56.674708,515
2026-02-17 02:26:56.682727,508
2026-02-17 02:26:56.690720,508
2026-02-17 02:26:56.698720,512
2026-02-17 02:26:56.706714,506
2026-02-17 02:26:56.714712,509
2026-02-17 02:26:56.722708,514
2026-02-17 02:26:56.730704,500
2026-02-17 02:26:56.738869,512
2026-02-17 02:26:56.746777,508
2026-02-17 02:26:56.754791,518
2026-02-17 02:26:56.762713,508
2026-02-17 02:26:56.770795,508
2026-02-17 02:26:56.778766,518
2026-02-17 02:26:56.786749,508
2026-02-17 02:26:56.794715,514
2026-02-17 02:26:56.802726,515
2026-02-17 02:26:56.810747,511
2026-02-17 02:26:56.818728,517
2026-02-17 02:26:56.826735,502
2026-02-17 02:26:56.834803,510
2026-02-17 02:26:56.842784,516
2026-02-17 02:26:56.850811,519
2026-02-17 02:26:56.858785,511
2026-02-17 02:26:56.866757,500
2026-02-17 02:26:56.874725,506
2026-02-17 02:26:56.882712,506
2026-02-17 02:26:56.890735,510
2026-02-17 02:26:56.898765,520
2026-02-17 02:26:56.906716,518
2026-02-17 02:26:56.914709,518
2026-02-17 02:26:56.922716,507
2026-02-17 02:26:56.930709,508
2026-02-17 02:26:56.938766,510
2026-02-17 02:26:56.946711,515
2026-02-17 02:26:56.954757,526
2026-02-17 02:26:56.962720,513
2026-02-17 02:26:56.970679,509
2026-02-17 02:26:56.978741,521
2026-02-17 02:26:56.986761,509
2026-02-17 02:26:56.994717,498
2026-02-17 02:26:57.002721,505
2026-02-17 02:26:57.010715,518
2026-02-17 02:26:57.018744,515
2026-02-17 02:26:57.026773,511
2026-02-17 02:26:57.034737,522
2026-02-17 02:26:57.042853,512
2026-02-17 02:26:57.050849,515
2026-02-17 02:26:57.058745,507
2026-02-17 02:26:57.066725,512
2026-02-17 02:26:57.074766,513
2026-02-17 02:26:57.082693,511
2026-02-17 02:26:57.090692,510
2026-02-17 02:26:57.098685,518
2026-02-17 02:26:57.106665,512
2026-02-17 02:26:57.114676,514
2026-02-17 02:26:57.122712,512
2026-02-17 02:26:57.130704,525
2026-02-17 02:26:57.138702,518
2026-02-17 02:26:57.146733,510
2026-02-17 02:26:57.154753,513
2026-02-17 02:26:57.162761,510
2026-02-17 02:26:57.170719,512
2026-02-17 02:26:57.178712,513
2026-02-17 02:26:57.186727,509
2026-02-17 02:26:57.194750,517
2026-02-17 02:26:57.202716,509
2026-02-17 02:26:57.210715,511
2026-02-17 02:26:57.218709,512
2026-02-17 02:26:57.226654,510
2026-02-17 02:26:57.234842,510
2026-02-17 02:26:57.242811,508
2026-02-17 02:26:57.250793,518
2026-02-17 02:26:57.258734,516
2026-02-17 02:26:57.266765,506
2026-02-17 02:26:57.274729,518
2026-02-17 02:26:57.282757,516
2026-02-17 02:26:57.290761,519
2026-02-17 02:26:57.298718,517
2026-02-17 02:26:57.306707,504
2026-02-17 02:26:57.314704,503
2026-02-17 02:26:57.322752,506
2026-02-17 02:26:57.330713,515
2026-02-17 02:26:57.338721,518
2026-02-17 02:26:57.346807,518
2026-02-17 02:26:57.354763,516
2026-02-17 02:26:57.362745,510
2026-02-17 02:26:57.370725,512
2026-02-17 02:26:57.378661,518
2026-02-17 02:26:57.386730,508
2026-02-17 02:26:57.394744,516
2026-02-17 02:26:57.402725,511
2026-02-17 02:26:57.410719,514
2026-02-17 02:26:57.418716,506
2026-02-17 02:26:57.426716,510
2026-02-17 02:26:57.434724,514
2026-02-17 02:26:57.442715,512
2026-02-17 02:26:57.450780,503
2026-02-17 02:26:57.458728,513
2026-02-17 02:26:57.466718,508
2026-02-17 02:26:57.474700,508
2026-02-17 02:26:57.482706,513
2026-02-17 02:26:57.490718,510
2026-02-17 02:26:57.498675,513
2026-02-17 02:26:57.506709,501
2026-02-17 02:26:57.514726,521
2026-02-17 02:26:57.522718,505
2026-02-17 02:26:57.530719,513
2026-02-17 02:26:57.538713,520
2026-02-17 02:26:57.546775,501
2026-02-17 02:26:57.554763,513
2026-02-17 02:26:57.562714,501
2026-02-17 02:26:57.570743,517
2026-02-17 02:26:57.578776,517
2026-02-17 02:26:57.586675,510
2026-02-17 02:26:57.594736,518
2026-02-17 02:26:57.602750,515
2026-02-17 02:26:57.610720,517
2026-02-17 02:26:57.618721,520
2026-02-17 02:26:57.626720,513
2026-02-17 02:26:57.634718,512
2026-02-17 02:26:57.642716,512
2026-02-17 02:26:57.650733,513
2026-02-17 02:26:57.658711,510
2026-02-17 02:26:57.666707,504
2026-02-17 02:26:57.674721,516
2026-02-17 02:26:57.682717,501
2026-02-17 02:26:57.690713,501
2026-02-17 02:26:57.698712,515
2026-02-17 02:26:57.706712,505
2026-02-17 02:26:57.714726,507
2026-02-17 02:26:57.722712,505
2026-02-17 02:26:57.730714,515
2026-02-17 02:26:57.738832,515
2026-02-17 02:26:57.746747,513
2026-02-17 02:26:57.754804,518
2026-02-17 02:26:57.762772,509
2026-02-17 02:26:57.770720,510
2026-02-17 02:26:57.778781,516
2026-02-17 02:26:57.786806,516
2026-02-17 02:26:57.794766,527
2026-02-17 02:26:57.802709,506
2026-02-17 02:26:57.810712,514
2026-02-17 02:26:57.818781,523
2026-02-17 02:26:57.826718,516
2026-02-17 02:26:57.834712,512
2026-02-17 02:26:57.842717,508
2026-02-17 02:26:57.850884,520
2026-02-17 02:26:57.858910,512
2026-02-17 02:26:57.866817,506
2026-02-17 02:26:57.874766,521
2026-02-17 02:26:57.882770,514
2026-02-17 02:26:57.890901,517
2026-02-17 02:26:57.898806,526
2026-02-17 02:26:57.906829,512
2026-02-17 02:26:57.914777,516
2026-02-17 02:26:57.922817,506
2026-02-17 02:26:57.930800,519
2026-02-17 02:26:57.938782,524
2026-02-17 02:26:57.946781,515
2026-02-17 02:26:57.954797,514
2026-02-17 02:26:57.962839,515
2026-02-17 02:26:57.970836,513
2026-02-17 02:26:57.978816,502
2026-02-17 02:26:57.986856,506
2026-02-17 02:26:57.994780,521
2026-02-17 02:26:58.002814,514
2026-02-17 02:26:58.010902,515
2026-02-17 02:26:58.018773,506
2026-02-17 02:26:58.026818,504
2026-02-17 02:26:58.035590,512
2026-02-17 02:26:58.042848,514
2026-02-17 02:26:58.050896,518
2026-02-17 02:26:58.058853,522
2026-02-17 02:26:58.066883,499
2026-02-17 02:26:58.074822,509
2026-02-17 02:26:58.082823,512
2026-02-17 02:26:58.090893,509
2026-02-17 02:26:58.098905,507
2026-02-17 02:26:58.106812,507
2026-02-17 02:26:58.114823,509
2026-02-17 02:26:58.122824,505
2026-02-17 02:26:58.130815,509
2026-02-17 02:26:58.138803,510
2026-02-17 02:26:58.146807,506
2026-02-17 02:26:58.154792,519
2026-02-17 02:26:58.162778,509
2026-02-17 02:26:58.170792,502
2026-02-17 02:26:58.178779,504
2026-02-17 02:26:58.186870,517
2026-02-17 02:26:58.194875,522
2026-02-17 02:26:58.202854,503
2026-02-17 02:26:58.210858,513
2026-02-17 02:26:58.218839,517
2026-02-17 02:26:58.226776,511
2026-02-17 02:26:58.234800,521
2026-02-17 02:26:58.242811,521
2026-02-17 02:26:58.250820,516
2026-02-17 02:26:58.258780,515
2026-02-17 02:26:58.266805,502
2026-02-17 02:26:58.274835,513
2026-02-17 02:26:58.282804,514
2026-02-17 02:26:58.290782,525
2026-02-17 02:26:58.298769,514
2026-02-17 02:26:58.306776,502
2026-02-17 02:26:58.314724,509
2026-02-17 02:26:58.322879,515
2026-02-17 02:26:58.330746,513
2026-02-17 02:26:58.338820,515
2026-02-17 02:26:58.347107,504
2026-02-17 02:26:58.354737,507
2026-02-17 02:26:58.362743,497
2026-02-17 02:26:58.370821,508
2026-02-17 02:26:58.378803,507
2026-02-17 02:26:58.386806,512
2026-02-17 02:26:58.394763,524
2026-02-17 02:26:58.402855,508
2026-02-17 02:26:58.410752,505
2026-02-17 02:26:58.418756,509
2026-02-17 02:26:58.426752,511
2026-02-17 02:26:58.434756,512
2026-02-17 02:26:58.442744,514
2026-02-17 02:26:58.450766,514
2026-02-17 02:26:58.458752,517
2026-02-17 02:26:58.466754,510
2026-02-17 02:26:58.474741,519
2026-02-17 02:26:58.482751,512
2026-02-17 02:26:58.490768,517
2026-02-17 02:26:58.498793,523
2026-02-17 02:26:58.506743,503
2026-02-17 02:26:58.514750,516
2026-02-17 02:26:58.522749,513
2026-02-17 02:26:58.530740,512
2026-02-17 02:26:58.538756,515
2026-02-17 02:26:58.546772,515
2026-02-17 02:26:58.554742,512
2026-02-17 02:26:58.562756,507
2026-02-17 02:26:58.570877,513
2026-02-17 02:26:58.578748,515
2026-02-17 02:26:58.586892,511
2026-02-17 02:26:58.594749,509
2026-02-17 02:26:58.602856,511
2026-02-17 02:26:58.610747,511
2026-02-17 02:26:58.618878,519
2026-02-17 02:26:58.626746,509
2026-02-17 02:26:58.634742,520
2026-02-17 02:26:58.642764,516
2026-02-17 02:26:58.650799,512
2026-02-17 02:26:58.658762,512
2026-02-17 02:26:58.666753,506
2026-02-17 02:26:58.674860,522
2026-02-17 02:26:58.682807,522
2026-02-17 02:26:58.690784,521
2026-02-17 02:26:58.698810,513
2026-02-17 02:26:58.706726,511
2026-02-17 02:26:58.714733,517
2026-02-17 02:26:58.722738,508
2026-02-17 02:26:58.730779,515
2026-02-17 02:26:58.738838,512
2026-02-17 02:26:58.746781,510
2026-02-17 02:26:58.754783,513
2026-02-17 02:26:58.762800,506
2026-02-17 02:26:58.770727,498
2026-02-17 02:26:58.778734,508
2026-02-17 02:26:58.786833,510
2026-02-17 02:26:58.794787,519
2026-02-17 02:26:58.802769,507
2026-02-17 02:26:58.810719,498
2026-02-17 02:26:58.818731,508
2026-02-17 02:26:58.826729,513
2026-02-17 02:26:58.834734,515
2026-02-17 02:26:58.842723,516
2026-02-17 02:26:58.850801,509
2026-02-17 02:26:58.858784,509
2026-02-17 02:26:58.866731,507
2026-02-17 02:26:58.874713,526
2026-02-17 02:26:58.882740,512
2026-02-17 02:26:58.890749,513
2026-02-17 02:26:58.898868,508
2026-02-17 02:26:58.906778,505
2026-02-17 02:26:58.914718,511
2026-02-17 02:26:58.922719,505
2026-02-17 02:26:58.930779,503
2026-02-17 02:26:58.938782,500
2026-02-17 02:26:58.946780,506
2026-02-17 02:26:58.954775,525
2026-02-17 02:26:58.962781,506
2026-02-17 02:26:58.970731,511
2026-02-17 02:26:58.978737,518
2026-02-17 02:26:58.986733,506
2026-02-17 02:26:58.994732,525
2026-02-17 02:26:59.002736,515
2026-02-17 02:26:59.010861,516
2026-02-17 02:26:59.018801,513
2026-02-17 02:26:59.026810,511
2026-02-17 02:26:59.034789,513
2026-02-17 02:26:59.042869,505
2026-02-17 02:26:59.050802,515
2026-02-17 02:26:59.058772,519
2026-02-17 02:26:59.066801,513
2026-02-17 02:26:59.074850,520
2026-02-17 02:26:59.082778,511
2026-02-17 02:26:59.090763,502
2026-02-17 02:26:59.098785,505
2026-02-17 02:26:59.106736,506
2026-02-17 02:26:59.114743,520
2026-02-17 02:26:59.122731,513
2026-02-17 02:26:59.130745,515
2026-02-17 02:26:59.138760,514
2026-02-17 02:26:59.146777,503
2026-02-17 02:26:59.154789,517
2026-02-17 02:26:59.162767,514
2026-02-17 02:26:59.170740,515
2026-02-17 02:26:59.178735,517
2026-02-17 02:26:59.186720,497
2026-02-17 02:26:59.194727,515
2026-02-17 02:26:59.202774,507
2026-02-17 02:26:59.210756,502
2026-02-17 02:26:59.218719,514
2026-02-17 02:26:59.226740,515
2026-02-17 02:26:59.234776,518
2026-02-17 02:26:59.242775,511
2026-02-17 02:26:59.250808,512
2026-02-17 02:26:59.258829,516
2026-02-17 02:26:59.266743,517
2026-02-17 02:26:59.274721,521
2026-02-17 02:26:59.282726,509
2026-02-17 02:26:59.290737,518
2026-02-17 02:26:59.298759,520
2026-02-17 02:26:59.306736,510
2026-02-17 02:26:59.314713,509
2026-02-17 02:26:59.322735,501
2026-02-17 02:26:59.330730,509
2026-02-17 02:26:59.338749,509
2026-02-17 02:26:59.346729,501
2026-02-17 02:26:59.354731,506
2026-02-17 02:26:59.362740,508
2026-02-17 02:26:59.370787,512
2026-02-17 02:26:59.378736,512
2026-02-17 02:26:59.386747,503
2026-02-17 02:26:59.394729,517
2026-02-17 02:26:59.402779,506
2026-02-17 02:26:59.410736,511
2026-02-17 02:26:59.418730,516
2026-02-17 02:26:59.426719,504
2026-02-17 02:26:59.434728,508
2026-02-17 02:26:59.442765,504
2026-02-17 02:26:59.450744,515
2026-02-17 02:26:59.458723,515
2026-02-17 02:26:59.466735,509
2026-02-17 02:26:59.474732,510
2026-02-17 02:26:59.482724,512
2026-02-17 02:26:59.490738,523
2026-02-17 02:26:59.498728,524
2026-02-17 02:26:59.506729,511
2026-02-17 02:26:59.514696,516
2026-02-17 02:26:59.522717,514
2026-02-17 02:26:59.530784,517
2026-02-17 02:26:59.538770,508
2026-02-17 02:26:59.546810,503
2026-02-17 02:26:59.554802,519
2026-02-17 02:26:59.562740,514
2026-02-17 02:26:59.570756,519
2026-02-17 02:26:59.578757,522
2026-02-17 02:26:59.586705,521
2026-02-17 02:26:59.594792,511
2026-02-17 02:26:59.602766,509
2026-02-17 02:26:59.610793,510
2026-02-17 02:26:59.618729,511
2026-02-17 02:26:59.626743,512
2026-02-17 02:26:59.634752,522
2026-02-17 02:26:59.642733,509
2026-02-17 02:26:59.650733,515
2026-02-17 02:26:59.658734,515
2026-02-17 02:26:59.666729,510
2026-02-17 02:26:59.674735,520
2026-02-17 02:26:59.682738,499
2026-02-17 02:26:59.690726,509
2026-02-17 02:26:59.698729,511
2026-02-17 02:26:59.706723,514
2026-02-17 02:26:59.714728,508
2026-02-17 02:26:59.722731,508
2026-02-17 02:26:59.730726,516
2026-02-17 02:26:59.738852,509
2026-02-17 02:26:59.746739,500
2026-02-17 02:26:59.754804,512
2026-02-17 02:26:59.762744,517
2026-02-17 02:26:59.770812,518
2026-02-17 02:26:59.778748,515
2026-02-17 02:26:59.786775,509
2026-02-17 02:26:59.794737,510
2026-02-17 02:26:59.802731,509
2026-02-17 02:26:59.810740,522
2026-02-17 02:26:59.818721,504
2026-02-17 02:26:59.826727,506
2026-02-17 02:26:59.834742,510
2026-02-17 02:26:59.842738,514
2026-02-17 02:26:59.850863,509
2026-02-17 02:26:59.858734,508
2026-02-17 02:26:59.866778,512
2026-02-17 02:26:59.874746,517
2026-02-17 02:26:59.882794,514
2026-02-17 02:26:59.890779,514
2026-02-17 02:26:59.898770,508
2026-02-17 02:26:59.906786,505
2026-02-17 02:26:59.914734,515
2026-02-17 02:26:59.922738,506
2026-02-17 02:26:59.930748,508
2026-02-17 02:26:59.938840,517
2026-02-17 02:26:59.946815,507
2026-02-17 02:26:59.954771,508
2026-02-17 02:26:59.962754,500
2026-02-17 02:26:59.970735,507
2026-02-17 02:26:59.978727,509
2026-02-17 02:26:59.986752,511
2026-02-17 02:26:59.994744,502
2026-02-17 02:27:00.002835,510
2026-02-17 02:27:00.010886,513
2026-02-17 02:27:00.018798,516
2026-02-17 02:27:00.026826,498
2026-02-17 02:27:00.034772,517
2026-02-17 02:27:00.042798,510
2026-02-17 02:27:00.050793,513
2026-02-17 02:27:00.058751,520
2026-02-17 02:27:00.066764,507
2026-02-17 02:27:00.075500,523
2026-02-17 02:27:00.082829,499
2026-02-17 02:27:00.090781,508
2026-02-17 02:27:00.098786,516
2026-02-17 02:27:00.106758,523
2026-02-17 02:27:00.114751,530
2026-02-17 02:27:00.122735,512
2026-02-17 02:27:00.130785,524
2026-02-17 02:27:00.138774,522
2026-02-17 02:27:00.146692,513
2026-02-17 02:27:00.154749,520
2026-02-17 02:27:00.162698,513
2026-02-17 02:27:00.170701,511
2026-02-17 02:27:00.178741,512
2026-02-17 02:27:00.186737,504
2026-02-17 02:27:00.194741,515
2026-02-17 02:27:00.202697,511
2026-02-17 02:27:00.210780,516
2026-02-17 02:27:00.218716,519
2026-02-17 02:27:00.226722,510
2026-02-17 02:27:00.234733,503
2026-02-17 02:27:00.242709,511
2026-02-17 02:27:00.250720,504
2026-02-17 02:27:00.258727,503
2026-02-17 02:27:00.266740,509
2026-02-17 02:27:00.274723,520
2026-02-17 02:27:00.282696,512
2026-02-17 02:27:00.290729,514
2026-02-17 02:27:00.298697,508
2026-02-17 02:27:00.306727,511
2026-02-17 02:27:00.314721,513
2026-02-17 02:27:00.322818,512
2026-02-17 02:27:00.330740,512
2026-02-17 02:27:00.338695,519
2026-02-17 02:27:00.346753,510
2026-02-17 02:27:00.354804,509
2026-02-17 02:27:00.362742,510
2026-02-17 02:27:00.370711,511
2026-02-17 02:27:00.378728,520
2026-02-17 02:27:00.386689,515
2026-02-17 02:27:00.394748,509
2026-02-17 02:27:00.402736,508
2026-02-17 02:27:00.410729,506
2026-02-17 02:27:00.418785,512
2026-02-17 02:27:00.426738,511
2026-02-17 02:27:00.434815,517
2026-02-17 02:27:00.442757,510
2026-02-17 02:27:00.450713,509
2026-02-17 02:27:00.458726,511
2026-02-17 02:27:00.466691,506
2026-02-17 02:27:00.474698,515
2026-02-17 02:27:00.482712,507
2026-02-17 02:27:00.490709,505
2026-02-17 02:27:00.498695,515
2026-02-17 02:27:00.506728,507
2026-02-17 02:27:00.514690,520
2026-02-17 02:27:00.522720,513
2026-02-17 02:27:00.530689,519
2026-02-17 02:27:00.538701,515
2026-02-17 02:27:00.546719,511
2026-02-17 02:27:00.554745,519
2026-02-17 02:27:00.562709,510
2026-02-17 02:27:00.570749,519
2026-02-17 02:27:00.578727,515
2026-02-17 02:27:00.586732,503
2026-02-17 02:27:00.594718,524
2026-02-17 02:27:00.602733,522
2026-02-17 02:27:00.610724,513
2026-02-17 02:27:00.618730,512
2026-02-17 02:27:00.626713,516
2026-02-17 02:27:00.634775,517
2026-02-17 02:27:00.642720,511
2026-02-17 02:27:00.650735,515
2026-02-17 02:27:00.658725,517
2026-02-17 02:27:00.666732,519
2026-02-17 02:27:00.674729,521
2026-02-17 02:27:00.682729,504
2026-02-17 02:27:00.690706,512
2026-02-17 02:27:00.698714,514
2026-02-17 02:27:00.706725,502
2026-02-17 02:27:00.714731,518
2026-02-17 02:27:00.722747,507
2026-02-17 02:27:00.730714,508
2026-02-17 02:27:00.738727,509
2026-02-17 02:27:00.746755,507
2026-02-17 02:27:00.754741,517
2026-02-17 02:27:00.762800,500
2026-02-17 02:27:00.770798,505
2026-02-17 02:27:00.778772,514
2026-02-17 02:27:00.786784,512
2026-02-17 02:27:00.794732,511
2026-02-17 02:27:00.802772,502
2026-02-17 02:27:00.810727,507
2026-02-17 02:27:00.818731,525
2026-02-17 02:27:00.826747,517
2026-02-17 02:27:00.834736,512
2026-02-17 02:27:00.842752,502
2026-02-17 02:27:00.850846,506
2026-02-17 02:27:00.858814,517
2026-02-17 02:27:00.866839,516
2026-02-17 02:27:00.874790,520
2026-02-17 02:27:00.882813,515
2026-02-17 02:27:00.890737,508
2026-02-17 02:27:00.898764,504
2026-02-17 02:27:00.906730,503
2026-02-17 02:27:00.914736,515
2026-02-17 02:27:00.922740,515
2026-02-17 02:27:00.930726,518
2026-02-17 02:27:00.938771,516
2026-02-17 02:27:00.946745,512
2026-02-17 02:27:00.954769,521
2026-02-17 02:27:00.962779,511
2026-02-17 02:27:00.970749,515
2026-02-17 02:27:00.978746,525
2026-02-17 02:27:00.986746,505
2026-02-17 02:27:00.994732,505
2026-02-17 02:27:01.002743,515
2026-02-17 02:27:01.010962,521
2026-02-17 02:27:01.018872,518
2026-02-17 02:27:01.026776,509
2026-02-17 02:27:01.034747,529
2026-02-17 02:27:01.042770,511
2026-02-17 02:27:01.050876,514
2026-02-17 02:27:01.058826,512
2026-02-17 02:27:01.066856,509
2026-02-17 02:27:01.074807,517
2026-02-17 02:27:01.082813,517
2026-02-17 02:27:01.090854,516
2026-02-17 02:27:01.098827,519
2026-02-17 02:27:01.106798,519
2026-02-17 02:27:01.114747,528
2026-02-17 02:27:01.122778,508
2026-02-17 02:27:01.130737,511
2026-02-17 02:27:01.138761,500
2026-02-17 02:27:01.146801,501
2026-02-17 02:27:01.154704,514
2026-02-17 02:27:01.162756,504
2026-02-17 02:27:01.170772,512
2026-02-17 02:27:01.178748,511
2026-02-17 02:27:01.186782,511
2026-02-17 02:27:01.194746,518
2026-02-17 02:27:01.202733,507
2026-02-17 02:27:01.210729,512
2026-02-17 02:27:01.218737,505
2026-02-17 02:27:01.226743,512
2026-02-17 02:27:01.234795,527
2026-02-17 02:27:01.242779,507
2026-02-17 02:27:01.250693,509
2026-02-17 02:27:01.258837,508
2026-02-17 02:27:01.266806,507
2026-02-17 02:27:01.274752,519
2026-02-17 02:27:01.282755,512
2026-02-17 02:27:01.290749,518
2026-02-17 02:27:01.298741,509
2026-02-17 02:27:01.306750,507
2026-02-17 02:27:01.314724,519
2026-02-17 02:27:01.322786,513
2026-02-17 02:27:01.330732,513
2026-02-17 02:27:01.338759,512
2026-02-17 02:27:01.346734,504
2026-02-17 02:27:01.354980,513
2026-02-17 02:27:01.362818,505
2026-02-17 02:27:01.370714,506
2026-02-17 02:27:01.378801,495
2026-02-17 02:27:01.386785,495
2026-02-17 02:27:01.394767,511
2026-02-17 02:27:01.402753,514
2026-02-17 02:27:01.410746,513
2026-02-17 02:27:01.418770,507
2026-02-17 02:27:01.426745,515
2026-02-17 02:27:01.434739,511
2026-02-17 02:27:01.442766,512
2026-02-17 02:27:01.450752,509
2026-02-17 02:27:01.458732,504
2026-02-17 02:27:01.466752,513
2026-02-17 02:27:01.474739,520
2026-02-17 02:27:01.482742,514
2026-02-17 02:27:01.490735,511
2026-02-17 02:27:01.498742,510
2026-02-17 02:27:01.506736,513
2026-02-17 02:27:01.514731,514
2026-02-17 02:27:01.522741,509
2026-02-17 02:27:01.530746,518
2026-02-17 02:27:01.538733,518
2026-02-17 02:27:01.546693,508
2026-02-17 02:27:01.554819,522
2026-02-17 02:27:01.562811,512
2026-02-17 02:27:01.570758,521
2026-02-17 02:27:01.578729,516
2026-02-17 02:27:01.586693,510
2026-02-17 02:27:01.594743,512
2026-02-17 02:27:01.602754,515
2026-02-17 02:27:01.610742,510
2026-02-17 02:27:01.618736,517
2026-02-17 02:27:01.626739,512
2026-02-17 02:27:01.634774,518
2026-02-17 02:27:01.642805,523
2026-02-17 02:27:01.650798,513
2026-02-17 02:27:01.658758,514
2026-02-17 02:27:01.666784,493
2026-02-17 02:27:01.674750,515
2026-02-17 02:27:01.682792,522
2026-02-17 02:27:01.690755,508
2026-02-17 02:27:01.698807,515
2026-02-17 02:27:01.706745,510
2026-02-17 02:27:01.714756,523
2026-02-17 02:27:01.722755,512
2026-02-17 02:27:01.730746,518
2026-02-17 02:27:01.738830,511
2026-02-17 02:27:01.746766,513
2026-02-17 02:27:01.754801,521
2026-02-17 02:27:01.762758,507
2026-02-17 02:27:01.770818,518
2026-02-17 02:27:01.778771,517
2026-02-17 02:27:01.786755,506
2026-02-17 02:27:01.794741,519
2026-02-17 02:27:01.802750,518
2026-02-17 02:27:01.810742,519
2026-02-17 02:27:01.818745,521
2026-02-17 02:27:01.826735,505
2026-02-17 02:27:01.834747,511
2026-02-17 02:27:01.842735,512
2026-02-17 02:27:01.850854,515
2026-02-17 02:27:01.858758,518
2026-02-17 02:27:01.866760,517
2026-02-17 02:27:01.874769,514
2026-02-17 02:27:01.882738,514
2026-02-17 02:27:01.890751,510
2026-02-17 02:27:01.898745,511
2026-02-17 02:27:01.906747,512
2026-02-17 02:27:01.914741,514
2026-02-17 02:27:01.922741,508
2026-02-17 02:27:01.930760,509
2026-02-17 02:27:01.938811,509
2026-02-17 02:27:01.946758,509
2026-02-17 02:27:01.954800,511
2026-02-17 02:27:01.962807,510
2026-02-17 02:27:01.970745,522
2026-02-17 02:27:01.978749,521
2026-02-17 02:27:01.986738,506
2026-02-17 02:27:01.994743,505
2026-02-17 02:27:02.002755,507
2026-02-17 02:27:02.010742,496
2026-02-17 02:27:02.018805,507
2026-02-17 02:27:02.026792,510
2026-02-17 02:27:02.034813,518
2026-02-17 02:27:02.042741,509
2026-02-17 02:27:02.050753,507
2026-02-17 02:27:02.058720,512
2026-02-17 02:27:02.066749,501
2026-02-17 02:27:02.074719,510
2026-02-17 02:27:02.082768,514
2026-02-17 02:27:02.090827,519
2026-02-17 02:27:02.098744,522
2026-02-17 02:27:02.106751,518
2026-02-17 02:27:02.114701,518
2026-02-17 02:27:02.122803,511
2026-02-17 02:27:02.130736,516
2026-02-17 02:27:02.138695,512
2026-02-17 02:27:02.148420,507
2026-02-17 02:27:02.154859,518
2026-02-17 02:27:02.162841,520
2026-02-17 02:27:02.170811,521
2026-02-17 02:27:02.178766,519
2026-02-17 02:27:02.186759,501
2026-02-17 02:27:02.194754,509
2026-02-17 02:27:02.202818,509
2026-02-17 02:27:02.210832,520
2026-02-17 02:27:02.218766,516
2026-02-17 02:27:02.226814,516
2026-02-17 02:27:02.234814,520
2026-02-17 02:27:02.242805,508
2026-02-17 02:27:02.250706,503
2026-02-17 02:27:02.258830,510
2026-02-17 02:27:02.266828,508
2026-02-17 02:27:02.274863,516
2026-02-17 02:27:02.282867,513
2026-02-17 02:27:02.290809,513
2026-02-17 02:27:02.298758,514
2026-02-17 02:27:02.306746,503
2026-02-17 02:27:02.314760,512
2026-02-17 02:27:02.322749,510
2026-02-17 02:27:02.330749,515
2026-02-17 02:27:02.338744,511
2026-02-17 02:27:02.346782,517
2026-02-17 02:27:02.354752,512
2026-02-17 02:27:02.362699,507
2026-02-17 02:27:02.370771,512
2026-02-17 02:27:02.378749,515
2026-02-17 02:27:02.386803,513
2026-02-17 02:27:02.394752,520
2026-02-17 02:27:02.402805,511
2026-02-17 02:27:02.410775,505
2026-02-17 02:27:02.418803,511
2026-02-17 02:27:02.426762,510
2026-02-17 02:27:02.434752,516
2026-02-17 02:27:02.442791,503
2026-02-17 02:27:02.450749,512
2026-02-17 02:27:02.458745,518
2026-02-17 02:27:02.466757,517
2026-02-17 02:27:02.474753,517
2026-02-17 02:27:02.482745,517
2026-02-17 02:27:02.490758,511
2026-02-17 02:27:02.498751,515
2026-02-17 02:27:02.506742,520
2026-02-17 02:27:02.514737,509
2026-02-17 02:27:02.522752,506
2026-02-17 02:27:02.530750,514
2026-02-17 02:27:02.538806,520
2026-02-17 02:27:02.546822,516
2026-02-17 02:27:02.554796,526
2026-02-17 02:27:02.562846,508
2026-02-17 02:27:02.570740,503
2026-02-17 02:27:02.578820,516
2026-02-17 02:27:02.586771,512
2026-02-17 02:27:02.594764,519
2026-02-17 02:27:02.602741,509
2026-02-17 02:27:02.610800,514
2026-02-17 02:27:02.618741,510
2026-02-17 02:27:02.626756,506
2026-02-17 02:27:02.634749,518
2026-02-17 02:27:02.642755,515
2026-02-17 02:27:02.650752,516
2026-02-17 02:27:02.658752,517
2026-02-17 02:27:02.666748,509
2026-02-17 02:27:02.674754,514
2026-02-17 02:27:02.682752,509
2026-02-17 02:27:02.690742,507
2026-02-17 02:27:02.698787,508
2026-02-17 02:27:02.706760,505
2026-02-17 02:27:02.714786,515
2026-02-17 02:27:02.722750,515
2026-02-17 02:27:02.730782,520
2026-02-17 02:27:02.738830,507
2026-02-17 02:27:02.746777,500
2026-02-17 02:27:02.754809,508
2026-02-17 02:27:02.762751,503
2026-02-17 02:27:02.770739,507
2026-02-17 02:27:02.778837,511
2026-02-17 02:27:02.786789,513
2026-02-17 02:27:02.794759,515
2026-02-17 02:27:02.802744,513
2026-02-17 02:27:02.810764,520
2026-02-17 02:27:02.818756,517
2026-02-17 02:27:02.826741,503
2026-02-17 02:27:02.834804,520
2026-02-17 02:27:02.842843,515
2026-02-17 02:27:02.850890,511
2026-02-17 02:27:02.858815,510
2026-02-17 02:27:02.866801,514
2026-02-17 02:27:02.874842,518
2026-02-17 02:27:02.882803,506
2026-02-17 02:27:02.890807,517
2026-02-17 02:27:02.898780,521
2026-02-17 02:27:02.906749,515
2026-02-17 02:27:02.914787,519
2026-02-17 02:27:02.922738,501
2026-02-17 02:27:02.930758,510
2026-02-17 02:27:02.938759,509
2026-02-17 02:27:02.946749,513
2026-02-17 02:27:02.954754,520
2026-02-17 02:27:02.962788,516
2026-02-17 02:27:02.970754,519
2026-02-17 02:27:02.978765,511
2026-02-17 02:27:02.986751,507
2026-02-17 02:27:02.994736,510
2026-02-17 02:27:03.002755,513
2026-02-17 02:27:03.010765,517
2026-02-17 02:27:03.018814,521
2026-02-17 02:27:03.026882,515
2026-02-17 02:27:03.034862,512
2026-02-17 02:27:03.042847,512
2026-02-17 02:27:03.050823,515
2026-02-17 02:27:03.058842,518
2026-02-17 02:27:03.066754,510
2026-02-17 02:27:03.074859,514
2026-02-17 02:27:03.082747,505
2026-02-17 02:27:03.090767,505
2026-02-17 02:27:03.098710,514
2026-02-17 02:27:03.106757,517
2026-02-17 02:27:03.114897,512
2026-02-17 02:27:03.122789,514
2026-02-17 02:27:03.130894,514
2026-02-17 02:27:03.138764,504
2026-02-17 02:27:03.146814,514
2026-02-17 02:27:03.154758,518
2026-02-17 02:27:03.162833,507
2026-02-17 02:27:03.170825,517
2026-02-17 02:27:03.178776,511
2026-02-17 02:27:03.186753,499
2026-02-17 02:27:03.194759,513
2026-02-17 02:27:03.202760,513
2026-02-17 02:27:03.210798,513
2026-02-17 02:27:03.218753,518
2026-02-17 02:27:03.226761,505
2026-02-17 02:27:03.234881,514
2026-02-17 02:27:03.242814,512
2026-02-17 02:27:03.250779,518
2026-02-17 02:27:03.258781,514
2026-02-17 02:27:03.266776,511
2026-02-17 02:27:03.274778,512
2026-02-17 02:27:03.282768,504
2026-02-17 02:27:03.290763,519
2026-02-17 02:27:03.298762,516
2026-02-17 02:27:03.306751,514
2026-02-17 02:27:03.314745,517
2026-02-17 02:27:03.322752,504
2026-02-17 02:27:03.330750,509
2026-02-17 02:27:03.338760,512
2026-02-17 02:27:03.346761,509
2026-02-17 02:27:03.354802,513
2026-02-17 02:27:03.362735,506
2026-02-17 02:27:03.370874,511
2026-02-17 02:27:03.378728,513
2026-02-17 02:27:03.386754,506
2026-02-17 02:27:03.394783,513
2026-02-17 02:27:03.402754,513
2026-02-17 02:27:03.410758,509
2026-02-17 02:27:03.418760,507
2026-02-17 02:27:03.426754,500
2026-02-17 02:27:03.434758,519
2026-02-17 02:27:03.442786,512
2026-02-17 02:27:03.450812,513
2026-02-17 02:27:03.458773,505
2026-02-17 02:27:03.466753,501
2026-02-17 02:27:03.474782,512
2026-02-17 02:27:03.482760,510
2026-02-17 02:27:03.490751,506
2026-02-17 02:27:03.498753,505
2026-02-17 02:27:03.506747,500
2026-02-17 02:27:03.514741,508
2026-02-17 02:27:03.522753,504
2026-02-17 02:27:03.530747,512
2026-02-17 02:27:03.538761,512
2026-02-17 02:27:03.546773,517
2026-02-17 02:27:03.554752,515
2026-02-17 02:27:03.562757,510
2026-02-17 02:27:03.570759,513
2026-02-17 02:27:03.578742,516
2026-02-17 02:27:03.586764,505
2026-02-17 02:27:03.594697,511
2026-02-17 02:27:03.602752,505
2026-02-17 02:27:03.610775,522
2026-02-17 02:27:03.618773,516
2026-02-17 02:27:03.626717,513
2026-02-17 02:27:03.634782,516
2026-02-17 02:27:03.642786,509
2026-02-17 02:27:03.650834,506
2026-02-17 02:27:03.658771,506
2026-02-17 02:27:03.666766,515
2026-02-17 02:27:03.674775,519
2026-02-17 02:27:03.682871,513
2026-02-17 02:27:03.690833,512
2026-02-17 02:27:03.698761,513
2026-02-17 02:27:03.706764,510
2026-02-17 02:27:03.714752,510
2026-02-17 02:27:03.722818,506
2026-02-17 02:27:03.730747,503
2026-02-17 02:27:03.738853,510
2026-02-17 02:27:03.746842,516
2026-02-17 02:27:03.754822,517
2026-02-17 02:27:03.762763,505
2026-02-17 02:27:03.770809,510
2026-02-17 02:27:03.778856,514
2026-02-17 02:27:03.786773,513
2026-02-17 02:27:03.794758,509
2026-02-17 02:27:03.802761,499
2026-02-17 02:27:03.810760,507
2026-02-17 02:27:03.818757,523
2026-02-17 02:27:03.826756,518
2026-02-17 02:27:03.834757,516
2026-02-17 02:27:03.842755,511
2026-02-17 02:27:03.850921,514
2026-02-17 02:27:03.858790,510
2026-02-17 02:27:03.866831,499
2026-02-17 02:27:03.874770,516
2026-02-17 02:27:03.882828,514
2026-02-17 02:27:03.890801,522
2026-02-17 02:27:03.898778,512
2026-02-17 02:27:03.906762,507
2026-02-17 02:27:03.914755,510
2026-02-17 02:27:03.922766,515
2026-02-17 02:27:03.930797,508
2026-02-17 02:27:03.938762,522
2026-02-17 02:27:03.946808,517
2026-02-17 02:27:03.955300,523
2026-02-17 02:27:03.962812,509
2026-02-17 02:27:03.970828,516
2026-02-17 02:27:03.978787,522
2026-02-17 02:27:03.986760,515
2026-02-17 02:27:03.994760,521
2026-02-17 02:27:04.002800,503
2026-02-17 02:27:04.010772,514
2026-02-17 02:27:04.018824,512
2026-02-17 02:27:04.026765,510
2026-02-17 02:27:04.034843,518
2026-02-17 02:27:04.042740,509
2026-02-17 02:27:04.050749,516
2026-02-17 02:27:04.058836,499
2026-02-17 02:27:04.066801,512
2026-02-17 02:27:04.074833,513
2026-02-17 02:27:04.082861,505
2026-02-17 02:27:04.090815,514
2026-02-17 02:27:04.098789,516
2026-02-17 02:27:04.106810,499
2026-02-17 02:27:04.114867,522
2026-02-17 02:27:04.122804,519
2026-02-17 02:27:04.130801,516
2026-02-17 02:27:04.138768,518
2026-02-17 02:27:04.146758,512
2026-02-17 02:27:04.154794,521
2026-02-17 02:27:04.162777,511
2026-02-17 02:27:04.170773,516
2026-02-17 02:27:04.178784,515
2026-02-17 02:27:04.186825,518
2026-02-17 02:27:04.194775,523
2026-02-17 02:27:04.202766,507
2026-02-17 02:27:04.210750,506
2026-02-17 02:27:04.218798,506
2026-02-17 02:27:04.226767,512
2026-02-17 02:27:04.234818,523
2026-02-17 02:27:04.242796,515
2026-02-17 02:27:04.250765,514
2026-02-17 02:27:04.258860,511
2026-02-17 02:27:04.266815,506
2026-02-17 02:27:04.274784,515
2026-02-17 02:27:04.282762,510
2026-02-17 02:27:04.290821,508
2026-02-17 02:27:04.298761,517
2026-02-17 02:27:04.306769,509
2026-02-17 02:27:04.314775,516
2026-02-17 02:27:04.322759,508
2026-02-17 02:27:04.330750,515
2026-02-17 02:27:04.338762,518
2026-02-17 02:27:04.346761,512
2026-02-17 02:27:04.354803,515
2026-02-17 02:27:04.362794,500
2026-02-17 02:27:04.370763,512
2026-02-17 02:27:04.378764,519
2026-02-17 02:27:04.386808,513
2026-02-17 02:27:04.394714,519
2026-02-17 02:27:04.402755,506
2026-02-17 02:27:04.410822,509
2026-02-17 02:27:04.418752,499
2026-02-17 02:27:04.426762,510
2026-02-17 02:27:04.434753,516
2026-02-17 02:27:04.442820,516
2026-02-17 02:27:04.450766,517
2026-02-17 02:27:04.458775,519
2026-02-17 02:27:04.466760,513
2026-02-17 02:27:04.474763,510
2026-02-17 02:27:04.482742,509
2026-02-17 02:27:04.490766,509
2026-02-17 02:27:04.498754,508
2026-02-17 02:27:04.506763,519
2026-02-17 02:27:04.514759,522
2026-02-17 02:27:04.522753,509
2026-02-17 02:27:04.530760,521
2026-02-17 02:27:04.538744,521
2026-02-17 02:27:04.546811,522
2026-02-17 02:27:04.554798,524
2026-02-17 02:27:04.562773,504
2026-02-17 02:27:04.570817,506
2026-02-17 02:27:04.578780,504
2026-02-17 02:27:04.586723,506
2026-02-17 02:27:04.594772,523
2026-02-17 02:27:04.602714,515
2026-02-17 02:27:04.610744,516
2026-02-17 02:27:04.618777,510
2026-02-17 02:27:04.626779,508
2026-02-17 02:27:04.634781,521
2026-02-17 02:27:04.642813,514
2026-02-17 02:27:04.650742,518
2026-02-17 02:27:04.658815,512
2026-02-17 02:27:04.666772,511
2026-02-17 02:27:04.674764,516
2026-02-17 02:27:04.682768,514
2026-02-17 02:27:04.690765,502
2026-02-17 02:27:04.698811,502
2026-02-17 02:27:04.706769,512
2026-02-17 02:27:04.714758,509
2026-02-17 02:27:04.722759,511
2026-02-17 02:27:04.730763,515
2026-02-17 02:27:04.738812,515
2026-02-17 02:27:04.746740,519
2026-02-17 02:27:04.754783,509
2026-02-17 02:27:04.762773,507
2026-02-17 02:27:04.770822,514
2026-02-17 02:27:04.778845,516
2026-02-17 02:27:04.786807,507
2026-02-17 02:27:04.794763,517
2026-02-17 02:27:04.802775,513
2026-02-17 02:27:04.810768,518
2026-02-17 02:27:04.818769,515
2026-02-17 02:27:04.826762,509
2026-02-17 02:27:04.834764,522
2026-02-17 02:27:04.842779,520
2026-02-17 02:27:04.850875,519
2026-02-17 02:27:04.858851,513
2026-02-17 02:27:04.866794,520
2026-02-17 02:27:04.874768,524
2026-02-17 02:27:04.882804,507
2026-02-17 02:27:04.890766,515
2026-02-17 02:27:04.898804,514
2026-02-17 02:27:04.906824,509
2026-02-17 02:27:04.914762,518
2026-02-17 02:27:04.922764,504
2026-02-17 02:27:04.930778,517
2026-02-17 02:27:04.938758,519
2026-02-17 02:27:04.946775,512
2026-02-17 02:27:04.954862,514
2026-02-17 02:27:04.962825,509
2026-02-17 02:27:04.970808,520
2026-02-17 02:27:04.978772,517
2026-02-17 02:27:04.986772,513
2026-02-17 02:27:04.994756,512
2026-02-17 02:27:05.002764,507
2026-02-17 02:27:05.010796,512
2026-02-17 02:27:05.018792,505
2026-02-17 02:27:05.026743,503
2026-02-17 02:27:05.034751,503
2026-02-17 02:27:05.042761,503
2026-02-17 02:27:05.050772,518
2026-02-17 02:27:05.058759,523
2026-02-17 02:27:05.066736,515
2026-02-17 02:27:05.074745,519
2026-02-17 02:27:05.082759,511
2026-02-17 02:27:05.090736,515
2026-02-17 02:27:05.098763,521
2026-02-17 02:27:05.106742,505
2026-02-17 02:27:05.114733,513
2026-02-17 02:27:05.122757,507
2026-02-17 02:27:05.130863,518
2026-02-17 02:27:05.138740,525
2026-02-17 02:27:05.146768,515
2026-02-17 02:27:05.154724,519
2026-02-17 02:27:05.162740,505
2026-02-17 02:27:05.170756,505
2026-02-17 02:27:05.178746,516
2026-02-17 02:27:05.186741,514
2026-02-17 02:27:05.194743,520
2026-02-17 02:27:05.202798,500
2026-02-17 02:27:05.210755,513
2026-02-17 02:27:05.218762,513
2026-02-17 02:27:05.226784,508
2026-02-17 02:27:05.234739,518
2026-02-17 02:27:05.242728,520
2026-02-17 02:27:05.250757,500
2026-02-17 02:27:05.258717,514
2026-02-17 02:27:05.266753,513
2026-02-17 02:27:05.274751,528
2026-02-17 02:27:05.282746,514
2026-02-17 02:27:05.290732,504
2026-02-17 02:27:05.298769,520
2026-02-17 02:27:05.306733,511
2026-02-17 02:27:05.314731,502
2026-02-17 02:27:05.322740,507
2026-02-17 02:27:05.330896,510
2026-02-17 02:27:05.338718,508
2026-02-17 02:27:05.346749,517
2026-02-17 02:27:05.354745,510
2026-02-17 02:27:05.362848,497
2026-02-17 02:27:05.370800,512
2026-02-17 02:27:05.378772,519
2026-02-17 02:27:05.386799,522
2026-02-17 02:27:05.394852,516
2026-02-17 02:27:05.402790,520
2026-02-17 02:27:05.410767,522
2026-02-17 02:27:05.418772,509
2026-02-17 02:27:05.426768,504
2026-02-17 02:27:05.434790,513
2026-02-17 02:27:05.442772,509
2026-02-17 02:27:05.450765,517
2026-02-17 02:27:05.458784,514
2026-02-17 02:27:05.466825,518
2026-02-17 02:27:05.474816,510
2026-02-17 02:27:05.482803,502
2026-02-17 02:27:05.490766,514
2026-02-17 02:27:05.498763,513
2026-02-17 02:27:05.506768,508
2026-02-17 02:27:05.514808,510
2026-02-17 02:27:05.522777,504
2026-02-17 02:27:05.530784,513
2026-02-17 02:27:05.538783,504
2026-02-17 02:27:05.546766,507
2026-02-17 02:27:05.554773,515
2026-02-17 02:27:05.562765,513
2026-02-17 02:27:05.570784,515
2026-02-17 02:27:05.578792,513
2026-02-17 02:27:05.586736,509
2026-02-17 02:27:05.594780,503
2026-02-17 02:27:05.602768,498
2026-02-17 02:27:05.610774,513
2026-02-17 02:27:05.618767,511
2026-02-17 02:27:05.626719,503
2026-02-17 02:27:05.634727,519
2026-02-17 02:27:05.642796,519
2026-02-17 02:27:05.650709,517
2026-02-17 02:27:05.658806,509
2026-02-17 02:27:05.666792,503
2026-02-17 02:27:05.674772,518
2026-02-17 02:27:05.682808,514
2026-02-17 02:27:05.690760,511
2026-02-17 02:27:05.698776,504
2026-02-17 02:27:05.706763,499
2026-02-17 02:27:05.714769,504
2026-02-17 02:27:05.722768,505
2026-02-17 02:27:05.730787,512
2026-02-17 02:27:05.738914,512
2026-02-17 02:27:05.746816,511
2026-02-17 02:27:05.754856,502
2026-02-17 02:27:05.762843,492
2026-02-17 02:27:05.770780,499
2026-02-17 02:27:05.778917,506
2026-02-17 02:27:05.786813,515
2026-02-17 02:27:05.794809,513
2026-02-17 02:27:05.802798,509
2026-02-17 02:27:05.810765,508
2026-02-17 02:27:05.818782,514
2026-02-17 02:27:05.826771,514
2026-02-17 02:27:05.834785,518
2026-02-17 02:27:05.842774,509
2026-02-17 02:27:05.850884,519
2026-02-17 02:27:05.858853,514
2026-02-17 02:27:05.866795,523
2026-02-17 02:27:05.874786,509
2026-02-17 02:27:05.882771,512
2026-02-17 02:27:05.890773,505
2026-02-17 02:27:05.898777,510
2026-02-17 02:27:05.906767,512
2026-02-17 02:27:05.914784,508
2026-02-17 02:27:05.922789,515
2026-02-17 02:27:05.930778,523
2026-02-17 02:27:05.938767,507
2026-02-17 02:27:05.946774,510
2026-02-17 02:27:05.954767,512
2026-02-17 02:27:05.962812,505
2026-02-17 02:27:05.970764,508
2026-02-17 02:27:05.978807,518
2026-02-17 02:27:05.986781,517
2026-02-17 02:27:05.994779,512
2026-02-17 02:27:06.002811,502
2026-02-17 02:27:06.010960,519
2026-02-17 02:27:06.018786,509
2026-02-17 02:27:06.026756,514
2026-02-17 02:27:06.034884,525
2026-02-17 02:27:06.042866,511
2026-02-17 02:27:06.050820,520
2026-02-17 02:27:06.058854,516
2026-02-17 02:27:06.066838,507
2026-02-17 02:27:06.074846,513
2026-02-17 02:27:06.082825,514
2026-02-17 02:27:06.090849,502
2026-02-17 02:27:06.098879,510
2026-02-17 02:27:06.106822,505
2026-02-17 02:27:06.114790,512
2026-02-17 02:27:06.122837,514
2026-02-17 02:27:06.130764,505
2026-02-17 02:27:06.138738,513
2026-02-17 02:27:06.146838,514
2026-02-17 02:27:06.154774,518
2026-02-17 02:27:06.162793,510
2026-02-17 02:27:06.170793,515
2026-02-17 02:27:06.178807,511
2026-02-17 02:27:06.186824,513
2026-02-17 02:27:06.194820,510
2026-02-17 02:27:06.202769,507
2026-02-17 02:27:06.210819,513
2026-02-17 02:27:06.218770,512
2026-02-17 02:27:06.226790,512
2026-02-17 02:27:06.234814,521
2026-02-17 02:27:06.242808,508
2026-02-17 02:27:06.250832,515
2026-02-17 02:27:06.258811,508
2026-02-17 02:27:06.266824,508
2026-02-17 02:27:06.274818,519
2026-02-17 02:27:06.282807,514
2026-02-17 02:27:06.290787,510
2026-02-17 02:27:06.298788,513
2026-02-17 02:27:06.306768,504
2026-02-17 02:27:06.314769,520
2026-02-17 02:27:06.322770,509
2026-02-17 02:27:06.330788,519
2026-02-17 02:27:06.338823,508
2026-02-17 02:27:06.346775,502
2026-02-17 02:27:06.354821,503
2026-02-17 02:27:06.362833,511
2026-02-17 02:27:06.370777,515
2026-02-17 02:27:06.378913,511
2026-02-17 02:27:06.386792,507
2026-02-17 02:27:06.394802,514
2026-02-17 02:27:06.402798,500
2026-02-17 02:27:06.410784,512
2026-02-17 02:27:06.418824,517
2026-02-17 02:27:06.426781,513
2026-02-17 02:27:06.434773,511
2026-02-17 02:27:06.442797,498
2026-02-17 02:27:06.450771,513
2026-02-17 02:27:06.458773,510
2026-02-17 02:27:06.466771,521
2026-02-17 02:27:06.474782,513
2026-02-17 02:27:06.482775,514
2026-02-17 02:27:06.490775,513
2026-02-17 02:27:06.498768,512
2026-02-17 02:27:06.506785,513
2026-02-17 02:27:06.514723,506
2026-02-17 02:27:06.522772,497
2026-02-17 02:27:06.530789,508
2026-02-17 02:27:06.538801,506
2026-02-17 02:27:06.546819,503
2026-02-17 02:27:06.554775,523
2026-02-17 02:27:06.562771,520
2026-02-17 02:27:06.570768,519
2026-02-17 02:27:06.578795,517
2026-02-17 02:27:06.586768,510
2026-02-17 02:27:06.594748,505
2026-02-17 02:27:06.602772,520
2026-02-17 02:27:06.610815,528
2026-02-17 02:27:06.618782,514
2026-02-17 02:27:06.626781,515
2026-02-17 02:27:06.634773,510
2026-02-17 02:27:06.642789,503
2026-02-17 02:27:06.650830,523
2026-02-17 02:27:06.658810,520
2026-02-17 02:27:06.666782,510
2026-02-17 02:27:06.674800,515
2026-02-17 02:27:06.682869,501
2026-02-17 02:27:06.690806,514
2026-02-17 02:27:06.698790,511
2026-02-17 02:27:06.706845,515
2026-02-17 02:27:06.714791,520
2026-02-17 02:27:06.722778,511
2026-02-17 02:27:06.730788,501
2026-02-17 02:27:06.738925,512
2026-02-17 02:27:06.746838,517
2026-02-17 02:27:06.754816,515
2026-02-17 02:27:06.762786,509
2026-02-17 02:27:06.770791,510
2026-02-17 02:27:06.778861,512
2026-02-17 02:27:06.786858,521
2026-02-17 02:27:06.794798,514
2026-02-17 02:27:06.802784,513
2026-02-17 02:27:06.810820,511
2026-02-17 02:27:06.818773,516
2026-02-17 02:27:06.826773,507
2026-02-17 02:27:06.834786,514
2026-02-17 02:27:06.842782,512
2026-02-17 02:27:06.850900,519
2026-02-17 02:27:06.858840,514
2026-02-17 02:27:06.866799,514
2026-02-17 02:27:06.874802,516
2026-02-17 02:27:06.882778,504
2026-02-17 02:27:06.890795,507
2026-02-17 02:27:06.898782,516
2026-02-17 02:27:06.906775,515
2026-02-17 02:27:06.914825,512
2026-02-17 02:27:06.922780,509
2026-02-17 02:27:06.930774,522
2026-02-17 02:27:06.938771,515
2026-02-17 02:27:06.946874,507
2026-02-17 02:27:06.954825,517
2026-02-17 02:27:06.962900,517
2026-02-17 02:27:06.970848,521
2026-02-17 02:27:06.978864,514
2026-02-17 02:27:06.986777,517
2026-02-17 02:27:06.994797,510
2026-02-17 02:27:07.002802,509
2026-02-17 02:27:07.010790,512
2026-02-17 02:27:07.018792,516
2026-02-17 02:27:07.026805,509
2026-02-17 02:27:07.034723,510
2026-02-17 02:27:07.042813,510
2026-02-17 02:27:07.050817,506
2026-02-17 02:27:07.058763,518
2026-02-17 02:27:07.066765,515
2026-02-17 02:27:07.074815,512
2026-02-17 02:27:07.082848,507
2026-02-17 02:27:07.090742,512
2026-02-17 02:27:07.098786,516
2026-02-17 02:27:07.106800,503
2026-02-17 02:27:07.114798,514
2026-02-17 02:27:07.122796,510
2026-02-17 02:27:07.130782,511
2026-02-17 02:27:07.138761,504
2026-02-17 02:27:07.146837,508
2026-02-17 02:27:07.154751,522
2026-02-17 02:27:07.162742,513
2026-02-17 02:27:07.170785,520
2026-02-17 02:27:07.178813,509
2026-02-17 02:27:07.186791,514
2026-02-17 02:27:07.194846,516
2026-02-17 02:27:07.202830,502
2026-02-17 02:27:07.210780,514
2026-02-17 02:27:07.218801,507
2026-02-17 02:27:07.226778,507
2026-02-17 02:27:07.234811,502
2026-02-17 02:27:07.242787,497
2026-02-17 02:27:07.250826,513
2026-02-17 02:27:07.258909,516
2026-02-17 02:27:07.266832,511
2026-02-17 02:27:07.274755,508
2026-02-17 02:27:07.282790,512
2026-02-17 02:27:07.290808,520
2026-02-17 02:27:07.298783,500
2026-02-17 02:27:07.306784,492
2026-02-17 02:27:07.314775,510
2026-02-17 02:27:07.322805,510
2026-02-17 02:27:07.330798,519
2026-02-17 02:27:07.338782,504
2026-02-17 02:27:07.346770,509
2026-02-17 02:27:07.354786,516
2026-02-17 02:27:07.362820,511
2026-02-17 02:27:07.370750,517
2026-02-17 02:27:07.378850,513
2026-02-17 02:27:07.386830,506
2026-02-17 02:27:07.394799,516
2026-02-17 02:27:07.402782,510
2026-02-17 02:27:07.410779,509
2026-02-17 02:27:07.418879,509
2026-02-17 02:27:07.426849,511
2026-02-17 02:27:07.434803,514
2026-02-17 02:27:07.442791,504
2026-02-17 02:27:07.450806,511
2026-02-17 02:27:07.458782,517
2026-02-17 02:27:07.466781,509
2026-02-17 02:27:07.474776,517
2026-02-17 02:27:07.482782,511
2026-02-17 02:27:07.490781,524
2026-02-17 02:27:07.498782,520
2026-02-17 02:27:07.506775,516
2026-02-17 02:27:07.514778,514
2026-02-17 02:27:07.522778,510
2026-02-17 02:27:07.530778,506
2026-02-17 02:27:07.538835,505
2026-02-17 02:27:07.546780,511
2026-02-17 02:27:07.554836,516
2026-02-17 02:27:07.562779,512
2026-02-17 02:27:07.570787,514
2026-02-17 02:27:07.578827,513
2026-02-17 02:27:07.586797,509
2026-02-17 02:27:07.594789,506
2026-02-17 02:27:07.602753,508
2026-02-17 02:27:07.610785,518
2026-02-17 02:27:07.618788,513
2026-02-17 02:27:07.626779,514
2026-02-17 02:27:07.634780,517
2026-02-17 02:27:07.642785,514
2026-02-17 02:27:07.650779,522
2026-02-17 02:27:07.658785,521
2026-02-17 02:27:07.666731,510
2026-02-17 02:27:07.674746,512
2026-02-17 02:27:07.682761,513
2026-02-17 02:27:07.690844,515
2026-02-17 02:27:07.698808,519
2026-02-17 02:27:07.706785,522
2026-02-17 02:27:07.714777,518
2026-02-17 02:27:07.722780,505
2026-02-17 02:27:07.730798,514
2026-02-17 02:27:07.738974,513
2026-02-17 02:27:07.746801,501
2026-02-17 02:27:07.754793,511
2026-02-17 02:27:07.762829,514
2026-02-17 02:27:07.770807,514
2026-02-17 02:27:07.778860,506
2026-02-17 02:27:07.786842,513
2026-02-17 02:27:07.794800,509
2026-02-17 02:27:07.802844,506
2026-02-17 02:27:07.810779,507
2026-02-17 02:27:07.818787,513
2026-02-17 02:27:07.826781,513
2026-02-17 02:27:07.834778,514
2026-02-17 02:27:07.843062,512
2026-02-17 02:27:07.850934,506
2026-02-17 02:27:07.858957,505
2026-02-17 02:27:07.866965,512
2026-02-17 02:27:07.874860,524
2026-02-17 02:27:07.882860,514
2026-02-17 02:27:07.890823,516
2026-02-17 02:27:07.898801,518
2026-02-17 02:27:07.906818,510
2026-02-17 02:27:07.914820,515
2026-02-17 02:27:07.922820,503
2026-02-17 02:27:07.930809,511
2026-02-17 02:27:07.938808,515
2026-02-17 02:27:07.946822,505
2026-02-17 02:27:07.954831,519
2026-02-17 02:27:07.962800,511
2026-02-17 02:27:07.970830,514
2026-02-17 02:27:07.978811,509
2026-02-17 02:27:07.986861,510
2026-02-17 02:27:07.994853,514
2026-02-17 02:27:08.002812,516
2026-02-17 02:27:08.010824,513
2026-02-17 02:27:08.018848,515
2026-02-17 02:27:08.026811,516
2026-02-17 02:27:08.034830,515
2026-02-17 02:27:08.042821,506
2026-02-17 02:27:08.050811,504
2026-02-17 02:27:08.058833,518
2026-02-17 02:27:08.066832,509
2026-02-17 02:27:08.074832,511
2026-02-17 02:27:08.082813,511
2026-02-17 02:27:08.090833,504
2026-02-17 02:27:08.098903,509
2026-02-17 02:27:08.106831,507
2026-02-17 02:27:08.114819,510
2026-02-17 02:27:08.122823,513
2026-02-17 02:27:08.130817,515
2026-02-17 02:27:08.138800,514
2026-02-17 02:27:08.146818,514
2026-02-17 02:27:08.154827,512
2026-02-17 02:27:08.162773,510
2026-02-17 02:27:08.170858,506
2026-02-17 02:27:08.178844,509
2026-02-17 02:27:08.186877,516
2026-02-17 02:27:08.194874,516
2026-02-17 02:27:08.202800,509
2026-02-17 02:27:08.210798,520
2026-02-17 02:27:08.218804,502
2026-02-17 02:27:08.226811,515
2026-02-17 02:27:08.234833,513
2026-02-17 02:27:08.242825,505
2026-02-17 02:27:08.250805,521
2026-02-17 02:27:08.258838,509
2026-02-17 02:27:08.266920,512
2026-02-17 02:27:08.274847,516
2026-02-17 02:27:08.282912,510
2026-02-17 02:27:08.290886,514
2026-02-17 02:27:08.298936,507
2026-02-17 02:27:08.306924,508
2026-02-17 02:27:08.314913,507
2026-02-17 02:27:08.322911,508
2026-02-17 02:27:08.330886,510
2026-02-17 02:27:08.338849,511
2026-02-17 02:27:08.346853,512
2026-02-17 02:27:08.354912,517
2026-02-17 02:27:08.362901,507
2026-02-17 02:27:08.370888,518
2026-02-17 02:27:08.378910,506
2026-02-17 02:27:08.386905,524
2026-02-17 02:27:08.394890,528
2026-02-17 02:27:08.402895,513
2026-02-17 02:27:08.410888,512
2026-02-17 02:27:08.418918,513
2026-02-17 02:27:08.426906,506
2026-02-17 02:27:08.434873,507
2026-02-17 02:27:08.442907,509
2026-02-17 02:27:08.450923,517
2026-02-17 02:27:08.458931,516
2026-02-17 02:27:08.466853,509
2026-02-17 02:27:08.474849,515
2026-02-17 02:27:08.482857,503
2026-02-17 02:27:08.490856,511
2026-02-17 02:27:08.498880,506
2026-02-17 02:27:08.506866,507
2026-02-17 02:27:08.514919,519
2026-02-17 02:27:08.522899,506
2026-02-17 02:27:08.530877,516
2026-02-17 02:27:08.538858,516
2026-02-17 02:27:08.546857,512
2026-02-17 02:27:08.554946,503
2026-02-17 02:27:08.562933,495
2026-02-17 02:27:08.570888,511
2026-02-17 02:27:08.578876,516
2026-02-17 02:27:08.586852,507
2026-02-17 02:27:08.594905,520
2026-02-17 02:27:08.602890,511
2026-02-17 02:27:08.610880,516
2026-02-17 02:27:08.618877,513
2026-02-17 02:27:08.626878,495
2026-02-17 02:27:08.634857,514
2026-02-17 02:27:08.642849,508
2026-02-17 02:27:08.650892,519
2026-02-17 02:27:08.658882,509
2026-02-17 02:27:08.666884,509
2026-02-17 02:27:08.674797,511
2026-02-17 02:27:08.682817,499
2026-02-17 02:27:08.690790,503
2026-02-17 02:27:08.698809,516
2026-02-17 02:27:08.706813,513
2026-02-17 02:27:08.714798,515
2026-02-17 02:27:08.722793,507
2026-02-17 02:27:08.730798,519
2026-02-17 02:27:08.738852,519
2026-02-17 02:27:08.746870,511
2026-02-17 02:27:08.754846,506
2026-02-17 02:27:08.762821,513
2026-02-17 02:27:08.770787,524
2026-02-17 02:27:08.778862,516
2026-02-17 02:27:08.786811,510
2026-02-17 02:27:08.794788,507
2026-02-17 02:27:08.802793,508
2026-02-17 02:27:08.810844,520
2026-02-17 02:27:08.818795,521
2026-02-17 02:27:08.826806,515
2026-02-17 02:27:08.834772,514
2026-02-17 02:27:08.842780,500
2026-02-17 02:27:08.850988,500
2026-02-17 02:27:08.858746,498
2026-02-17 02:27:08.866759,511
2026-02-17 02:27:08.874757,514
2026-02-17 02:27:08.882780,508
2026-02-17 02:27:08.890827,515
2026-02-17 02:27:08.898749,505
2026-02-17 02:27:08.906962,510
2026-02-17 02:27:08.914840,520
2026-02-17 02:27:08.922787,512
2026-02-17 02:27:08.930798,515
2026-02-17 02:27:08.938835,518
2026-02-17 02:27:08.946801,495
2026-02-17 02:27:08.954786,510
2026-02-17 02:27:08.962822,514
2026-02-17 02:27:08.970798,525
2026-02-17 02:27:08.978847,518
2026-02-17 02:27:08.986795,519
2026-02-17 02:27:08.994823,510
2026-02-17 02:27:09.002789,506
2026-02-17 02:27:09.010894,516
2026-02-17 02:27:09.018873,524
2026-02-17 02:27:09.026815,516
2026-02-17 02:27:09.034792,517
2026-02-17 02:27:09.042827,506
2026-02-17 02:27:09.050813,513
2026-02-17 02:27:09.058786,513
2026-02-17 02:27:09.066777,505
2026-02-17 02:27:09.074841,513
2026-02-17 02:27:09.082789,511
2026-02-17 02:27:09.090782,507
2026-02-17 02:27:09.098863,504
2026-02-17 02:27:09.106770,515
2026-02-17 02:27:09.114760,511
2026-02-17 02:27:09.122801,505
2026-02-17 02:27:09.130782,509
2026-02-17 02:27:09.138823,516
2026-02-17 02:27:09.146800,508
2026-02-17 02:27:09.154838,516
2026-02-17 02:27:09.162793,505
2026-02-17 02:27:09.170793,515
2026-02-17 02:27:09.178791,514
2026-02-17 02:27:09.186889,502
2026-02-17 02:27:09.194796,522
2026-02-17 02:27:09.202859,517
2026-02-17 02:27:09.210807,524
2026-02-17 02:27:09.218784,519
2026-02-17 02:27:09.226792,521
2026-02-17 02:27:09.234890,513
2026-02-17 02:27:09.242735,509
2026-02-17 02:27:09.250744,508
2026-02-17 02:27:09.258805,507
2026-02-17 02:27:09.266885,516
2026-02-17 02:27:09.274764,512
2026-02-17 02:27:09.282753,515
2026-02-17 02:27:09.290790,518
2026-02-17 02:27:09.298799,505
2026-02-17 02:27:09.306813,507
2026-02-17 02:27:09.314792,509
2026-02-17 02:27:09.322792,503
2026-02-17 02:27:09.330797,511
2026-02-17 02:27:09.338790,511
2026-02-17 02:27:09.346803,509
2026-02-17 02:27:09.354892,513
2026-02-17 02:27:09.362805,507
2026-02-17 02:27:09.370817,513
2026-02-17 02:27:09.378841,515
2026-02-17 02:27:09.386877,518
2026-02-17 02:27:09.394846,520
2026-02-17 02:27:09.402850,510
2026-02-17 02:27:09.410791,520
2026-02-17 02:27:09.418808,511
2026-02-17 02:27:09.426791,509
2026-02-17 02:27:09.434787,519
2026-02-17 02:27:09.442796,508
2026-02-17 02:27:09.450801,512
2026-02-17 02:27:09.458790,516
2026-02-17 02:27:09.466789,510
2026-02-17 02:27:09.474799,511
2026-02-17 02:27:09.482791,508
2026-02-17 02:27:09.490790,513
2026-02-17 02:27:09.498788,513
2026-02-17 02:27:09.506795,515
2026-02-17 02:27:09.514787,514
2026-02-17 02:27:09.522788,511
2026-02-17 02:27:09.530788,512
2026-02-17 02:27:09.538791,510
2026-02-17 02:27:09.546794,512
2026-02-17 02:27:09.554836,507
2026-02-17 02:27:09.562798,502
2026-02-17 02:27:09.570789,512
2026-02-17 02:27:09.578803,509
2026-02-17 02:27:09.586783,503
2026-02-17 02:27:09.594810,508
2026-02-17 02:27:09.602816,511
2026-02-17 02:27:09.610806,512
2026-02-17 02:27:09.618793,509
2026-02-17 02:27:09.626788,512
2026-02-17 02:27:09.634813,503
2026-02-17 02:27:09.642787,494
2026-02-17 02:27:09.650852,513
2026-02-17 02:27:09.658861,517
2026-02-17 02:27:09.666862,515
2026-02-17 02:27:09.674824,513
2026-02-17 02:27:09.682804,513
2026-02-17 02:27:09.690807,509
2026-02-17 02:27:09.698775,513
2026-02-17 02:27:09.706793,515
2026-02-17 02:27:09.714868,516
2026-02-17 02:27:09.722790,508
2026-02-17 02:27:09.730807,511
2026-02-17 02:27:09.738997,507
2026-02-17 02:27:09.746841,515
2026-02-17 02:27:09.754802,512
2026-02-17 02:27:09.762892,508
2026-02-17 02:27:09.770864,521
2026-02-17 02:27:09.778853,516
2026-02-17 02:27:09.786804,519
2026-02-17 02:27:09.794860,518
2026-02-17 02:27:09.802854,516
2026-02-17 02:27:09.810794,517
2026-02-17 02:27:09.818844,521
2026-02-17 02:27:09.826805,515
2026-02-17 02:27:09.834830,513
2026-02-17 02:27:09.842847,512
2026-02-17 02:27:09.850895,515
2026-02-17 02:27:09.858843,506
2026-02-17 02:27:09.866811,517
2026-02-17 02:27:09.874800,525
2026-02-17 02:27:09.882821,510
2026-02-17 02:27:09.890836,518
2026-02-17 02:27:09.898800,510
2026-02-17 02:27:09.906806,512
2026-02-17 02:27:09.914796,512
2026-02-17 02:27:09.922784,518
2026-02-17 02:27:09.930795,518
2026-02-17 02:27:09.938799,503
2026-02-17 02:27:09.946794,520
2026-02-17 02:27:09.954828,513
2026-02-17 02:27:09.962819,502
2026-02-17 02:27:09.970837,514
2026-02-17 02:27:09.978890,510
2026-02-17 02:27:09.986840,510
2026-02-17 02:27:09.994844,520
2026-02-17 02:27:10.002878,507
2026-02-17 02:27:10.010800,502
2026-02-17 02:27:10.018873,509
2026-02-17 02:27:10.026818,514
2026-02-17 02:27:10.034858,523
2026-02-17 02:27:10.042932,514
2026-02-17 02:27:10.050784,523
2026-02-17 02:27:10.058830,511
2026-02-17 02:27:10.066906,509
2026-02-17 02:27:10.074871,516
2026-02-17 02:27:10.082815,513
2026-02-17 02:27:10.090792,520
2026-02-17 02:27:10.098739,518
2026-02-17 02:27:10.106809,519
2026-02-17 02:27:10.114798,505
2026-02-17 02:27:10.122789,512
2026-02-17 02:27:10.130796,507
2026-02-17 02:27:10.138792,511
2026-02-17 02:27:10.146825,502
2026-02-17 02:27:10.154829,516
2026-02-17 02:27:10.162827,517
2026-02-17 02:27:10.170757,526
2026-02-17 02:27:10.178765,515
2026-02-17 02:27:10.186783,511
2026-02-17 02:27:10.194772,510
2026-02-17 02:27:10.202850,501
2026-02-17 02:27:10.210772,512
2026-02-17 02:27:10.218801,513
2026-02-17 02:27:10.226775,509
2026-02-17 02:27:10.234777,520
2026-02-17 02:27:10.242770,510
2026-02-17 02:27:10.250790,527
2026-02-17 02:27:10.258793,520
2026-02-17 02:27:10.266802,505
2026-02-17 02:27:10.274782,506
2026-02-17 02:27:10.282780,502
2026-02-17 02:27:10.290795,516
2026-02-17 02:27:10.298811,515
2026-02-17 02:27:10.306793,514
2026-02-17 02:27:10.314790,512
2026-02-17 02:27:10.322881,503
2026-02-17 02:27:10.330873,506
2026-02-17 02:27:10.338821,514
2026-02-17 02:27:10.346789,519
2026-02-17 02:27:10.354808,517
2026-02-17 02:27:10.362754,508
2026-02-17 02:27:10.370883,508
2026-02-17 02:27:10.378875,509
2026-02-17 02:27:10.386778,507
2026-02-17 02:27:10.394788,500
2026-02-17 02:27:10.402819,496
2026-02-17 02:27:10.410884,504
2026-02-17 02:27:10.418797,514
2026-02-17 02:27:10.426812,515
2026-02-17 02:27:10.434812,516
2026-02-17 02:27:10.442801,507
2026-02-17 02:27:10.450795,517
2026-02-17 02:27:10.458815,505
2026-02-17 02:27:10.466794,503
2026-02-17 02:27:10.474809,523
2026-02-17 02:27:10.482791,512
2026-02-17 02:27:10.490807,513
2026-02-17 02:27:10.498805,510
2026-02-17 02:27:10.506800,516
2026-02-17 02:27:10.514791,512
2026-02-17 02:27:10.522800,513
2026-02-17 02:27:10.530787,508
2026-02-17 02:27:10.538794,514
2026-02-17 02:27:10.546920,507
2026-02-17 02:27:10.554917,519
2026-02-17 02:27:10.562870,502
2026-02-17 02:27:10.570820,508
2026-02-17 02:27:10.578803,515
2026-02-17 02:27:10.586765,519
2026-02-17 02:27:10.594842,517
2026-02-17 02:27:10.602866,506
2026-02-17 02:27:10.610871,512
2026-02-17 02:27:10.618799,509
2026-02-17 02:27:10.626794,512
2026-02-17 02:27:10.634802,519
2026-02-17 02:27:10.642809,514
2026-02-17 02:27:10.650801,515
2026-02-17 02:27:10.658806,515
2026-02-17 02:27:10.666871,509
2026-02-17 02:27:10.674834,522
2026-02-17 02:27:10.682882,517
2026-02-17 02:27:10.690949,524
2026-02-17 02:27:10.698885,515
2026-02-17 02:27:10.706856,510
2026-02-17 02:27:10.714828,508
2026-02-17 02:27:10.722874,506
2026-02-17 02:27:10.730846,523
2026-02-17 02:27:10.738895,509
2026-02-17 02:27:10.746833,513
2026-02-17 02:27:10.754827,509
2026-02-17 02:27:10.762945,504
2026-02-17 02:27:10.770867,517
2026-02-17 02:27:10.778863,518
2026-02-17 02:27:10.786880,519
2026-02-17 02:27:10.794902,520
2026-02-17 02:27:10.802909,504
2026-02-17 02:27:10.810932,517
2026-02-17 02:27:10.818893,511
2026-02-17 02:27:10.826892,511
2026-02-17 02:27:10.834873,508
2026-02-17 02:27:10.842909,499
2026-02-17 02:27:10.850980,513
2026-02-17 02:27:10.858939,512
2026-02-17 02:27:10.867141,513
2026-02-17 02:27:10.874843,517
2026-02-17 02:27:10.882920,511
2026-02-17 02:27:10.890894,514
2026-02-17 02:27:10.898852,504
2026-02-17 02:27:10.906909,509
2026-02-17 02:27:10.914926,515
2026-02-17 02:27:10.922920,511
2026-02-17 02:27:10.930904,517
2026-02-17 02:27:10.938927,519
2026-02-17 02:27:10.946984,514
2026-02-17 02:27:10.954924,515
2026-02-17 02:27:10.962900,502
2026-02-17 02:27:10.970898,506
2026-02-17 02:27:10.978887,507
2026-02-17 02:27:10.986854,511
2026-02-17 02:27:10.994900,518
2026-02-17 02:27:11.002905,504
2026-02-17 02:27:11.011397,517
2026-02-17 02:27:11.018889,514
2026-02-17 02:27:11.026923,505
2026-02-17 02:27:11.034885,509
2026-02-17 02:27:11.042902,509
2026-02-17 02:27:11.050894,519
2026-02-17 02:27:11.058876,514
2026-02-17 02:27:11.066904,511
2026-02-17 02:27:11.074868,504
2026-02-17 02:27:11.082865,512
2026-02-17 02:27:11.090856,508
2026-02-17 02:27:11.098905,507
2026-02-17 02:27:11.106905,515
2026-02-17 02:27:11.114849,519
2026-02-17 02:27:11.122877,517
2026-02-17 02:27:11.130866,514
2026-02-17 02:27:11.138883,508
2026-02-17 02:27:11.146883,507
2026-02-17 02:27:11.154941,502
2026-02-17 02:27:11.162972,501
2026-02-17 02:27:11.170904,509
2026-02-17 02:27:11.178936,510
2026-02-17 02:27:11.186915,513
2026-02-17 02:27:11.194892,515
2026-02-17 02:27:11.202871,516
2026-02-17 02:27:11.210888,506
2026-02-17 02:27:11.218896,508
2026-02-17 02:27:11.226860,517
2026-02-17 02:27:11.234972,516
2026-02-17 02:27:11.242911,510
2026-02-17 02:27:11.250882,519
2026-02-17 02:27:11.258919,512
2026-02-17 02:27:11.266935,514
2026-02-17 02:27:11.274940,499
2026-02-17 02:27:11.282895,503
2026-02-17 02:27:11.290895,513
2026-02-17 02:27:11.298910,510
2026-02-17 02:27:11.306939,509
2026-02-17 02:27:11.314932,520
2026-02-17 02:27:11.322929,514
2026-02-17 02:27:11.330924,520
2026-02-17 02:27:11.338910,506
2026-02-17 02:27:11.346925,512
2026-02-17 02:27:11.354940,515
2026-02-17 02:27:11.362850,509
2026-02-17 02:27:11.370891,522
2026-02-17 02:27:11.378931,511
2026-02-17 02:27:11.386899,516
2026-02-17 02:27:11.394950,517
2026-02-17 02:27:11.402933,510
2026-02-17 02:27:11.410947,521
2026-02-17 02:27:11.419013,507
2026-02-17 02:27:11.426945,516
2026-02-17 02:27:11.434898,535
2026-02-17 02:27:11.442930,526
2026-02-17 02:27:11.450886,524
2026-02-17 02:27:11.458886,511
2026-02-17 02:27:11.466916,517
2026-02-17 02:27:11.474873,518
2026-02-17 02:27:11.482850,503
2026-02-17 02:27:11.490821,506
2026-02-17 02:27:11.498861,517
2026-02-17 02:27:11.506809,521
2026-02-17 02:27:11.514844,523
2026-02-17 02:27:11.522809,508
2026-02-17 02:27:11.530803,518
2026-02-17 02:27:11.538811,513
2026-02-17 02:27:11.546799,511
2026-02-17 02:27:11.554812,508
2026-02-17 02:27:11.562813,503
2026-02-17 02:27:11.570843,506
2026-02-17 02:27:11.578806,517
2026-02-17 02:27:11.586746,519
2026-02-17 02:27:11.594803,517
2026-02-17 02:27:11.602817,511
2026-02-17 02:27:11.610812,513
2026-02-17 02:27:11.618854,511
2026-02-17 02:27:11.626846,503
2026-02-17 02:27:11.634808,506
2026-02-17 02:27:11.642802,506
2026-02-17 02:27:11.650804,512
2026-02-17 02:27:11.658818,506
2026-02-17 02:27:11.666840,517
2026-02-17 02:27:11.674811,516
2026-02-17 02:27:11.682807,506
2026-02-17 02:27:11.690826,503
2026-02-17 02:27:11.698813,508
2026-02-17 02:27:11.706816,510
2026-02-17 02:27:11.714819,519
2026-02-17 02:27:11.722813,517
2026-02-17 02:27:11.730841,521
2026-02-17 02:27:11.738956,514
2026-02-17 02:27:11.746814,508
2026-02-17 02:27:11.754800,506
2026-02-17 02:27:11.762897,505
2026-02-17 02:27:11.770881,511
2026-02-17 02:27:11.778836,517
2026-02-17 02:27:11.786838,517
2026-02-17 02:27:11.794814,521
2026-02-17 02:27:11.802825,503
2026-02-17 02:27:11.810847,521
2026-02-17 02:27:11.818814,517
2026-02-17 02:27:11.826860,512
2026-02-17 02:27:11.834805,511
2026-02-17 02:27:11.842814,511
2026-02-17 02:27:11.850873,518
2026-02-17 02:27:11.858864,514
2026-02-17 02:27:11.866853,502
2026-02-17 02:27:11.874803,519
2026-02-17 02:27:11.882836,511
2026-02-17 02:27:11.890813,505
2026-02-17 02:27:11.898837,502
2026-02-17 02:27:11.906806,502
2026-02-17 02:27:11.914813,517
2026-02-17 02:27:11.922863,515
2026-02-17 02:27:11.930809,517
2026-02-17 02:27:11.938825,506
2026-02-17 02:27:11.946797,514
2026-02-17 02:27:11.954798,509
2026-02-17 02:27:11.962802,504
2026-02-17 02:27:11.970796,518
2026-02-17 02:27:11.978805,514
2026-02-17 02:27:11.986816,515
2026-02-17 02:27:11.994804,515
2026-02-17 02:27:12.002855,502
2026-02-17 02:27:12.010873,521
2026-02-17 02:27:12.018863,507
2026-02-17 02:27:12.026885,505
2026-02-17 02:27:12.034838,520
2026-02-17 02:27:12.042935,499
2026-02-17 02:27:12.050879,510
2026-02-17 02:27:12.058895,498
2026-02-17 02:27:12.066794,509
2026-02-17 02:27:12.074796,520
2026-02-17 02:27:12.082787,506
2026-02-17 02:27:12.090815,510
2026-02-17 02:27:12.098835,503
2026-02-17 02:27:12.106850,514
2026-02-17 02:27:12.114780,504
2026-02-17 02:27:12.122804,510
2026-02-17 02:27:12.130782,519
2026-02-17 02:27:12.138819,511
2026-02-17 02:27:12.146863,512
2026-02-17 02:27:12.154814,511
2026-02-17 02:27:12.162868,512
2026-02-17 02:27:12.170843,513
2026-02-17 02:27:12.178818,515
2026-02-17 02:27:12.186878,526
2026-02-17 02:27:12.194825,518
2026-02-17 02:27:12.202860,503
2026-02-17 02:27:12.210819,515
2026-02-17 02:27:12.218863,519
2026-02-17 02:27:12.226818,521
2026-02-17 02:27:12.234955,518
2026-02-17 02:27:12.242811,504
2026-02-17 02:27:12.250875,513
2026-02-17 02:27:12.258813,510
2026-02-17 02:27:12.266833,508
2026-02-17 02:27:12.274862,514
2026-02-17 02:27:12.282815,510
2026-02-17 02:27:12.290767,513
2026-02-17 02:27:12.298808,513
2026-02-17 02:27:12.306830,507
2026-02-17 02:27:12.314812,515
2026-02-17 02:27:12.322802,503
2026-02-17 02:27:12.330860,513
2026-02-17 02:27:12.338809,512
2026-02-17 02:27:12.346804,514
2026-02-17 02:27:12.354808,515
2026-02-17 02:27:12.362765,505
2026-02-17 02:27:12.370803,512
2026-02-17 02:27:12.378853,506
2026-02-17 02:27:12.386824,507
2026-02-17 02:27:12.394857,512
2026-02-17 02:27:12.402880,508
2026-02-17 02:27:12.410870,514
2026-02-17 02:27:12.418813,523
2026-02-17 02:27:12.426826,522
2026-02-17 02:27:12.434825,513
2026-02-17 02:27:12.442812,505
2026-02-17 02:27:12.450814,516
2026-02-17 02:27:12.458806,519
2026-02-17 02:27:12.466831,528
2026-02-17 02:27:12.474806,537
2026-02-17 02:27:12.482846,531
2026-02-17 02:27:12.490816,533
2026-02-17 02:27:12.498808,539
2026-02-17 02:27:12.506823,538
2026-02-17 02:27:12.514815,547
2026-02-17 02:27:12.522810,552
2026-02-17 02:27:12.530832,554
2026-02-17 02:27:12.538816,564
2026-02-17 02:27:12.546810,571
2026-02-17 02:27:12.554824,572
2026-02-17 02:27:12.562803,578
2026-02-17 02:27:12.570814,581
2026-02-17 02:27:12.578804,579
2026-02-17 02:27:12.586812,564
2026-02-17 02:27:12.594858,574
2026-02-17 02:27:12.602876,573
2026-02-17 02:27:12.610811,574
2026-02-17 02:27:12.618866,573
2026-02-17 02:27:12.626819,566
2026-02-17 02:27:12.634808,555
2026-02-17 02:27:12.642964,547
2026-02-17 02:27:12.650888,554
2026-02-17 02:27:12.658843,557
2026-02-17 02:27:12.666815,543
2026-02-17 02:27:12.674871,550
2026-02-17 02:27:12.682821,542
2026-02-17 02:27:12.690814,549
2026-02-17 02:27:12.698816,547
2026-02-17 02:27:12.706814,548
2026-02-17 02:27:12.714810,523
2026-02-17 02:27:12.722825,525
2026-02-17 02:27:12.730814,526
2026-02-17 02:27:12.738917,527
2026-02-17 02:27:12.746878,535
2026-02-17 02:27:12.754773,526
2026-02-17 02:27:12.762973,528
2026-02-17 02:27:12.770814,535
2026-02-17 02:27:12.778816,522
2026-02-17 02:27:12.786808,520
2026-02-17 02:27:12.794816,522
2026-02-17 02:27:12.802837,523
2026-02-17 02:27:12.810812,527
2026-02-17 02:27:12.818817,516
2026-02-17 02:27:12.826813,532
2026-02-17 02:27:12.834836,525
2026-02-17 02:27:12.842869,515
2026-02-17 02:27:12.850914,526
2026-02-17 02:27:12.858850,529
2026-02-17 02:27:12.866845,518
2026-02-17 02:27:12.874865,519
2026-02-17 02:27:12.882817,519
2026-02-17 02:27:12.890824,518
2026-02-17 02:27:12.898835,507
2026-02-17 02:27:12.906813,514
2026-02-17 02:27:12.914851,504
2026-02-17 02:27:12.922814,505
2026-02-17 02:27:12.930804,518
2026-02-17 02:27:12.938816,518
2026-02-17 02:27:12.946814,511
2026-02-17 02:27:12.954853,509
2026-02-17 02:27:12.962823,517
2026-02-17 02:27:12.970873,517
2026-02-17 02:27:12.978819,510
2026-02-17 02:27:12.986812,516
2026-02-17 02:27:12.994820,525
2026-02-17 02:27:13.002891,512
2026-02-17 02:27:13.010872,525
2026-02-17 02:27:13.018955,509
2026-02-17 02:27:13.026952,499
2026-02-17 02:27:13.034992,507
2026-02-17 02:27:13.042927,520
2026-02-17 02:27:13.050903,523
2026-02-17 02:27:13.058864,518
2026-02-17 02:27:13.066846,513
2026-02-17 02:27:13.074845,512
2026-02-17 02:27:13.082971,511
2026-02-17 02:27:13.090843,514
2026-02-17 02:27:13.098869,516
2026-02-17 02:27:13.106856,517
2026-02-17 02:27:13.114824,514
2026-02-17 02:27:13.122789,499
2026-02-17 02:27:13.130814,513
2026-02-17 02:27:13.138859,518
2026-02-17 02:27:13.146780,506
2026-02-17 02:27:13.154823,499
2026-02-17 02:27:13.162821,505
2026-02-17 02:27:13.170807,512
2026-02-17 02:27:13.178911,511
2026-02-17 02:27:13.186819,510
2026-02-17 02:27:13.194891,507
2026-02-17 02:27:13.202921,512
2026-02-17 02:27:13.210892,505
2026-02-17 02:27:13.218861,483
2026-02-17 02:27:13.226824,464
2026-02-17 02:27:13.234914,450
2026-02-17 02:27:13.242874,423
2026-02-17 02:27:13.250955,426
2026-02-17 02:27:13.258898,413
2026-02-17 02:27:13.266886,416
2026-02-17 02:27:13.274833,413
2026-02-17 02:27:13.282833,402
2026-02-17 02:27:13.290764,406
2026-02-17 02:27:13.298826,412
2026-02-17 02:27:13.306852,431
2026-02-17 02:27:13.314841,455
2026-02-17 02:27:13.322818,459
2026-02-17 02:27:13.330823,474
2026-02-17 02:27:13.338821,477
2026-02-17 02:27:13.346812,484
2026-02-17 02:27:13.354823,495
2026-02-17 02:27:13.362764,488
2026-02-17 02:27:13.370776,507
2026-02-17 02:27:13.378764,497
2026-02-17 02:27:13.386815,494
2026-02-17 02:27:13.394816,497
2026-02-17 02:27:13.404145,496
2026-02-17 02:27:13.410876,501
2026-02-17 02:27:13.418787,502
2026-02-17 02:27:13.426849,500
2026-02-17 02:27:13.434983,508
2026-02-17 02:27:13.442940,503
2026-02-17 02:27:13.450954,502
2026-02-17 02:27:13.458906,493
2026-02-17 02:27:13.467015,499
2026-02-17 02:27:13.474833,499
2026-02-17 02:27:13.482829,485
2026-02-17 02:27:13.490874,505
2026-02-17 02:27:13.498878,498
2026-02-17 02:27:13.506795,499
2026-02-17 02:27:13.514878,505
2026-02-17 02:27:13.522860,513
2026-02-17 02:27:13.530828,515
2026-02-17 02:27:13.538850,508
2026-02-17 02:27:13.546830,516
2026-02-17 02:27:13.554879,506
2026-02-17 02:27:13.562876,509
2026-02-17 02:27:13.570856,516
2026-02-17 02:27:13.578871,508
2026-02-17 02:27:13.586937,514
2026-02-17 02:27:13.594891,513
2026-02-17 02:27:13.602872,493
2026-02-17 02:27:13.610830,499
2026-02-17 02:27:13.618846,487
2026-02-17 02:27:13.626847,480
2026-02-17 02:27:13.634831,471
2026-02-17 02:27:13.642826,478
2026-02-17 02:27:13.650832,484
2026-02-17 02:27:13.658827,484
2026-02-17 02:27:13.666856,489
2026-02-17 02:27:13.674830,500
2026-02-17 02:27:13.682827,503
2026-02-17 02:27:13.690807,526
2026-02-17 02:27:13.698827,523
2026-02-17 02:27:13.706823,540
2026-02-17 02:27:13.714831,560
2026-02-17 02:27:13.722859,571
2026-02-17 02:27:13.730809,587
2026-02-17 02:27:13.738952,587
2026-02-17 02:27:13.746895,578
2026-02-17 02:27:13.754842,584
2026-02-17 02:27:13.762866,584
2026-02-17 02:27:13.770877,593
2026-02-17 02:27:13.778806,591
2026-02-17 02:27:13.786845,581
2026-02-17 02:27:13.794817,576
2026-02-17 02:27:13.802788,575
2026-02-17 02:27:13.810848,578
2026-02-17 02:27:13.818830,566
2026-02-17 02:27:13.826843,556
2026-02-17 02:27:13.834831,565
2026-02-17 02:27:13.842830,548
2026-02-17 02:27:13.850915,567
2026-02-17 02:27:13.858954,546
2026-02-17 02:27:13.866945,556
2026-02-17 02:27:13.874898,550
2026-02-17 02:27:13.882864,546
2026-02-17 02:27:13.890875,544
2026-02-17 02:27:13.898888,547
2026-02-17 02:27:13.906829,544
2026-02-17 02:27:13.914825,547
2026-02-17 02:27:13.922821,532
2026-02-17 02:27:13.930817,541
2026-02-17 02:27:13.938811,530
2026-02-17 02:27:13.946828,524
2026-02-17 02:27:13.954842,519
2026-02-17 02:27:13.962826,519
2026-02-17 02:27:13.970835,527
2026-02-17 02:27:13.978890,529
2026-02-17 02:27:13.986878,519
2026-02-17 02:27:13.994814,525
2026-02-17 02:27:14.002847,529
2026-02-17 02:27:14.010919,531
2026-02-17 02:27:14.018953,521
2026-02-17 02:27:14.026847,525
2026-02-17 02:27:14.034808,519
2026-02-17 02:27:14.042844,516
2026-02-17 02:27:14.050855,522
2026-02-17 02:27:14.058843,520
2026-02-17 02:27:14.066856,520
2026-02-17 02:27:14.074887,509
2026-02-17 02:27:14.082904,511
2026-02-17 02:27:14.090903,521
2026-02-17 02:27:14.098850,520
2026-02-17 02:27:14.106836,512
2026-02-17 02:27:14.114837,511
2026-02-17 02:27:14.122808,510
2026-02-17 02:27:14.130885,518
2026-02-17 02:27:14.138797,507
2026-02-17 02:27:14.146838,516
2026-02-17 02:27:14.154964,507
2026-02-17 02:27:14.162885,509
2026-02-17 02:27:14.170900,515
2026-02-17 02:27:14.178856,512
2026-02-17 02:27:14.186831,510
2026-02-17 02:27:14.194829,515
2026-02-17 02:27:14.202846,508
2026-02-17 02:27:14.210856,514
2026-02-17 02:27:14.218872,513
2026-02-17 02:27:14.226826,506
2026-02-17 02:27:14.234971,515
2026-02-17 02:27:14.242869,513
2026-02-17 02:27:14.250869,524
2026-02-17 02:27:14.258811,517
2026-02-17 02:27:14.266887,522
2026-02-17 02:27:14.274840,508
2026-02-17 02:27:14.282802,508
2026-02-17 02:27:14.290793,510
2026-02-17 02:27:14.298854,509
2026-02-17 02:27:14.306825,518
2026-02-17 02:27:14.314846,519
2026-02-17 02:27:14.322888,506
2026-02-17 02:27:14.330826,518
2026-02-17 02:27:14.338832,506
2026-02-17 02:27:14.346824,511
2026-02-17 02:27:14.354829,514
2026-02-17 02:27:14.362818,526
2026-02-17 02:27:14.370831,515
2026-02-17 02:27:14.378832,504
2026-02-17 02:27:14.386831,499
2026-02-17 02:27:14.394852,495
2026-02-17 02:27:14.402829,500
2026-02-17 02:27:14.410866,512
2026-02-17 02:27:14.418871,508
2026-02-17 02:27:14.426829,515
2026-02-17 02:27:14.434817,513
2026-02-17 02:27:14.442832,499
2026-02-17 02:27:14.450840,517
2026-02-17 02:27:14.458834,505
2026-02-17 02:27:14.467010,516
2026-02-17 02:27:14.474857,523
2026-02-17 02:27:14.482803,512
2026-02-17 02:27:14.490960,519
2026-02-17 02:27:14.498876,511
2026-02-17 02:27:14.506865,509
2026-02-17 02:27:14.514846,516
2026-02-17 02:27:14.522835,507
2026-02-17 02:27:14.530834,513
2026-02-17 02:27:14.538843,512
2026-02-17 02:27:14.546826,509
2026-02-17 02:27:14.554859,515
2026-02-17 02:27:14.562820,507
2026-02-17 02:27:14.570880,503
2026-02-17 02:27:14.578825,508
2026-02-17 02:27:14.586803,510
2026-02-17 02:27:14.594828,516
2026-02-17 02:27:14.602903,508
2026-02-17 02:27:14.610855,509
2026-02-17 02:27:14.618835,506
2026-02-17 02:27:14.626828,514
2026-02-17 02:27:14.634846,515
2026-02-17 02:27:14.642836,511
2026-02-17 02:27:14.650828,522
2026-02-17 02:27:14.658826,518
2026-02-17 02:27:14.666834,516
2026-02-17 02:27:14.674840,517
2026-02-17 02:27:14.682824,512
2026-02-17 02:27:14.690826,520
2026-02-17 02:27:14.698829,512
2026-02-17 02:27:14.706839,532
2026-02-17 02:27:14.714824,505
2026-02-17 02:27:14.722816,472
2026-02-17 02:27:14.730824,460
2026-02-17 02:27:14.739005,446
2026-02-17 02:27:14.746900,423
2026-02-17 02:27:14.754868,423
2026-02-17 02:27:14.762839,410
2026-02-17 02:27:14.770908,404
2026-02-17 02:27:14.778837,407
2026-02-17 02:27:14.786892,412
2026-02-17 02:27:14.794823,423
2026-02-17 02:27:14.802891,424
2026-02-17 02:27:14.810858,445
2026-02-17 02:27:14.818850,452
2026-02-17 02:27:14.826834,462
2026-02-17 02:27:14.834837,475
2026-02-17 02:27:14.842838,490
2026-02-17 02:27:14.850855,494
2026-02-17 02:27:14.858893,494
2026-02-17 02:27:14.866886,499
2026-02-17 02:27:14.874838,506
2026-02-17 02:27:14.882876,492
2026-02-17 02:27:14.890829,500
2026-02-17 02:27:14.898845,500
2026-02-17 02:27:14.906829,504
2026-02-17 02:27:14.914827,512
2026-02-17 02:27:14.922836,502
2026-02-17 02:27:14.930819,504
2026-02-17 02:27:14.938821,505
2026-02-17 02:27:14.946826,507
2026-02-17 02:27:14.954823,491
2026-02-17 02:27:14.962814,498
2026-02-17 02:27:14.970837,518
2026-02-17 02:27:14.978861,497
2026-02-17 02:27:14.986837,498
2026-02-17 02:27:14.994987,507
2026-02-17 02:27:15.002908,498
2026-02-17 02:27:15.010940,507
2026-02-17 02:27:15.018910,501
2026-02-17 02:27:15.026833,507
2026-02-17 02:27:15.034845,507
2026-02-17 02:27:15.043015,508
2026-02-17 02:27:15.050953,511
2026-02-17 02:27:15.058903,513
2026-02-17 02:27:15.066981,516
2026-02-17 02:27:15.074839,512
2026-02-17 02:27:15.082962,509
2026-02-17 02:27:15.090896,515
2026-02-17 02:27:15.098809,516
2026-02-17 02:27:15.106854,511
2026-02-17 02:27:15.114879,503
2026-02-17 02:27:15.122800,508
2026-02-17 02:27:15.130834,514
2026-02-17 02:27:15.138834,508
2026-02-17 02:27:15.146773,511
2026-02-17 02:27:15.154857,513
2026-02-17 02:27:15.162846,509
2026-02-17 02:27:15.170775,519
2026-02-17 02:27:15.178790,505
2026-02-17 02:27:15.186803,504
2026-02-17 02:27:15.194779,507
2026-02-17 02:27:15.202802,509
2026-02-17 02:27:15.210822,524
2026-02-17 02:27:15.218818,511
2026-02-17 02:27:15.226822,511
2026-02-17 02:27:15.234795,518
2026-02-17 02:27:15.242808,510
2026-02-17 02:27:15.250803,509
2026-02-17 02:27:15.258822,510
2026-02-17 02:27:15.266811,514
2026-02-17 02:27:15.274818,513
2026-02-17 02:27:15.282802,510
2026-02-17 02:27:15.290836,505
2026-02-17 02:27:15.298801,508
2026-02-17 02:27:15.306848,520
2026-02-17 02:27:15.314811,514
2026-02-17 02:27:15.322826,516
2026-02-17 02:27:15.330797,522
2026-02-17 02:27:15.338829,514
2026-02-17 02:27:15.346868,516
2026-02-17 02:27:15.354848,505
2026-02-17 02:27:15.362828,501
2026-02-17 02:27:15.370863,517
2026-02-17 02:27:15.378830,515
2026-02-17 02:27:15.386906,513
2026-02-17 02:27:15.394835,508
2026-02-17 02:27:15.402843,510
2026-02-17 02:27:15.411043,514
2026-02-17 02:27:15.418939,508
2026-02-17 02:27:15.426878,508
2026-02-17 02:27:15.434913,511
2026-02-17 02:27:15.442917,508
2026-02-17 02:27:15.450839,515
2026-02-17 02:27:15.458856,514
2026-02-17 02:27:15.466868,512
2026-02-17 02:27:15.474840,513
2026-02-17 02:27:15.482852,502
2026-02-17 02:27:15.490902,504
2026-02-17 02:27:15.498906,508
2026-02-17 02:27:15.506848,508
2026-02-17 02:27:15.514946,510
2026-02-17 02:27:15.522897,502
2026-02-17 02:27:15.530880,515
2026-02-17 02:27:15.538838,506
2026-02-17 02:27:15.546838,517
2026-02-17 02:27:15.554834,517
2026-02-17 02:27:15.562858,511
2026-02-17 02:27:15.570845,512
2026-02-17 02:27:15.578874,503
2026-02-17 02:27:15.586912,513
2026-02-17 02:27:15.594858,513
2026-02-17 02:27:15.602844,508
2026-02-17 02:27:15.610850,514
2026-02-17 02:27:15.618868,509
2026-02-17 02:27:15.626879,513
2026-02-17 02:27:15.634913,510
2026-02-17 02:27:15.642918,501
2026-02-17 02:27:15.650895,512
2026-02-17 02:27:15.658869,519
2026-02-17 02:27:15.666853,516
2026-02-17 02:27:15.674834,518
2026-02-17 02:27:15.682877,511
2026-02-17 02:27:15.690858,514
2026-02-17 02:27:15.698846,507
2026-02-17 02:27:15.706956,509
2026-02-17 02:27:15.714864,520
2026-02-17 02:27:15.722846,516
2026-02-17 02:27:15.730847,517
2026-02-17 02:27:15.738940,508
2026-02-17 02:27:15.746874,503
2026-02-17 02:27:15.754890,500
2026-02-17 02:27:15.762982,499
2026-02-17 02:27:15.771038,507
2026-02-17 02:27:15.778893,505
2026-02-17 02:27:15.786905,513
2026-02-17 02:27:15.794867,510
2026-02-17 02:27:15.802971,513
2026-02-17 02:27:15.810808,520
2026-02-17 02:27:15.818845,512
2026-02-17 02:27:15.826900,508
2026-02-17 02:27:15.834800,513
2026-02-17 02:27:15.842877,511
2026-02-17 02:27:15.850911,515
2026-02-17 02:27:15.858926,517
2026-02-17 02:27:15.867014,518
2026-02-17 02:27:15.874895,515
2026-02-17 02:27:15.882916,513
2026-02-17 02:27:15.890844,508
2026-02-17 02:27:15.898911,505
2026-02-17 02:27:15.906840,506
2026-02-17 02:27:15.914836,516
2026-02-17 02:27:15.922836,517
2026-02-17 02:27:15.930847,522
2026-02-17 02:27:15.938855,514
2026-02-17 02:27:15.946827,516
2026-02-17 02:27:15.954836,510
2026-02-17 02:27:15.962840,504
2026-02-17 02:27:15.970837,500
2026-02-17 02:27:15.978882,514
2026-02-17 02:27:15.986842,515
2026-02-17 02:27:15.994851,513
2026-02-17 02:27:16.002837,513
2026-02-17 02:27:16.010933,515
2026-02-17 02:27:16.018890,518
2026-02-17 02:27:16.026887,513
2026-02-17 02:27:16.034932,519
2026-02-17 02:27:16.042913,505
2026-02-17 02:27:16.051008,515
2026-02-17 02:27:16.058969,512
2026-02-17 02:27:16.066932,515
2026-02-17 02:27:16.074864,519
2026-02-17 02:27:16.082918,511
2026-02-17 02:27:16.090904,515
2026-02-17 02:27:16.098910,514
2026-02-17 02:27:16.106827,510
2026-02-17 02:27:16.114811,516
2026-02-17 02:27:16.122813,516
2026-02-17 02:27:16.130833,520
2026-02-17 02:27:16.138875,519
2026-02-17 02:27:16.146842,516
2026-02-17 02:27:16.154877,513
2026-02-17 02:27:16.162883,516
2026-02-17 02:27:16.170903,510
2026-02-17 02:27:16.178846,501
2026-02-17 02:27:16.186840,513
2026-02-17 02:27:16.194853,518
2026-02-17 02:27:16.202836,515
2026-02-17 02:27:16.210842,518
2026-02-17 02:27:16.218884,518
2026-02-17 02:27:16.226876,504
2026-02-17 02:27:16.235026,515
2026-02-17 02:27:16.242921,508
2026-02-17 02:27:16.250856,513
2026-02-17 02:27:16.258857,515
2026-02-17 02:27:16.266900,508
2026-02-17 02:27:16.274848,503
2026-02-17 02:27:16.282840,509
2026-02-17 02:27:16.290868,517
2026-02-17 02:27:16.298862,514
2026-02-17 02:27:16.306802,512
2026-02-17 02:27:16.314897,516
2026-02-17 02:27:16.322842,503
2026-02-17 02:27:16.330910,510
2026-02-17 02:27:16.338895,513
2026-02-17 02:27:16.346855,508
2026-02-17 02:27:16.354842,512
2026-02-17 02:27:16.362834,512
2026-02-17 02:27:16.370907,516
2026-02-17 02:27:16.378833,512
2026-02-17 02:27:16.386869,512
2026-02-17 02:27:16.394855,514
2026-02-17 02:27:16.402840,508
2026-02-17 02:27:16.410859,521
2026-02-17 02:27:16.419043,507
2026-02-17 02:27:16.426908,513
2026-02-17 02:27:16.434886,515
2026-02-17 02:27:16.442890,516
2026-02-17 02:27:16.450847,508
2026-02-17 02:27:16.458848,502
2026-02-17 02:27:16.466850,507
2026-02-17 02:27:16.474828,515
2026-02-17 02:27:16.482847,505
2026-02-17 02:27:16.490827,523
2026-02-17 02:27:16.498964,517
2026-02-17 02:27:16.506893,504
2026-02-17 02:27:16.514856,506
2026-02-17 02:27:16.522898,509
2026-02-17 02:27:16.530874,521
2026-02-17 02:27:16.538888,511
2026-02-17 02:27:16.546887,499
2026-02-17 02:27:16.554854,500
2026-02-17 02:27:16.562839,505
2026-02-17 02:27:16.570852,520
2026-02-17 02:27:16.578888,512
2026-02-17 02:27:16.586800,506
2026-02-17 02:27:16.594799,515
2026-02-17 02:27:16.602905,507
2026-02-17 02:27:16.610945,517
2026-02-17 02:27:16.618857,513
2026-02-17 02:27:16.626907,522
2026-02-17 02:27:16.634839,516
2026-02-17 02:27:16.642907,515
2026-02-17 02:27:16.650914,514
2026-02-17 02:27:16.658919,501
2026-02-17 02:27:16.666900,509
2026-02-17 02:27:16.674846,513
2026-02-17 02:27:16.682843,508
2026-02-17 02:27:16.690844,517
2026-02-17 02:27:16.698838,503
2026-02-17 02:27:16.706843,509
2026-02-17 02:27:16.714851,506
2026-02-17 02:27:16.722841,505
2026-02-17 02:27:16.730842,508
2026-02-17 02:27:16.739013,499
2026-02-17 02:27:16.746883,511
2026-02-17 02:27:16.754892,517
2026-02-17 02:27:16.762852,512
2026-02-17 02:27:16.770909,507
2026-02-17 02:27:16.778899,507
2026-02-17 02:27:16.786843,506
2026-02-17 02:27:16.794852,506
2026-02-17 02:27:16.802877,507
2026-02-17 02:27:16.810844,514
2026-02-17 02:27:16.818892,519
2026-02-17 02:27:16.826867,518
2026-02-17 02:27:16.834803,512
2026-02-17 02:27:16.842787,522
2026-02-17 02:27:16.850850,507
2026-02-17 02:27:16.858822,509
2026-02-17 02:27:16.866855,518
2026-02-17 02:27:16.874839,512
2026-02-17 02:27:16.882843,506
2026-02-17 02:27:16.890863,515
2026-02-17 02:27:16.898949,515
2026-02-17 02:27:16.906880,511
2026-02-17 02:27:16.914849,518
2026-02-17 02:27:16.922864,508
2026-02-17 02:27:16.930843,520
2026-02-17 02:27:16.938858,511
2026-02-17 02:27:16.946898,514
2026-02-17 02:27:16.954933,509
2026-02-17 02:27:16.962915,502
2026-02-17 02:27:16.970843,511
2026-02-17 02:27:16.978857,515
2026-02-17 02:27:16.986854,517
2026-02-17 02:27:16.994842,517
2026-02-17 02:27:17.002846,513
2026-02-17 02:27:17.010904,519
2026-02-17 02:27:17.018917,506
2026-02-17 02:27:17.026908,511
2026-02-17 02:27:17.034800,511
2026-02-17 02:27:17.042818,504
2026-02-17 02:27:17.050876,512
2026-02-17 02:27:17.058918,505
2026-02-17 02:27:17.066834,509
2026-02-17 02:27:17.074848,515
2026-02-17 02:27:17.082820,507
2026-02-17 02:27:17.090925,527
2026-02-17 02:27:17.098870,505
2026-02-17 02:27:17.106839,509
2026-02-17 02:27:17.114866,515
2026-02-17 02:27:17.122837,514
2026-02-17 02:27:17.130906,522
2026-02-17 02:27:17.138913,509
2026-02-17 02:27:17.146863,517
2026-02-17 02:27:17.154902,516
2026-02-17 02:27:17.162908,502
2026-02-17 02:27:17.170853,515
2026-02-17 02:27:17.178851,504
2026-02-17 02:27:17.186865,512
2026-02-17 02:27:17.194877,512
2026-02-17 02:27:17.202960,507
2026-02-17 02:27:17.210910,516
2026-02-17 02:27:17.218858,507
2026-02-17 02:27:17.226861,511
2026-02-17 02:27:17.234922,519
2026-02-17 02:27:17.242853,510
2026-02-17 02:27:17.250886,516
2026-02-17 02:27:17.258893,503
2026-02-17 02:27:17.266962,502
2026-02-17 02:27:17.274869,505
2026-02-17 02:27:17.282848,512
2026-02-17 02:27:17.290851,518
2026-02-17 02:27:17.298864,505
2026-02-17 02:27:17.306798,510
2026-02-17 02:27:17.314920,516
2026-02-17 02:27:17.322902,511
2026-02-17 02:27:17.330885,515
2026-02-17 02:27:17.338824,514
2026-02-17 02:27:17.346800,521
2026-02-17 02:27:17.354874,520
2026-02-17 02:27:17.362789,507
2026-02-17 02:27:17.370847,510
2026-02-17 02:27:17.378866,502
2026-02-17 02:27:17.386856,514
2026-02-17 02:27:17.394887,513
2026-02-17 02:27:17.402884,513
2026-02-17 02:27:17.410845,514
2026-02-17 02:27:17.418870,511
2026-02-17 02:27:17.426922,519
2026-02-17 02:27:17.434889,509
2026-02-17 02:27:17.443402,506
2026-02-17 02:27:17.450971,520
2026-02-17 02:27:17.458925,513
2026-02-17 02:27:17.466886,504
2026-02-17 02:27:17.474854,516
2026-02-17 02:27:17.482866,509
2026-02-17 02:27:17.490899,520
2026-02-17 02:27:17.498849,516
2026-02-17 02:27:17.506973,520
2026-02-17 02:27:17.514863,503
2026-02-17 02:27:17.522858,510
2026-02-17 02:27:17.530859,523
2026-02-17 02:27:17.538913,510
2026-02-17 02:27:17.546853,520
2026-02-17 02:27:17.554852,517
2026-02-17 02:27:17.562849,509
2026-02-17 02:27:17.570847,516
2026-02-17 02:27:17.578887,505
2026-02-17 02:27:17.586809,511
2026-02-17 02:27:17.594862,511
2026-02-17 02:27:17.602917,511
2026-02-17 02:27:17.610874,515
2026-02-17 02:27:17.618849,507
2026-02-17 02:27:17.626904,514
2026-02-17 02:27:17.634894,505
2026-02-17 02:27:17.642970,515
