timestamp,value
2026-02-17 01:47:18.389822,514
2026-02-17 01:47:18.389901,508
2026-02-17 01:47:18.389925,509
2026-02-17 01:47:18.389941,512
2026-02-17 01:47:18.389955,512
2026-02-17 01:47:18.389969,513
2026-02-17 01:47:18.389982,517
2026-02-17 01:47:18.389996,515
2026-02-17 01:47:18.390009,517
2026-02-17 01:47:18.390025,502
2026-02-17 01:47:18.390038,508
2026-02-17 01:47:18.390052,517
2026-02-17 01:47:18.390069,514
2026-02-17 01:47:18.390082,514
2026-02-17 01:47:18.390095,512
2026-02-17 01:47:18.390112,503
2026-02-17 01:47:18.390132,515
2026-02-17 01:47:18.390146,513
2026-02-17 01:47:18.390159,519
2026-02-17 01:47:18.390172,512
2026-02-17 01:47:18.390185,506
2026-02-17 01:47:18.390197,511
2026-02-17 01:47:18.390210,500
2026-02-17 01:47:18.390223,508
2026-02-17 01:47:18.390236,514
2026-02-17 01:47:18.390249,518
2026-02-17 01:47:18.390262,522
2026-02-17 01:47:18.390275,520
2026-02-17 01:47:18.390288,518
2026-02-17 01:47:18.390300,517
2026-02-17 01:47:18.390313,513
2026-02-17 01:47:18.390326,515
2026-02-17 01:47:18.390341,511
2026-02-17 01:47:18.390354,514
2026-02-17 01:47:18.390367,514
2026-02-17 01:47:18.390383,510
2026-02-17 01:47:18.390396,517
2026-02-17 01:47:18.390410,520
2026-02-17 01:47:18.390423,517
2026-02-17 01:47:18.390436,515
2026-02-17 01:47:18.390449,512
2026-02-17 01:47:18.390462,509
2026-02-17 01:47:18.390475,508
2026-02-17 01:47:18.390488,513
2026-02-17 01:47:18.390501,516
2026-02-17 01:47:18.390513,512
2026-02-17 01:47:18.391633,512
2026-02-17 01:47:18.399646,516
2026-02-17 01:47:18.407685,513
2026-02-17 01:47:18.415703,517
2026-02-17 01:47:18.423680,516
2026-02-17 01:47:18.431684,519
2026-02-17 01:47:18.439639,517
2026-02-17 01:47:18.447676,516
2026-02-17 01:47:18.455683,518
2026-02-17 01:47:18.463646,513
2026-02-17 01:47:18.471642,512
2026-02-17 01:47:18.479676,512
2026-02-17 01:47:18.487655,511
2026-02-17 01:47:18.495662,512
2026-02-17 01:47:18.503668,514
2026-02-17 01:47:18.511658,510
2026-02-17 01:47:18.519662,513
2026-02-17 01:47:18.527651,505
2026-02-17 01:47:18.535644,508
2026-02-17 01:47:18.543629,515
2026-02-17 01:47:18.551633,516
2026-02-17 01:47:18.559676,512
2026-02-17 01:47:18.567673,514
2026-02-17 01:47:18.575688,514
2026-02-17 01:47:18.583679,513
2026-02-17 01:47:18.591634,511
2026-02-17 01:47:18.599660,504
2026-02-17 01:47:18.607649,514
2026-02-17 01:47:18.615670,517
2026-02-17 01:47:18.623661,519
2026-02-17 01:47:18.631630,514
2026-02-17 01:47:18.639631,510
2026-02-17 01:47:18.647647,508
2026-02-17 01:47:18.655650,509
2026-02-17 01:47:18.663698,518
2026-02-17 01:47:18.671620,519
2026-02-17 01:47:18.679650,515
2026-02-17 01:47:18.687698,517
2026-02-17 01:47:18.695641,522
2026-02-17 01:47:18.703704,516
2026-02-17 01:47:18.711696,516
2026-02-17 01:47:18.719698,515
2026-02-17 01:47:18.727694,511
2026-02-17 01:47:18.735676,509
2026-02-17 01:47:18.743652,515
2026-02-17 01:47:18.751653,515
2026-02-17 01:47:18.759695,504
2026-02-17 01:47:18.767668,502
2026-02-17 01:47:18.775651,507
2026-02-17 01:47:18.783633,506
2026-02-17 01:47:18.791630,508
2026-02-17 01:47:18.799706,516
2026-02-17 01:47:18.807696,512
2026-02-17 01:47:18.815674,516
2026-02-17 01:47:18.823638,513
2026-02-17 01:47:18.831679,516
2026-02-17 01:47:18.839709,517
2026-02-17 01:47:18.847661,517
2026-02-17 01:47:18.855695,513
2026-02-17 01:47:18.863707,511
2026-02-17 01:47:18.871671,515
2026-02-17 01:47:18.879673,510
2026-02-17 01:47:18.887666,517
2026-02-17 01:47:18.895640,514
2026-02-17 01:47:18.903637,514
2026-02-17 01:47:18.911673,514
2026-02-17 01:47:18.919699,514
2026-02-17 01:47:18.927646,510
2026-02-17 01:47:18.935668,507
2026-02-17 01:47:18.943662,514
2026-02-17 01:47:18.951642,516
2026-02-17 01:47:18.959652,512
2026-02-17 01:47:18.967686,512
2026-02-17 01:47:18.975674,515
2026-02-17 01:47:18.983664,512
2026-02-17 01:47:18.991651,514
2026-02-17 01:47:18.999654,515
2026-02-17 01:47:19.007685,513
2026-02-17 01:47:19.015679,514
2026-02-17 01:47:19.023676,506
2026-02-17 01:47:19.031696,514
2026-02-17 01:47:19.039682,513
2026-02-17 01:47:19.047684,513
2026-02-17 01:47:19.055697,514
2026-02-17 01:47:19.063674,512
2026-02-17 01:47:19.071673,516
2026-02-17 01:47:19.079641,513
2026-02-17 01:47:19.087716,515
2026-02-17 01:47:19.095643,519
2026-02-17 01:47:19.103635,513
2026-02-17 01:47:19.111643,514
2026-02-17 01:47:19.119707,514
2026-02-17 01:47:19.127688,507
2026-02-17 01:47:19.135681,516
2026-02-17 01:47:19.143691,513
2026-02-17 01:47:19.151655,517
2026-02-17 01:47:19.159652,517
2026-02-17 01:47:19.167706,515
2026-02-17 01:47:19.175664,515
2026-02-17 01:47:19.183663,510
2026-02-17 01:47:19.191652,513
2026-02-17 01:47:19.199644,509
2026-02-17 01:47:19.207659,510
2026-02-17 01:47:19.215683,513
2026-02-17 01:47:19.223666,508
2026-02-17 01:47:19.231672,506
2026-02-17 01:47:19.239653,507
2026-02-17 01:47:19.247655,510
2026-02-17 01:47:19.255677,509
2026-02-17 01:47:19.263687,508
2026-02-17 01:47:19.271654,509
2026-02-17 01:47:19.279641,506
2026-02-17 01:47:19.287684,506
2026-02-17 01:47:19.295664,501
2026-02-17 01:47:19.303664,504
2026-02-17 01:47:19.311685,509
2026-02-17 01:47:19.319674,509
2026-02-17 01:47:19.327728,507
2026-02-17 01:47:19.335672,509
2026-02-17 01:47:19.343747,508
2026-02-17 01:47:19.351678,509
2026-02-17 01:47:19.359663,509
2026-02-17 01:47:19.367682,507
2026-02-17 01:47:19.375643,510
2026-02-17 01:47:19.383630,508
2026-02-17 01:47:19.391681,509
2026-02-17 01:47:19.399662,508
2026-02-17 01:47:19.407656,507
2026-02-17 01:47:19.415691,508
2026-02-17 01:47:19.423668,511
2026-02-17 01:47:19.431677,511
2026-02-17 01:47:19.439659,513
2026-02-17 01:47:19.447657,513
2026-02-17 01:47:19.455680,513
2026-02-17 01:47:19.463680,519
2026-02-17 01:47:19.471689,517
2026-02-17 01:47:19.479694,515
2026-02-17 01:47:19.487647,515
2026-02-17 01:47:19.495651,515
2026-02-17 01:47:19.503651,516
2026-02-17 01:47:19.511645,516
2026-02-17 01:47:19.519657,516
2026-02-17 01:47:19.527663,512
2026-02-17 01:47:19.535667,509
2026-02-17 01:47:19.543662,508
2026-02-17 01:47:19.551656,513
2026-02-17 01:47:19.559665,507
2026-02-17 01:47:19.567694,504
2026-02-17 01:47:19.575682,502
2026-02-17 01:47:19.583681,493
2026-02-17 01:47:19.591670,499
2026-02-17 01:47:19.599677,479
2026-02-17 01:47:19.607658,481
2026-02-17 01:47:19.615656,482
2026-02-17 01:47:19.623643,471
2026-02-17 01:47:19.631696,471
2026-02-17 01:47:19.639661,467
2026-02-17 01:47:19.647688,469
2026-02-17 01:47:19.655687,466
2026-02-17 01:47:19.663701,464
2026-02-17 01:47:19.671667,469
2026-02-17 01:47:19.679681,467
2026-02-17 01:47:19.687671,467
2026-02-17 01:47:19.695671,467
2026-02-17 01:47:19.703651,467
2026-02-17 01:47:19.711662,460
2026-02-17 01:47:19.719681,463
2026-02-17 01:47:19.727686,459
2026-02-17 01:47:19.735686,465
2026-02-17 01:47:19.743677,468
2026-02-17 01:47:19.751681,463
2026-02-17 01:47:19.759677,460
2026-02-17 01:47:19.767677,456
2026-02-17 01:47:19.775677,460
2026-02-17 01:47:19.783641,461
2026-02-17 01:47:19.791655,464
2026-02-17 01:47:19.799689,467
2026-02-17 01:47:19.807654,467
2026-02-17 01:47:19.815698,475
2026-02-17 01:47:19.823686,473
2026-02-17 01:47:19.831703,477
2026-02-17 01:47:19.839699,478
2026-02-17 01:47:19.847690,475
2026-02-17 01:47:19.855689,476
2026-02-17 01:47:19.863701,475
2026-02-17 01:47:19.871690,480
2026-02-17 01:47:19.879693,480
2026-02-17 01:47:19.887700,469
2026-02-17 01:47:19.895693,482
2026-02-17 01:47:19.903649,484
2026-02-17 01:47:19.911690,483
2026-02-17 01:47:19.919688,475
2026-02-17 01:47:19.927680,473
2026-02-17 01:47:19.935674,482
2026-02-17 01:47:19.943671,485
2026-02-17 01:47:19.951685,487
2026-02-17 01:47:19.959657,483
2026-02-17 01:47:19.967688,479
2026-02-17 01:47:19.975676,480
2026-02-17 01:47:19.983676,480
2026-02-17 01:47:19.991680,477
2026-02-17 01:47:19.999675,479
2026-02-17 01:47:20.007648,487
2026-02-17 01:47:20.015681,495
2026-02-17 01:47:20.023670,501
2026-02-17 01:47:20.031691,496
2026-02-17 01:47:20.039690,488
2026-02-17 01:47:20.047687,496
2026-02-17 01:47:20.055651,498
2026-02-17 01:47:20.063685,499
2026-02-17 01:47:20.071672,499
2026-02-17 01:47:20.079671,506
2026-02-17 01:47:20.087678,505
2026-02-17 01:47:20.095687,507
2026-02-17 01:47:20.103679,509
2026-02-17 01:47:20.111725,511
2026-02-17 01:47:20.119714,507
2026-02-17 01:47:20.127704,512
2026-02-17 01:47:20.135699,506
2026-02-17 01:47:20.143677,512
2026-02-17 01:47:20.151694,501
2026-02-17 01:47:20.159712,508
2026-02-17 01:47:20.167708,511
2026-02-17 01:47:20.175686,508
2026-02-17 01:47:20.183692,506
2026-02-17 01:47:20.191681,508
2026-02-17 01:47:20.199691,505
2026-02-17 01:47:20.207687,507
2026-02-17 01:47:20.215691,510
2026-02-17 01:47:20.223682,505
2026-02-17 01:47:20.231681,505
2026-02-17 01:47:20.239678,503
2026-02-17 01:47:20.247686,514
2026-02-17 01:47:20.255671,506
2026-02-17 01:47:20.263678,504
2026-02-17 01:47:20.271700,491
2026-02-17 01:47:20.279682,490
2026-02-17 01:47:20.287652,499
2026-02-17 01:47:20.295715,500
2026-02-17 01:47:20.303654,500
2026-02-17 01:47:20.311692,499
2026-02-17 01:47:20.319700,502
2026-02-17 01:47:20.327703,504
2026-02-17 01:47:20.335718,505
2026-02-17 01:47:20.343662,507
2026-02-17 01:47:20.351688,496
2026-02-17 01:47:20.359675,498
2026-02-17 01:47:20.367695,497
2026-02-17 01:47:20.375687,502
2026-02-17 01:47:20.383685,514
2026-02-17 01:47:20.391676,514
2026-02-17 01:47:20.399675,511
2026-02-17 01:47:20.407691,507
2026-02-17 01:47:20.415706,509
2026-02-17 01:47:20.423726,514
2026-02-17 01:47:20.431701,512
2026-02-17 01:47:20.439690,515
2026-02-17 01:47:20.447695,516
2026-02-17 01:47:20.455689,509
2026-02-17 01:47:20.463694,507
2026-02-17 01:47:20.471666,515
2026-02-17 01:47:20.479691,517
2026-02-17 01:47:20.487681,506
2026-02-17 01:47:20.495710,513
2026-02-17 01:47:20.503666,509
2026-02-17 01:47:20.511689,512
2026-02-17 01:47:20.519701,512
2026-02-17 01:47:20.527773,507
2026-02-17 01:47:20.535692,510
2026-02-17 01:47:20.543680,510
2026-02-17 01:47:20.551684,513
2026-02-17 01:47:20.559682,513
2026-02-17 01:47:20.567680,511
2026-02-17 01:47:20.575690,513
2026-02-17 01:47:20.583698,506
2026-02-17 01:47:20.591713,512
2026-02-17 01:47:20.599697,510
2026-02-17 01:47:20.607680,509
2026-02-17 01:47:20.615652,512
2026-02-17 01:47:20.623683,505
2026-02-17 01:47:20.631687,517
2026-02-17 01:47:20.639690,507
2026-02-17 01:47:20.647679,514
2026-02-17 01:47:20.655696,509
2026-02-17 01:47:20.663733,510
2026-02-17 01:47:20.671688,518
2026-02-17 01:47:20.679690,515
2026-02-17 01:47:20.687691,516
2026-02-17 01:47:20.695692,509
2026-02-17 01:47:20.703662,503
2026-02-17 01:47:20.711681,504
2026-02-17 01:47:20.719700,509
2026-02-17 01:47:20.727696,510
2026-02-17 01:47:20.735691,508
2026-02-17 01:47:20.743664,499
2026-02-17 01:47:20.751693,514
2026-02-17 01:47:20.759687,511
2026-02-17 01:47:20.767703,510
2026-02-17 01:47:20.775701,507
2026-02-17 01:47:20.783686,505
2026-02-17 01:47:20.791695,501
2026-02-17 01:47:20.799664,500
2026-02-17 01:47:20.807694,505
2026-02-17 01:47:20.815669,511
2026-02-17 01:47:20.823666,511
2026-02-17 01:47:20.831661,502
2026-02-17 01:47:20.839678,516
2026-02-17 01:47:20.847675,515
2026-02-17 01:47:20.855715,511
2026-02-17 01:47:20.863727,515
2026-02-17 01:47:20.871714,509
2026-02-17 01:47:20.879706,505
2026-02-17 01:47:20.887689,500
2026-02-17 01:47:20.895684,510
2026-02-17 01:47:20.903685,513
2026-02-17 01:47:20.911711,509
2026-02-17 01:47:20.919702,509
2026-02-17 01:47:20.927718,511
2026-02-17 01:47:20.935739,515
2026-02-17 01:47:20.943699,515
2026-02-17 01:47:20.951702,512
2026-02-17 01:47:20.959698,508
2026-02-17 01:47:20.967712,514
2026-02-17 01:47:20.975734,513
2026-02-17 01:47:20.983725,514
2026-02-17 01:47:20.991690,509
2026-02-17 01:47:20.999689,505
2026-02-17 01:47:21.007711,514
2026-02-17 01:47:21.015718,502
2026-02-17 01:47:21.023670,508
2026-02-17 01:47:21.031710,496
2026-02-17 01:47:21.039682,512
2026-02-17 01:47:21.047695,510
2026-02-17 01:47:21.055661,511
2026-02-17 01:47:21.063716,510
2026-02-17 01:47:21.071697,518
2026-02-17 01:47:21.079726,507
2026-02-17 01:47:21.087693,505
2026-02-17 01:47:21.095692,508
2026-02-17 01:47:21.103672,503
2026-02-17 01:47:21.111696,499
2026-02-17 01:47:21.119697,491
2026-02-17 01:47:21.127711,497
2026-02-17 01:47:21.135697,495
2026-02-17 01:47:21.143694,489
2026-02-17 01:47:21.151692,485
2026-02-17 01:47:21.159687,498
2026-02-17 01:47:21.167726,491
2026-02-17 01:47:21.175695,499
2026-02-17 01:47:21.183702,504
2026-02-17 01:47:21.191682,504
2026-02-17 01:47:21.199680,492
2026-02-17 01:47:21.207684,496
2026-02-17 01:47:21.215712,497
2026-02-17 01:47:21.223703,486
2026-02-17 01:47:21.231713,507
2026-02-17 01:47:21.239694,496
2026-02-17 01:47:21.247693,505
2026-02-17 01:47:21.255673,500
2026-02-17 01:47:21.263707,503
2026-02-17 01:47:21.271693,504
2026-02-17 01:47:21.279703,504
2026-02-17 01:47:21.287688,499
2026-02-17 01:47:21.295699,494
2026-02-17 01:47:21.303659,495
2026-02-17 01:47:21.311716,496
2026-02-17 01:47:21.319705,503
2026-02-17 01:47:21.327714,495
2026-02-17 01:47:21.335694,506
2026-02-17 01:47:21.343697,500
2026-02-17 01:47:21.351682,507
2026-02-17 01:47:21.359687,496
2026-02-17 01:47:21.367730,503
2026-02-17 01:47:21.375685,499
2026-02-17 01:47:21.383701,498
2026-02-17 01:47:21.391696,504
2026-02-17 01:47:21.399690,502
2026-02-17 01:47:21.407698,500
2026-02-17 01:47:21.415718,500
2026-02-17 01:47:21.423705,510
2026-02-17 01:47:21.431759,500
2026-02-17 01:47:21.439721,506
2026-02-17 01:47:21.447698,504
2026-02-17 01:47:21.455697,505
2026-02-17 01:47:21.463710,506
2026-02-17 01:47:21.471733,503
2026-02-17 01:47:21.479679,506
2026-02-17 01:47:21.487672,497
2026-02-17 01:47:21.495676,497
2026-02-17 01:47:21.503673,507
2026-02-17 01:47:21.511709,501
2026-02-17 01:47:21.519691,495
2026-02-17 01:47:21.527706,506
2026-02-17 01:47:21.535712,504
2026-02-17 01:47:21.543690,513
2026-02-17 01:47:21.551702,508
2026-02-17 01:47:21.559685,501
2026-02-17 01:47:21.567713,503
2026-02-17 01:47:21.575692,500
2026-02-17 01:47:21.583679,503
2026-02-17 01:47:21.591695,503
2026-02-17 01:47:21.599715,505
2026-02-17 01:47:21.607692,502
2026-02-17 01:47:21.615690,512
2026-02-17 01:47:21.623684,500
2026-02-17 01:47:21.631701,508
2026-02-17 01:47:21.639690,511
2026-02-17 01:47:21.647689,504
2026-02-17 01:47:21.655688,512
2026-02-17 01:47:21.663716,505
2026-02-17 01:47:21.671707,506
2026-02-17 01:47:21.679704,505
2026-02-17 01:47:21.687695,509
2026-02-17 01:47:21.695693,505
2026-02-17 01:47:21.703694,497
2026-02-17 01:47:21.711706,513
2026-02-17 01:47:21.719709,505
2026-02-17 01:47:21.727691,506
2026-02-17 01:47:21.735713,506
2026-02-17 01:47:21.743684,492
2026-02-17 01:47:21.751688,512
2026-02-17 01:47:21.759705,501
2026-02-17 01:47:21.767713,509
2026-02-17 01:47:21.775701,509
2026-02-17 01:47:21.783707,505
2026-02-17 01:47:21.791693,503
2026-02-17 01:47:21.799672,507
2026-02-17 01:47:21.807705,513
2026-02-17 01:47:21.815665,516
2026-02-17 01:47:21.823684,513
2026-02-17 01:47:21.831721,505
2026-02-17 01:47:21.839700,512
2026-02-17 01:47:21.847711,508
2026-02-17 01:47:21.855699,520
2026-02-17 01:47:21.863700,515
2026-02-17 01:47:21.871688,513
2026-02-17 01:47:21.879699,508
2026-02-17 01:47:21.887700,512
2026-02-17 01:47:21.895746,527
2026-02-17 01:47:21.903730,521
2026-02-17 01:47:21.911720,517
2026-02-17 01:47:21.919739,510
2026-02-17 01:47:21.927724,515
2026-02-17 01:47:21.935731,508
2026-02-17 01:47:21.943718,509
2026-02-17 01:47:21.951699,515
2026-02-17 01:47:21.959704,512
2026-02-17 01:47:21.967708,515
2026-02-17 01:47:21.975702,505
2026-02-17 01:47:21.983705,514
2026-02-17 01:47:21.991709,517
2026-02-17 01:47:21.999703,513
2026-02-17 01:47:22.007704,517
2026-02-17 01:47:22.015700,520
2026-02-17 01:47:22.023677,524
2026-02-17 01:47:22.031714,519
2026-02-17 01:47:22.039683,520
2026-02-17 01:47:22.047749,512
2026-02-17 01:47:22.055671,510
2026-02-17 01:47:22.063737,516
2026-02-17 01:47:22.071708,515
2026-02-17 01:47:22.079714,515
2026-02-17 01:47:22.087707,518
2026-02-17 01:47:22.095712,510
2026-02-17 01:47:22.103708,516
2026-02-17 01:47:22.111690,504
2026-02-17 01:47:22.119733,514
2026-02-17 01:47:22.127698,520
2026-02-17 01:47:22.135721,507
2026-02-17 01:47:22.143717,516
2026-02-17 01:47:22.151724,512
2026-02-17 01:47:22.159741,514
2026-02-17 01:47:22.167743,521
2026-02-17 01:47:22.175726,511
2026-02-17 01:47:22.183715,519
2026-02-17 01:47:22.191746,525
2026-02-17 01:47:22.199719,524
2026-02-17 01:47:22.207716,516
2026-02-17 01:47:22.215761,522
2026-02-17 01:47:22.223755,507
2026-02-17 01:47:22.231711,521
2026-02-17 01:47:22.239699,506
2026-02-17 01:47:22.247709,526
2026-02-17 01:47:22.255710,527
2026-02-17 01:47:22.263705,531
2026-02-17 01:47:22.271702,529
2026-02-17 01:47:22.279698,537
2026-02-17 01:47:22.287686,525
2026-02-17 01:47:22.295708,536
2026-02-17 01:47:22.303733,527
2026-02-17 01:47:22.311706,531
2026-02-17 01:47:22.319682,545
2026-02-17 01:47:22.327696,536
2026-02-17 01:47:22.335689,545
2026-02-17 01:47:22.343718,542
2026-02-17 01:47:22.351735,556
2026-02-17 01:47:22.359697,551
2026-02-17 01:47:22.367720,559
2026-02-17 01:47:22.375711,558
2026-02-17 01:47:22.383710,544
2026-02-17 01:47:22.391711,548
2026-02-17 01:47:22.399695,545
2026-02-17 01:47:22.407709,541
2026-02-17 01:47:22.415738,544
2026-02-17 01:47:22.423711,543
2026-02-17 01:47:22.431720,545
2026-02-17 01:47:22.439719,533
2026-02-17 01:47:22.447705,543
2026-02-17 01:47:22.455689,541
2026-02-17 01:47:22.463700,533
2026-02-17 01:47:22.471713,529
2026-02-17 01:47:22.479727,528
2026-02-17 01:47:22.487722,527
2026-02-17 01:47:22.495739,527
2026-02-17 01:47:22.503708,525
2026-02-17 01:47:22.511749,528
2026-02-17 01:47:22.519705,528
2026-02-17 01:47:22.527723,532
2026-02-17 01:47:22.535728,539
2026-02-17 01:47:22.543722,532
2026-02-17 01:47:22.551722,535
2026-02-17 01:47:22.559705,522
2026-02-17 01:47:22.567738,521
2026-02-17 01:47:22.575726,528
2026-02-17 01:47:22.583699,527
2026-02-17 01:47:22.591731,517
2026-02-17 01:47:22.599704,519
2026-02-17 01:47:22.607747,515
2026-02-17 01:47:22.615728,516
2026-02-17 01:47:22.623694,520
2026-02-17 01:47:22.631725,520
2026-02-17 01:47:22.639721,515
2026-02-17 01:47:22.647715,512
2026-02-17 01:47:22.655687,509
2026-02-17 01:47:22.663714,506
2026-02-17 01:47:22.671724,508
2026-02-17 01:47:22.679716,513
2026-02-17 01:47:22.687735,511
2026-02-17 01:47:22.695724,514
2026-02-17 01:47:22.703695,518
2026-02-17 01:47:22.711712,521
2026-02-17 01:47:22.719714,522
2026-02-17 01:47:22.727728,518
2026-02-17 01:47:22.735730,518
2026-02-17 01:47:22.743708,516
2026-02-17 01:47:22.751702,515
2026-02-17 01:47:22.759744,518
2026-02-17 01:47:22.767745,518
2026-02-17 01:47:22.775708,516
2026-02-17 01:47:22.783729,524
2026-02-17 01:47:22.791711,510
2026-02-17 01:47:22.799717,514
2026-02-17 01:47:22.807687,519
2026-02-17 01:47:22.815733,525
2026-02-17 01:47:22.823717,520
2026-02-17 01:47:22.831678,518
2026-02-17 01:47:22.839715,521
2026-02-17 01:47:22.847713,515
2026-02-17 01:47:22.855697,507
2026-02-17 01:47:22.863702,512
2026-02-17 01:47:22.871731,515
2026-02-17 01:47:22.879726,510
2026-02-17 01:47:22.887718,527
2026-02-17 01:47:22.895710,525
2026-02-17 01:47:22.903701,518
2026-02-17 01:47:22.911715,524
2026-02-17 01:47:22.919758,520
2026-02-17 01:47:22.927719,525
2026-02-17 01:47:22.935727,526
2026-02-17 01:47:22.943713,523
2026-02-17 01:47:22.951716,521
2026-02-17 01:47:22.959725,521
2026-02-17 01:47:22.967745,517
2026-02-17 01:47:22.975740,515
2026-02-17 01:47:22.983720,525
2026-02-17 01:47:22.991730,526
2026-02-17 01:47:22.999704,526
2026-02-17 01:47:23.007701,523
2026-02-17 01:47:23.015748,516
2026-02-17 01:47:23.023724,508
2026-02-17 01:47:23.031767,515
2026-02-17 01:47:23.039688,516
2026-02-17 01:47:23.047696,518
2026-02-17 01:47:23.055695,519
2026-02-17 01:47:23.063748,516
2026-02-17 01:47:23.071735,512
2026-02-17 01:47:23.079755,519
2026-02-17 01:47:23.087740,527
2026-02-17 01:47:23.095728,526
2026-02-17 01:47:23.103727,524
2026-02-17 01:47:23.111709,524
2026-02-17 01:47:23.119714,513
2026-02-17 01:47:23.127714,511
2026-02-17 01:47:23.135734,521
2026-02-17 01:47:23.143727,519
2026-02-17 01:47:23.151742,521
2026-02-17 01:47:23.159730,515
2026-02-17 01:47:23.167741,519
2026-02-17 01:47:23.175739,521
2026-02-17 01:47:23.183735,516
2026-02-17 01:47:23.191758,515
2026-02-17 01:47:23.199723,520
2026-02-17 01:47:23.207724,521
2026-02-17 01:47:23.215741,521
2026-02-17 01:47:23.223731,512
2026-02-17 01:47:23.231723,513
2026-02-17 01:47:23.239721,511
2026-02-17 01:47:23.247740,515
2026-02-17 01:47:23.255696,517
2026-02-17 01:47:23.263739,522
2026-02-17 01:47:23.271701,520
2026-02-17 01:47:23.279739,517
2026-02-17 01:47:23.287739,508
2026-02-17 01:47:23.295703,510
2026-02-17 01:47:23.303720,510
2026-02-17 01:47:23.311729,513
2026-02-17 01:47:23.319725,501
2026-02-17 01:47:23.327729,514
2026-02-17 01:47:23.335711,511
2026-02-17 01:47:23.343704,511
2026-02-17 01:47:23.351704,517
2026-02-17 01:47:23.359750,516
2026-02-17 01:47:23.367732,514
2026-02-17 01:47:23.375722,521
2026-02-17 01:47:23.383726,519
2026-02-17 01:47:23.391717,518
2026-02-17 01:47:23.399722,518
2026-02-17 01:47:23.407705,518
2026-02-17 01:47:23.415742,514
2026-02-17 01:47:23.423741,510
2026-02-17 01:47:23.431729,510
2026-02-17 01:47:23.439725,515
2026-02-17 01:47:23.447729,512
2026-02-17 01:47:23.455720,517
2026-02-17 01:47:23.463715,513
2026-02-17 01:47:23.471733,517
2026-02-17 01:47:23.479744,510
2026-02-17 01:47:23.487713,517
2026-02-17 01:47:23.495726,512
2026-02-17 01:47:23.503735,507
2026-02-17 01:47:23.511729,510
2026-02-17 01:47:23.519716,508
2026-02-17 01:47:23.527733,515
2026-02-17 01:47:23.535755,514
2026-02-17 01:47:23.543731,516
2026-02-17 01:47:23.551731,512
2026-02-17 01:47:23.559705,512
2026-02-17 01:47:23.567733,512
2026-02-17 01:47:23.575723,512
2026-02-17 01:47:23.583741,513
2026-02-17 01:47:23.591737,517
2026-02-17 01:47:23.599724,512
2026-02-17 01:47:23.607735,510
2026-02-17 01:47:23.615740,511
2026-02-17 01:47:23.623708,509
2026-02-17 01:47:23.631721,513
2026-02-17 01:47:23.639734,512
2026-02-17 01:47:23.647728,511
2026-02-17 01:47:23.655706,512
2026-02-17 01:47:23.663727,511
2026-02-17 01:47:23.671748,510
2026-02-17 01:47:23.679738,508
2026-02-17 01:47:23.687702,509
2026-02-17 01:47:23.695728,507
2026-02-17 01:47:23.703716,500
2026-02-17 01:47:23.711716,509
2026-02-17 01:47:23.719706,504
2026-02-17 01:47:23.727728,510
2026-02-17 01:47:23.735725,517
2026-02-17 01:47:23.743702,507
2026-02-17 01:47:23.751739,510
2026-02-17 01:47:23.759738,510
2026-02-17 01:47:23.767727,515
2026-02-17 01:47:23.775744,511
2026-02-17 01:47:23.783750,513
2026-02-17 01:47:23.791744,511
2026-02-17 01:47:23.799759,509
2026-02-17 01:47:23.807721,511
2026-02-17 01:47:23.815760,510
2026-02-17 01:47:23.823789,509
2026-02-17 01:47:23.831718,509
2026-02-17 01:47:23.839715,510
2026-02-17 01:47:23.847763,511
2026-02-17 01:47:23.855734,511
2026-02-17 01:47:23.863770,514
2026-02-17 01:47:23.871834,515
2026-02-17 01:47:23.879754,513
2026-02-17 01:47:23.887811,510
2026-02-17 01:47:23.895742,505
2026-02-17 01:47:23.903752,512
2026-02-17 01:47:23.911770,515
2026-02-17 01:47:23.919762,514
2026-02-17 01:47:23.927730,516
2026-02-17 01:47:23.935877,514
2026-02-17 01:47:23.943757,505
2026-02-17 01:47:23.951751,511
2026-02-17 01:47:23.959824,516
2026-02-17 01:47:23.967774,511
2026-02-17 01:47:23.975771,510
2026-02-17 01:47:23.983803,514
2026-02-17 01:47:23.991765,508
2026-02-17 01:47:23.999773,504
2026-02-17 01:47:24.007765,515
2026-02-17 01:47:24.015849,511
2026-02-17 01:47:24.023835,512
2026-02-17 01:47:24.031724,513
2026-02-17 01:47:24.039760,510
2026-02-17 01:47:24.047812,511
2026-02-17 01:47:24.055784,514
2026-02-17 01:47:24.063880,506
2026-02-17 01:47:24.071744,499
2026-02-17 01:47:24.079802,499
2026-02-17 01:47:24.087812,504
2026-02-17 01:47:24.095773,507
2026-02-17 01:47:24.103782,507
2026-02-17 01:47:24.111779,513
2026-02-17 01:47:24.119769,511
2026-02-17 01:47:24.127779,517
2026-02-17 01:47:24.135782,514
2026-02-17 01:47:24.143780,517
2026-02-17 01:47:24.151776,513
2026-02-17 01:47:24.159811,511
2026-02-17 01:47:24.167790,517
2026-02-17 01:47:24.175818,516
2026-02-17 01:47:24.183768,520
2026-02-17 01:47:24.191796,519
2026-02-17 01:47:24.199775,514
2026-02-17 01:47:24.207779,517
2026-02-17 01:47:24.215765,524
2026-02-17 01:47:24.223961,523
2026-02-17 01:47:24.231869,525
2026-02-17 01:47:24.239836,522
2026-02-17 01:47:24.247850,523
2026-02-17 01:47:24.255793,520
2026-02-17 01:47:24.263791,515
2026-02-17 01:47:24.271772,517
2026-02-17 01:47:24.279870,512
2026-02-17 01:47:24.287775,512
2026-02-17 01:47:24.295975,519
2026-02-17 01:47:24.303886,518
2026-02-17 01:47:24.311729,515
2026-02-17 01:47:24.319780,512
2026-02-17 01:47:24.327780,512
2026-02-17 01:47:24.335815,515
2026-02-17 01:47:24.343811,517
2026-02-17 01:47:24.351748,520
2026-02-17 01:47:24.359793,519
2026-02-17 01:47:24.367838,523
2026-02-17 01:47:24.375791,517
2026-02-17 01:47:24.383787,517
2026-02-17 01:47:24.391775,518
2026-02-17 01:47:24.399780,517
2026-02-17 01:47:24.407810,522
2026-02-17 01:47:24.415774,517
2026-02-17 01:47:24.423723,518
2026-02-17 01:47:24.431720,515
2026-02-17 01:47:24.439768,516
2026-02-17 01:47:24.447767,521
2026-02-17 01:47:24.455778,522
2026-02-17 01:47:24.463769,516
2026-02-17 01:47:24.471782,517
2026-02-17 01:47:24.479760,513
2026-02-17 01:47:24.487769,516
2026-02-17 01:47:24.495773,506
2026-02-17 01:47:24.503772,510
2026-02-17 01:47:24.511766,516
2026-02-17 01:47:24.519781,515
2026-02-17 01:47:24.527767,515
2026-02-17 01:47:24.535775,516
2026-02-17 01:47:24.543810,510
2026-02-17 01:47:24.551841,512
2026-02-17 01:47:24.559784,513
2026-02-17 01:47:24.567802,521
2026-02-17 01:47:24.575778,516
2026-02-17 01:47:24.583818,519
2026-02-17 01:47:24.591835,521
2026-02-17 01:47:24.599795,520
2026-02-17 01:47:24.607767,516
2026-02-17 01:47:24.615790,513
2026-02-17 01:47:24.623767,513
2026-02-17 01:47:24.631713,514
2026-02-17 01:47:24.639813,509
2026-02-17 01:47:24.647791,511
2026-02-17 01:47:24.655795,501
2026-02-17 01:47:24.663774,499
2026-02-17 01:47:24.671799,503
2026-02-17 01:47:24.679789,504
2026-02-17 01:47:24.687769,505
2026-02-17 01:47:24.695816,507
2026-02-17 01:47:24.703775,513
2026-02-17 01:47:24.711769,505
2026-02-17 01:47:24.719849,507
2026-02-17 01:47:24.727880,513
2026-02-17 01:47:24.735795,510
2026-02-17 01:47:24.743785,510
2026-02-17 01:47:24.751872,503
2026-02-17 01:47:24.759850,505
2026-02-17 01:47:24.767793,510
2026-02-17 01:47:24.775880,512
2026-02-17 01:47:24.783846,514
2026-02-17 01:47:24.791836,512
2026-02-17 01:47:24.799801,507
2026-02-17 01:47:24.807799,519
2026-02-17 01:47:24.815781,512
2026-02-17 01:47:24.823805,520
2026-02-17 01:47:24.831785,518
2026-02-17 01:47:24.839801,516
2026-02-17 01:47:24.849637,508
2026-02-17 01:47:24.855884,511
2026-02-17 01:47:24.863893,508
2026-02-17 01:47:24.871930,505
2026-02-17 01:47:24.879899,508
2026-02-17 01:47:24.887909,510
2026-02-17 01:47:24.895820,512
2026-02-17 01:47:24.903921,511
2026-02-17 01:47:24.911909,509
2026-02-17 01:47:24.919859,505
2026-02-17 01:47:24.927885,509
2026-02-17 01:47:24.935849,513
2026-02-17 01:47:24.943889,510
2026-02-17 01:47:24.951898,511
2026-02-17 01:47:24.959864,513
2026-02-17 01:47:24.967902,502
2026-02-17 01:47:24.975870,509
2026-02-17 01:47:24.983866,510
2026-02-17 01:47:24.991833,512
2026-02-17 01:47:24.999863,512
2026-02-17 01:47:25.007870,511
2026-02-17 01:47:25.015898,513
2026-02-17 01:47:25.023774,514
2026-02-17 01:47:25.031865,512
2026-02-17 01:47:25.039774,510
2026-02-17 01:47:25.047760,510
2026-02-17 01:47:25.055866,509
2026-02-17 01:47:25.063827,508
2026-02-17 01:47:25.071793,511
2026-02-17 01:47:25.079804,516
2026-02-17 01:47:25.087780,514
2026-02-17 01:47:25.095774,513
2026-02-17 01:47:25.103776,512
2026-02-17 01:47:25.111726,514
2026-02-17 01:47:25.119716,514
2026-02-17 01:47:25.127730,521
2026-02-17 01:47:25.135713,518
2026-02-17 01:47:25.143731,516
2026-02-17 01:47:25.151732,516
2026-02-17 01:47:25.159715,510
2026-02-17 01:47:25.167719,513
2026-02-17 01:47:25.175790,516
2026-02-17 01:47:25.183764,508
2026-02-17 01:47:25.191814,508
2026-02-17 01:47:25.199800,507
2026-02-17 01:47:25.207868,501
2026-02-17 01:47:25.215789,502
2026-02-17 01:47:25.223795,503
2026-02-17 01:47:25.231793,508
2026-02-17 01:47:25.239801,508
2026-02-17 01:47:25.247798,513
2026-02-17 01:47:25.255758,503
2026-02-17 01:47:25.263718,501
2026-02-17 01:47:25.271719,503
2026-02-17 01:47:25.279750,506
2026-02-17 01:47:25.287792,512
2026-02-17 01:47:25.295770,506
2026-02-17 01:47:25.303788,504
2026-02-17 01:47:25.311785,502
2026-02-17 01:47:25.319775,505
2026-02-17 01:47:25.327789,508
2026-02-17 01:47:25.335782,506
2026-02-17 01:47:25.343722,499
2026-02-17 01:47:25.351801,498
2026-02-17 01:47:25.359785,498
2026-02-17 01:47:25.367801,503
2026-02-17 01:47:25.375794,499
2026-02-17 01:47:25.383776,491
2026-02-17 01:47:25.391779,500
2026-02-17 01:47:25.399794,503
2026-02-17 01:47:25.407772,506
2026-02-17 01:47:25.415789,502
2026-02-17 01:47:25.423727,504
2026-02-17 01:47:25.431853,499
2026-02-17 01:47:25.439790,506
2026-02-17 01:47:25.447789,510
2026-02-17 01:47:25.455774,506
2026-02-17 01:47:25.463854,500
2026-02-17 01:47:25.471814,500
2026-02-17 01:47:25.479851,508
2026-02-17 01:47:25.487806,508
2026-02-17 01:47:25.495783,513
2026-02-17 01:47:25.503796,503
2026-02-17 01:47:25.511782,503
2026-02-17 01:47:25.519789,503
2026-02-17 01:47:25.527723,506
2026-02-17 01:47:25.535731,510
2026-02-17 01:47:25.543846,494
2026-02-17 01:47:25.551730,498
2026-02-17 01:47:25.559732,495
2026-02-17 01:47:25.567724,495
2026-02-17 01:47:25.575732,504
2026-02-17 01:47:25.583722,506
2026-02-17 01:47:25.591733,507
2026-02-17 01:47:25.599804,503
2026-02-17 01:47:25.607797,505
2026-02-17 01:47:25.615792,505
2026-02-17 01:47:25.623804,511
2026-02-17 01:47:25.631743,501
2026-02-17 01:47:25.639796,498
2026-02-17 01:47:25.647784,494
2026-02-17 01:47:25.655796,497
2026-02-17 01:47:25.663771,488
2026-02-17 01:47:25.671783,496
2026-02-17 01:47:25.679788,503
2026-02-17 01:47:25.687782,505
2026-02-17 01:47:25.695782,516
2026-02-17 01:47:25.703790,513
2026-02-17 01:47:25.711807,506
2026-02-17 01:47:25.719787,517
2026-02-17 01:47:25.727776,512
2026-02-17 01:47:25.735784,514
2026-02-17 01:47:25.743840,510
2026-02-17 01:47:25.751830,500
2026-02-17 01:47:25.759858,503
2026-02-17 01:47:25.767791,502
2026-02-17 01:47:25.775823,505
2026-02-17 01:47:25.783845,509
2026-02-17 01:47:25.791794,515
2026-02-17 01:47:25.799787,523
2026-02-17 01:47:25.807856,522
2026-02-17 01:47:25.815794,533
2026-02-17 01:47:25.823791,530
2026-02-17 01:47:25.831817,537
2026-02-17 01:47:25.839795,509
2026-02-17 01:47:25.847862,515
2026-02-17 01:47:25.855747,522
2026-02-17 01:47:25.863804,520
2026-02-17 01:47:25.871741,521
2026-02-17 01:47:25.879746,540
2026-02-17 01:47:25.887814,524
2026-02-17 01:47:25.895740,533
2026-02-17 01:47:25.903813,525
2026-02-17 01:47:25.911867,534
2026-02-17 01:47:25.919801,531
2026-02-17 01:47:25.927829,520
2026-02-17 01:47:25.935853,528
2026-02-17 01:47:25.943897,514
2026-02-17 01:47:25.951861,525
2026-02-17 01:47:25.959789,529
2026-02-17 01:47:25.967798,528
2026-02-17 01:47:25.975801,534
2026-02-17 01:47:25.983798,527
2026-02-17 01:47:25.991748,530
2026-02-17 01:47:25.999804,531
2026-02-17 01:47:26.007810,530
2026-02-17 01:47:26.015856,522
2026-02-17 01:47:26.023800,523
2026-02-17 01:47:26.031839,523
2026-02-17 01:47:26.039854,517
2026-02-17 01:47:26.047890,522
2026-02-17 01:47:26.055870,518
2026-02-17 01:47:26.063850,519
2026-02-17 01:47:26.071853,514
2026-02-17 01:47:26.079836,522
2026-02-17 01:47:26.087845,518
2026-02-17 01:47:26.095804,521
2026-02-17 01:47:26.103813,519
2026-02-17 01:47:26.111866,515
2026-02-17 01:47:26.119796,513
2026-02-17 01:47:26.127805,516
2026-02-17 01:47:26.135788,513
2026-02-17 01:47:26.143809,508
2026-02-17 01:47:26.151813,512
2026-02-17 01:47:26.159797,514
2026-02-17 01:47:26.167792,510
2026-02-17 01:47:26.175799,513
2026-02-17 01:47:26.183814,511
2026-02-17 01:47:26.191741,517
2026-02-17 01:47:26.199840,510
2026-02-17 01:47:26.207800,512
2026-02-17 01:47:26.215813,514
2026-02-17 01:47:26.223819,513
2026-02-17 01:47:26.231891,506
2026-02-17 01:47:26.239840,511
2026-02-17 01:47:26.247851,515
2026-02-17 01:47:26.255865,515
2026-02-17 01:47:26.263801,514
2026-02-17 01:47:26.271799,515
2026-02-17 01:47:26.279814,516
2026-02-17 01:47:26.287803,514
2026-02-17 01:47:26.295815,509
2026-02-17 01:47:26.303790,520
2026-02-17 01:47:26.311785,512
2026-02-17 01:47:26.319794,520
2026-02-17 01:47:26.327833,520
2026-02-17 01:47:26.335791,527
2026-02-17 01:47:26.343826,506
2026-02-17 01:47:26.351812,521
2026-02-17 01:47:26.359815,516
2026-02-17 01:47:26.367789,523
2026-02-17 01:47:26.375860,525
2026-02-17 01:47:26.383777,512
2026-02-17 01:47:26.391778,517
2026-02-17 01:47:26.399879,520
2026-02-17 01:47:26.407813,523
2026-02-17 01:47:26.415800,516
2026-02-17 01:47:26.423807,521
2026-02-17 01:47:26.431811,512
2026-02-17 01:47:26.439812,509
2026-02-17 01:47:26.447809,515
2026-02-17 01:47:26.455800,513
2026-02-17 01:47:26.463805,510
2026-02-17 01:47:26.471799,512
2026-02-17 01:47:26.479802,509
2026-02-17 01:47:26.487803,519
2026-02-17 01:47:26.495841,515
2026-02-17 01:47:26.503797,514
2026-02-17 01:47:26.511789,513
2026-02-17 01:47:26.519802,519
2026-02-17 01:47:26.527788,521
2026-02-17 01:47:26.535800,516
2026-02-17 01:47:26.543803,518
2026-02-17 01:47:26.551803,516
2026-02-17 01:47:26.559813,519
2026-02-17 01:47:26.567797,518
2026-02-17 01:47:26.575807,517
2026-02-17 01:47:26.583801,520
2026-02-17 01:47:26.591797,514
2026-02-17 01:47:26.599893,515
2026-02-17 01:47:26.607800,512
2026-02-17 01:47:26.615811,517
2026-02-17 01:47:26.623789,520
2026-02-17 01:47:26.631752,519
2026-02-17 01:47:26.639815,518
2026-02-17 01:47:26.647795,513
2026-02-17 01:47:26.655819,520
2026-02-17 01:47:26.663816,509
2026-02-17 01:47:26.671806,516
2026-02-17 01:47:26.679795,514
2026-02-17 01:47:26.687797,511
2026-02-17 01:47:26.695801,516
2026-02-17 01:47:26.703798,509
2026-02-17 01:47:26.711795,514
2026-02-17 01:47:26.719806,519
2026-02-17 01:47:26.727796,520
2026-02-17 01:47:26.735743,528
2026-02-17 01:47:26.743820,519
2026-02-17 01:47:26.751864,525
2026-02-17 01:47:26.759824,509
2026-02-17 01:47:26.767865,507
2026-02-17 01:47:26.775803,515
2026-02-17 01:47:26.783795,512
2026-02-17 01:47:26.791805,521
2026-02-17 01:47:26.799802,518
2026-02-17 01:47:26.807813,518
2026-02-17 01:47:26.815789,515
2026-02-17 01:47:26.823813,514
2026-02-17 01:47:26.831759,519
2026-02-17 01:47:26.839743,521
2026-02-17 01:47:26.847824,523
2026-02-17 01:47:26.855798,519
2026-02-17 01:47:26.863814,519
2026-02-17 01:47:26.871791,511
2026-02-17 01:47:26.879801,501
2026-02-17 01:47:26.887805,513
2026-02-17 01:47:26.895796,518
2026-02-17 01:47:26.903774,509
2026-02-17 01:47:26.911809,512
2026-02-17 01:47:26.919757,516
2026-02-17 01:47:26.927770,513
2026-02-17 01:47:26.935804,516
2026-02-17 01:47:26.943788,511
2026-02-17 01:47:26.951819,504
2026-02-17 01:47:26.959802,499
2026-02-17 01:47:26.967810,508
2026-02-17 01:47:26.975792,509
2026-02-17 01:47:26.983779,514
2026-02-17 01:47:26.991803,504
2026-02-17 01:47:26.999796,508
2026-02-17 01:47:27.007802,510
2026-02-17 01:47:27.015787,513
2026-02-17 01:47:27.023776,516
2026-02-17 01:47:27.031791,517
2026-02-17 01:47:27.039836,520
2026-02-17 01:47:27.047871,515
2026-02-17 01:47:27.055799,509
2026-02-17 01:47:27.063793,508
2026-02-17 01:47:27.071826,515
2026-02-17 01:47:27.079848,515
2026-02-17 01:47:27.087778,511
2026-02-17 01:47:27.095827,509
2026-02-17 01:47:27.103869,502
2026-02-17 01:47:27.111826,519
2026-02-17 01:47:27.119815,510
2026-02-17 01:47:27.127853,518
2026-02-17 01:47:27.135823,520
2026-02-17 01:47:27.143836,512
2026-02-17 01:47:27.151912,514
2026-02-17 01:47:27.159816,514
2026-02-17 01:47:27.167805,521
2026-02-17 01:47:27.175806,511
2026-02-17 01:47:27.183806,512
2026-02-17 01:47:27.191813,505
2026-02-17 01:47:27.199816,510
2026-02-17 01:47:27.207931,512
2026-02-17 01:47:27.215816,514
2026-02-17 01:47:27.223825,517
2026-02-17 01:47:27.231835,516
2026-02-17 01:47:27.239815,512
2026-02-17 01:47:27.247831,512
2026-02-17 01:47:27.255819,510
2026-02-17 01:47:27.263822,513
2026-02-17 01:47:27.271865,512
2026-02-17 01:47:27.279902,516
2026-02-17 01:47:27.287860,514
2026-02-17 01:47:27.295907,503
2026-02-17 01:47:27.303816,502
2026-02-17 01:47:27.311765,506
2026-02-17 01:47:27.319877,511
2026-02-17 01:47:27.327806,507
2026-02-17 01:47:27.335838,508
2026-02-17 01:47:27.343866,509
2026-02-17 01:47:27.351833,512
2026-02-17 01:47:27.359824,513
2026-02-17 01:47:27.367830,512
2026-02-17 01:47:27.375825,512
2026-02-17 01:47:27.383817,513
2026-02-17 01:47:27.391810,517
2026-02-17 01:47:27.399798,513
2026-02-17 01:47:27.407863,518
2026-02-17 01:47:27.415835,524
2026-02-17 01:47:27.423873,515
2026-02-17 01:47:27.431851,518
2026-02-17 01:47:27.439810,514
2026-02-17 01:47:27.447836,514
2026-02-17 01:47:27.455820,515
2026-02-17 01:47:27.463814,513
2026-02-17 01:47:27.471836,510
2026-02-17 01:47:27.479810,508
2026-02-17 01:47:27.487826,507
2026-02-17 01:47:27.495802,508
2026-02-17 01:47:27.503826,513
2026-02-17 01:47:27.511829,513
2026-02-17 01:47:27.519806,507
2026-02-17 01:47:27.527813,509
2026-02-17 01:47:27.535830,506
2026-02-17 01:47:27.543806,505
2026-02-17 01:47:27.551868,509
2026-02-17 01:47:27.559838,506
2026-02-17 01:47:27.567834,509
2026-02-17 01:47:27.575821,510
2026-02-17 01:47:27.583922,516
2026-02-17 01:47:27.591862,501
2026-02-17 01:47:27.599842,507
2026-02-17 01:47:27.607823,517
2026-02-17 01:47:27.615849,510
2026-02-17 01:47:27.623836,511
2026-02-17 01:47:27.631809,514
2026-02-17 01:47:27.639818,516
2026-02-17 01:47:27.647832,510
2026-02-17 01:47:27.655880,506
2026-02-17 01:47:27.663817,511
2026-02-17 01:47:27.671835,511
2026-02-17 01:47:27.679821,516
2026-02-17 01:47:27.687834,516
2026-02-17 01:47:27.695810,512
2026-02-17 01:47:27.703815,516
2026-02-17 01:47:27.711821,519
2026-02-17 01:47:27.719804,511
2026-02-17 01:47:27.727814,515
2026-02-17 01:47:27.735837,511
2026-02-17 01:47:27.743823,519
2026-02-17 01:47:27.751942,511
2026-02-17 01:47:27.759878,507
2026-02-17 01:47:27.767857,512
2026-02-17 01:47:27.775829,517
2026-02-17 01:47:27.783816,508
2026-02-17 01:47:27.791813,512
2026-02-17 01:47:27.799831,510
2026-02-17 01:47:27.807814,506
2026-02-17 01:47:27.815823,510
2026-02-17 01:47:27.823822,513
2026-02-17 01:47:27.831826,511
2026-02-17 01:47:27.839847,511
2026-02-17 01:47:27.847897,505
2026-02-17 01:47:27.855894,510
2026-02-17 01:47:27.864209,513
2026-02-17 01:47:27.871885,514
2026-02-17 01:47:27.879854,515
2026-02-17 01:47:27.887879,519
2026-02-17 01:47:27.895886,518
2026-02-17 01:47:27.903811,510
2026-02-17 01:47:27.911785,506
2026-02-17 01:47:27.919851,513
2026-02-17 01:47:27.927781,517
2026-02-17 01:47:27.935818,512
2026-02-17 01:47:27.943821,513
2026-02-17 01:47:27.951825,501
2026-02-17 01:47:27.959814,508
2026-02-17 01:47:27.967827,512
2026-02-17 01:47:27.975823,512
2026-02-17 01:47:27.983844,512
2026-02-17 01:47:27.991824,503
2026-02-17 01:47:27.999809,507
2026-02-17 01:47:28.007825,513
2026-02-17 01:47:28.015911,515
2026-02-17 01:47:28.023911,514
2026-02-17 01:47:28.031839,505
2026-02-17 01:47:28.039864,504
2026-02-17 01:47:28.047878,511
2026-02-17 01:47:28.055870,518
2026-02-17 01:47:28.063834,516
2026-02-17 01:47:28.071832,516
2026-02-17 01:47:28.079784,507
2026-02-17 01:47:28.087817,512
2026-02-17 01:47:28.095819,511
2026-02-17 01:47:28.103903,513
2026-02-17 01:47:28.111914,513
2026-02-17 01:47:28.119872,514
2026-02-17 01:47:28.127841,507
2026-02-17 01:47:28.135894,510
2026-02-17 01:47:28.143844,511
2026-02-17 01:47:28.151884,509
2026-02-17 01:47:28.159903,508
2026-02-17 01:47:28.167903,519
2026-02-17 01:47:28.175834,513
2026-02-17 01:47:28.184018,516
2026-02-17 01:47:28.191957,511
2026-02-17 01:47:28.199894,507
2026-02-17 01:47:28.207818,516
2026-02-17 01:47:28.215837,509
2026-02-17 01:47:28.223871,509
2026-02-17 01:47:28.231825,515
2026-02-17 01:47:28.239852,519
2026-02-17 01:47:28.247824,522
2026-02-17 01:47:28.255852,522
2026-02-17 01:47:28.263871,519
2026-02-17 01:47:28.271872,518
2026-02-17 01:47:28.279839,508
2026-02-17 01:47:28.287833,507
2026-02-17 01:47:28.295948,506
2026-02-17 01:47:28.303838,515
2026-02-17 01:47:28.311813,518
2026-02-17 01:47:28.319894,520
2026-02-17 01:47:28.327782,512
2026-02-17 01:47:28.335824,514
2026-02-17 01:47:28.343844,514
2026-02-17 01:47:28.351834,515
2026-02-17 01:47:28.359860,512
2026-02-17 01:47:28.367832,517
2026-02-17 01:47:28.375830,516
2026-02-17 01:47:28.383829,511
2026-02-17 01:47:28.391824,509
2026-02-17 01:47:28.399833,511
2026-02-17 01:47:28.407811,517
2026-02-17 01:47:28.415780,514
2026-02-17 01:47:28.423853,509
2026-02-17 01:47:28.431887,517
2026-02-17 01:47:28.439870,505
2026-02-17 01:47:28.447908,518
2026-02-17 01:47:28.455937,519
2026-02-17 01:47:28.463832,519
2026-02-17 01:47:28.471836,518
2026-02-17 01:47:28.479898,517
2026-02-17 01:47:28.487894,513
2026-02-17 01:47:28.495860,516
2026-02-17 01:47:28.503834,511
2026-02-17 01:47:28.511821,511
2026-02-17 01:47:28.519824,516
2026-02-17 01:47:28.527855,519
2026-02-17 01:47:28.535842,516
2026-02-17 01:47:28.543828,520
2026-02-17 01:47:28.551841,521
2026-02-17 01:47:28.559859,521
2026-02-17 01:47:28.567823,515
2026-02-17 01:47:28.575841,510
2026-02-17 01:47:28.583826,514
2026-02-17 01:47:28.591800,513
2026-02-17 01:47:28.599843,518
2026-02-17 01:47:28.607851,510
2026-02-17 01:47:28.615828,507
2026-02-17 01:47:28.623835,507
2026-02-17 01:47:28.631872,512
2026-02-17 01:47:28.639789,506
2026-02-17 01:47:28.647844,517
2026-02-17 01:47:28.655867,517
2026-02-17 01:47:28.663825,512
2026-02-17 01:47:28.671838,515
2026-02-17 01:47:28.679834,510
2026-02-17 01:47:28.687838,509
2026-02-17 01:47:28.695829,509
2026-02-17 01:47:28.703829,507
2026-02-17 01:47:28.711825,506
2026-02-17 01:47:28.719836,501
2026-02-17 01:47:28.727831,511
2026-02-17 01:47:28.735924,512
2026-02-17 01:47:28.743892,514
2026-02-17 01:47:28.751929,511
2026-02-17 01:47:28.759920,515
2026-02-17 01:47:28.767925,517
2026-02-17 01:47:28.775882,507
2026-02-17 01:47:28.783897,508
2026-02-17 01:47:28.791837,512
2026-02-17 01:47:28.799858,514
2026-02-17 01:47:28.807832,500
2026-02-17 01:47:28.815832,510
2026-02-17 01:47:28.823841,511
2026-02-17 01:47:28.831866,511
2026-02-17 01:47:28.839889,511
2026-02-17 01:47:28.847911,513
2026-02-17 01:47:28.855834,512
2026-02-17 01:47:28.863895,514
2026-02-17 01:47:28.871912,506
2026-02-17 01:47:28.879908,501
2026-02-17 01:47:28.887909,502
2026-02-17 01:47:28.895844,506
2026-02-17 01:47:28.903853,499
2026-02-17 01:47:28.911887,505
2026-02-17 01:47:28.919840,516
2026-02-17 01:47:28.927793,519
2026-02-17 01:47:28.935820,523
2026-02-17 01:47:28.943784,515
2026-02-17 01:47:28.951817,511
2026-02-17 01:47:28.959891,515
2026-02-17 01:47:28.967846,516
2026-02-17 01:47:28.975833,518
2026-02-17 01:47:28.983829,508
2026-02-17 01:47:28.991845,510
2026-02-17 01:47:28.999843,509
2026-02-17 01:47:29.007833,510
2026-02-17 01:47:29.015859,512
2026-02-17 01:47:29.023958,509
2026-02-17 01:47:29.031867,514
2026-02-17 01:47:29.039871,509
2026-02-17 01:47:29.047827,511
2026-02-17 01:47:29.055967,507
2026-02-17 01:47:29.063940,509
2026-02-17 01:47:29.071920,507
2026-02-17 01:47:29.079920,512
2026-02-17 01:47:29.087950,513
2026-02-17 01:47:29.095858,517
2026-02-17 01:47:29.103929,513
2026-02-17 01:47:29.111852,519
2026-02-17 01:47:29.119856,507
2026-02-17 01:47:29.127932,514
2026-02-17 01:47:29.135856,517
2026-02-17 01:47:29.143843,518
2026-02-17 01:47:29.151819,518
2026-02-17 01:47:29.159946,514
2026-02-17 01:47:29.167893,511
2026-02-17 01:47:29.175835,514
2026-02-17 01:47:29.183853,516
2026-02-17 01:47:29.191831,522
2026-02-17 01:47:29.199882,520
2026-02-17 01:47:29.207856,516
2026-02-17 01:47:29.215831,518
2026-02-17 01:47:29.223833,507
2026-02-17 01:47:29.231840,517
2026-02-17 01:47:29.239850,508
2026-02-17 01:47:29.247891,518
2026-02-17 01:47:29.255911,519
2026-02-17 01:47:29.263927,516
2026-02-17 01:47:29.271901,519
2026-02-17 01:47:29.279941,514
2026-02-17 01:47:29.287936,512
2026-02-17 01:47:29.295845,515
2026-02-17 01:47:29.303917,506
2026-02-17 01:47:29.311903,509
2026-02-17 01:47:29.319888,512
2026-02-17 01:47:29.327872,513
2026-02-17 01:47:29.335919,517
2026-02-17 01:47:29.343875,518
2026-02-17 01:47:29.351858,521
2026-02-17 01:47:29.359931,507
2026-02-17 01:47:29.367891,509
2026-02-17 01:47:29.375850,516
2026-02-17 01:47:29.383850,512
2026-02-17 01:47:29.391870,515
2026-02-17 01:47:29.399865,515
2026-02-17 01:47:29.407849,513
2026-02-17 01:47:29.415840,509
2026-02-17 01:47:29.423847,512
2026-02-17 01:47:29.431851,515
2026-02-17 01:47:29.439821,510
2026-02-17 01:47:29.447874,517
2026-02-17 01:47:29.455837,514
2026-02-17 01:47:29.463848,506
2026-02-17 01:47:29.471862,513
2026-02-17 01:47:29.479888,504
2026-02-17 01:47:29.487844,509
2026-02-17 01:47:29.495839,513
2026-02-17 01:47:29.503857,509
2026-02-17 01:47:29.511860,514
2026-02-17 01:47:29.519846,512
2026-02-17 01:47:29.527852,516
2026-02-17 01:47:29.535839,510
2026-02-17 01:47:29.543826,507
2026-02-17 01:47:29.551834,511
2026-02-17 01:47:29.559876,509
2026-02-17 01:47:29.567870,512
2026-02-17 01:47:29.575846,513
2026-02-17 01:47:29.583843,515
2026-02-17 01:47:29.591899,517
2026-02-17 01:47:29.599900,517
2026-02-17 01:47:29.607850,514
2026-02-17 01:47:29.615860,505
2026-02-17 01:47:29.623846,506
2026-02-17 01:47:29.631843,507
2026-02-17 01:47:29.639802,510
2026-02-17 01:47:29.647807,507
2026-02-17 01:47:29.655875,508
2026-02-17 01:47:29.663852,496
2026-02-17 01:47:29.671841,511
2026-02-17 01:47:29.679857,521
2026-02-17 01:47:29.687890,523
2026-02-17 01:47:29.695848,516
2026-02-17 01:47:29.703862,518
2026-02-17 01:47:29.711840,511
2026-02-17 01:47:29.719847,513
2026-02-17 01:47:29.727849,504
2026-02-17 01:47:29.735857,510
2026-02-17 01:47:29.743834,517
2026-02-17 01:47:29.751883,501
2026-02-17 01:47:29.759894,506
2026-02-17 01:47:29.767867,514
2026-02-17 01:47:29.775852,513
2026-02-17 01:47:29.783853,509
2026-02-17 01:47:29.791855,511
2026-02-17 01:47:29.799845,507
2026-02-17 01:47:29.807850,508
2026-02-17 01:47:29.815847,513
2026-02-17 01:47:29.823862,512
2026-02-17 01:47:29.831847,507
2026-02-17 01:47:29.839914,511
2026-02-17 01:47:29.849030,517
2026-02-17 01:47:29.855940,501
2026-02-17 01:47:29.863933,510
2026-02-17 01:47:29.871866,519
2026-02-17 01:47:29.879936,516
2026-02-17 01:47:29.887898,509
2026-02-17 01:47:29.895862,506
2026-02-17 01:47:29.903870,508
2026-02-17 01:47:29.911870,514
2026-02-17 01:47:29.919863,514
2026-02-17 01:47:29.927812,514
2026-02-17 01:47:29.935914,513
2026-02-17 01:47:29.943851,511
2026-02-17 01:47:29.951810,514
2026-02-17 01:47:29.959894,522
2026-02-17 01:47:29.967806,521
2026-02-17 01:47:29.975945,522
2026-02-17 01:47:29.983939,523
2026-02-17 01:47:29.991847,513
2026-02-17 01:47:29.999870,510
2026-02-17 01:47:30.007869,516
2026-02-17 01:47:30.015917,512
2026-02-17 01:47:30.023958,506
2026-02-17 01:47:30.031898,510
2026-02-17 01:47:30.039878,507
2026-02-17 01:47:30.047849,512
2026-02-17 01:47:30.055960,517
2026-02-17 01:47:30.063857,519
2026-02-17 01:47:30.071882,522
2026-02-17 01:47:30.079907,505
2026-02-17 01:47:30.087857,511
2026-02-17 01:47:30.095873,508
2026-02-17 01:47:30.103904,510
2026-02-17 01:47:30.111851,504
2026-02-17 01:47:30.119853,503
2026-02-17 01:47:30.127858,505
2026-02-17 01:47:30.135901,509
2026-02-17 01:47:30.143849,508
2026-02-17 01:47:30.151848,510
2026-02-17 01:47:30.159857,511
2026-02-17 01:47:30.167911,512
2026-02-17 01:47:30.175867,513
2026-02-17 01:47:30.183847,509
2026-02-17 01:47:30.191918,514
2026-02-17 01:47:30.199914,511
2026-02-17 01:47:30.207906,505
2026-02-17 01:47:30.215873,505
2026-02-17 01:47:30.223848,508
2026-02-17 01:47:30.231901,512
2026-02-17 01:47:30.239859,515
2026-02-17 01:47:30.247867,509
2026-02-17 01:47:30.255956,508
2026-02-17 01:47:30.263905,507
2026-02-17 01:47:30.271860,505
2026-02-17 01:47:30.280061,503
2026-02-17 01:47:30.287973,506
2026-02-17 01:47:30.295888,499
2026-02-17 01:47:30.303827,499
2026-02-17 01:47:30.311850,502
2026-02-17 01:47:30.319864,510
2026-02-17 01:47:30.327849,510
2026-02-17 01:47:30.335861,507
2026-02-17 01:47:30.343881,511
2026-02-17 01:47:30.351834,512
2026-02-17 01:47:30.359856,513
2026-02-17 01:47:30.367875,516
2026-02-17 01:47:30.375855,509
2026-02-17 01:47:30.383854,505
2026-02-17 01:47:30.391863,500
2026-02-17 01:47:30.399896,508
2026-02-17 01:47:30.407865,513
2026-02-17 01:47:30.415846,516
2026-02-17 01:47:30.423843,506
2026-02-17 01:47:30.431906,504
2026-02-17 01:47:30.439851,514
2026-02-17 01:47:30.447851,514
2026-02-17 01:47:30.455899,524
2026-02-17 01:47:30.463808,510
2026-02-17 01:47:30.471860,513
2026-02-17 01:47:30.479811,506
2026-02-17 01:47:30.487876,516
2026-02-17 01:47:30.495948,508
2026-02-17 01:47:30.503850,515
2026-02-17 01:47:30.511890,519
2026-02-17 01:47:30.519881,503
2026-02-17 01:47:30.527865,513
2026-02-17 01:47:30.535855,503
2026-02-17 01:47:30.543876,516
2026-02-17 01:47:30.551862,516
2026-02-17 01:47:30.559858,517
2026-02-17 01:47:30.567937,504
2026-02-17 01:47:30.575879,502
2026-02-17 01:47:30.583860,506
2026-02-17 01:47:30.591856,502
2026-02-17 01:47:30.599872,504
2026-02-17 01:47:30.607859,506
2026-02-17 01:47:30.615856,502
2026-02-17 01:47:30.623846,510
2026-02-17 01:47:30.631876,501
2026-02-17 01:47:30.639872,505
2026-02-17 01:47:30.647811,508
2026-02-17 01:47:30.655868,507
2026-02-17 01:47:30.663863,510
2026-02-17 01:47:30.671864,501
2026-02-17 01:47:30.679859,503
2026-02-17 01:47:30.687898,507
2026-02-17 01:47:30.695889,506
2026-02-17 01:47:30.703872,505
2026-02-17 01:47:30.711850,498
2026-02-17 01:47:30.719853,502
2026-02-17 01:47:30.727855,498
2026-02-17 01:47:30.735858,497
2026-02-17 01:47:30.743963,504
2026-02-17 01:47:30.752006,499
2026-02-17 01:47:30.759917,502
2026-02-17 01:47:30.767891,502
2026-02-17 01:47:30.775886,508
2026-02-17 01:47:30.783909,504
2026-02-17 01:47:30.791898,487
2026-02-17 01:47:30.799869,498
2026-02-17 01:47:30.807878,499
2026-02-17 01:47:30.815856,494
2026-02-17 01:47:30.823875,497
2026-02-17 01:47:30.831856,494
2026-02-17 01:47:30.839905,493
2026-02-17 01:47:30.847901,500
2026-02-17 01:47:30.855979,505
2026-02-17 01:47:30.863954,503
2026-02-17 01:47:30.871967,505
2026-02-17 01:47:30.880188,505
2026-02-17 01:47:30.887949,512
2026-02-17 01:47:30.895901,492
2026-02-17 01:47:30.903939,487
2026-02-17 01:47:30.911923,495
2026-02-17 01:47:30.919866,498
2026-02-17 01:47:30.927885,505
2026-02-17 01:47:30.935903,500
2026-02-17 01:47:30.943874,495
2026-02-17 01:47:30.951857,499
2026-02-17 01:47:30.959918,508
2026-02-17 01:47:30.967920,504
2026-02-17 01:47:30.976066,517
2026-02-17 01:47:30.983846,513
2026-02-17 01:47:30.991927,506
2026-02-17 01:47:30.999895,496
2026-02-17 01:47:31.007873,508
2026-02-17 01:47:31.015879,501
2026-02-17 01:47:31.023923,511
2026-02-17 01:47:31.031929,500
2026-02-17 01:47:31.039881,498
2026-02-17 01:47:31.047853,504
2026-02-17 01:47:31.055942,509
2026-02-17 01:47:31.063846,517
2026-02-17 01:47:31.071871,508
2026-02-17 01:47:31.079943,496
2026-02-17 01:47:31.087880,506
2026-02-17 01:47:31.095870,503
2026-02-17 01:47:31.103886,507
2026-02-17 01:47:31.111889,498
2026-02-17 01:47:31.119872,501
2026-02-17 01:47:31.127865,508
2026-02-17 01:47:31.135870,500
2026-02-17 01:47:31.143875,504
2026-02-17 01:47:31.151875,495
2026-02-17 01:47:31.159962,500
2026-02-17 01:47:31.167948,497
2026-02-17 01:47:31.175873,507
2026-02-17 01:47:31.183873,508
2026-02-17 01:47:31.191862,499
2026-02-17 01:47:31.199893,493
2026-02-17 01:47:31.207872,493
2026-02-17 01:47:31.215943,499
2026-02-17 01:47:31.223902,494
2026-02-17 01:47:31.231935,501
2026-02-17 01:47:31.239881,503
2026-02-17 01:47:31.247871,499
2026-02-17 01:47:31.255896,502
2026-02-17 01:47:31.263889,505
2026-02-17 01:47:31.271905,504
2026-02-17 01:47:31.279900,504
2026-02-17 01:47:31.287906,497
2026-02-17 01:47:31.295812,496
2026-02-17 01:47:31.303812,496
2026-02-17 01:47:31.311822,500
2026-02-17 01:47:31.319859,496
2026-02-17 01:47:31.327920,505
2026-02-17 01:47:31.335877,502
2026-02-17 01:47:31.343875,496
2026-02-17 01:47:31.351869,508
2026-02-17 01:47:31.359871,505
2026-02-17 01:47:31.367879,505
2026-02-17 01:47:31.375882,502
2026-02-17 01:47:31.383870,503
2026-02-17 01:47:31.391866,493
2026-02-17 01:47:31.399875,497
2026-02-17 01:47:31.407856,500
2026-02-17 01:47:31.415880,501
2026-02-17 01:47:31.423870,495
2026-02-17 01:47:31.431861,496
2026-02-17 01:47:31.439873,505
2026-02-17 01:47:31.447871,498
2026-02-17 01:47:31.455867,497
2026-02-17 01:47:31.463899,514
2026-02-17 01:47:31.471880,495
2026-02-17 01:47:31.479988,513
2026-02-17 01:47:31.487869,511
2026-02-17 01:47:31.495931,506
2026-02-17 01:47:31.503836,510
2026-02-17 01:47:31.511865,499
2026-02-17 01:47:31.519868,503
2026-02-17 01:47:31.527866,510
2026-02-17 01:47:31.535858,505
2026-02-17 01:47:31.543871,510
2026-02-17 01:47:31.551871,512
2026-02-17 01:47:31.559864,509
2026-02-17 01:47:31.567942,509
2026-02-17 01:47:31.575900,514
2026-02-17 01:47:31.583822,509
2026-02-17 01:47:31.591847,508
2026-02-17 01:47:31.599866,500
2026-02-17 01:47:31.607873,509
2026-02-17 01:47:31.615868,500
2026-02-17 01:47:31.623868,505
2026-02-17 01:47:31.631886,505
2026-02-17 01:47:31.639862,503
2026-02-17 01:47:31.647885,500
2026-02-17 01:47:31.655829,503
2026-02-17 01:47:31.663872,507
2026-02-17 01:47:31.671888,507
2026-02-17 01:47:31.679877,498
2026-02-17 01:47:31.687878,506
2026-02-17 01:47:31.695879,495
2026-02-17 01:47:31.703932,505
2026-02-17 01:47:31.711875,500
2026-02-17 01:47:31.719885,495
2026-02-17 01:47:31.727868,504
2026-02-17 01:47:31.735878,498
2026-02-17 01:47:31.743908,505
2026-02-17 01:47:31.751917,505
2026-02-17 01:47:31.759885,513
2026-02-17 01:47:31.767944,503
2026-02-17 01:47:31.775928,507
2026-02-17 01:47:31.783963,512
2026-02-17 01:47:31.791944,504
2026-02-17 01:47:31.799890,507
2026-02-17 01:47:31.807907,505
2026-02-17 01:47:31.815918,499
2026-02-17 01:47:31.823895,512
2026-02-17 01:47:31.831919,509
2026-02-17 01:47:31.839848,514
2026-02-17 01:47:31.848217,507
2026-02-17 01:47:31.855950,503
2026-02-17 01:47:31.863901,505
2026-02-17 01:47:31.871891,516
2026-02-17 01:47:31.879893,503
2026-02-17 01:47:31.887936,507
2026-02-17 01:47:31.895874,509
2026-02-17 01:47:31.903898,508
2026-02-17 01:47:31.911984,516
2026-02-17 01:47:31.919890,506
2026-02-17 01:47:31.927826,505
2026-02-17 01:47:31.935877,499
2026-02-17 01:47:31.943880,499
2026-02-17 01:47:31.951862,508
2026-02-17 01:47:31.959861,503
2026-02-17 01:47:31.967860,509
2026-02-17 01:47:31.975880,513
2026-02-17 01:47:31.983929,502
2026-02-17 01:47:31.991862,518
2026-02-17 01:47:31.999874,510
2026-02-17 01:47:32.007874,499
2026-02-17 01:47:32.015850,510
2026-02-17 01:47:32.023852,512
2026-02-17 01:47:32.031811,518
2026-02-17 01:47:32.039905,518
2026-02-17 01:47:32.047844,513
2026-02-17 01:47:32.055861,518
2026-02-17 01:47:32.063868,520
2026-02-17 01:47:32.071868,518
2026-02-17 01:47:32.079905,516
2026-02-17 01:47:32.087886,501
2026-02-17 01:47:32.095842,505
2026-02-17 01:47:32.103868,513
2026-02-17 01:47:32.111889,512
2026-02-17 01:47:32.119965,505
2026-02-17 01:47:32.127890,511
2026-02-17 01:47:32.135903,494
2026-02-17 01:47:32.143879,507
2026-02-17 01:47:32.151883,512
2026-02-17 01:47:32.159929,510
2026-02-17 01:47:32.167890,514
2026-02-17 01:47:32.175941,505
2026-02-17 01:47:32.183932,505
2026-02-17 01:47:32.191884,514
2026-02-17 01:47:32.199931,509
2026-02-17 01:47:32.207891,515
2026-02-17 01:47:32.215882,516
2026-02-17 01:47:32.223887,512
2026-02-17 01:47:32.231890,503
2026-02-17 01:47:32.239918,513
2026-02-17 01:47:32.247876,519
2026-02-17 01:47:32.255937,515
2026-02-17 01:47:32.263882,518
2026-02-17 01:47:32.271892,519
2026-02-17 01:47:32.279895,516
2026-02-17 01:47:32.287886,519
2026-02-17 01:47:32.295836,517
2026-02-17 01:47:32.303832,516
2026-02-17 01:47:32.311876,516
2026-02-17 01:47:32.319891,512
2026-02-17 01:47:32.327941,520
2026-02-17 01:47:32.335901,512
2026-02-17 01:47:32.343888,502
2026-02-17 01:47:32.351887,509
2026-02-17 01:47:32.359943,515
2026-02-17 01:47:32.367917,511
2026-02-17 01:47:32.375933,514
2026-02-17 01:47:32.383898,514
2026-02-17 01:47:32.391877,502
2026-02-17 01:47:32.399897,503
2026-02-17 01:47:32.407883,512
2026-02-17 01:47:32.415921,509
2026-02-17 01:47:32.423883,509
2026-02-17 01:47:32.431911,510
2026-02-17 01:47:32.439887,501
2026-02-17 01:47:32.447882,517
2026-02-17 01:47:32.455932,507
2026-02-17 01:47:32.463888,510
2026-02-17 01:47:32.471890,511
2026-02-17 01:47:32.479889,498
2026-02-17 01:47:32.487896,506
2026-02-17 01:47:32.495852,506
2026-02-17 01:47:32.503841,508
2026-02-17 01:47:32.511898,502
2026-02-17 01:47:32.519933,500
2026-02-17 01:47:32.527848,494
2026-02-17 01:47:32.535852,500
2026-02-17 01:47:32.543898,506
2026-02-17 01:47:32.551882,515
2026-02-17 01:47:32.559877,506
2026-02-17 01:47:32.567887,502
2026-02-17 01:47:32.575933,511
2026-02-17 01:47:32.583893,518
2026-02-17 01:47:32.591844,516
2026-02-17 01:47:32.599903,513
2026-02-17 01:47:32.607921,512
2026-02-17 01:47:32.615883,514
2026-02-17 01:47:32.623900,515
2026-02-17 01:47:32.631884,512
2026-02-17 01:47:32.639882,511
2026-02-17 01:47:32.647892,512
2026-02-17 01:47:32.655840,502
2026-02-17 01:47:32.663914,516
2026-02-17 01:47:32.671934,514
2026-02-17 01:47:32.679898,515
2026-02-17 01:47:32.687882,518
2026-02-17 01:47:32.695894,510
2026-02-17 01:47:32.703878,502
2026-02-17 01:47:32.711930,507
2026-02-17 01:47:32.719887,510
2026-02-17 01:47:32.727901,507
2026-02-17 01:47:32.735890,502
2026-02-17 01:47:32.743891,502
2026-02-17 01:47:32.751962,501
2026-02-17 01:47:32.759884,506
2026-02-17 01:47:32.767893,503
2026-02-17 01:47:32.775908,502
2026-02-17 01:47:32.783902,505
2026-02-17 01:47:32.791894,505
2026-02-17 01:47:32.799893,508
2026-02-17 01:47:32.807890,504
2026-02-17 01:47:32.815879,516
2026-02-17 01:47:32.823878,513
2026-02-17 01:47:32.831940,509
2026-02-17 01:47:32.839944,514
2026-02-17 01:47:32.847947,525
2026-02-17 01:47:32.855912,517
2026-02-17 01:47:32.863957,525
2026-02-17 01:47:32.871908,527
2026-02-17 01:47:32.879887,521
2026-02-17 01:47:32.887894,530
2026-02-17 01:47:32.895884,518
2026-02-17 01:47:32.903882,516
2026-02-17 01:47:32.911897,522
2026-02-17 01:47:32.919894,526
2026-02-17 01:47:32.927899,531
2026-02-17 01:47:32.935941,535
2026-02-17 01:47:32.943891,538
2026-02-17 01:47:32.951901,536
2026-02-17 01:47:32.959889,544
2026-02-17 01:47:32.967962,555
2026-02-17 01:47:32.975932,564
2026-02-17 01:47:32.983905,563
2026-02-17 01:47:32.991969,564
2026-02-17 01:47:32.999920,565
2026-02-17 01:47:33.007885,578
2026-02-17 01:47:33.015987,573
2026-02-17 01:47:33.023980,579
2026-02-17 01:47:33.031922,582
2026-02-17 01:47:33.039868,574
2026-02-17 01:47:33.047955,571
2026-02-17 01:47:33.055926,575
2026-02-17 01:47:33.063959,571
2026-02-17 01:47:33.071960,560
2026-02-17 01:47:33.079905,565
2026-02-17 01:47:33.087900,553
2026-02-17 01:47:33.095926,558
2026-02-17 01:47:33.103893,552
2026-02-17 01:47:33.111891,554
2026-02-17 01:47:33.119890,542
2026-02-17 01:47:33.127926,546
2026-02-17 01:47:33.135892,539
2026-02-17 01:47:33.143895,538
2026-02-17 01:47:33.151933,541
2026-02-17 01:47:33.159922,543
2026-02-17 01:47:33.167922,543
2026-02-17 01:47:33.175949,539
2026-02-17 01:47:33.183861,522
2026-02-17 01:47:33.191877,519
2026-02-17 01:47:33.200001,536
2026-02-17 01:47:33.207940,534
2026-02-17 01:47:33.215925,530
2026-02-17 01:47:33.223913,527
2026-02-17 01:47:33.231898,535
2026-02-17 01:47:33.239897,519
2026-02-17 01:47:33.247919,532
2026-02-17 01:47:33.255954,532
2026-02-17 01:47:33.263981,527
2026-02-17 01:47:33.271973,526
2026-02-17 01:47:33.279927,526
2026-02-17 01:47:33.287986,524
2026-02-17 01:47:33.295948,522
2026-02-17 01:47:33.303860,524
2026-02-17 01:47:33.311901,521
2026-02-17 01:47:33.319915,525
2026-02-17 01:47:33.327890,521
2026-02-17 01:47:33.335906,514
2026-02-17 01:47:33.343921,522
2026-02-17 01:47:33.351902,524
2026-02-17 01:47:33.359957,523
2026-02-17 01:47:33.367895,522
2026-02-17 01:47:33.375961,518
2026-02-17 01:47:33.383954,516
2026-02-17 01:47:33.391897,511
2026-02-17 01:47:33.399890,516
2026-02-17 01:47:33.407889,526
2026-02-17 01:47:33.415905,521
2026-02-17 01:47:33.423891,521
2026-02-17 01:47:33.431944,510
2026-02-17 01:47:33.439939,510
2026-02-17 01:47:33.447903,520
2026-02-17 01:47:33.455914,512
2026-02-17 01:47:33.463901,507
2026-02-17 01:47:33.471890,523
2026-02-17 01:47:33.479894,525
2026-02-17 01:47:33.487905,517
2026-02-17 01:47:33.495900,520
2026-02-17 01:47:33.503898,520
2026-02-17 01:47:33.511894,514
2026-02-17 01:47:33.519914,516
2026-02-17 01:47:33.527847,518
2026-02-17 01:47:33.535901,515
2026-02-17 01:47:33.543943,521
2026-02-17 01:47:33.551904,507
2026-02-17 01:47:33.559912,510
2026-02-17 01:47:33.567935,515
2026-02-17 01:47:33.575961,516
2026-02-17 01:47:33.583956,511
2026-02-17 01:47:33.591863,518
2026-02-17 01:47:33.599966,515
2026-02-17 01:47:33.607902,524
2026-02-17 01:47:33.615897,517
2026-02-17 01:47:33.623905,517
2026-02-17 01:47:33.631917,524
2026-02-17 01:47:33.639893,514
2026-02-17 01:47:33.647921,517
2026-02-17 01:47:33.655925,509
2026-02-17 01:47:33.663852,512
2026-02-17 01:47:33.671900,518
2026-02-17 01:47:33.679900,518
2026-02-17 01:47:33.687895,515
2026-02-17 01:47:33.695909,518
2026-02-17 01:47:33.703904,511
2026-02-17 01:47:33.711904,514
2026-02-17 01:47:33.719936,514
2026-02-17 01:47:33.727888,518
2026-02-17 01:47:33.735911,516
2026-02-17 01:47:33.743970,506
2026-02-17 01:47:33.751956,509
2026-02-17 01:47:33.759924,508
2026-02-17 01:47:33.767920,508
2026-02-17 01:47:33.775949,519
2026-02-17 01:47:33.783920,512
2026-02-17 01:47:33.791960,518
2026-02-17 01:47:33.799912,510
2026-02-17 01:47:33.807902,520
2026-02-17 01:47:33.815897,505
2026-02-17 01:47:33.823909,510
2026-02-17 01:47:33.831892,519
2026-02-17 01:47:33.839923,512
2026-02-17 01:47:33.848306,506
2026-02-17 01:47:33.855902,503
2026-02-17 01:47:33.863923,509
2026-02-17 01:47:33.871975,514
2026-02-17 01:47:33.879960,515
2026-02-17 01:47:33.887923,509
2026-02-17 01:47:33.895927,513
2026-02-17 01:47:33.903899,513
2026-02-17 01:47:33.911944,501
2026-02-17 01:47:33.919928,510
2026-02-17 01:47:33.927911,516
2026-02-17 01:47:33.935920,512
2026-02-17 01:47:33.943913,518
2026-02-17 01:47:33.951912,512
2026-02-17 01:47:33.959913,517
2026-02-17 01:47:33.967908,515
2026-02-17 01:47:33.975910,518
2026-02-17 01:47:33.983968,523
2026-02-17 01:47:33.991917,524
2026-02-17 01:47:33.999908,518
2026-02-17 01:47:34.007915,514
2026-02-17 01:47:34.015907,512
2026-02-17 01:47:34.024007,515
2026-02-17 01:47:34.031924,520
2026-02-17 01:47:34.039942,516
2026-02-17 01:47:34.047910,520
2026-02-17 01:47:34.056047,515
2026-02-17 01:47:34.063877,510
2026-02-17 01:47:34.071943,513
2026-02-17 01:47:34.079979,511
2026-02-17 01:47:34.087932,514
2026-02-17 01:47:34.095915,518
2026-02-17 01:47:34.103952,519
2026-02-17 01:47:34.111907,510
2026-02-17 01:47:34.119904,523
2026-02-17 01:47:34.127931,522
2026-02-17 01:47:34.135955,522
2026-02-17 01:47:34.143909,518
2026-02-17 01:47:34.151928,513
2026-02-17 01:47:34.159921,514
2026-02-17 01:47:34.167936,517
2026-02-17 01:47:34.175961,514
2026-02-17 01:47:34.183953,521
2026-02-17 01:47:34.191904,521
2026-02-17 01:47:34.199916,522
2026-02-17 01:47:34.207915,516
2026-02-17 01:47:34.215956,516
2026-02-17 01:47:34.223923,507
2026-02-17 01:47:34.231920,520
2026-02-17 01:47:34.239908,527
2026-02-17 01:47:34.247903,516
2026-02-17 01:47:34.255919,520
2026-02-17 01:47:34.263951,511
2026-02-17 01:47:34.271916,517
2026-02-17 01:47:34.279917,506
2026-02-17 01:47:34.287919,511
2026-02-17 01:47:34.295916,515
2026-02-17 01:47:34.303901,512
2026-02-17 01:47:34.311892,516
2026-02-17 01:47:34.319933,514
2026-02-17 01:47:34.327895,509
2026-02-17 01:47:34.335915,512
2026-02-17 01:47:34.343929,503
2026-02-17 01:47:34.351916,502
2026-02-17 01:47:34.359920,511
2026-02-17 01:47:34.367948,514
2026-02-17 01:47:34.375907,517
2026-02-17 01:47:34.383938,516
2026-02-17 01:47:34.391933,514
2026-02-17 01:47:34.399968,505
2026-02-17 01:47:34.407907,509
2026-02-17 01:47:34.415954,515
2026-02-17 01:47:34.423907,513
2026-02-17 01:47:34.431921,515
2026-02-17 01:47:34.439911,515
2026-02-17 01:47:34.447918,518
2026-02-17 01:47:34.455906,498
2026-02-17 01:47:34.463951,514
2026-02-17 01:47:34.471980,520
2026-02-17 01:47:34.479928,516
2026-02-17 01:47:34.487933,505
2026-02-17 01:47:34.495930,521
2026-02-17 01:47:34.503978,520
2026-02-17 01:47:34.511931,514
2026-02-17 01:47:34.519914,509
2026-02-17 01:47:34.527926,507
2026-02-17 01:47:34.535890,509
2026-02-17 01:47:34.543940,503
2026-02-17 01:47:34.551863,507
2026-02-17 01:47:34.559916,507
2026-02-17 01:47:34.567969,510
2026-02-17 01:47:34.575907,502
2026-02-17 01:47:34.583947,510
2026-02-17 01:47:34.591936,512
2026-02-17 01:47:34.599956,504
2026-02-17 01:47:34.607950,519
2026-02-17 01:47:34.615917,512
2026-02-17 01:47:34.623925,513
2026-02-17 01:47:34.631919,510
2026-02-17 01:47:34.639921,505
2026-02-17 01:47:34.647910,513
2026-02-17 01:47:34.655918,505
2026-02-17 01:47:34.663943,513
2026-02-17 01:47:34.671867,509
2026-02-17 01:47:34.679911,517
2026-02-17 01:47:34.687955,512
2026-02-17 01:47:34.695991,515
2026-02-17 01:47:34.703924,516
2026-02-17 01:47:34.711962,507
2026-02-17 01:47:34.719961,509
2026-02-17 01:47:34.727919,508
2026-02-17 01:47:34.735924,508
2026-02-17 01:47:34.743930,501
2026-02-17 01:47:34.751943,502
2026-02-17 01:47:34.759915,508
2026-02-17 01:47:34.767945,509
2026-02-17 01:47:34.775921,504
2026-02-17 01:47:34.783985,509
2026-02-17 01:47:34.791934,508
2026-02-17 01:47:34.799915,521
2026-02-17 01:47:34.807929,524
2026-02-17 01:47:34.815907,514
2026-02-17 01:47:34.823918,520
2026-02-17 01:47:34.831917,509
2026-02-17 01:47:34.839988,507
2026-02-17 01:47:34.847946,510
2026-02-17 01:47:34.855978,513
2026-02-17 01:47:34.863969,505
2026-02-17 01:47:34.871934,513
2026-02-17 01:47:34.879953,508
2026-02-17 01:47:34.887933,506
2026-02-17 01:47:34.895925,514
2026-02-17 01:47:34.903939,523
2026-02-17 01:47:34.911921,521
2026-02-17 01:47:34.919978,519
2026-02-17 01:47:34.927929,517
2026-02-17 01:47:34.935924,511
2026-02-17 01:47:34.943919,498
2026-02-17 01:47:34.951924,506
2026-02-17 01:47:34.959920,503
2026-02-17 01:47:34.967920,516
2026-02-17 01:47:34.975927,514
2026-02-17 01:47:34.983928,522
2026-02-17 01:47:34.991937,516
2026-02-17 01:47:34.999914,511
2026-02-17 01:47:35.007924,515
2026-02-17 01:47:35.015948,519
2026-02-17 01:47:35.024057,511
2026-02-17 01:47:35.032003,516
2026-02-17 01:47:35.039926,500
2026-02-17 01:47:35.047928,508
2026-02-17 01:47:35.055915,505
2026-02-17 01:47:35.063937,511
2026-02-17 01:47:35.071909,515
2026-02-17 01:47:35.079964,505
2026-02-17 01:47:35.087890,514
2026-02-17 01:47:35.095918,516
2026-02-17 01:47:35.103957,512
2026-02-17 01:47:35.111919,517
2026-02-17 01:47:35.119935,507
2026-02-17 01:47:35.127926,510
2026-02-17 01:47:35.135956,509
2026-02-17 01:47:35.143910,507
2026-02-17 01:47:35.151906,515
2026-02-17 01:47:35.159923,508
2026-02-17 01:47:35.167932,512
2026-02-17 01:47:35.175968,504
2026-02-17 01:47:35.183985,515
2026-02-17 01:47:35.191938,525
2026-02-17 01:47:35.199999,520
2026-02-17 01:47:35.208033,519
2026-02-17 01:47:35.215973,516
2026-02-17 01:47:35.223939,521
2026-02-17 01:47:35.231942,515
2026-02-17 01:47:35.239937,512
2026-02-17 01:47:35.247946,510
2026-02-17 01:47:35.255954,516
2026-02-17 01:47:35.263963,520
2026-02-17 01:47:35.271935,510
2026-02-17 01:47:35.279919,508
2026-02-17 01:47:35.288020,518
2026-02-17 01:47:35.295994,514
2026-02-17 01:47:35.303938,520
2026-02-17 01:47:35.311950,513
2026-02-17 01:47:35.319974,515
2026-02-17 01:47:35.327940,517
2026-02-17 01:47:35.335942,512
2026-02-17 01:47:35.343922,512
2026-02-17 01:47:35.351936,515
2026-02-17 01:47:35.359935,502
2026-02-17 01:47:35.367973,511
2026-02-17 01:47:35.375921,514
2026-02-17 01:47:35.384062,513
2026-02-17 01:47:35.391975,509
2026-02-17 01:47:35.399992,513
2026-02-17 01:47:35.407983,515
2026-02-17 01:47:35.415914,517
2026-02-17 01:47:35.423948,508
2026-02-17 01:47:35.431965,517
2026-02-17 01:47:35.439990,519
2026-02-17 01:47:35.447938,517
2026-02-17 01:47:35.455920,518
2026-02-17 01:47:35.463939,514
2026-02-17 01:47:35.471946,511
2026-02-17 01:47:35.479912,517
2026-02-17 01:47:35.487918,519
2026-02-17 01:47:35.495927,516
2026-02-17 01:47:35.503920,518
2026-02-17 01:47:35.511937,514
2026-02-17 01:47:35.519932,521
2026-02-17 01:47:35.527924,528
2026-02-17 01:47:35.535927,528
2026-02-17 01:47:35.543930,528
2026-02-17 01:47:35.551940,511
2026-02-17 01:47:35.559878,519
2026-02-17 01:47:35.567950,512
2026-02-17 01:47:35.575944,519
2026-02-17 01:47:35.584020,519
2026-02-17 01:47:35.591947,516
2026-02-17 01:47:35.599934,519
2026-02-17 01:47:35.607946,520
2026-02-17 01:47:35.615932,519
2026-02-17 01:47:35.623985,505
2026-02-17 01:47:35.631920,514
2026-02-17 01:47:35.639974,510
2026-02-17 01:47:35.647978,503
2026-02-17 01:47:35.655988,511
2026-02-17 01:47:35.663934,506
2026-02-17 01:47:35.671925,502
2026-02-17 01:47:35.679962,504
2026-02-17 01:47:35.687931,502
2026-02-17 01:47:35.695935,507
2026-02-17 01:47:35.703931,519
2026-02-17 01:47:35.711977,512
2026-02-17 01:47:35.719931,515
2026-02-17 01:47:35.727924,522
2026-02-17 01:47:35.735930,510
2026-02-17 01:47:35.743926,510
2026-02-17 01:47:35.752003,515
2026-02-17 01:47:35.759934,509
2026-02-17 01:47:35.767941,514
2026-02-17 01:47:35.775934,518
2026-02-17 01:47:35.783976,517
2026-02-17 01:47:35.791986,508
2026-02-17 01:47:35.799943,515
2026-02-17 01:47:35.807926,523
2026-02-17 01:47:35.815940,526
2026-02-17 01:47:35.823927,518
2026-02-17 01:47:35.831926,522
2026-02-17 01:47:35.839997,503
2026-02-17 01:47:35.848010,517
2026-02-17 01:47:35.856014,509
2026-02-17 01:47:35.863968,513
2026-02-17 01:47:35.872003,503
2026-02-17 01:47:35.879900,499
2026-02-17 01:47:35.887942,495
2026-02-17 01:47:35.895949,497
2026-02-17 01:47:35.903939,498
2026-02-17 01:47:35.911931,500
2026-02-17 01:47:35.919944,511
2026-02-17 01:47:35.927931,509
2026-02-17 01:47:35.935941,507
2026-02-17 01:47:35.943983,489
2026-02-17 01:47:35.951943,495
2026-02-17 01:47:35.959960,496
2026-02-17 01:47:35.967982,507
2026-02-17 01:47:35.975955,497
2026-02-17 01:47:35.983928,504
2026-02-17 01:47:35.991983,489
2026-02-17 01:47:35.999953,487
2026-02-17 01:47:36.007981,496
2026-02-17 01:47:36.015987,495
2026-02-17 01:47:36.024033,510
2026-02-17 01:47:36.032000,512
2026-02-17 01:47:36.039979,509
2026-02-17 01:47:36.047973,505
2026-02-17 01:47:36.055941,510
2026-02-17 01:47:36.063904,509
2026-02-17 01:47:36.071885,491
2026-02-17 01:47:36.079952,499
2026-02-17 01:47:36.087937,511
2026-02-17 01:47:36.095967,510
2026-02-17 01:47:36.103993,511
2026-02-17 01:47:36.111942,526
2026-02-17 01:47:36.119905,508
2026-02-17 01:47:36.127932,513
2026-02-17 01:47:36.135971,519
2026-02-17 01:47:36.143934,513
2026-02-17 01:47:36.151936,534
2026-02-17 01:47:36.159938,500
2026-02-17 01:47:36.167956,524
2026-02-17 01:47:36.175933,513
2026-02-17 01:47:36.183931,500
2026-02-17 01:47:36.191996,499
2026-02-17 01:47:36.200006,517
2026-02-17 01:47:36.207936,513
2026-02-17 01:47:36.215943,516
2026-02-17 01:47:36.223934,523
2026-02-17 01:47:36.231928,517
2026-02-17 01:47:36.239941,495
2026-02-17 01:47:36.247935,505
2026-02-17 01:47:36.256000,522
2026-02-17 01:47:36.263945,512
2026-02-17 01:47:36.272065,504
2026-02-17 01:47:36.279997,510
2026-02-17 01:47:36.287956,506
2026-02-17 01:47:36.295950,517
2026-02-17 01:47:36.303911,511
2026-02-17 01:47:36.311952,510
2026-02-17 01:47:36.319956,506
2026-02-17 01:47:36.327938,517
2026-02-17 01:47:36.335944,502
2026-02-17 01:47:36.343942,510
2026-02-17 01:47:36.351952,511
2026-02-17 01:47:36.359943,507
2026-02-17 01:47:36.367980,498
2026-02-17 01:47:36.375941,508
2026-02-17 01:47:36.383944,508
2026-02-17 01:47:36.391950,518
2026-02-17 01:47:36.399947,508
2026-02-17 01:47:36.407942,513
2026-02-17 01:47:36.415944,526
2026-02-17 01:47:36.423938,504
2026-02-17 01:47:36.431950,511
2026-02-17 01:47:36.439966,512
2026-02-17 01:47:36.447936,518
2026-02-17 01:47:36.455942,517
2026-02-17 01:47:36.463938,509
2026-02-17 01:47:36.471960,506
2026-02-17 01:47:36.479932,501
2026-02-17 01:47:36.487936,517
2026-02-17 01:47:36.495940,508
2026-02-17 01:47:36.503933,522
2026-02-17 01:47:36.511942,509
2026-02-17 01:47:36.519945,521
2026-02-17 01:47:36.527951,523
2026-02-17 01:47:36.535929,512
2026-02-17 01:47:36.543932,512
2026-02-17 01:47:36.551933,521
2026-02-17 01:47:36.560870,512
2026-02-17 01:47:36.568045,532
2026-02-17 01:47:36.575921,506
2026-02-17 01:47:36.583910,525
2026-02-17 01:47:36.592022,519
2026-02-17 01:47:36.599976,524
2026-02-17 01:47:36.607948,509
2026-02-17 01:47:36.615965,517
2026-02-17 01:47:36.623948,511
2026-02-17 01:47:36.631972,519
2026-02-17 01:47:36.639941,509
2026-02-17 01:47:36.647941,510
2026-02-17 01:47:36.655986,513
2026-02-17 01:47:36.663941,499
2026-02-17 01:47:36.671881,517
2026-02-17 01:47:36.680024,519
2026-02-17 01:47:36.688014,515
2026-02-17 01:47:36.695941,517
2026-02-17 01:47:36.703965,520
2026-02-17 01:47:36.711963,519
2026-02-17 01:47:36.719941,522
2026-02-17 01:47:36.727957,522
2026-02-17 01:47:36.735947,515
2026-02-17 01:47:36.743939,527
2026-02-17 01:47:36.751922,512
2026-02-17 01:47:36.759950,519
2026-02-17 01:47:36.767966,511
2026-02-17 01:47:36.775949,512
2026-02-17 01:47:36.783953,518
2026-02-17 01:47:36.792000,519
2026-02-17 01:47:36.799949,519
2026-02-17 01:47:36.807980,520
2026-02-17 01:47:36.815955,510
2026-02-17 01:47:36.823956,504
2026-02-17 01:47:36.831950,506
2026-02-17 01:47:36.839967,505
2026-02-17 01:47:36.848435,510
2026-02-17 01:47:36.856050,503
2026-02-17 01:47:36.863972,507
2026-02-17 01:47:36.871959,501
2026-02-17 01:47:36.880063,508
2026-02-17 01:47:36.887993,515
2026-02-17 01:47:36.896018,512
2026-02-17 01:47:36.903944,504
2026-02-17 01:47:36.911894,516
2026-02-17 01:47:36.919900,513
2026-02-17 01:47:36.927894,517
2026-02-17 01:47:36.935901,516
2026-02-17 01:47:36.943892,513
2026-02-17 01:47:36.951923,509
2026-02-17 01:47:36.959912,516
2026-02-17 01:47:36.967955,516
2026-02-17 01:47:36.975909,519
2026-02-17 01:47:36.983935,527
2026-02-17 01:47:36.991934,510
2026-02-17 01:47:36.999914,516
2026-02-17 01:47:37.007910,521
2026-02-17 01:47:37.015925,517
2026-02-17 01:47:37.023936,514
2026-02-17 01:47:37.031934,517
2026-02-17 01:47:37.039910,513
2026-02-17 01:47:37.047967,513
2026-02-17 01:47:37.055948,503
2026-02-17 01:47:37.063962,516
2026-02-17 01:47:37.072003,519
2026-02-17 01:47:37.079981,517
2026-02-17 01:47:37.087971,518
2026-02-17 01:47:37.095971,514
2026-02-17 01:47:37.103976,510
2026-02-17 01:47:37.111911,511
2026-02-17 01:47:37.119938,513
2026-02-17 01:47:37.127968,514
2026-02-17 01:47:37.135940,511
2026-02-17 01:47:37.143941,512
2026-02-17 01:47:37.151990,509
2026-02-17 01:47:37.159996,511
2026-02-17 01:47:37.167957,514
2026-02-17 01:47:37.175961,515
2026-02-17 01:47:37.183954,507
2026-02-17 01:47:37.191980,513
2026-02-17 01:47:37.199967,506
2026-02-17 01:47:37.207946,510
2026-02-17 01:47:37.215942,511
2026-02-17 01:47:37.223941,511
2026-02-17 01:47:37.231958,519
2026-02-17 01:47:37.239946,508
2026-02-17 01:47:37.247959,507
2026-02-17 01:47:37.255907,507
2026-02-17 01:47:37.264019,514
2026-02-17 01:47:37.271942,516
2026-02-17 01:47:37.279961,510
2026-02-17 01:47:37.287978,515
2026-02-17 01:47:37.295959,520
2026-02-17 01:47:37.304019,514
2026-02-17 01:47:37.311996,514
2026-02-17 01:47:37.319905,518
2026-02-17 01:47:37.327958,516
2026-02-17 01:47:37.335980,516
2026-02-17 01:47:37.343966,509
2026-02-17 01:47:37.351962,499
2026-02-17 01:47:37.359944,507
2026-02-17 01:47:37.367951,506
2026-02-17 01:47:37.375955,503
2026-02-17 01:47:37.383950,510
2026-02-17 01:47:37.391962,499
2026-02-17 01:47:37.399967,506
2026-02-17 01:47:37.407955,510
2026-02-17 01:47:37.415950,508
2026-02-17 01:47:37.423979,512
2026-02-17 01:47:37.431994,505
2026-02-17 01:47:37.439946,508
2026-02-17 01:47:37.448005,509
2026-02-17 01:47:37.455951,503
2026-02-17 01:47:37.463944,510
2026-02-17 01:47:37.472025,507
2026-02-17 01:47:37.480031,512
2026-02-17 01:47:37.488049,502
2026-02-17 01:47:37.495998,509
2026-02-17 01:47:37.504016,504
2026-02-17 01:47:37.511960,505
2026-02-17 01:47:37.519959,501
2026-02-17 01:47:37.527953,503
2026-02-17 01:47:37.535956,507
2026-02-17 01:47:37.543969,513
2026-02-17 01:47:37.551969,515
2026-02-17 01:47:37.559961,508
2026-02-17 01:47:37.567959,505
2026-02-17 01:47:37.575957,508
2026-02-17 01:47:37.583954,509
2026-02-17 01:47:37.591998,505
2026-02-17 01:47:37.599954,510
2026-02-17 01:47:37.607987,501
2026-02-17 01:47:37.615979,509
2026-02-17 01:47:37.624030,516
2026-02-17 01:47:37.631982,514
2026-02-17 01:47:37.640001,514
2026-02-17 01:47:37.647971,513
2026-02-17 01:47:37.656013,513
2026-02-17 01:47:37.663960,502
2026-02-17 01:47:37.671955,508
2026-02-17 01:47:37.679922,512
2026-02-17 01:47:37.688002,516
2026-02-17 01:47:37.695956,510
2026-02-17 01:47:37.703951,508
2026-02-17 01:47:37.711949,510
2026-02-17 01:47:37.719966,507
2026-02-17 01:47:37.727960,509
2026-02-17 01:47:37.735973,513
2026-02-17 01:47:37.743958,506
2026-02-17 01:47:37.751957,509
2026-02-17 01:47:37.760075,512
2026-02-17 01:47:37.768026,513
2026-02-17 01:47:37.775959,512
2026-02-17 01:47:37.783981,512
2026-02-17 01:47:37.792000,508
2026-02-17 01:47:37.800008,509
2026-02-17 01:47:37.807984,514
2026-02-17 01:47:37.815960,510
2026-02-17 01:47:37.823983,505
2026-02-17 01:47:37.832013,502
2026-02-17 01:47:37.840021,501
2026-02-17 01:47:37.848048,504
2026-02-17 01:47:37.856051,495
2026-02-17 01:47:37.863981,495
2026-02-17 01:47:37.871971,499
2026-02-17 01:47:37.879960,503
2026-02-17 01:47:37.887965,504
2026-02-17 01:47:37.895963,504
2026-02-17 01:47:37.903967,497
2026-02-17 01:47:37.911962,493
2026-02-17 01:47:37.919957,492
2026-02-17 01:47:37.927965,506
2026-02-17 01:47:37.935960,499
2026-02-17 01:47:37.943958,504
2026-02-17 01:47:37.951958,500
2026-02-17 01:47:37.959970,492
2026-02-17 01:47:37.967969,493
2026-02-17 01:47:37.975968,509
2026-02-17 01:47:37.983961,500
2026-02-17 01:47:37.992003,510
2026-02-17 01:47:37.999995,499
2026-02-17 01:47:38.007950,504
2026-02-17 01:47:38.016093,504
2026-02-17 01:47:38.023986,508
2026-02-17 01:47:38.032014,513
2026-02-17 01:47:38.039994,504
2026-02-17 01:47:38.048084,498
2026-02-17 01:47:38.056006,496
2026-02-17 01:47:38.064056,493
2026-02-17 01:47:38.071965,503
2026-02-17 01:47:38.080129,504
2026-02-17 01:47:38.088032,499
2026-02-17 01:47:38.096052,506
2026-02-17 01:47:38.104042,513
2026-02-17 01:47:38.112051,519
2026-02-17 01:47:38.119960,511
2026-02-17 01:47:38.127982,510
2026-02-17 01:47:38.135985,517
2026-02-17 01:47:38.143983,508
2026-02-17 01:47:38.152031,508
2026-02-17 01:47:38.160021,505
2026-02-17 01:47:38.167976,509
2026-02-17 01:47:38.176004,505
2026-02-17 01:47:38.183973,508
2026-02-17 01:47:38.191962,513
2026-02-17 01:47:38.199977,513
2026-02-17 01:47:38.207984,509
2026-02-17 01:47:38.216009,511
2026-02-17 01:47:38.224026,511
2026-02-17 01:47:38.231971,508
2026-02-17 01:47:38.239985,505
2026-02-17 01:47:38.247978,504
2026-02-17 01:47:38.256016,506
2026-02-17 01:47:38.263976,504
2026-02-17 01:47:38.271980,511
2026-02-17 01:47:38.279988,515
2026-02-17 01:47:38.288018,505
2026-02-17 01:47:38.295971,503
2026-02-17 01:47:38.304034,512
2026-02-17 01:47:38.311976,514
2026-02-17 01:47:38.319915,513
2026-02-17 01:47:38.327956,512
2026-02-17 01:47:38.335963,516
2026-02-17 01:47:38.344019,505
2026-02-17 01:47:38.351979,518
2026-02-17 01:47:38.359965,512
2026-02-17 01:47:38.367975,514
2026-02-17 01:47:38.375969,515
2026-02-17 01:47:38.383996,513
2026-02-17 01:47:38.391964,516
2026-02-17 01:47:38.400031,515
2026-02-17 01:47:38.408015,519
2026-02-17 01:47:38.415972,515
2026-02-17 01:47:38.423969,509
2026-02-17 01:47:38.431974,511
2026-02-17 01:47:38.439986,510
2026-02-17 01:47:38.448012,516
2026-02-17 01:47:38.455994,513
2026-02-17 01:47:38.464017,507
2026-02-17 01:47:38.471968,508
2026-02-17 01:47:38.479961,507
2026-02-17 01:47:38.487968,515
2026-02-17 01:47:38.495965,518
2026-02-17 01:47:38.503976,517
2026-02-17 01:47:38.511974,514
2026-02-17 01:47:38.520014,519
2026-02-17 01:47:38.527962,517
2026-02-17 01:47:38.535965,508
2026-02-17 01:47:38.543987,516
2026-02-17 01:47:38.551986,510
2026-02-17 01:47:38.560057,513
2026-02-17 01:47:38.567987,512
2026-02-17 01:47:38.575978,516
2026-02-17 01:47:38.583978,513
2026-02-17 01:47:38.591912,516
2026-02-17 01:47:38.600035,510
2026-02-17 01:47:38.607989,509
2026-02-17 01:47:38.616045,506
2026-02-17 01:47:38.624035,512
2026-02-17 01:47:38.631969,504
2026-02-17 01:47:38.639980,506
2026-02-17 01:47:38.648008,511
2026-02-17 01:47:38.655962,515
2026-02-17 01:47:38.663988,517
2026-02-17 01:47:38.671983,511
2026-02-17 01:47:38.679997,513
2026-02-17 01:47:38.687923,508
2026-02-17 01:47:38.695987,504
2026-02-17 01:47:38.703972,512
2026-02-17 01:47:38.711969,519
2026-02-17 01:47:38.719976,512
2026-02-17 01:47:38.727959,517
2026-02-17 01:47:38.735967,516
2026-02-17 01:47:38.743987,519
2026-02-17 01:47:38.752012,513
2026-02-17 01:47:38.760045,506
2026-02-17 01:47:38.767982,512
2026-02-17 01:47:38.776045,513
2026-02-17 01:47:38.783986,509
2026-02-17 01:47:38.791978,515
2026-02-17 01:47:38.799978,518
2026-02-17 01:47:38.808020,508
2026-02-17 01:47:38.815986,511
2026-02-17 01:47:38.823978,513
2026-02-17 01:47:38.831975,514
2026-02-17 01:47:38.839925,509
2026-02-17 01:47:38.847984,507
2026-02-17 01:47:38.856147,515
2026-02-17 01:47:38.864115,514
2026-02-17 01:47:38.872046,517
2026-02-17 01:47:38.880038,506
2026-02-17 01:47:38.888064,514
2026-02-17 01:47:38.896080,518
2026-02-17 01:47:38.904063,521
2026-02-17 01:47:38.911996,515
2026-02-17 01:47:38.919993,521
2026-02-17 01:47:38.928018,509
2026-02-17 01:47:38.935988,506
2026-02-17 01:47:38.944090,510
2026-02-17 01:47:38.951967,517
2026-02-17 01:47:38.960026,514
2026-02-17 01:47:38.967995,506
2026-02-17 01:47:38.975987,512
2026-02-17 01:47:38.984026,515
2026-02-17 01:47:38.992020,515
2026-02-17 01:47:39.000035,513
2026-02-17 01:47:39.007944,519
2026-02-17 01:47:39.016061,513
2026-02-17 01:47:39.024000,513
2026-02-17 01:47:39.032081,512
2026-02-17 01:47:39.039989,508
2026-02-17 01:47:39.048081,515
2026-02-17 01:47:39.056000,514
2026-02-17 01:47:39.063985,517
2026-02-17 01:47:39.072082,516
2026-02-17 01:47:39.079985,510
2026-02-17 01:47:39.087996,512
2026-02-17 01:47:39.095933,520
2026-02-17 01:47:39.103908,516
2026-02-17 01:47:39.111980,519
2026-02-17 01:47:39.120018,517
2026-02-17 01:47:39.128013,517
2026-02-17 01:47:39.135962,514
2026-02-17 01:47:39.144036,508
2026-02-17 01:47:39.151974,512
2026-02-17 01:47:39.159938,507
2026-02-17 01:47:39.168009,512
2026-02-17 01:47:39.175975,503
2026-02-17 01:47:39.183974,517
2026-02-17 01:47:39.191972,512
2026-02-17 01:47:39.199979,515
2026-02-17 01:47:39.207983,516
2026-02-17 01:47:39.215984,519
2026-02-17 01:47:39.223975,505
2026-02-17 01:47:39.231988,512
2026-02-17 01:47:39.239981,505
2026-02-17 01:47:39.248007,510
2026-02-17 01:47:39.255963,504
2026-02-17 01:47:39.263970,509
2026-02-17 01:47:39.272014,519
2026-02-17 01:47:39.279983,514
2026-02-17 01:47:39.287979,515
2026-02-17 01:47:39.295972,514
2026-02-17 01:47:39.303922,513
2026-02-17 01:47:39.311948,510
2026-02-17 01:47:39.319975,507
2026-02-17 01:47:39.327974,513
2026-02-17 01:47:39.335954,508
2026-02-17 01:47:39.343991,509
2026-02-17 01:47:39.351970,508
2026-02-17 01:47:39.359976,516
2026-02-17 01:47:39.367964,509
2026-02-17 01:47:39.375976,511
2026-02-17 01:47:39.383972,519
2026-02-17 01:47:39.391962,516
2026-02-17 01:47:39.399976,513
2026-02-17 01:47:39.407964,523
2026-02-17 01:47:39.415982,517
2026-02-17 01:47:39.423977,516
2026-02-17 01:47:39.431980,521
2026-02-17 01:47:39.439973,512
2026-02-17 01:47:39.447912,508
2026-02-17 01:47:39.455983,502
2026-02-17 01:47:39.463976,511
2026-02-17 01:47:39.471984,509
2026-02-17 01:47:39.480039,510
2026-02-17 01:47:39.487985,507
2026-02-17 01:47:39.495967,508
2026-02-17 01:47:39.503978,501
2026-02-17 01:47:39.511979,512
2026-02-17 01:47:39.519968,510
2026-02-17 01:47:39.527973,504
2026-02-17 01:47:39.535975,513
2026-02-17 01:47:39.543928,517
2026-02-17 01:47:39.551980,520
2026-02-17 01:47:39.559986,513
2026-02-17 01:47:39.567983,512
2026-02-17 01:47:39.575976,512
2026-02-17 01:47:39.583979,515
2026-02-17 01:47:39.592039,519
2026-02-17 01:47:39.599995,517
2026-02-17 01:47:39.607981,507
2026-02-17 01:47:39.615924,509
2026-02-17 01:47:39.623921,505
2026-02-17 01:47:39.631985,509
2026-02-17 01:47:39.639987,510
2026-02-17 01:47:39.648012,506
2026-02-17 01:47:39.655982,511
2026-02-17 01:47:39.664002,512
2026-02-17 01:47:39.671982,515
2026-02-17 01:47:39.679971,516
2026-02-17 01:47:39.687938,518
2026-02-17 01:47:39.695987,515
2026-02-17 01:47:39.703979,511
2026-02-17 01:47:39.711982,511
2026-02-17 01:47:39.719975,503
2026-02-17 01:47:39.727974,508
2026-02-17 01:47:39.735928,507
2026-02-17 01:47:39.743923,504
2026-02-17 01:47:39.752001,507
2026-02-17 01:47:39.759975,499
2026-02-17 01:47:39.767988,505
2026-02-17 01:47:39.775990,509
2026-02-17 01:47:39.783980,516
2026-02-17 01:47:39.791921,523
2026-02-17 01:47:39.800027,513
2026-02-17 01:47:39.807987,518
2026-02-17 01:47:39.815967,509
2026-02-17 01:47:39.823979,509
2026-02-17 01:47:39.831984,510
2026-02-17 01:47:39.840013,513
2026-02-17 01:47:39.848513,516
2026-02-17 01:47:39.855957,522
2026-02-17 01:47:39.863942,507
2026-02-17 01:47:39.872010,510
2026-02-17 01:47:39.879942,514
2026-02-17 01:47:39.887938,512
2026-02-17 01:47:39.895977,515
2026-02-17 01:47:39.903983,515
2026-02-17 01:47:39.911982,512
2026-02-17 01:47:39.919984,512
2026-02-17 01:47:39.927985,514
2026-02-17 01:47:39.935993,516
2026-02-17 01:47:39.943991,515
2026-02-17 01:47:39.952004,515
2026-02-17 01:47:39.959969,510
2026-02-17 01:47:39.968011,516
2026-02-17 01:47:39.976001,510
2026-02-17 01:47:39.983996,514
2026-02-17 01:47:39.991992,517
2026-02-17 01:47:39.999986,511
2026-02-17 01:47:40.008074,512
2026-02-17 01:47:40.016124,508
2026-02-17 01:47:40.024025,513
2026-02-17 01:47:40.032040,516
2026-02-17 01:47:40.040050,508
2026-02-17 01:47:40.048017,513
2026-02-17 01:47:40.056067,509
2026-02-17 01:47:40.064040,498
2026-02-17 01:47:40.072011,509
2026-02-17 01:47:40.079963,517
2026-02-17 01:47:40.088007,515
2026-02-17 01:47:40.095963,518
2026-02-17 01:47:40.104059,512
2026-02-17 01:47:40.111997,509
2026-02-17 01:47:40.119997,515
2026-02-17 01:47:40.128001,515
2026-02-17 01:47:40.135943,502
2026-02-17 01:47:40.143934,513
2026-02-17 01:47:40.151935,518
2026-02-17 01:47:40.159985,510
2026-02-17 01:47:40.168067,512
2026-02-17 01:47:40.176046,508
2026-02-17 01:47:40.184043,507
2026-02-17 01:47:40.192009,500
2026-02-17 01:47:40.199988,505
2026-02-17 01:47:40.208026,508
2026-02-17 01:47:40.216002,507
2026-02-17 01:47:40.224062,513
2026-02-17 01:47:40.231996,519
2026-02-17 01:47:40.239997,510
2026-02-17 01:47:40.248030,510
2026-02-17 01:47:40.256044,516
2026-02-17 01:47:40.264024,515
2026-02-17 01:47:40.272080,510
2026-02-17 01:47:40.280115,505
2026-02-17 01:47:40.288034,513
2026-02-17 01:47:40.296044,509
2026-02-17 01:47:40.304028,520
2026-02-17 01:47:40.312036,518
2026-02-17 01:47:40.320054,519
2026-02-17 01:47:40.328017,508
2026-02-17 01:47:40.336016,511
2026-02-17 01:47:40.343988,513
2026-02-17 01:47:40.351999,514
2026-02-17 01:47:40.359995,517
2026-02-17 01:47:40.368008,521
2026-02-17 01:47:40.375990,513
2026-02-17 01:47:40.384040,511
2026-02-17 01:47:40.391991,514
2026-02-17 01:47:40.399989,510
2026-02-17 01:47:40.408022,523
2026-02-17 01:47:40.416004,512
2026-02-17 01:47:40.424025,514
2026-02-17 01:47:40.432044,514
2026-02-17 01:47:40.440001,501
2026-02-17 01:47:40.447988,501
2026-02-17 01:47:40.456000,502
2026-02-17 01:47:40.463992,506
2026-02-17 01:47:40.472060,505
2026-02-17 01:47:40.480042,506
2026-02-17 01:47:40.488045,504
2026-02-17 01:47:40.496008,506
2026-02-17 01:47:40.503993,519
2026-02-17 01:47:40.511994,510
2026-02-17 01:47:40.520014,520
2026-02-17 01:47:40.527996,518
2026-02-17 01:47:40.535984,527
2026-02-17 01:47:40.543997,517
2026-02-17 01:47:40.551988,516
2026-02-17 01:47:40.560028,525
2026-02-17 01:47:40.568009,535
2026-02-17 01:47:40.576003,518
2026-02-17 01:47:40.583986,510
2026-02-17 01:47:40.592083,520
2026-02-17 01:47:40.600016,513
2026-02-17 01:47:40.608059,523
2026-02-17 01:47:40.616015,520
2026-02-17 01:47:40.624085,521
2026-02-17 01:47:40.632079,512
2026-02-17 01:47:40.640094,520
2026-02-17 01:47:40.648023,514
2026-02-17 01:47:40.655952,517
2026-02-17 01:47:40.664011,518
2026-02-17 01:47:40.672043,523
2026-02-17 01:47:40.680016,519
2026-02-17 01:47:40.687953,524
2026-02-17 01:47:40.695968,522
2026-02-17 01:47:40.703992,507
2026-02-17 01:47:40.712017,520
2026-02-17 01:47:40.720004,520
2026-02-17 01:47:40.727991,522
2026-02-17 01:47:40.735994,515
2026-02-17 01:47:40.743998,514
2026-02-17 01:47:40.752051,519
2026-02-17 01:47:40.760006,518
2026-02-17 01:47:40.768012,515
2026-02-17 01:47:40.776023,508
2026-02-17 01:47:40.783999,523
2026-02-17 01:47:40.792135,522
2026-02-17 01:47:40.800090,506
2026-02-17 01:47:40.808031,510
2026-02-17 01:47:40.816042,517
2026-02-17 01:47:40.824018,516
2026-02-17 01:47:40.831970,513
2026-02-17 01:47:40.839960,508
2026-02-17 01:47:40.848033,505
2026-02-17 01:47:40.855998,503
2026-02-17 01:47:40.863997,508
2026-02-17 01:47:40.872001,512
2026-02-17 01:47:40.880003,516
2026-02-17 01:47:40.887989,514
2026-02-17 01:47:40.895999,508
2026-02-17 01:47:40.904012,505
2026-02-17 01:47:40.912049,506
2026-02-17 01:47:40.920066,519
2026-02-17 01:47:40.928003,519
2026-02-17 01:47:40.936007,513
2026-02-17 01:47:40.944001,513
2026-02-17 01:47:40.951953,510
2026-02-17 01:47:40.960031,504
2026-02-17 01:47:40.968072,513
2026-02-17 01:47:40.976036,517
2026-02-17 01:47:40.984002,521
2026-02-17 01:47:40.992007,518
2026-02-17 01:47:41.000005,512
2026-02-17 01:47:41.008096,511
2026-02-17 01:47:41.015972,512
2026-02-17 01:47:41.023978,512
2026-02-17 01:47:41.032093,511
2026-02-17 01:47:41.039950,502
2026-02-17 01:47:41.047943,513
2026-02-17 01:47:41.056073,512
2026-02-17 01:47:41.064082,512
2026-02-17 01:47:41.072046,513
2026-02-17 01:47:41.080004,518
2026-02-17 01:47:41.088006,504
2026-02-17 01:47:41.096040,515
2026-02-17 01:47:41.104023,511
2026-02-17 01:47:41.112030,513
2026-02-17 01:47:41.119998,514
2026-02-17 01:47:41.127988,512
2026-02-17 01:47:41.136011,515
2026-02-17 01:47:41.144004,504
2026-02-17 01:47:41.152012,513
2026-02-17 01:47:41.160051,512
2026-02-17 01:47:41.168006,515
2026-02-17 01:47:41.176050,510
2026-02-17 01:47:41.184048,510
2026-02-17 01:47:41.192020,518
2026-02-17 01:47:41.200002,506
2026-02-17 01:47:41.208020,518
2026-02-17 01:47:41.216015,516
2026-02-17 01:47:41.223994,519
2026-02-17 01:47:41.232039,516
2026-02-17 01:47:41.239998,508
2026-02-17 01:47:41.248000,510
2026-02-17 01:47:41.256005,521
2026-02-17 01:47:41.264023,517
2026-02-17 01:47:41.272049,519
2026-02-17 01:47:41.280013,516
2026-02-17 01:47:41.288005,511
2026-02-17 01:47:41.296011,511
2026-02-17 01:47:41.303976,512
2026-02-17 01:47:41.312007,516
2026-02-17 01:47:41.320001,521
2026-02-17 01:47:41.328006,514
2026-02-17 01:47:41.336012,514
2026-02-17 01:47:41.344025,512
2026-02-17 01:47:41.352007,516
2026-02-17 01:47:41.360027,517
2026-02-17 01:47:41.367996,523
2026-02-17 01:47:41.376017,515
2026-02-17 01:47:41.384023,503
2026-02-17 01:47:41.392041,512
2026-02-17 01:47:41.400022,508
2026-02-17 01:47:41.408031,516
2026-02-17 01:47:41.416062,516
2026-02-17 01:47:41.424012,506
2026-02-17 01:47:41.431995,509
2026-02-17 01:47:41.440002,511
2026-02-17 01:47:41.448009,513
2026-02-17 01:47:41.456020,518
2026-02-17 01:47:41.464068,507
2026-02-17 01:47:41.472015,519
2026-02-17 01:47:41.480032,512
2026-02-17 01:47:41.488014,509
2026-02-17 01:47:41.496015,509
2026-02-17 01:47:41.504006,513
2026-02-17 01:47:41.512020,512
2026-02-17 01:47:41.520014,496
2026-02-17 01:47:41.528006,512
2026-02-17 01:47:41.536006,514
2026-02-17 01:47:41.544047,511
2026-02-17 01:47:41.552003,513
2026-02-17 01:47:41.560006,512
2026-02-17 01:47:41.568011,512
2026-02-17 01:47:41.576003,515
2026-02-17 01:47:41.584008,511
2026-02-17 01:47:41.591984,513
2026-02-17 01:47:41.600027,512
2026-02-17 01:47:41.608021,508
2026-02-17 01:47:41.616022,509
2026-02-17 01:47:41.624018,511
2026-02-17 01:47:41.632017,510
2026-02-17 01:47:41.640008,516
2026-02-17 01:47:41.647960,515
2026-02-17 01:47:41.656002,512
2026-02-17 01:47:41.664032,510
2026-02-17 01:47:41.672121,515
2026-02-17 01:47:41.680062,507
2026-02-17 01:47:41.688043,512
2026-02-17 01:47:41.695969,514
2026-02-17 01:47:41.704028,502
2026-02-17 01:47:41.712024,514
2026-02-17 01:47:41.720020,512
2026-02-17 01:47:41.728015,513
2026-02-17 01:47:41.736036,509
2026-02-17 01:47:41.744039,515
2026-02-17 01:47:41.752012,509
2026-02-17 01:47:41.760005,515
2026-02-17 01:47:41.768010,511
2026-02-17 01:47:41.776024,515
2026-02-17 01:47:41.784014,514
2026-02-17 01:47:41.792179,506
2026-02-17 01:47:41.800044,515
2026-02-17 01:47:41.808078,515
2026-02-17 01:47:41.816023,512
2026-02-17 01:47:41.824021,510
2026-02-17 01:47:41.832094,512
2026-02-17 01:47:41.840021,509
2026-02-17 01:47:41.848330,513
2026-02-17 01:47:41.856100,521
2026-02-17 01:47:41.864099,503
2026-02-17 01:47:41.872118,514
2026-02-17 01:47:41.880018,509
2026-02-17 01:47:41.888037,515
2026-02-17 01:47:41.896130,510
2026-02-17 01:47:41.904042,515
2026-02-17 01:47:41.912120,518
2026-02-17 01:47:41.920032,508
2026-02-17 01:47:41.927967,511
2026-02-17 01:47:41.936030,515
2026-02-17 01:47:41.944010,512
2026-02-17 01:47:41.951984,511
2026-02-17 01:47:41.960005,520
2026-02-17 01:47:41.967992,517
2026-02-17 01:47:41.975993,511
2026-02-17 01:47:41.984050,508
2026-02-17 01:47:41.992059,512
2026-02-17 01:47:42.000017,510
2026-02-17 01:47:42.007974,516
2026-02-17 01:47:42.016006,517
2026-02-17 01:47:42.023993,514
2026-02-17 01:47:42.032090,514
2026-02-17 01:47:42.040020,516
2026-02-17 01:47:42.048008,509
2026-02-17 01:47:42.055981,514
2026-02-17 01:47:42.064029,506
2026-02-17 01:47:42.072034,507
2026-02-17 01:47:42.080024,496
2026-02-17 01:47:42.088006,507
2026-02-17 01:47:42.096036,508
2026-02-17 01:47:42.103988,509
2026-02-17 01:47:42.111996,514
2026-02-17 01:47:42.120066,509
2026-02-17 01:47:42.127986,519
2026-02-17 01:47:42.136002,514
2026-02-17 01:47:42.144039,508
2026-02-17 01:47:42.152014,512
2026-02-17 01:47:42.159993,515
2026-02-17 01:47:42.168062,523
2026-02-17 01:47:42.175964,506
2026-02-17 01:47:42.184045,513
2026-02-17 01:47:42.191976,518
2026-02-17 01:47:42.200037,512
2026-02-17 01:47:42.208078,515
2026-02-17 01:47:42.216089,519
2026-02-17 01:47:42.224023,516
2026-02-17 01:47:42.232041,519
2026-02-17 01:47:42.240031,511
2026-02-17 01:47:42.248010,515
2026-02-17 01:47:42.256042,514
2026-02-17 01:47:42.264031,523
2026-02-17 01:47:42.272113,513
2026-02-17 01:47:42.280175,509
2026-02-17 01:47:42.288089,513
2026-02-17 01:47:42.296083,510
2026-02-17 01:47:42.304042,510
2026-02-17 01:47:42.312062,510
2026-02-17 01:47:42.320078,513
2026-02-17 01:47:42.328045,516
2026-02-17 01:47:42.336021,515
2026-02-17 01:47:42.344020,517
2026-02-17 01:47:42.352022,519
2026-02-17 01:47:42.360018,516
2026-02-17 01:47:42.368028,516
2026-02-17 01:47:42.376029,507
2026-02-17 01:47:42.384013,510
2026-02-17 01:47:42.392015,511
2026-02-17 01:47:42.400016,511
2026-02-17 01:47:42.408057,515
2026-02-17 01:47:42.416041,512
2026-02-17 01:47:42.424065,511
2026-02-17 01:47:42.432022,517
2026-02-17 01:47:42.440021,514
2026-02-17 01:47:42.448022,509
2026-02-17 01:47:42.456002,517
2026-02-17 01:47:42.464018,510
2026-02-17 01:47:42.472015,516
2026-02-17 01:47:42.480008,512
2026-02-17 01:47:42.488028,513
2026-02-17 01:47:42.496030,515
2026-02-17 01:47:42.504068,517
2026-02-17 01:47:42.512021,510
2026-02-17 01:47:42.520037,516
2026-02-17 01:47:42.528034,513
2026-02-17 01:47:42.536072,513
2026-02-17 01:47:42.544017,506
2026-02-17 01:47:42.552018,503
2026-02-17 01:47:42.560023,512
2026-02-17 01:47:42.568012,513
2026-02-17 01:47:42.576012,508
2026-02-17 01:47:42.584019,509
2026-02-17 01:47:42.591980,509
2026-02-17 01:47:42.600029,506
2026-02-17 01:47:42.608017,509
2026-02-17 01:47:42.616046,522
2026-02-17 01:47:42.624041,526
2026-02-17 01:47:42.632029,520
2026-02-17 01:47:42.640024,513
2026-02-17 01:47:42.648029,515
2026-02-17 01:47:42.656014,509
2026-02-17 01:47:42.664029,511
2026-02-17 01:47:42.672034,512
2026-02-17 01:47:42.680038,513
2026-02-17 01:47:42.688040,513
2026-02-17 01:47:42.696012,515
2026-02-17 01:47:42.703969,510
2026-02-17 01:47:42.712032,512
2026-02-17 01:47:42.720023,516
2026-02-17 01:47:42.728031,517
2026-02-17 01:47:42.736039,512
2026-02-17 01:47:42.744047,510
2026-02-17 01:47:42.752092,514
2026-02-17 01:47:42.760076,508
2026-02-17 01:47:42.768054,513
2026-02-17 01:47:42.776082,513
2026-02-17 01:47:42.784067,515
2026-02-17 01:47:42.792066,513
2026-02-17 01:47:42.800021,510
2026-02-17 01:47:42.808085,514
2026-02-17 01:47:42.816034,511
2026-02-17 01:47:42.824038,507
2026-02-17 01:47:42.832046,510
2026-02-17 01:47:42.840099,515
2026-02-17 01:47:42.848143,518
2026-02-17 01:47:42.856157,510
2026-02-17 01:47:42.864108,509
2026-02-17 01:47:42.872006,502
2026-02-17 01:47:42.880072,502
2026-02-17 01:47:42.888050,511
2026-02-17 01:47:42.896042,511
2026-02-17 01:47:42.904071,510
2026-02-17 01:47:42.912016,511
2026-02-17 01:47:42.920035,505
2026-02-17 01:47:42.928046,504
2026-02-17 01:47:42.936019,502
2026-02-17 01:47:42.944032,506
2026-02-17 01:47:42.952029,510
2026-02-17 01:47:42.960027,510
2026-02-17 01:47:42.968028,519
2026-02-17 01:47:42.976098,506
2026-02-17 01:47:42.984056,506
2026-02-17 01:47:42.992043,513
2026-02-17 01:47:43.000037,511
2026-02-17 01:47:43.008106,517
2026-02-17 01:47:43.016277,517
2026-02-17 01:47:43.024104,513
2026-02-17 01:47:43.032098,505
2026-02-17 01:47:43.040118,510
2026-02-17 01:47:43.047984,510
2026-02-17 01:47:43.056028,518
2026-02-17 01:47:43.064115,510
2026-02-17 01:47:43.072085,513
2026-02-17 01:47:43.080049,502
2026-02-17 01:47:43.088029,507
2026-02-17 01:47:43.096087,513
2026-02-17 01:47:43.104127,515
2026-02-17 01:47:43.112049,515
2026-02-17 01:47:43.120039,511
2026-02-17 01:47:43.128103,514
2026-02-17 01:47:43.136089,504
2026-02-17 01:47:43.144021,515
2026-02-17 01:47:43.152024,515
2026-02-17 01:47:43.160040,518
2026-02-17 01:47:43.168080,522
2026-02-17 01:47:43.175981,512
2026-02-17 01:47:43.184044,513
2026-02-17 01:47:43.192111,511
2026-02-17 01:47:43.200086,506
2026-02-17 01:47:43.208065,509
2026-02-17 01:47:43.216055,508
2026-02-17 01:47:43.224049,512
2026-02-17 01:47:43.232045,512
2026-02-17 01:47:43.240073,512
2026-02-17 01:47:43.248044,507
2026-02-17 01:47:43.256117,512
2026-02-17 01:47:43.264080,506
2026-02-17 01:47:43.272046,509
2026-02-17 01:47:43.280085,508
2026-02-17 01:47:43.288194,511
2026-02-17 01:47:43.296086,510
2026-02-17 01:47:43.304031,509
2026-02-17 01:47:43.312057,514
2026-02-17 01:47:43.320001,512
2026-02-17 01:47:43.328093,516
2026-02-17 01:47:43.336037,517
2026-02-17 01:47:43.344030,509
2026-02-17 01:47:43.352033,509
2026-02-17 01:47:43.360039,506
2026-02-17 01:47:43.368032,516
2026-02-17 01:47:43.376036,509
2026-02-17 01:47:43.384039,513
2026-02-17 01:47:43.392032,514
2026-02-17 01:47:43.400049,509
2026-02-17 01:47:43.408040,512
2026-02-17 01:47:43.416053,514
2026-02-17 01:47:43.424044,513
2026-02-17 01:47:43.432090,514
2026-02-17 01:47:43.440043,511
2026-02-17 01:47:43.448045,516
2026-02-17 01:47:43.456039,518
2026-02-17 01:47:43.464028,523
2026-02-17 01:47:43.472042,504
2026-02-17 01:47:43.480045,517
2026-02-17 01:47:43.488051,516
2026-02-17 01:47:43.496038,508
2026-02-17 01:47:43.504034,512
2026-02-17 01:47:43.512030,518
2026-02-17 01:47:43.520040,519
2026-02-17 01:47:43.528027,514
2026-02-17 01:47:43.536083,510
2026-02-17 01:47:43.544042,517
2026-02-17 01:47:43.552043,513
2026-02-17 01:47:43.560034,516
2026-02-17 01:47:43.568027,513
2026-02-17 01:47:43.576039,508
2026-02-17 01:47:43.584040,504
2026-02-17 01:47:43.591992,497
2026-02-17 01:47:43.600047,507
2026-02-17 01:47:43.608106,504
2026-02-17 01:47:43.616035,506
2026-02-17 01:47:43.624087,506
2026-02-17 01:47:43.632039,509
2026-02-17 01:47:43.640043,512
2026-02-17 01:47:43.648053,505
2026-02-17 01:47:43.656046,501
2026-02-17 01:47:43.664044,511
2026-02-17 01:47:43.672038,515
2026-02-17 01:47:43.680040,518
2026-02-17 01:47:43.688031,517
2026-02-17 01:47:43.695985,521
2026-02-17 01:47:43.703992,508
2026-02-17 01:47:43.712082,503
2026-02-17 01:47:43.720125,502
2026-02-17 01:47:43.728054,507
2026-02-17 01:47:43.736090,510
2026-02-17 01:47:43.744062,513
2026-02-17 01:47:43.752081,511
2026-02-17 01:47:43.760111,512
2026-02-17 01:47:43.768090,512
2026-02-17 01:47:43.776045,514
2026-02-17 01:47:43.784045,515
2026-02-17 01:47:43.792108,517
2026-02-17 01:47:43.800035,515
2026-02-17 01:47:43.808037,514
2026-02-17 01:47:43.816057,513
2026-02-17 01:47:43.824093,514
2026-02-17 01:47:43.832052,510
2026-02-17 01:47:43.840080,505
2026-02-17 01:47:43.848358,518
2026-02-17 01:47:43.856071,515
2026-02-17 01:47:43.864088,512
2026-02-17 01:47:43.872063,513
2026-02-17 01:47:43.880065,508
2026-02-17 01:47:43.888047,503
2026-02-17 01:47:43.896067,514
2026-02-17 01:47:43.904059,509
2026-02-17 01:47:43.912072,512
2026-02-17 01:47:43.920038,513
2026-02-17 01:47:43.928027,502
2026-02-17 01:47:43.936038,507
2026-02-17 01:47:43.944036,514
2026-02-17 01:47:43.952063,516
2026-02-17 01:47:43.960042,510
2026-02-17 01:47:43.968085,520
2026-02-17 01:47:43.976065,509
2026-02-17 01:47:43.984123,512
2026-02-17 01:47:43.992048,515
2026-02-17 01:47:44.000053,515
2026-02-17 01:47:44.008058,514
2026-02-17 01:47:44.016091,513
2026-02-17 01:47:44.024062,507
2026-02-17 01:47:44.032101,513
2026-02-17 01:47:44.040085,502
2026-02-17 01:47:44.048092,514
2026-02-17 01:47:44.056031,516
2026-02-17 01:47:44.064056,518
2026-02-17 01:47:44.072176,512
2026-02-17 01:47:44.080030,518
2026-02-17 01:47:44.088061,518
2026-02-17 01:47:44.096065,514
2026-02-17 01:47:44.104092,516
2026-02-17 01:47:44.112048,520
2026-02-17 01:47:44.120118,509
2026-02-17 01:47:44.128063,513
2026-02-17 01:47:44.136091,508
2026-02-17 01:47:44.144038,492
2026-02-17 01:47:44.152149,515
2026-02-17 01:47:44.160023,518
2026-02-17 01:47:44.168025,511
2026-02-17 01:47:44.176048,518
2026-02-17 01:47:44.184058,508
2026-02-17 01:47:44.192047,517
2026-02-17 01:47:44.200001,517
2026-02-17 01:47:44.208057,517
2026-02-17 01:47:44.216128,521
2026-02-17 01:47:44.224087,509
2026-02-17 01:47:44.232071,511
2026-02-17 01:47:44.240104,515
2026-02-17 01:47:44.248073,512
2026-02-17 01:47:44.256077,515
2026-02-17 01:47:44.264056,517
2026-02-17 01:47:44.272049,511
2026-02-17 01:47:44.280107,516
2026-02-17 01:47:44.288055,515
2026-02-17 01:47:44.296085,503
2026-02-17 01:47:44.304099,511
2026-02-17 01:47:44.312155,503
2026-02-17 01:47:44.320023,503
2026-02-17 01:47:44.328064,505
2026-02-17 01:47:44.336064,501
2026-02-17 01:47:44.344036,504
2026-02-17 01:47:44.352059,492
2026-02-17 01:47:44.360081,500
2026-02-17 01:47:44.368054,503
2026-02-17 01:47:44.376054,508
2026-02-17 01:47:44.384049,506
2026-02-17 01:47:44.392055,500
2026-02-17 01:47:44.400051,507
2026-02-17 01:47:44.408066,514
2026-02-17 01:47:44.416045,514
2026-02-17 01:47:44.424099,512
2026-02-17 01:47:44.432046,512
2026-02-17 01:47:44.440056,513
2026-02-17 01:47:44.448093,509
2026-02-17 01:47:44.456049,510
2026-02-17 01:47:44.464095,512
2026-02-17 01:47:44.472051,515
2026-02-17 01:47:44.480034,517
2026-02-17 01:47:44.488039,515
2026-02-17 01:47:44.496036,512
2026-02-17 01:47:44.504055,509
2026-02-17 01:47:44.512038,512
2026-02-17 01:47:44.520042,515
2026-02-17 01:47:44.528044,509
2026-02-17 01:47:44.536034,511
2026-02-17 01:47:44.544040,511
2026-02-17 01:47:44.552045,521
2026-02-17 01:47:44.560052,514
2026-02-17 01:47:44.568053,514
2026-02-17 01:47:44.576048,514
2026-02-17 01:47:44.584084,519
2026-02-17 01:47:44.592054,517
2026-02-17 01:47:44.600111,495
2026-02-17 01:47:44.608085,513
2026-02-17 01:47:44.616113,520
2026-02-17 01:47:44.624072,520
2026-02-17 01:47:44.632074,511
2026-02-17 01:47:44.640114,514
2026-02-17 01:47:44.648064,506
2026-02-17 01:47:44.656090,514
2026-02-17 01:47:44.664066,521
2026-02-17 01:47:44.672067,518
2026-02-17 01:47:44.680049,516
2026-02-17 01:47:44.688061,511
2026-02-17 01:47:44.696088,510
2026-02-17 01:47:44.704084,496
2026-02-17 01:47:44.712091,510
2026-02-17 01:47:44.720006,509
2026-02-17 01:47:44.728063,514
2026-02-17 01:47:44.736066,503
2026-02-17 01:47:44.744060,505
2026-02-17 01:47:44.752013,506
2026-02-17 01:47:44.760035,508
2026-02-17 01:47:44.768066,509
2026-02-17 01:47:44.776101,501
2026-02-17 01:47:44.784050,505
2026-02-17 01:47:44.792067,488
2026-02-17 01:47:44.800062,502
2026-02-17 01:47:44.808079,500
2026-02-17 01:47:44.816047,498
2026-02-17 01:47:44.824114,507
2026-02-17 01:47:44.832065,510
2026-02-17 01:47:44.840064,513
2026-02-17 01:47:44.848146,504
2026-02-17 01:47:44.856054,504
2026-02-17 01:47:44.864091,506
2026-02-17 01:47:44.872063,512
2026-02-17 01:47:44.880099,510
2026-02-17 01:47:44.888123,519
2026-02-17 01:47:44.896065,519
2026-02-17 01:47:44.904073,513
2026-02-17 01:47:44.912063,518
2026-02-17 01:47:44.920076,521
2026-02-17 01:47:44.928077,520
2026-02-17 01:47:44.936076,514
2026-02-17 01:47:44.944103,518
2026-02-17 01:47:44.952046,522
2026-02-17 01:47:44.960095,521
2026-02-17 01:47:44.968057,514
2026-02-17 01:47:44.976068,519
2026-02-17 01:47:44.984054,523
2026-02-17 01:47:44.992098,523
2026-02-17 01:47:45.000043,518
2026-02-17 01:47:45.008076,516
2026-02-17 01:47:45.016135,515
2026-02-17 01:47:45.024083,513
2026-02-17 01:47:45.032137,517
2026-02-17 01:47:45.040085,511
2026-02-17 01:47:45.048078,514
2026-02-17 01:47:45.056112,521
2026-02-17 01:47:45.064053,513
2026-02-17 01:47:45.072170,518
2026-02-17 01:47:45.080014,519
2026-02-17 01:47:45.088075,524
2026-02-17 01:47:45.096055,518
2026-02-17 01:47:45.104067,515
2026-02-17 01:47:45.112076,517
2026-02-17 01:47:45.120076,514
2026-02-17 01:47:45.128096,519
2026-02-17 01:47:45.136052,514
2026-02-17 01:47:45.144065,518
2026-02-17 01:47:45.152120,524
2026-02-17 01:47:45.160094,524
2026-02-17 01:47:45.168069,520
2026-02-17 01:47:45.176061,512
2026-02-17 01:47:45.184063,506
2026-02-17 01:47:45.192056,508
2026-02-17 01:47:45.200153,514
2026-02-17 01:47:45.208112,514
2026-02-17 01:47:45.216044,513
2026-02-17 01:47:45.224089,506
2026-02-17 01:47:45.232097,502
2026-02-17 01:47:45.240064,504
2026-02-17 01:47:45.248131,518
2026-02-17 01:47:45.256095,520
2026-02-17 01:47:45.264143,514
2026-02-17 01:47:45.272112,521
2026-02-17 01:47:45.280095,515
2026-02-17 01:47:45.288055,515
2026-02-17 01:47:45.296064,509
2026-02-17 01:47:45.304063,509
2026-02-17 01:47:45.312158,510
2026-02-17 01:47:45.320072,510
2026-02-17 01:47:45.328083,505
2026-02-17 01:47:45.336074,513
2026-02-17 01:47:45.344106,511
2026-02-17 01:47:45.352075,510
2026-02-17 01:47:45.360117,516
2026-02-17 01:47:45.368071,517
2026-02-17 01:47:45.376089,522
2026-02-17 01:47:45.384064,514
2026-02-17 01:47:45.392095,514
2026-02-17 01:47:45.400049,508
2026-02-17 01:47:45.408073,517
2026-02-17 01:47:45.416064,521
2026-02-17 01:47:45.424093,517
2026-02-17 01:47:45.432069,517
2026-02-17 01:47:45.440124,518
2026-02-17 01:47:45.448295,516
2026-02-17 01:47:45.456135,515
2026-02-17 01:47:45.464071,520
2026-02-17 01:47:45.472085,517
2026-02-17 01:47:45.480103,509
2026-02-17 01:47:45.488076,517
2026-02-17 01:47:45.496105,508
2026-02-17 01:47:45.504078,508
2026-02-17 01:47:45.512162,503
2026-02-17 01:47:45.520113,511
2026-02-17 01:47:45.528088,511
2026-02-17 01:47:45.536073,509
2026-02-17 01:47:45.544073,512
2026-02-17 01:47:45.552061,517
2026-02-17 01:47:45.560093,513
2026-02-17 01:47:45.568118,520
2026-02-17 01:47:45.576062,519
2026-02-17 01:47:45.584060,518
2026-02-17 01:47:45.592030,511
2026-02-17 01:47:45.600086,512
2026-02-17 01:47:45.608085,515
2026-02-17 01:47:45.616073,510
2026-02-17 01:47:45.624074,512
2026-02-17 01:47:45.632100,511
2026-02-17 01:47:45.640083,513
2026-02-17 01:47:45.648060,512
2026-02-17 01:47:45.656135,511
2026-02-17 01:47:45.664075,514
2026-02-17 01:47:45.672073,516
2026-02-17 01:47:45.680064,510
2026-02-17 01:47:45.688080,514
2026-02-17 01:47:45.696104,510
2026-02-17 01:47:45.704067,506
2026-02-17 01:47:45.712016,504
2026-02-17 01:47:45.720009,505
2026-02-17 01:47:45.728058,508
2026-02-17 01:47:45.736017,508
2026-02-17 01:47:45.744085,513
2026-02-17 01:47:45.752022,513
2026-02-17 01:47:45.760115,512
2026-02-17 01:47:45.768092,506
2026-02-17 01:47:45.776085,514
2026-02-17 01:47:45.784142,508
2026-02-17 01:47:45.792077,512
2026-02-17 01:47:45.800075,512
2026-02-17 01:47:45.808087,513
2026-02-17 01:47:45.816064,508
2026-02-17 01:47:45.824096,515
2026-02-17 01:47:45.832105,515
2026-02-17 01:47:45.840037,516
2026-02-17 01:47:45.848241,512
2026-02-17 01:47:45.856157,511
2026-02-17 01:47:45.864140,516
2026-02-17 01:47:45.872123,506
2026-02-17 01:47:45.880061,507
2026-02-17 01:47:45.888071,511
2026-02-17 01:47:45.896084,498
2026-02-17 01:47:45.904040,496
2026-02-17 01:47:45.912135,500
2026-02-17 01:47:45.920158,498
2026-02-17 01:47:45.928096,502
2026-02-17 01:47:45.936064,511
2026-02-17 01:47:45.944078,509
2026-02-17 01:47:45.952082,514
2026-02-17 01:47:45.960243,514
2026-02-17 01:47:45.968159,513
2026-02-17 01:47:45.976079,516
2026-02-17 01:47:45.984078,510
2026-02-17 01:47:45.992078,509
2026-02-17 01:47:46.000067,512
2026-02-17 01:47:46.008087,516
2026-02-17 01:47:46.016162,513
2026-02-17 01:47:46.024111,515
2026-02-17 01:47:46.032150,518
2026-02-17 01:47:46.040094,519
2026-02-17 01:47:46.048102,519
2026-02-17 01:47:46.056066,505
2026-02-17 01:47:46.064086,521
2026-02-17 01:47:46.072086,517
2026-02-17 01:47:46.080074,517
2026-02-17 01:47:46.088166,512
2026-02-17 01:47:46.096036,510
2026-02-17 01:47:46.104070,506
2026-02-17 01:47:46.112124,508
2026-02-17 01:47:46.120174,508
2026-02-17 01:47:46.128112,506
2026-02-17 01:47:46.136052,511
2026-02-17 01:47:46.144147,507
2026-02-17 01:47:46.152095,507
2026-02-17 01:47:46.160031,505
2026-02-17 01:47:46.168095,511
2026-02-17 01:47:46.176089,514
2026-02-17 01:47:46.184069,515
2026-02-17 01:47:46.192086,509
2026-02-17 01:47:46.200091,506
2026-02-17 01:47:46.208171,512
2026-02-17 01:47:46.216112,517
2026-02-17 01:47:46.224132,512
2026-02-17 01:47:46.232091,516
2026-02-17 01:47:46.240058,519
2026-02-17 01:47:46.248107,517
2026-02-17 01:47:46.256144,513
2026-02-17 01:47:46.264039,512
2026-02-17 01:47:46.272100,518
2026-02-17 01:47:46.280092,515
2026-02-17 01:47:46.288087,523
2026-02-17 01:47:46.296095,512
2026-02-17 01:47:46.304087,511
2026-02-17 01:47:46.312069,513
2026-02-17 01:47:46.320063,511
2026-02-17 01:47:46.328072,502
2026-02-17 01:47:46.336084,515
2026-02-17 01:47:46.344119,498
2026-02-17 01:47:46.352068,513
2026-02-17 01:47:46.360067,511
2026-02-17 01:47:46.368080,511
2026-02-17 01:47:46.376128,520
2026-02-17 01:47:46.384072,507
2026-02-17 01:47:46.392083,513
2026-02-17 01:47:46.400079,511
2026-02-17 01:47:46.408069,513
2026-02-17 01:47:46.416137,506
2026-02-17 01:47:46.424126,508
2026-02-17 01:47:46.432137,509
2026-02-17 01:47:46.440088,510
2026-02-17 01:47:46.448120,505
2026-02-17 01:47:46.456127,512
2026-02-17 01:47:46.464125,513
2026-02-17 01:47:46.472074,509
2026-02-17 01:47:46.480072,507
2026-02-17 01:47:46.488080,513
2026-02-17 01:47:46.496075,507
2026-02-17 01:47:46.504129,506
2026-02-17 01:47:46.512072,509
2026-02-17 01:47:46.520080,508
2026-02-17 01:47:46.528066,514
2026-02-17 01:47:46.536079,511
2026-02-17 01:47:46.544072,510
2026-02-17 01:47:46.552067,512
2026-02-17 01:47:46.560085,504
2026-02-17 01:47:46.568076,499
2026-02-17 01:47:46.576120,507
2026-02-17 01:47:46.584074,510
2026-02-17 01:47:46.592045,509
2026-02-17 01:47:46.600094,511
2026-02-17 01:47:46.608101,507
2026-02-17 01:47:46.616082,507
2026-02-17 01:47:46.624085,512
2026-02-17 01:47:46.632138,510
2026-02-17 01:47:46.640089,506
2026-02-17 01:47:46.648075,510
2026-02-17 01:47:46.656124,509
2026-02-17 01:47:46.664086,509
2026-02-17 01:47:46.672087,511
2026-02-17 01:47:46.680071,513
2026-02-17 01:47:46.688064,513
2026-02-17 01:47:46.696080,507
2026-02-17 01:47:46.704077,516
2026-02-17 01:47:46.712096,513
2026-02-17 01:47:46.720026,518
2026-02-17 01:47:46.728088,519
2026-02-17 01:47:46.736082,508
2026-02-17 01:47:46.744035,522
2026-02-17 01:47:46.752186,519
2026-02-17 01:47:46.760112,517
2026-02-17 01:47:46.768069,523
2026-02-17 01:47:46.776101,524
2026-02-17 01:47:46.784082,507
2026-02-17 01:47:46.792083,515
2026-02-17 01:47:46.800105,519
2026-02-17 01:47:46.808093,517
2026-02-17 01:47:46.816085,521
2026-02-17 01:47:46.824082,525
2026-02-17 01:47:46.832138,514
2026-02-17 01:47:46.840110,516
2026-02-17 01:47:46.848112,512
2026-02-17 01:47:46.856105,514
2026-02-17 01:47:46.864152,512
2026-02-17 01:47:46.872086,511
2026-02-17 01:47:46.880119,507
2026-02-17 01:47:46.888087,512
2026-02-17 01:47:46.896131,514
2026-02-17 01:47:46.904080,517
2026-02-17 01:47:46.912098,509
2026-02-17 01:47:46.920132,515
2026-02-17 01:47:46.928070,505
2026-02-17 01:47:46.936096,512
2026-02-17 01:47:46.944091,516
2026-02-17 01:47:46.952075,515
2026-02-17 01:47:46.960060,511
2026-02-17 01:47:46.968052,511
2026-02-17 01:47:46.976054,509
2026-02-17 01:47:46.984093,516
2026-02-17 01:47:46.992080,515
2026-02-17 01:47:47.000149,515
2026-02-17 01:47:47.008086,520
2026-02-17 01:47:47.016101,519
2026-02-17 01:47:47.024072,505
2026-02-17 01:47:47.032142,510
2026-02-17 01:47:47.040092,511
2026-02-17 01:47:47.048113,513
2026-02-17 01:47:47.056063,509
2026-02-17 01:47:47.064041,514
2026-02-17 01:47:47.072086,505
2026-02-17 01:47:47.080067,507
2026-02-17 01:47:47.088067,508
2026-02-17 01:47:47.096112,505
2026-02-17 01:47:47.104051,507
2026-02-17 01:47:47.112065,511
2026-02-17 01:47:47.120099,518
2026-02-17 01:47:47.128100,512
2026-02-17 01:47:47.136073,506
2026-02-17 01:47:47.144062,512
2026-02-17 01:47:47.152111,513
2026-02-17 01:47:47.160091,512
2026-02-17 01:47:47.168106,515
2026-02-17 01:47:47.176113,512
2026-02-17 01:47:47.184104,510
2026-02-17 01:47:47.192093,511
2026-02-17 01:47:47.200092,504
2026-02-17 01:47:47.208086,511
2026-02-17 01:47:47.216088,507
2026-02-17 01:47:47.224082,509
2026-02-17 01:47:47.232151,512
2026-02-17 01:47:47.240083,512
2026-02-17 01:47:47.248084,514
2026-02-17 01:47:47.256100,510
2026-02-17 01:47:47.264054,513
2026-02-17 01:47:47.272095,514
2026-02-17 01:47:47.280070,515
2026-02-17 01:47:47.288111,513
2026-02-17 01:47:47.296093,516
2026-02-17 01:47:47.304117,517
2026-02-17 01:47:47.312079,523
2026-02-17 01:47:47.320107,512
2026-02-17 01:47:47.328036,516
2026-02-17 01:47:47.336065,513
2026-02-17 01:47:47.344079,506
2026-02-17 01:47:47.352085,513
2026-02-17 01:47:47.360097,515
2026-02-17 01:47:47.368092,509
2026-02-17 01:47:47.376084,508
2026-02-17 01:47:47.384074,512
2026-02-17 01:47:47.392092,503
2026-02-17 01:47:47.400091,514
2026-02-17 01:47:47.408124,512
2026-02-17 01:47:47.416082,507
2026-02-17 01:47:47.424086,503
2026-02-17 01:47:47.432128,507
2026-02-17 01:47:47.440148,510
2026-02-17 01:47:47.448129,516
2026-02-17 01:47:47.456091,509
2026-02-17 01:47:47.464086,506
2026-02-17 01:47:47.472101,514
2026-02-17 01:47:47.480096,505
2026-02-17 01:47:47.488130,507
2026-02-17 01:47:47.496086,509
2026-02-17 01:47:47.504089,512
2026-02-17 01:47:47.512085,507
2026-02-17 01:47:47.520081,508
2026-02-17 01:47:47.528079,509
2026-02-17 01:47:47.536090,506
2026-02-17 01:47:47.544093,515
2026-02-17 01:47:47.552093,516
2026-02-17 01:47:47.560086,515
2026-02-17 01:47:47.568090,512
2026-02-17 01:47:47.576084,509
2026-02-17 01:47:47.584081,516
2026-02-17 01:47:47.592073,518
2026-02-17 01:47:47.600091,515
2026-02-17 01:47:47.608094,519
2026-02-17 01:47:47.616101,519
2026-02-17 01:47:47.624111,509
2026-02-17 01:47:47.632106,511
2026-02-17 01:47:47.640093,520
2026-02-17 01:47:47.648086,515
2026-02-17 01:47:47.656142,518
2026-02-17 01:47:47.664090,512
2026-02-17 01:47:47.672103,514
2026-02-17 01:47:47.680110,506
2026-02-17 01:47:47.688088,509
2026-02-17 01:47:47.696090,517
2026-02-17 01:47:47.704134,513
2026-02-17 01:47:47.712134,514
2026-02-17 01:47:47.720094,514
2026-02-17 01:47:47.728029,511
2026-02-17 01:47:47.736094,515
2026-02-17 01:47:47.744091,509
2026-02-17 01:47:47.752138,510
2026-02-17 01:47:47.760074,515
2026-02-17 01:47:47.768039,508
2026-02-17 01:47:47.776174,515
2026-02-17 01:47:47.784108,516
2026-02-17 01:47:47.792110,511
2026-02-17 01:47:47.800114,520
2026-02-17 01:47:47.808111,514
2026-02-17 01:47:47.816090,509
2026-02-17 01:47:47.824133,512
2026-02-17 01:47:47.832186,515
2026-02-17 01:47:47.840132,517
2026-02-17 01:47:47.848286,510
2026-02-17 01:47:47.856186,511
2026-02-17 01:47:47.864133,512
2026-02-17 01:47:47.872179,518
2026-02-17 01:47:47.880113,510
2026-02-17 01:47:47.888108,511
2026-02-17 01:47:47.896098,512
2026-02-17 01:47:47.904093,507
2026-02-17 01:47:47.912152,511
2026-02-17 01:47:47.920100,510
2026-02-17 01:47:47.928147,511
2026-02-17 01:47:47.936115,510
2026-02-17 01:47:47.944101,508
2026-02-17 01:47:47.952097,512
2026-02-17 01:47:47.960104,509
2026-02-17 01:47:47.968095,509
2026-02-17 01:47:47.976141,514
2026-02-17 01:47:47.984101,514
2026-02-17 01:47:47.992084,516
2026-02-17 01:47:48.000103,510
2026-02-17 01:47:48.008087,517
2026-02-17 01:47:48.016193,508
2026-02-17 01:47:48.024142,506
2026-02-17 01:47:48.032079,513
2026-02-17 01:47:48.040147,514
2026-02-17 01:47:48.048125,515
2026-02-17 01:47:48.056202,518
2026-02-17 01:47:48.064122,514
2026-02-17 01:47:48.072148,509
2026-02-17 01:47:48.080136,504
2026-02-17 01:47:48.088119,515
2026-02-17 01:47:48.096105,512
2026-02-17 01:47:48.104056,513
2026-02-17 01:47:48.112122,513
2026-02-17 01:47:48.120101,511
2026-02-17 01:47:48.128112,512
2026-02-17 01:47:48.136092,510
2026-02-17 01:47:48.144094,508
2026-02-17 01:47:48.152133,511
2026-02-17 01:47:48.160097,507
2026-02-17 01:47:48.168081,507
2026-02-17 01:47:48.176107,511
2026-02-17 01:47:48.184099,505
2026-02-17 01:47:48.192091,517
2026-02-17 01:47:48.200149,509
2026-02-17 01:47:48.208152,517
2026-02-17 01:47:48.216111,517
2026-02-17 01:47:48.224215,514
2026-02-17 01:47:48.232124,517
2026-02-17 01:47:48.240131,507
2026-02-17 01:47:48.248114,513
2026-02-17 01:47:48.256126,503
2026-02-17 01:47:48.264124,505
2026-02-17 01:47:48.272100,511
2026-02-17 01:47:48.280172,515
2026-02-17 01:47:48.288154,506
2026-02-17 01:47:48.296062,513
2026-02-17 01:47:48.304129,515
2026-02-17 01:47:48.312169,518
2026-02-17 01:47:48.320181,507
2026-02-17 01:47:48.328087,516
2026-02-17 01:47:48.336132,519
2026-02-17 01:47:48.344047,519
2026-02-17 01:47:48.352085,512
2026-02-17 01:47:48.360066,512
2026-02-17 01:47:48.368100,512
2026-02-17 01:47:48.376098,509
2026-02-17 01:47:48.384095,508
2026-02-17 01:47:48.392100,509
2026-02-17 01:47:48.400105,518
2026-02-17 01:47:48.408114,519
2026-02-17 01:47:48.416147,518
2026-02-17 01:47:48.424133,516
2026-02-17 01:47:48.432092,511
2026-02-17 01:47:48.440138,515
2026-02-17 01:47:48.448174,504
2026-02-17 01:47:48.456138,510
2026-02-17 01:47:48.464102,489
2026-02-17 01:47:48.472105,499
2026-02-17 01:47:48.480126,505
2026-02-17 01:47:48.488099,506
2026-02-17 01:47:48.496213,506
2026-02-17 01:47:48.504126,512
2026-02-17 01:47:48.512140,522
2026-02-17 01:47:48.520169,521
2026-02-17 01:47:48.528158,512
2026-02-17 01:47:48.536117,515
2026-02-17 01:47:48.544113,508
2026-02-17 01:47:48.552109,508
2026-02-17 01:47:48.560100,512
2026-02-17 01:47:48.568115,513
2026-02-17 01:47:48.576115,515
2026-02-17 01:47:48.584113,516
2026-02-17 01:47:48.592069,512
2026-02-17 01:47:48.600117,512
2026-02-17 01:47:48.608111,515
2026-02-17 01:47:48.616147,510
2026-02-17 01:47:48.624114,517
2026-02-17 01:47:48.632111,514
2026-02-17 01:47:48.640154,520
2026-02-17 01:47:48.648111,510
2026-02-17 01:47:48.656143,509
2026-02-17 01:47:48.664103,511
2026-02-17 01:47:48.672110,514
2026-02-17 01:47:48.680115,509
2026-02-17 01:47:48.688081,511
2026-02-17 01:47:48.696104,515
2026-02-17 01:47:48.704103,509
2026-02-17 01:47:48.712107,513
2026-02-17 01:47:48.720108,513
2026-02-17 01:47:48.728061,514
2026-02-17 01:47:48.736060,507
2026-02-17 01:47:48.744130,512
2026-02-17 01:47:48.752077,515
2026-02-17 01:47:48.760132,508
2026-02-17 01:47:48.768169,505
2026-02-17 01:47:48.776117,492
2026-02-17 01:47:48.784162,502
2026-02-17 01:47:48.792102,515
2026-02-17 01:47:48.800134,517
2026-02-17 01:47:48.808057,520
2026-02-17 01:47:48.816086,513
2026-02-17 01:47:48.824173,515
2026-02-17 01:47:48.832114,519
2026-02-17 01:47:48.840115,505
2026-02-17 01:47:48.848239,515
2026-02-17 01:47:48.856210,509
2026-02-17 01:47:48.864202,510
2026-02-17 01:47:48.872196,507
2026-02-17 01:47:48.880137,517
2026-02-17 01:47:48.888126,519
2026-02-17 01:47:48.896155,502
2026-02-17 01:47:48.904115,503
2026-02-17 01:47:48.912125,519
2026-02-17 01:47:48.920111,506
2026-02-17 01:47:48.928088,509
2026-02-17 01:47:48.936103,500
2026-02-17 01:47:48.944157,502
2026-02-17 01:47:48.952093,503
2026-02-17 01:47:48.960096,514
2026-02-17 01:47:48.968114,518
2026-02-17 01:47:48.976152,512
2026-02-17 01:47:48.984117,506
2026-02-17 01:47:48.992152,515
2026-02-17 01:47:49.000121,522
2026-02-17 01:47:49.008141,530
2026-02-17 01:47:49.016200,524
2026-02-17 01:47:49.024124,530
2026-02-17 01:47:49.032096,524
2026-02-17 01:47:49.040158,529
2026-02-17 01:47:49.048070,536
2026-02-17 01:47:49.056148,536
2026-02-17 01:47:49.064193,534
2026-02-17 01:47:49.072057,520
2026-02-17 01:47:49.080162,533
2026-02-17 01:47:49.088122,520
2026-02-17 01:47:49.096150,532
2026-02-17 01:47:49.104118,538
2026-02-17 01:47:49.112166,534
2026-02-17 01:47:49.120107,539
2026-02-17 01:47:49.128149,540
2026-02-17 01:47:49.136137,527
2026-02-17 01:47:49.144140,521
2026-02-17 01:47:49.152162,531
2026-02-17 01:47:49.160136,523
2026-02-17 01:47:49.168105,526
2026-02-17 01:47:49.176109,527
2026-02-17 01:47:49.184123,514
2026-02-17 01:47:49.192110,525
2026-02-17 01:47:49.200195,518
2026-02-17 01:47:49.208179,524
2026-02-17 01:47:49.216114,527
2026-02-17 01:47:49.224135,522
2026-02-17 01:47:49.232142,516
2026-02-17 01:47:49.240139,519
2026-02-17 01:47:49.248148,517
2026-02-17 01:47:49.256136,521
2026-02-17 01:47:49.264160,520
2026-02-17 01:47:49.272129,505
2026-02-17 01:47:49.280118,508
2026-02-17 01:47:49.288117,504
2026-02-17 01:47:49.296083,511
2026-02-17 01:47:49.304190,514
2026-02-17 01:47:49.312070,519
2026-02-17 01:47:49.320125,510
2026-02-17 01:47:49.328090,516
2026-02-17 01:47:49.336128,511
2026-02-17 01:47:49.344123,511
2026-02-17 01:47:49.352110,504
2026-02-17 01:47:49.360111,503
2026-02-17 01:47:49.368171,497
2026-02-17 01:47:49.376150,506
2026-02-17 01:47:49.384123,504
2026-02-17 01:47:49.392123,504
2026-02-17 01:47:49.400116,508
2026-02-17 01:47:49.408117,519
2026-02-17 01:47:49.416189,509
2026-02-17 01:47:49.424187,508
2026-02-17 01:47:49.432160,507
2026-02-17 01:47:49.440162,508
2026-02-17 01:47:49.448123,509
2026-02-17 01:47:49.456122,510
2026-02-17 01:47:49.464122,522
2026-02-17 01:47:49.472164,506
2026-02-17 01:47:49.480134,508
2026-02-17 01:47:49.488121,516
2026-02-17 01:47:49.496121,514
2026-02-17 01:47:49.504162,512
2026-02-17 01:47:49.512107,517
2026-02-17 01:47:49.520115,509
2026-02-17 01:47:49.528120,513
2026-02-17 01:47:49.536125,517
2026-02-17 01:47:49.544123,514
2026-02-17 01:47:49.552123,513
2026-02-17 01:47:49.560123,514
2026-02-17 01:47:49.568128,516
2026-02-17 01:47:49.576120,516
2026-02-17 01:47:49.584115,509
2026-02-17 01:47:49.592086,510
2026-02-17 01:47:49.600137,512
2026-02-17 01:47:49.608117,511
2026-02-17 01:47:49.616124,508
2026-02-17 01:47:49.624123,510
2026-02-17 01:47:49.632115,512
2026-02-17 01:47:49.640146,516
2026-02-17 01:47:49.648171,514
2026-02-17 01:47:49.656127,517
2026-02-17 01:47:49.664152,521
2026-02-17 01:47:49.672077,524
2026-02-17 01:47:49.680074,506
2026-02-17 01:47:49.688128,518
2026-02-17 01:47:49.696145,513
2026-02-17 01:47:49.704138,517
2026-02-17 01:47:49.712141,515
2026-02-17 01:47:49.720126,515
2026-02-17 01:47:49.728122,512
2026-02-17 01:47:49.736070,507
2026-02-17 01:47:49.744115,499
2026-02-17 01:47:49.752085,507
2026-02-17 01:47:49.760181,507
2026-02-17 01:47:49.768170,512
2026-02-17 01:47:49.776162,506
2026-02-17 01:47:49.784153,502
2026-02-17 01:47:49.792161,493
2026-02-17 01:47:49.800125,503
2026-02-17 01:47:49.808107,506
2026-02-17 01:47:49.816197,509
2026-02-17 01:47:49.824123,514
2026-02-17 01:47:49.832117,510
2026-02-17 01:47:49.840201,493
2026-02-17 01:47:49.848242,511
2026-02-17 01:47:49.856170,518
2026-02-17 01:47:49.864139,512
2026-02-17 01:47:49.872165,514
2026-02-17 01:47:49.880177,514
2026-02-17 01:47:49.888135,510
2026-02-17 01:47:49.896131,506
2026-02-17 01:47:49.904119,512
2026-02-17 01:47:49.912124,516
2026-02-17 01:47:49.920124,520
2026-02-17 01:47:49.928124,515
2026-02-17 01:47:49.936139,511
2026-02-17 01:47:49.944117,509
2026-02-17 01:47:49.952150,511
2026-02-17 01:47:49.960119,517
2026-02-17 01:47:49.968139,516
2026-02-17 01:47:49.976120,518
2026-02-17 01:47:49.984171,514
2026-02-17 01:47:49.992139,518
2026-02-17 01:47:50.000133,520
2026-02-17 01:47:50.008146,522
2026-02-17 01:47:50.016224,520
2026-02-17 01:47:50.024145,520
2026-02-17 01:47:50.032098,526
2026-02-17 01:47:50.040131,520
2026-02-17 01:47:50.048125,519
2026-02-17 01:47:50.056226,515
2026-02-17 01:47:50.064159,505
2026-02-17 01:47:50.072141,510
2026-02-17 01:47:50.080183,506
2026-02-17 01:47:50.088100,514
2026-02-17 01:47:50.096087,517
2026-02-17 01:47:50.104082,507
2026-02-17 01:47:50.112130,513
2026-02-17 01:47:50.120084,503
2026-02-17 01:47:50.128118,507
2026-02-17 01:47:50.136124,515
2026-02-17 01:47:50.144127,506
2026-02-17 01:47:50.152114,511
2026-02-17 01:47:50.160155,514
2026-02-17 01:47:50.168128,509
2026-02-17 01:47:50.176160,502
2026-02-17 01:47:50.184150,508
2026-02-17 01:47:50.192180,505
2026-02-17 01:47:50.200123,515
2026-02-17 01:47:50.208127,523
2026-02-17 01:47:50.216127,512
2026-02-17 01:47:50.224123,509
2026-02-17 01:47:50.232120,519
2026-02-17 01:47:50.240124,519
2026-02-17 01:47:50.248197,514
2026-02-17 01:47:50.256150,511
2026-02-17 01:47:50.264182,499
2026-02-17 01:47:50.272124,513
2026-02-17 01:47:50.280174,505
2026-02-17 01:47:50.288117,512
2026-02-17 01:47:50.296133,514
2026-02-17 01:47:50.304128,520
2026-02-17 01:47:50.313583,519
2026-02-17 01:47:50.320246,509
2026-02-17 01:47:50.328108,514
2026-02-17 01:47:50.336169,515
2026-02-17 01:47:50.344116,514
2026-02-17 01:47:50.352130,515
2026-02-17 01:47:50.360130,516
2026-02-17 01:47:50.368132,514
2026-02-17 01:47:50.376147,506
2026-02-17 01:47:50.384168,517
2026-02-17 01:47:50.392159,509
2026-02-17 01:47:50.400145,519
2026-02-17 01:47:50.408196,519
2026-02-17 01:47:50.416173,514
2026-02-17 01:47:50.424131,525
2026-02-17 01:47:50.432150,520
2026-02-17 01:47:50.440143,521
2026-02-17 01:47:50.448178,520
2026-02-17 01:47:50.456194,514
2026-02-17 01:47:50.464134,517
2026-02-17 01:47:50.472133,509
2026-02-17 01:47:50.480144,509
2026-02-17 01:47:50.488134,515
2026-02-17 01:47:50.496118,511
2026-02-17 01:47:50.504125,520
2026-02-17 01:47:50.512121,509
2026-02-17 01:47:50.520123,517
2026-02-17 01:47:50.528121,514
2026-02-17 01:47:50.536136,510
2026-02-17 01:47:50.544129,515
2026-02-17 01:47:50.552130,510
2026-02-17 01:47:50.560117,513
2026-02-17 01:47:50.568130,520
2026-02-17 01:47:50.576140,504
2026-02-17 01:47:50.584125,505
2026-02-17 01:47:50.592207,516
2026-02-17 01:47:50.600225,511
2026-02-17 01:47:50.608252,512
2026-02-17 01:47:50.616162,512
2026-02-17 01:47:50.624152,516
2026-02-17 01:47:50.632145,505
2026-02-17 01:47:50.640157,508
2026-02-17 01:47:50.648150,516
2026-02-17 01:47:50.656151,508
2026-02-17 01:47:50.664179,506
2026-02-17 01:47:50.672145,511
2026-02-17 01:47:50.680129,514
2026-02-17 01:47:50.688155,509
2026-02-17 01:47:50.696141,512
2026-02-17 01:47:50.704138,516
2026-02-17 01:47:50.712133,515
2026-02-17 01:47:50.720209,518
2026-02-17 01:47:50.728153,509
2026-02-17 01:47:50.736168,513
2026-02-17 01:47:50.744085,513
2026-02-17 01:47:50.752250,518
2026-02-17 01:47:50.760213,516
2026-02-17 01:47:50.768193,515
2026-02-17 01:47:50.776138,516
2026-02-17 01:47:50.784139,520
2026-02-17 01:47:50.792136,519
2026-02-17 01:47:50.800143,511
2026-02-17 01:47:50.808159,514
2026-02-17 01:47:50.816131,509
2026-02-17 01:47:50.824160,512
2026-02-17 01:47:50.832230,508
2026-02-17 01:47:50.840139,504
2026-02-17 01:47:50.848225,517
2026-02-17 01:47:50.856152,510
2026-02-17 01:47:50.864233,501
2026-02-17 01:47:50.872137,509
2026-02-17 01:47:50.880249,506
2026-02-17 01:47:50.888253,503
2026-02-17 01:47:50.896300,502
2026-02-17 01:47:50.904241,503
2026-02-17 01:47:50.912190,508
2026-02-17 01:47:50.920210,501
2026-02-17 01:47:50.928155,510
2026-02-17 01:47:50.936209,497
2026-02-17 01:47:50.944141,500
2026-02-17 01:47:50.952083,509
2026-02-17 01:47:50.960170,504
2026-02-17 01:47:50.968157,503
2026-02-17 01:47:50.976185,501
2026-02-17 01:47:50.984162,498
2026-02-17 01:47:50.992131,515
2026-02-17 01:47:51.000136,517
2026-02-17 01:47:51.008591,518
2026-02-17 01:47:51.016283,514
2026-02-17 01:47:51.024180,513
2026-02-17 01:47:51.032151,518
2026-02-17 01:47:51.040183,518
2026-02-17 01:47:51.048159,512
2026-02-17 01:47:51.056224,515
2026-02-17 01:47:51.064163,503
2026-02-17 01:47:51.072098,513
2026-02-17 01:47:51.080211,505
2026-02-17 01:47:51.088119,509
2026-02-17 01:47:51.096168,509
2026-02-17 01:47:51.104093,505
2026-02-17 01:47:51.112205,513
2026-02-17 01:47:51.120149,511
2026-02-17 01:47:51.128119,514
2026-02-17 01:47:51.136171,507
2026-02-17 01:47:51.144118,508
2026-02-17 01:47:51.152108,508
2026-02-17 01:47:51.160189,511
2026-02-17 01:47:51.168139,507
2026-02-17 01:47:51.176111,512
2026-02-17 01:47:51.184124,508
2026-02-17 01:47:51.192091,507
2026-02-17 01:47:51.200135,511
2026-02-17 01:47:51.208194,521
2026-02-17 01:47:51.216186,511
2026-02-17 01:47:51.224144,512
2026-02-17 01:47:51.232138,517
2026-02-17 01:47:51.240182,507
2026-02-17 01:47:51.248228,506
2026-02-17 01:47:51.256150,507
2026-02-17 01:47:51.264145,514
2026-02-17 01:47:51.272146,508
2026-02-17 01:47:51.280196,519
2026-02-17 01:47:51.288146,517
2026-02-17 01:47:51.296202,510
2026-02-17 01:47:51.304146,518
2026-02-17 01:47:51.312132,515
2026-02-17 01:47:51.320243,517
2026-02-17 01:47:51.328145,514
2026-02-17 01:47:51.336115,510
2026-02-17 01:47:51.344106,511
2026-02-17 01:47:51.352121,513
2026-02-17 01:47:51.360147,514
2026-02-17 01:47:51.368128,516
2026-02-17 01:47:51.376140,518
2026-02-17 01:47:51.384148,508
2026-02-17 01:47:51.392139,518
2026-02-17 01:47:51.400170,510
2026-02-17 01:47:51.408154,517
2026-02-17 01:47:51.416142,513
2026-02-17 01:47:51.424154,509
2026-02-17 01:47:51.432147,504
2026-02-17 01:47:51.440146,502
2026-02-17 01:47:51.448174,506
2026-02-17 01:47:51.456153,504
2026-02-17 01:47:51.464147,514
2026-02-17 01:47:51.472138,521
2026-02-17 01:47:51.480186,513
2026-02-17 01:47:51.488143,514
2026-02-17 01:47:51.496146,515
2026-02-17 01:47:51.504143,513
2026-02-17 01:47:51.512178,505
2026-02-17 01:47:51.520148,510
2026-02-17 01:47:51.528319,513
2026-02-17 01:47:51.536169,512
2026-02-17 01:47:51.544176,509
2026-02-17 01:47:51.552140,516
2026-02-17 01:47:51.560172,506
2026-02-17 01:47:51.568191,515
2026-02-17 01:47:51.576141,513
2026-02-17 01:47:51.584151,516
2026-02-17 01:47:51.592101,512
2026-02-17 01:47:51.600164,505
2026-02-17 01:47:51.608158,514
2026-02-17 01:47:51.616221,518
2026-02-17 01:47:51.624151,519
2026-02-17 01:47:51.632145,520
2026-02-17 01:47:51.640141,515
2026-02-17 01:47:51.648154,513
2026-02-17 01:47:51.656175,499
2026-02-17 01:47:51.664157,510
2026-02-17 01:47:51.672154,515
2026-02-17 01:47:51.680158,511
2026-02-17 01:47:51.688156,514
2026-02-17 01:47:51.696191,517
2026-02-17 01:47:51.704188,513
2026-02-17 01:47:51.712143,510
2026-02-17 01:47:51.720144,506
2026-02-17 01:47:51.728143,516
2026-02-17 01:47:51.736140,515
2026-02-17 01:47:51.744094,511
2026-02-17 01:47:51.752180,506
2026-02-17 01:47:51.760182,501
2026-02-17 01:47:51.768193,505
2026-02-17 01:47:51.776162,516
2026-02-17 01:47:51.784167,515
2026-02-17 01:47:51.792159,521
2026-02-17 01:47:51.800238,514
2026-02-17 01:47:51.808215,518
2026-02-17 01:47:51.816171,508
2026-02-17 01:47:51.824149,515
2026-02-17 01:47:51.832157,515
2026-02-17 01:47:51.840164,516
2026-02-17 01:47:51.848284,516
2026-02-17 01:47:51.856290,509
2026-02-17 01:47:51.864218,512
2026-02-17 01:47:51.872167,510
2026-02-17 01:47:51.880123,507
2026-02-17 01:47:51.888189,517
2026-02-17 01:47:51.896167,519
2026-02-17 01:47:51.904149,516
2026-02-17 01:47:51.912148,517
2026-02-17 01:47:51.920223,516
2026-02-17 01:47:51.928216,509
2026-02-17 01:47:51.936127,507
2026-02-17 01:47:51.944093,512
2026-02-17 01:47:51.952133,518
2026-02-17 01:47:51.960113,508
2026-02-17 01:47:51.968129,510
2026-02-17 01:47:51.976114,514
2026-02-17 01:47:51.984113,506
2026-02-17 01:47:51.992150,513
2026-02-17 01:47:52.000151,517
2026-02-17 01:47:52.008125,518
2026-02-17 01:47:52.016155,513
2026-02-17 01:47:52.024159,512
2026-02-17 01:47:52.032088,509
2026-02-17 01:47:52.040153,510
2026-02-17 01:47:52.048159,521
2026-02-17 01:47:52.056169,508
2026-02-17 01:47:52.064095,507
2026-02-17 01:47:52.072140,514
2026-02-17 01:47:52.080165,513
2026-02-17 01:47:52.088139,515
2026-02-17 01:47:52.096148,517
2026-02-17 01:47:52.104118,523
2026-02-17 01:47:52.112149,507
2026-02-17 01:47:52.120110,514
2026-02-17 01:47:52.128150,514
2026-02-17 01:47:52.136235,507
2026-02-17 01:47:52.144192,510
2026-02-17 01:47:52.152154,509
2026-02-17 01:47:52.160195,511
2026-02-17 01:47:52.168189,512
2026-02-17 01:47:52.176145,509
2026-02-17 01:47:52.184154,516
2026-02-17 01:47:52.192175,513
2026-02-17 01:47:52.200163,513
2026-02-17 01:47:52.208186,514
2026-02-17 01:47:52.216157,511
2026-02-17 01:47:52.224148,509
2026-02-17 01:47:52.232136,515
2026-02-17 01:47:52.240153,508
2026-02-17 01:47:52.248478,508
2026-02-17 01:47:52.256225,508
2026-02-17 01:47:52.264162,515
2026-02-17 01:47:52.272169,514
2026-02-17 01:47:52.280205,513
2026-02-17 01:47:52.288174,515
2026-02-17 01:47:52.296210,510
2026-02-17 01:47:52.304154,515
2026-02-17 01:47:52.312165,514
2026-02-17 01:47:52.320170,508
2026-02-17 01:47:52.328171,509
2026-02-17 01:47:52.336164,505
2026-02-17 01:47:52.344157,508
2026-02-17 01:47:52.352140,516
2026-02-17 01:47:52.360118,508
2026-02-17 01:47:52.368160,512
2026-02-17 01:47:52.376180,507
2026-02-17 01:47:52.384146,511
2026-02-17 01:47:52.392179,513
2026-02-17 01:47:52.400222,512
2026-02-17 01:47:52.408188,507
2026-02-17 01:47:52.416214,515
2026-02-17 01:47:52.424182,500
2026-02-17 01:47:52.432165,505
2026-02-17 01:47:52.440153,509
2026-02-17 01:47:52.448182,512
2026-02-17 01:47:52.456228,509
2026-02-17 01:47:52.464164,507
2026-02-17 01:47:52.472156,512
2026-02-17 01:47:52.480174,508
2026-02-17 01:47:52.488231,515
2026-02-17 01:47:52.496160,513
2026-02-17 01:47:52.504164,507
2026-02-17 01:47:52.512158,517
2026-02-17 01:47:52.520154,507
2026-02-17 01:47:52.528151,506
2026-02-17 01:47:52.536162,499
2026-02-17 01:47:52.544187,492
2026-02-17 01:47:52.552164,504
2026-02-17 01:47:52.560153,503
2026-02-17 01:47:52.568161,516
2026-02-17 01:47:52.576197,516
2026-02-17 01:47:52.584159,512
2026-02-17 01:47:52.592125,508
2026-02-17 01:47:52.600166,511
2026-02-17 01:47:52.608158,510
2026-02-17 01:47:52.616150,508
2026-02-17 01:47:52.624170,508
2026-02-17 01:47:52.632154,513
2026-02-17 01:47:52.640156,509
2026-02-17 01:47:52.648163,502
2026-02-17 01:47:52.656158,509
2026-02-17 01:47:52.664167,509
2026-02-17 01:47:52.672165,516
2026-02-17 01:47:52.680152,511
2026-02-17 01:47:52.688196,520
2026-02-17 01:47:52.696324,506
2026-02-17 01:47:52.704228,510
2026-02-17 01:47:52.712231,511
2026-02-17 01:47:52.720283,506
2026-02-17 01:47:52.728243,512
2026-02-17 01:47:52.736175,516
2026-02-17 01:47:52.744160,502
2026-02-17 01:47:52.752214,513
2026-02-17 01:47:52.760170,513
2026-02-17 01:47:52.768199,519
2026-02-17 01:47:52.776178,518
2026-02-17 01:47:52.784174,514
2026-02-17 01:47:52.792166,516
2026-02-17 01:47:52.800192,512
2026-02-17 01:47:52.808200,505
2026-02-17 01:47:52.816246,503
2026-02-17 01:47:52.824172,507
2026-02-17 01:47:52.832179,512
2026-02-17 01:47:52.840214,511
2026-02-17 01:47:52.848243,515
2026-02-17 01:47:52.856222,506
2026-02-17 01:47:52.864237,512
2026-02-17 01:47:52.872163,508
2026-02-17 01:47:52.880196,505
2026-02-17 01:47:52.888166,511
2026-02-17 01:47:52.896168,516
2026-02-17 01:47:52.904143,515
2026-02-17 01:47:52.912148,514
2026-02-17 01:47:52.920159,508
2026-02-17 01:47:52.928159,516
2026-02-17 01:47:52.936167,509
2026-02-17 01:47:52.944169,504
2026-02-17 01:47:52.952191,514
2026-02-17 01:47:52.960175,516
2026-02-17 01:47:52.968171,517
2026-02-17 01:47:52.976156,516
2026-02-17 01:47:52.984174,512
2026-02-17 01:47:52.992213,514
2026-02-17 01:47:53.000173,516
2026-02-17 01:47:53.008235,513
2026-02-17 01:47:53.016272,514
2026-02-17 01:47:53.024175,507
2026-02-17 01:47:53.032174,516
2026-02-17 01:47:53.040130,506
2026-02-17 01:47:53.048250,509
2026-02-17 01:47:53.056218,508
2026-02-17 01:47:53.064190,513
2026-02-17 01:47:53.072144,520
2026-02-17 01:47:53.080166,518
2026-02-17 01:47:53.088117,520
2026-02-17 01:47:53.096115,510
2026-02-17 01:47:53.104113,510
2026-02-17 01:47:53.112118,513
2026-02-17 01:47:53.120187,508
2026-02-17 01:47:53.128161,516
2026-02-17 01:47:53.136161,516
2026-02-17 01:47:53.144163,510
2026-02-17 01:47:53.152165,510
2026-02-17 01:47:53.160190,511
2026-02-17 01:47:53.168233,510
2026-02-17 01:47:53.176168,507
2026-02-17 01:47:53.184169,510
2026-02-17 01:47:53.192160,514
2026-02-17 01:47:53.200165,513
2026-02-17 01:47:53.208173,514
2026-02-17 01:47:53.216178,506
2026-02-17 01:47:53.224163,505
2026-02-17 01:47:53.232171,506
2026-02-17 01:47:53.240213,510
2026-02-17 01:47:53.248165,508
2026-02-17 01:47:53.256236,505
2026-02-17 01:47:53.264226,505
2026-02-17 01:47:53.272167,512
2026-02-17 01:47:53.280166,505
2026-02-17 01:47:53.288177,511
2026-02-17 01:47:53.296199,516
2026-02-17 01:47:53.304182,513
2026-02-17 01:47:53.312250,517
2026-02-17 01:47:53.320234,513
2026-02-17 01:47:53.328217,513
2026-02-17 01:47:53.336164,504
2026-02-17 01:47:53.344218,506
2026-02-17 01:47:53.352167,505
2026-02-17 01:47:53.360204,506
2026-02-17 01:47:53.368167,509
2026-02-17 01:47:53.376159,510
2026-02-17 01:47:53.384164,510
2026-02-17 01:47:53.392199,515
2026-02-17 01:47:53.400229,510
2026-02-17 01:47:53.408152,506
2026-02-17 01:47:53.416230,515
2026-02-17 01:47:53.424185,512
2026-02-17 01:47:53.432232,514
2026-02-17 01:47:53.440163,510
2026-02-17 01:47:53.448204,517
2026-02-17 01:47:53.456181,514
2026-02-17 01:47:53.464181,513
2026-02-17 01:47:53.472168,508
2026-02-17 01:47:53.480184,514
2026-02-17 01:47:53.488178,514
2026-02-17 01:47:53.496165,508
2026-02-17 01:47:53.504278,508
2026-02-17 01:47:53.512235,520
2026-02-17 01:47:53.520220,511
2026-02-17 01:47:53.528164,514
2026-02-17 01:47:53.536168,517
2026-02-17 01:47:53.544231,517
2026-02-17 01:47:53.552169,514
2026-02-17 01:47:53.560173,518
2026-02-17 01:47:53.568165,514
2026-02-17 01:47:53.576181,509
2026-02-17 01:47:53.584167,518
2026-02-17 01:47:53.592132,518
2026-02-17 01:47:53.600157,516
2026-02-17 01:47:53.608217,521
2026-02-17 01:47:53.616263,513
2026-02-17 01:47:53.624245,509
2026-02-17 01:47:53.632244,515
2026-02-17 01:47:53.640235,512
2026-02-17 01:47:53.648174,510
2026-02-17 01:47:53.656246,514
2026-02-17 01:47:53.664198,510
2026-02-17 01:47:53.672194,515
2026-02-17 01:47:53.680172,515
2026-02-17 01:47:53.688178,512
2026-02-17 01:47:53.696181,506
2026-02-17 01:47:53.704164,513
2026-02-17 01:47:53.712168,519
2026-02-17 01:47:53.720204,510
2026-02-17 01:47:53.728173,513
2026-02-17 01:47:53.736175,512
2026-02-17 01:47:53.744162,510
2026-02-17 01:47:53.752203,509
2026-02-17 01:47:53.760245,506
2026-02-17 01:47:53.768208,514
2026-02-17 01:47:53.776222,512
2026-02-17 01:47:53.784191,510
2026-02-17 01:47:53.792182,514
2026-02-17 01:47:53.800241,504
2026-02-17 01:47:53.808173,508
2026-02-17 01:47:53.816176,517
2026-02-17 01:47:53.824187,510
2026-02-17 01:47:53.832173,516
2026-02-17 01:47:53.840123,513
2026-02-17 01:47:53.849236,516
2026-02-17 01:47:53.856216,506
2026-02-17 01:47:53.864227,513
2026-02-17 01:47:53.872241,512
2026-02-17 01:47:53.880182,515
2026-02-17 01:47:53.888189,506
2026-02-17 01:47:53.896244,508
2026-02-17 01:47:53.904199,505
2026-02-17 01:47:53.912190,507
2026-02-17 01:47:53.920216,508
2026-02-17 01:47:53.928187,511
2026-02-17 01:47:53.936175,512
2026-02-17 01:47:53.944181,508
2026-02-17 01:47:53.952168,511
2026-02-17 01:47:53.960197,512
2026-02-17 01:47:53.968161,511
2026-02-17 01:47:53.976190,514
2026-02-17 01:47:53.984175,513
2026-02-17 01:47:53.992171,510
2026-02-17 01:47:54.000163,511
2026-02-17 01:47:54.008221,506
2026-02-17 01:47:54.016176,509
2026-02-17 01:47:54.024162,505
2026-02-17 01:47:54.032154,505
2026-02-17 01:47:54.040157,510
2026-02-17 01:47:54.048210,516
2026-02-17 01:47:54.056227,517
2026-02-17 01:47:54.064147,514
2026-02-17 01:47:54.072138,515
2026-02-17 01:47:54.080124,508
2026-02-17 01:47:54.088118,508
2026-02-17 01:47:54.096139,507
2026-02-17 01:47:54.104196,505
2026-02-17 01:47:54.112199,512
2026-02-17 01:47:54.120175,512
2026-02-17 01:47:54.128203,507
2026-02-17 01:47:54.136179,515
2026-02-17 01:47:54.144174,507
2026-02-17 01:47:54.152180,510
2026-02-17 01:47:54.160181,506
2026-02-17 01:47:54.168184,508
2026-02-17 01:47:54.176204,503
2026-02-17 01:47:54.184188,510
2026-02-17 01:47:54.192183,506
2026-02-17 01:47:54.200179,514
2026-02-17 01:47:54.208273,521
2026-02-17 01:47:54.216231,510
2026-02-17 01:47:54.224209,514
2026-02-17 01:47:54.232187,520
2026-02-17 01:47:54.240182,520
2026-02-17 01:47:54.248227,515
2026-02-17 01:47:54.256239,515
2026-02-17 01:47:54.264238,517
2026-02-17 01:47:54.272190,512
2026-02-17 01:47:54.280196,517
2026-02-17 01:47:54.288187,516
2026-02-17 01:47:54.296187,518
2026-02-17 01:47:54.304176,519
2026-02-17 01:47:54.312173,515
2026-02-17 01:47:54.320208,516
2026-02-17 01:47:54.328201,512
2026-02-17 01:47:54.336208,514
2026-02-17 01:47:54.344219,517
2026-02-17 01:47:54.352181,519
2026-02-17 01:47:54.360188,516
2026-02-17 01:47:54.368190,523
2026-02-17 01:47:54.376188,515
2026-02-17 01:47:54.384184,511
2026-02-17 01:47:54.392208,513
2026-02-17 01:47:54.400154,512
2026-02-17 01:47:54.408196,519
2026-02-17 01:47:54.416185,510
2026-02-17 01:47:54.424201,509
2026-02-17 01:47:54.432186,515
2026-02-17 01:47:54.440188,514
2026-02-17 01:47:54.448190,510
2026-02-17 01:47:54.456178,519
2026-02-17 01:47:54.464181,506
2026-02-17 01:47:54.472228,508
2026-02-17 01:47:54.480194,512
2026-02-17 01:47:54.488182,515
2026-02-17 01:47:54.496188,503
2026-02-17 01:47:54.504174,504
2026-02-17 01:47:54.512196,511
2026-02-17 01:47:54.520190,509
2026-02-17 01:47:54.528178,509
2026-02-17 01:47:54.536177,515
2026-02-17 01:47:54.544182,514
2026-02-17 01:47:54.552183,518
2026-02-17 01:47:54.560180,518
2026-02-17 01:47:54.568176,523
2026-02-17 01:47:54.576169,512
2026-02-17 01:47:54.584183,509
2026-02-17 01:47:54.592139,513
2026-02-17 01:47:54.600215,507
2026-02-17 01:47:54.608206,516
2026-02-17 01:47:54.616185,511
2026-02-17 01:47:54.624180,515
2026-02-17 01:47:54.632199,513
2026-02-17 01:47:54.640188,507
2026-02-17 01:47:54.648199,502
2026-02-17 01:47:54.656172,508
2026-02-17 01:47:54.664258,505
2026-02-17 01:47:54.672189,497
2026-02-17 01:47:54.680208,496
2026-02-17 01:47:54.688191,501
2026-02-17 01:47:54.696183,504
2026-02-17 01:47:54.704187,499
2026-02-17 01:47:54.712177,504
2026-02-17 01:47:54.720182,509
2026-02-17 01:47:54.728190,504
2026-02-17 01:47:54.736182,515
2026-02-17 01:47:54.744225,512
2026-02-17 01:47:54.752247,518
2026-02-17 01:47:54.760257,520
2026-02-17 01:47:54.768234,520
2026-02-17 01:47:54.776237,505
2026-02-17 01:47:54.784254,509
2026-02-17 01:47:54.792184,514
2026-02-17 01:47:54.800228,515
2026-02-17 01:47:54.808182,514
2026-02-17 01:47:54.816179,518
2026-02-17 01:47:54.824290,510
2026-02-17 01:47:54.832266,513
2026-02-17 01:47:54.840255,515
2026-02-17 01:47:54.848179,523
2026-02-17 01:47:54.856272,523
2026-02-17 01:47:54.864232,519
2026-02-17 01:47:54.872320,522
2026-02-17 01:47:54.880346,515
2026-02-17 01:47:54.888323,513
2026-02-17 01:47:54.896350,505
2026-02-17 01:47:54.904292,512
2026-02-17 01:47:54.912332,513
2026-02-17 01:47:54.920331,514
2026-02-17 01:47:54.928251,522
2026-02-17 01:47:54.936381,508
2026-02-17 01:47:54.944309,506
2026-02-17 01:47:54.952320,518
2026-02-17 01:47:54.960296,520
2026-02-17 01:47:54.968264,519
2026-02-17 01:47:54.976311,513
2026-02-17 01:47:54.984295,509
2026-02-17 01:47:54.992352,498
2026-02-17 01:47:55.000338,505
2026-02-17 01:47:55.008472,508
2026-02-17 01:47:55.016285,512
2026-02-17 01:47:55.024241,509
2026-02-17 01:47:55.032220,513
2026-02-17 01:47:55.040317,508
2026-02-17 01:47:55.048218,512
2026-02-17 01:47:55.056243,516
2026-02-17 01:47:55.064332,514
2026-02-17 01:47:55.072334,516
2026-02-17 01:47:55.080303,514
2026-02-17 01:47:55.088309,507
2026-02-17 01:47:55.096305,504
2026-02-17 01:47:55.104318,511
2026-02-17 01:47:55.112311,516
2026-02-17 01:47:55.120292,515
2026-02-17 01:47:55.128250,520
2026-02-17 01:47:55.136261,515
2026-02-17 01:47:55.144207,505
2026-02-17 01:47:55.152233,515
2026-02-17 01:47:55.160241,523
2026-02-17 01:47:55.168188,514
2026-02-17 01:47:55.176253,508
2026-02-17 01:47:55.184193,515
2026-02-17 01:47:55.192184,505
2026-02-17 01:47:55.200220,503
2026-02-17 01:47:55.208218,504
2026-02-17 01:47:55.216177,507
2026-02-17 01:47:55.224198,516
2026-02-17 01:47:55.232185,510
2026-02-17 01:47:55.240197,507
2026-02-17 01:47:55.248229,511
2026-02-17 01:47:55.256199,513
2026-02-17 01:47:55.264239,515
2026-02-17 01:47:55.272223,520
2026-02-17 01:47:55.280236,516
2026-02-17 01:47:55.288202,517
2026-02-17 01:47:55.296230,511
2026-02-17 01:47:55.304249,509
2026-02-17 01:47:55.312201,516
2026-02-17 01:47:55.320172,522
2026-02-17 01:47:55.328192,514
2026-02-17 01:47:55.336197,521
2026-02-17 01:47:55.344192,504
2026-02-17 01:47:55.352217,510
2026-02-17 01:47:55.360213,512
2026-02-17 01:47:55.368195,515
2026-02-17 01:47:55.376196,512
2026-02-17 01:47:55.384254,512
2026-02-17 01:47:55.392208,516
2026-02-17 01:47:55.400306,507
2026-02-17 01:47:55.408261,521
2026-02-17 01:47:55.416224,512
2026-02-17 01:47:55.424169,514
2026-02-17 01:47:55.432283,520
2026-02-17 01:47:55.440210,518
2026-02-17 01:47:55.448204,520
2026-02-17 01:47:55.456253,513
2026-02-17 01:47:55.464215,509
2026-02-17 01:47:55.472248,510
2026-02-17 01:47:55.480233,510
2026-02-17 01:47:55.488191,517
2026-02-17 01:47:55.496201,522
2026-02-17 01:47:55.504213,504
2026-02-17 01:47:55.512208,509
2026-02-17 01:47:55.520193,512
2026-02-17 01:47:55.528191,515
2026-02-17 01:47:55.536196,510
2026-02-17 01:47:55.544192,510
2026-02-17 01:47:55.552190,508
2026-02-17 01:47:55.560238,510
2026-02-17 01:47:55.568206,518
2026-02-17 01:47:55.576204,515
2026-02-17 01:47:55.584204,516
2026-02-17 01:47:55.592199,517
2026-02-17 01:47:55.600217,524
2026-02-17 01:47:55.608224,514
2026-02-17 01:47:55.616199,517
2026-02-17 01:47:55.624197,521
2026-02-17 01:47:55.632190,517
2026-02-17 01:47:55.640185,522
2026-02-17 01:47:55.648192,511
2026-02-17 01:47:55.656183,510
2026-02-17 01:47:55.664210,518
2026-02-17 01:47:55.672201,518
2026-02-17 01:47:55.680197,524
2026-02-17 01:47:55.688196,517
2026-02-17 01:47:55.696191,510
2026-02-17 01:47:55.704219,516
2026-02-17 01:47:55.712198,514
2026-02-17 01:47:55.720222,514
2026-02-17 01:47:55.728216,512
2026-02-17 01:47:55.736200,508
2026-02-17 01:47:55.744195,509
2026-02-17 01:47:55.752200,503
2026-02-17 01:47:55.760147,506
2026-02-17 01:47:55.768205,509
2026-02-17 01:47:55.776211,515
2026-02-17 01:47:55.784202,517
2026-02-17 01:47:55.792206,517
2026-02-17 01:47:55.800193,519
2026-02-17 01:47:55.808196,508
2026-02-17 01:47:55.816195,517
2026-02-17 01:47:55.824195,515
2026-02-17 01:47:55.832180,515
2026-02-17 01:47:55.840205,509
2026-02-17 01:47:55.848164,515
2026-02-17 01:47:55.856278,502
2026-02-17 01:47:55.864282,509
2026-02-17 01:47:55.872208,511
2026-02-17 01:47:55.880232,508
2026-02-17 01:47:55.888197,511
2026-02-17 01:47:55.896207,511
2026-02-17 01:47:55.904222,509
2026-02-17 01:47:55.912198,506
2026-02-17 01:47:55.920225,513
2026-02-17 01:47:55.928221,514
2026-02-17 01:47:55.936257,512
2026-02-17 01:47:55.944219,515
2026-02-17 01:47:55.952202,515
2026-02-17 01:47:55.960220,505
2026-02-17 01:47:55.968221,509
2026-02-17 01:47:55.976212,505
2026-02-17 01:47:55.984214,515
2026-02-17 01:47:55.992218,510
2026-02-17 01:47:56.000208,514
2026-02-17 01:47:56.008292,511
2026-02-17 01:47:56.016274,511
2026-02-17 01:47:56.024223,511
2026-02-17 01:47:56.032262,516
2026-02-17 01:47:56.040182,520
2026-02-17 01:47:56.048227,516
2026-02-17 01:47:56.056220,516
2026-02-17 01:47:56.064311,518
2026-02-17 01:47:56.072244,514
2026-02-17 01:47:56.080247,518
2026-02-17 01:47:56.088277,507
2026-02-17 01:47:56.096226,506
2026-02-17 01:47:56.104211,511
2026-02-17 01:47:56.112308,511
2026-02-17 01:47:56.120286,510
2026-02-17 01:47:56.128203,511
2026-02-17 01:47:56.136211,510
2026-02-17 01:47:56.144229,513
2026-02-17 01:47:56.152208,518
2026-02-17 01:47:56.160200,513
2026-02-17 01:47:56.168229,513
2026-02-17 01:47:56.176201,513
2026-02-17 01:47:56.184219,508
2026-02-17 01:47:56.192199,508
2026-02-17 01:47:56.200201,514
2026-02-17 01:47:56.208219,505
2026-02-17 01:47:56.216204,502
2026-02-17 01:47:56.224203,507
2026-02-17 01:47:56.232266,510
2026-02-17 01:47:56.240267,509
2026-02-17 01:47:56.248230,512
2026-02-17 01:47:56.256224,509
2026-02-17 01:47:56.264248,510
2026-02-17 01:47:56.272272,517
2026-02-17 01:47:56.280228,518
2026-02-17 01:47:56.288214,509
2026-02-17 01:47:56.296286,510
2026-02-17 01:47:56.304281,510
2026-02-17 01:47:56.312218,508
2026-02-17 01:47:56.320219,507
2026-02-17 01:47:56.328371,510
2026-02-17 01:47:56.336188,512
2026-02-17 01:47:56.344224,513
2026-02-17 01:47:56.352217,520
2026-02-17 01:47:56.360209,515
2026-02-17 01:47:56.368210,505
2026-02-17 01:47:56.376214,509
2026-02-17 01:47:56.384223,510
2026-02-17 01:47:56.392201,511
2026-02-17 01:47:56.400211,512
2026-02-17 01:47:56.408228,505
2026-02-17 01:47:56.416210,513
2026-02-17 01:47:56.424214,511
2026-02-17 01:47:56.432184,515
2026-02-17 01:47:56.440186,516
2026-02-17 01:47:56.448203,516
2026-02-17 01:47:56.456213,507
2026-02-17 01:47:56.464268,516
2026-02-17 01:47:56.472241,517
2026-02-17 01:47:56.480208,510
2026-02-17 01:47:56.488262,513
2026-02-17 01:47:56.496215,503
2026-02-17 01:47:56.504206,504
2026-02-17 01:47:56.512209,508
2026-02-17 01:47:56.520208,515
2026-02-17 01:47:56.528207,523
2026-02-17 01:47:56.536215,510
2026-02-17 01:47:56.544205,519
2026-02-17 01:47:56.552203,515
2026-02-17 01:47:56.560218,512
2026-02-17 01:47:56.568210,512
2026-02-17 01:47:56.576214,516
2026-02-17 01:47:56.584252,516
2026-02-17 01:47:56.592198,508
2026-02-17 01:47:56.600238,509
2026-02-17 01:47:56.608215,517
2026-02-17 01:47:56.616388,514
2026-02-17 01:47:56.624276,511
2026-02-17 01:47:56.632265,516
2026-02-17 01:47:56.640217,520
2026-02-17 01:47:56.648211,507
2026-02-17 01:47:56.656214,514
2026-02-17 01:47:56.664240,515
2026-02-17 01:47:56.672284,511
2026-02-17 01:47:56.680217,511
2026-02-17 01:47:56.688214,512
2026-02-17 01:47:56.696256,514
2026-02-17 01:47:56.704235,510
2026-02-17 01:47:56.712215,510
2026-02-17 01:47:56.720215,515
2026-02-17 01:47:56.728226,520
2026-02-17 01:47:56.736297,521
2026-02-17 01:47:56.744221,511
2026-02-17 01:47:56.752251,514
2026-02-17 01:47:56.760236,515
2026-02-17 01:47:56.768223,517
2026-02-17 01:47:56.776212,517
2026-02-17 01:47:56.784271,517
2026-02-17 01:47:56.792237,506
2026-02-17 01:47:56.800218,510
2026-02-17 01:47:56.808258,513
2026-02-17 01:47:56.816221,514
2026-02-17 01:47:56.824231,512
2026-02-17 01:47:56.832231,520
2026-02-17 01:47:56.840307,523
2026-02-17 01:47:56.848686,513
2026-02-17 01:47:56.856369,510
2026-02-17 01:47:56.864250,511
2026-02-17 01:47:56.872267,515
2026-02-17 01:47:56.880276,519
2026-02-17 01:47:56.888322,517
2026-02-17 01:47:56.896168,508
2026-02-17 01:47:56.904177,509
2026-02-17 01:47:56.912165,504
2026-02-17 01:47:56.920225,513
2026-02-17 01:47:56.928214,516
2026-02-17 01:47:56.936160,519
2026-02-17 01:47:56.944165,519
2026-02-17 01:47:56.952162,512
2026-02-17 01:47:56.960196,514
2026-02-17 01:47:56.968181,513
2026-02-17 01:47:56.976212,507
2026-02-17 01:47:56.984198,512
2026-02-17 01:47:56.992182,510
2026-02-17 01:47:57.000190,500
2026-02-17 01:47:57.008200,507
2026-02-17 01:47:57.016157,508
2026-02-17 01:47:57.024195,507
2026-02-17 01:47:57.032234,514
2026-02-17 01:47:57.040199,506
2026-02-17 01:47:57.048304,506
2026-02-17 01:47:57.056218,508
2026-02-17 01:47:57.064191,501
2026-02-17 01:47:57.072181,505
2026-02-17 01:47:57.080233,495
2026-02-17 01:47:57.088269,506
2026-02-17 01:47:57.096214,491
2026-02-17 01:47:57.104230,501
2026-02-17 01:47:57.112213,498
2026-02-17 01:47:57.120222,498
2026-02-17 01:47:57.128237,516
2026-02-17 01:47:57.136213,514
2026-02-17 01:47:57.144204,514
2026-02-17 01:47:57.152155,510
2026-02-17 01:47:57.160152,511
2026-02-17 01:47:57.168213,514
2026-02-17 01:47:57.176152,513
2026-02-17 01:47:57.184157,507
2026-02-17 01:47:57.192153,509
2026-02-17 01:47:57.200153,514
2026-02-17 01:47:57.208155,519
2026-02-17 01:47:57.216172,518
2026-02-17 01:47:57.224214,512
2026-02-17 01:47:57.232226,524
2026-02-17 01:47:57.240204,524
2026-02-17 01:47:57.248249,530
2026-02-17 01:47:57.256470,529
2026-02-17 01:47:57.264278,533
2026-02-17 01:47:57.272242,532
2026-02-17 01:47:57.280229,520
2026-02-17 01:47:57.288232,522
2026-02-17 01:47:57.296209,516
2026-02-17 01:47:57.304240,513
2026-02-17 01:47:57.312209,515
2026-02-17 01:47:57.320170,525
2026-02-17 01:47:57.328209,519
2026-02-17 01:47:57.336216,522
2026-02-17 01:47:57.344216,513
2026-02-17 01:47:57.352242,516
2026-02-17 01:47:57.360244,516
2026-02-17 01:47:57.368162,523
2026-02-17 01:47:57.376156,516
2026-02-17 01:47:57.384157,521
2026-02-17 01:47:57.392159,509
2026-02-17 01:47:57.400166,513
2026-02-17 01:47:57.408158,518
2026-02-17 01:47:57.416162,508
2026-02-17 01:47:57.424167,518
2026-02-17 01:47:57.432155,513
2026-02-17 01:47:57.440210,517
2026-02-17 01:47:57.448235,518
2026-02-17 01:47:57.456213,513
2026-02-17 01:47:57.464220,515
2026-02-17 01:47:57.472230,527
2026-02-17 01:47:57.480221,517
2026-02-17 01:47:57.488218,514
2026-02-17 01:47:57.496205,512
2026-02-17 01:47:57.504227,512
2026-02-17 01:47:57.512208,515
2026-02-17 01:47:57.520216,511
2026-02-17 01:47:57.528206,507
2026-02-17 01:47:57.536207,510
2026-02-17 01:47:57.544159,518
2026-02-17 01:47:57.552164,514
2026-02-17 01:47:57.560221,523
2026-02-17 01:47:57.568219,521
2026-02-17 01:47:57.576210,518
2026-02-17 01:47:57.584219,520
2026-02-17 01:47:57.592227,518
2026-02-17 01:47:57.600213,523
2026-02-17 01:47:57.608209,508
2026-02-17 01:47:57.616172,512
2026-02-17 01:47:57.624169,514
2026-02-17 01:47:57.632180,516
2026-02-17 01:47:57.640178,516
2026-02-17 01:47:57.648224,520
2026-02-17 01:47:57.656209,521
2026-02-17 01:47:57.664222,511
2026-02-17 01:47:57.672228,515
2026-02-17 01:47:57.680227,515
2026-02-17 01:47:57.688222,518
2026-02-17 01:47:57.696235,511
2026-02-17 01:47:57.704221,515
2026-02-17 01:47:57.712221,510
2026-02-17 01:47:57.720207,499
2026-02-17 01:47:57.728230,506
2026-02-17 01:47:57.736228,512
2026-02-17 01:47:57.744219,516
2026-02-17 01:47:57.752244,515
2026-02-17 01:47:57.760231,515
2026-02-17 01:47:57.768234,514
2026-02-17 01:47:57.776182,502
2026-02-17 01:47:57.784228,510
2026-02-17 01:47:57.792277,513
2026-02-17 01:47:57.800212,509
2026-02-17 01:47:57.808257,517
2026-02-17 01:47:57.816246,514
2026-02-17 01:47:57.824241,511
2026-02-17 01:47:57.832225,517
2026-02-17 01:47:57.840247,512
2026-02-17 01:47:57.848209,515
2026-02-17 01:47:57.856285,518
2026-02-17 01:47:57.864277,516
2026-02-17 01:47:57.872315,518
2026-02-17 01:47:57.880318,508
2026-02-17 01:47:57.888211,504
2026-02-17 01:47:57.896283,509
2026-02-17 01:47:57.904244,513
2026-02-17 01:47:57.912226,515
2026-02-17 01:47:57.920235,510
2026-02-17 01:47:57.928194,513
2026-02-17 01:47:57.936245,509
2026-02-17 01:47:57.944226,506
2026-02-17 01:47:57.952262,517
2026-02-17 01:47:57.960235,511
2026-02-17 01:47:57.968299,504
2026-02-17 01:47:57.976177,506
2026-02-17 01:47:57.984239,509
2026-02-17 01:47:57.992256,514
2026-02-17 01:47:58.000235,520
2026-02-17 01:47:58.008202,506
2026-02-17 01:47:58.016323,511
2026-02-17 01:47:58.024250,512
2026-02-17 01:47:58.032289,515
2026-02-17 01:47:58.040266,509
2026-02-17 01:47:58.048265,508
2026-02-17 01:47:58.056284,516
2026-02-17 01:47:58.064224,504
2026-02-17 01:47:58.072210,517
2026-02-17 01:47:58.080206,521
2026-02-17 01:47:58.088247,514
2026-02-17 01:47:58.096307,513
2026-02-17 01:47:58.104241,516
2026-02-17 01:47:58.112220,509
2026-02-17 01:47:58.120199,511
2026-02-17 01:47:58.128232,517
2026-02-17 01:47:58.136185,517
2026-02-17 01:47:58.144219,521
2026-02-17 01:47:58.152246,514
2026-02-17 01:47:58.160189,513
2026-02-17 01:47:58.168329,515
2026-02-17 01:47:58.176379,513
2026-02-17 01:47:58.184344,512
2026-02-17 01:47:58.192328,518
2026-02-17 01:47:58.200290,514
2026-02-17 01:47:58.208229,514
2026-02-17 01:47:58.216242,512
2026-02-17 01:47:58.224247,511
2026-02-17 01:47:58.232228,516
2026-02-17 01:47:58.240248,513
2026-02-17 01:47:58.248322,517
2026-02-17 01:47:58.256337,506
2026-02-17 01:47:58.264244,510
2026-02-17 01:47:58.272343,511
2026-02-17 01:47:58.280303,508
2026-02-17 01:47:58.288242,513
2026-02-17 01:47:58.296271,502
2026-02-17 01:47:58.304277,507
2026-02-17 01:47:58.312317,512
2026-02-17 01:47:58.320257,520
2026-02-17 01:47:58.328185,517
2026-02-17 01:47:58.336236,514
2026-02-17 01:47:58.344241,512
2026-02-17 01:47:58.352238,515
2026-02-17 01:47:58.360226,515
2026-02-17 01:47:58.368252,517
2026-02-17 01:47:58.376298,517
2026-02-17 01:47:58.384227,505
2026-02-17 01:47:58.392263,506
2026-02-17 01:47:58.400536,506
2026-02-17 01:47:58.408326,511
2026-02-17 01:47:58.416264,514
2026-02-17 01:47:58.424244,515
2026-02-17 01:47:58.432253,515
2026-02-17 01:47:58.440250,503
2026-02-17 01:47:58.448237,511
2026-02-17 01:47:58.456230,513
2026-02-17 01:47:58.464233,515
2026-02-17 01:47:58.472303,519
2026-02-17 01:47:58.480233,509
2026-02-17 01:47:58.488289,511
2026-02-17 01:47:58.496253,505
2026-02-17 01:47:58.504245,510
2026-02-17 01:47:58.512253,514
2026-02-17 01:47:58.520250,519
2026-02-17 01:47:58.528239,513
2026-02-17 01:47:58.536239,515
2026-02-17 01:47:58.544235,513
2026-02-17 01:47:58.552227,512
2026-02-17 01:47:58.560281,513
2026-02-17 01:47:58.568232,518
2026-02-17 01:47:58.576241,510
2026-02-17 01:47:58.584252,515
2026-02-17 01:47:58.592209,509
2026-02-17 01:47:58.600197,505
2026-02-17 01:47:58.608258,512
2026-02-17 01:47:58.616240,512
2026-02-17 01:47:58.624256,511
2026-02-17 01:47:58.632244,521
2026-02-17 01:47:58.640228,514
2026-02-17 01:47:58.648223,516
2026-02-17 01:47:58.656260,516
2026-02-17 01:47:58.664242,508
2026-02-17 01:47:58.672234,513
2026-02-17 01:47:58.680253,509
2026-02-17 01:47:58.688232,501
2026-02-17 01:47:58.696233,511
2026-02-17 01:47:58.704226,513
2026-02-17 01:47:58.712301,513
2026-02-17 01:47:58.720277,514
2026-02-17 01:47:58.728248,518
2026-02-17 01:47:58.736248,508
2026-02-17 01:47:58.744184,514
2026-02-17 01:47:58.752304,510
2026-02-17 01:47:58.760256,513
2026-02-17 01:47:58.768185,509
2026-02-17 01:47:58.776202,508
2026-02-17 01:47:58.784333,514
2026-02-17 01:47:58.792300,512
2026-02-17 01:47:58.800256,511
2026-02-17 01:47:58.808234,516
2026-02-17 01:47:58.816265,519
2026-02-17 01:47:58.824235,520
2026-02-17 01:47:58.832248,514
2026-02-17 01:47:58.840186,516
2026-02-17 01:47:58.848189,511
2026-02-17 01:47:58.856187,513
2026-02-17 01:47:58.864243,511
2026-02-17 01:47:58.872245,517
2026-02-17 01:47:58.880296,510
2026-02-17 01:47:58.888238,509
2026-02-17 01:47:58.896232,507
2026-02-17 01:47:58.904248,508
2026-02-17 01:47:58.912250,501
2026-02-17 01:47:58.920257,516
2026-02-17 01:47:58.928256,520
2026-02-17 01:47:58.936245,512
2026-02-17 01:47:58.944228,514
2026-02-17 01:47:58.952249,516
2026-02-17 01:47:58.960233,506
2026-02-17 01:47:58.968239,515
2026-02-17 01:47:58.976283,514
2026-02-17 01:47:58.984228,514
2026-02-17 01:47:58.992248,505
2026-02-17 01:47:59.000253,506
2026-02-17 01:47:59.008250,514
2026-02-17 01:47:59.016298,515
2026-02-17 01:47:59.024240,519
2026-02-17 01:47:59.032198,520
2026-02-17 01:47:59.040275,513
2026-02-17 01:47:59.048242,515
2026-02-17 01:47:59.056229,515
2026-02-17 01:47:59.064319,510
2026-02-17 01:47:59.072267,513
2026-02-17 01:47:59.080255,509
2026-02-17 01:47:59.088313,516
2026-02-17 01:47:59.096242,509
2026-02-17 01:47:59.104273,511
2026-02-17 01:47:59.112266,512
2026-02-17 01:47:59.120276,510
2026-02-17 01:47:59.128298,523
2026-02-17 01:47:59.136300,515
2026-02-17 01:47:59.144258,516
2026-02-17 01:47:59.152248,513
2026-02-17 01:47:59.160241,511
2026-02-17 01:47:59.168241,512
2026-02-17 01:47:59.176249,506
2026-02-17 01:47:59.184296,507
2026-02-17 01:47:59.192258,509
2026-02-17 01:47:59.200246,516
2026-02-17 01:47:59.208239,510
2026-02-17 01:47:59.216255,508
2026-02-17 01:47:59.224278,507
2026-02-17 01:47:59.232247,515
2026-02-17 01:47:59.240248,507
2026-02-17 01:47:59.248255,513
2026-02-17 01:47:59.256290,506
2026-02-17 01:47:59.264255,511
2026-02-17 01:47:59.272255,504
2026-02-17 01:47:59.280270,507
2026-02-17 01:47:59.288260,510
2026-02-17 01:47:59.296244,506
2026-02-17 01:47:59.304251,521
2026-02-17 01:47:59.312317,504
2026-02-17 01:47:59.320272,513
2026-02-17 01:47:59.328197,512
2026-02-17 01:47:59.336188,509
2026-02-17 01:47:59.344231,513
2026-02-17 01:47:59.352256,511
2026-02-17 01:47:59.360253,506
2026-02-17 01:47:59.368243,512
2026-02-17 01:47:59.376247,507
2026-02-17 01:47:59.384245,507
2026-02-17 01:47:59.392252,504
2026-02-17 01:47:59.400255,506
2026-02-17 01:47:59.408240,510
2026-02-17 01:47:59.416259,507
2026-02-17 01:47:59.424254,512
2026-02-17 01:47:59.432261,509
2026-02-17 01:47:59.440242,507
2026-02-17 01:47:59.448258,505
2026-02-17 01:47:59.456250,504
2026-02-17 01:47:59.464285,505
2026-02-17 01:47:59.472278,506
2026-02-17 01:47:59.480280,507
2026-02-17 01:47:59.488281,511
2026-02-17 01:47:59.496247,506
2026-02-17 01:47:59.504218,506
2026-02-17 01:47:59.512309,515
2026-02-17 01:47:59.520257,508
2026-02-17 01:47:59.528269,515
2026-02-17 01:47:59.536251,519
2026-02-17 01:47:59.544267,524
2026-02-17 01:47:59.552253,520
2026-02-17 01:47:59.560245,513
2026-02-17 01:47:59.568240,515
2026-02-17 01:47:59.576249,505
2026-02-17 01:47:59.584297,509
2026-02-17 01:47:59.592301,510
2026-02-17 01:47:59.600296,520
2026-02-17 01:47:59.608282,511
2026-02-17 01:47:59.616251,514
2026-02-17 01:47:59.624263,511
2026-02-17 01:47:59.632292,511
2026-02-17 01:47:59.640255,502
2026-02-17 01:47:59.648259,505
2026-02-17 01:47:59.656270,502
2026-02-17 01:47:59.664249,509
2026-02-17 01:47:59.672258,515
2026-02-17 01:47:59.680309,509
2026-02-17 01:47:59.688268,512
2026-02-17 01:47:59.696253,509
2026-02-17 01:47:59.704262,518
2026-02-17 01:47:59.712294,521
2026-02-17 01:47:59.720294,523
2026-02-17 01:47:59.728250,519
2026-02-17 01:47:59.736261,523
2026-02-17 01:47:59.744256,509
2026-02-17 01:47:59.752329,511
2026-02-17 01:47:59.760308,510
2026-02-17 01:47:59.768290,515
2026-02-17 01:47:59.776203,514
2026-02-17 01:47:59.784217,508
2026-02-17 01:47:59.792288,505
2026-02-17 01:47:59.800259,504
2026-02-17 01:47:59.808296,502
2026-02-17 01:47:59.816273,504
2026-02-17 01:47:59.824276,510
2026-02-17 01:47:59.832301,513
2026-02-17 01:47:59.840349,510
2026-02-17 01:47:59.848380,515
2026-02-17 01:47:59.856365,509
2026-02-17 01:47:59.864228,514
2026-02-17 01:47:59.872251,512
2026-02-17 01:47:59.880260,515
2026-02-17 01:47:59.888312,523
2026-02-17 01:47:59.896289,515
2026-02-17 01:47:59.904287,515
2026-02-17 01:47:59.912276,515
2026-02-17 01:47:59.920281,518
2026-02-17 01:47:59.928264,521
2026-02-17 01:47:59.936251,524
2026-02-17 01:47:59.944268,523
2026-02-17 01:47:59.952256,519
2026-02-17 01:47:59.960246,519
2026-02-17 01:47:59.968263,521
2026-02-17 01:47:59.976259,511
2026-02-17 01:47:59.984214,512
2026-02-17 01:47:59.992224,514
2026-02-17 01:48:00.000276,510
2026-02-17 01:48:00.008498,516
2026-02-17 01:48:00.016308,515
2026-02-17 01:48:00.024255,506
2026-02-17 01:48:00.032316,506
2026-02-17 01:48:00.040201,512
2026-02-17 01:48:00.048260,520
2026-02-17 01:48:00.056220,507
2026-02-17 01:48:00.064303,512
2026-02-17 01:48:00.072250,514
2026-02-17 01:48:00.080208,516
2026-02-17 01:48:00.088214,513
2026-02-17 01:48:00.096257,512
2026-02-17 01:48:00.104341,515
2026-02-17 01:48:00.112386,518
2026-02-17 01:48:00.120355,505
2026-02-17 01:48:00.128317,509
2026-02-17 01:48:00.136312,512
2026-02-17 01:48:00.144282,510
2026-02-17 01:48:00.152259,516
2026-02-17 01:48:00.160294,506
2026-02-17 01:48:00.168267,511
2026-02-17 01:48:00.176278,505
2026-02-17 01:48:00.184385,504
2026-02-17 01:48:00.192327,510
2026-02-17 01:48:00.200329,505
2026-02-17 01:48:00.208291,510
2026-02-17 01:48:00.216287,510
2026-02-17 01:48:00.224308,507
2026-02-17 01:48:00.232262,507
2026-02-17 01:48:00.240262,508
2026-02-17 01:48:00.248298,509
2026-02-17 01:48:00.256298,511
2026-02-17 01:48:00.264275,512
2026-02-17 01:48:00.272304,521
2026-02-17 01:48:00.280269,515
2026-02-17 01:48:00.288329,518
2026-02-17 01:48:00.296312,512
2026-02-17 01:48:00.304262,507
2026-02-17 01:48:00.312264,514
2026-02-17 01:48:00.320265,514
2026-02-17 01:48:00.328334,516
2026-02-17 01:48:00.336230,504
2026-02-17 01:48:00.344283,506
2026-02-17 01:48:00.352269,504
2026-02-17 01:48:00.360221,510
2026-02-17 01:48:00.368221,508
2026-02-17 01:48:00.376251,509
2026-02-17 01:48:00.384279,517
2026-02-17 01:48:00.392261,512
2026-02-17 01:48:00.400259,514
2026-02-17 01:48:00.408257,508
2026-02-17 01:48:00.416320,514
2026-02-17 01:48:00.424287,507
2026-02-17 01:48:00.432309,512
2026-02-17 01:48:00.440265,512
2026-02-17 01:48:00.448281,513
2026-02-17 01:48:00.456280,506
2026-02-17 01:48:00.464272,505
2026-02-17 01:48:00.472288,512
2026-02-17 01:48:00.480271,513
2026-02-17 01:48:00.488322,516
2026-02-17 01:48:00.496253,504
2026-02-17 01:48:00.504286,510
2026-02-17 01:48:00.512266,513
2026-02-17 01:48:00.520266,502
2026-02-17 01:48:00.528276,501
2026-02-17 01:48:00.536284,504
2026-02-17 01:48:00.544294,503
2026-02-17 01:48:00.552257,515
2026-02-17 01:48:00.560263,512
2026-02-17 01:48:00.568266,516
2026-02-17 01:48:00.576266,509
2026-02-17 01:48:00.584220,508
2026-02-17 01:48:00.592290,515
2026-02-17 01:48:00.600291,517
2026-02-17 01:48:00.608271,520
2026-02-17 01:48:00.616268,512
2026-02-17 01:48:00.624265,519
2026-02-17 01:48:00.632317,511
2026-02-17 01:48:00.640254,514
2026-02-17 01:48:00.648275,519
2026-02-17 01:48:00.656268,512
2026-02-17 01:48:00.664256,505
2026-02-17 01:48:00.672269,512
2026-02-17 01:48:00.680267,508
2026-02-17 01:48:00.688278,509
2026-02-17 01:48:00.696276,512
2026-02-17 01:48:00.704278,509
2026-02-17 01:48:00.712268,510
2026-02-17 01:48:00.720282,508
2026-02-17 01:48:00.728257,511
2026-02-17 01:48:00.736259,510
2026-02-17 01:48:00.744265,514
2026-02-17 01:48:00.752350,516
2026-02-17 01:48:00.760340,523
2026-02-17 01:48:00.768271,516
2026-02-17 01:48:00.776280,512
2026-02-17 01:48:00.784225,516
2026-02-17 01:48:00.792270,511
2026-02-17 01:48:00.800294,514
2026-02-17 01:48:00.808280,511
2026-02-17 01:48:00.816326,507
2026-02-17 01:48:00.824265,512
2026-02-17 01:48:00.832321,515
2026-02-17 01:48:00.840305,509
2026-02-17 01:48:00.848669,518
2026-02-17 01:48:00.856363,506
2026-02-17 01:48:00.864365,511
2026-02-17 01:48:00.872299,513
2026-02-17 01:48:00.880275,517
2026-02-17 01:48:00.888280,519
2026-02-17 01:48:00.896287,513
2026-02-17 01:48:00.904299,518
2026-02-17 01:48:00.912261,516
2026-02-17 01:48:00.920271,513
2026-02-17 01:48:00.928286,518
2026-02-17 01:48:00.936253,514
2026-02-17 01:48:00.944407,512
2026-02-17 01:48:00.952406,513
2026-02-17 01:48:00.960331,522
2026-02-17 01:48:00.968307,518
2026-02-17 01:48:00.976305,510
2026-02-17 01:48:00.984346,512
2026-02-17 01:48:00.992366,507
2026-02-17 01:48:01.000264,508
2026-02-17 01:48:01.008411,514
2026-02-17 01:48:01.016407,514
2026-02-17 01:48:01.024321,510
2026-02-17 01:48:01.032316,511
2026-02-17 01:48:01.040234,506
2026-02-17 01:48:01.048223,512
2026-02-17 01:48:01.056329,510
2026-02-17 01:48:01.064258,514
2026-02-17 01:48:01.072277,508
2026-02-17 01:48:01.080342,505
2026-02-17 01:48:01.088324,511
2026-02-17 01:48:01.096289,514
2026-02-17 01:48:01.104301,514
2026-02-17 01:48:01.112222,512
2026-02-17 01:48:01.120283,519
2026-02-17 01:48:01.128640,508
2026-02-17 01:48:01.136431,496
2026-02-17 01:48:01.144344,509
2026-02-17 01:48:01.152268,510
2026-02-17 01:48:01.160336,506
2026-02-17 01:48:01.168279,510
2026-02-17 01:48:01.176271,510
2026-02-17 01:48:01.184284,507
2026-02-17 01:48:01.192278,503
2026-02-17 01:48:01.200272,508
2026-02-17 01:48:01.208279,515
2026-02-17 01:48:01.216280,511
2026-02-17 01:48:01.224276,507
2026-02-17 01:48:01.232284,514
2026-02-17 01:48:01.240280,514
2026-02-17 01:48:01.248324,511
2026-02-17 01:48:01.256335,517
2026-02-17 01:48:01.264335,509
2026-02-17 01:48:01.272452,515
2026-02-17 01:48:01.280380,514
2026-02-17 01:48:01.288355,522
2026-02-17 01:48:01.296355,517
2026-02-17 01:48:01.304321,511
2026-02-17 01:48:01.312295,523
2026-02-17 01:48:01.320266,515
2026-02-17 01:48:01.328299,520
2026-02-17 01:48:01.336218,514
2026-02-17 01:48:01.344284,503
2026-02-17 01:48:01.352262,502
2026-02-17 01:48:01.360313,500
2026-02-17 01:48:01.368272,514
2026-02-17 01:48:01.376276,508
2026-02-17 01:48:01.384283,511
2026-02-17 01:48:01.392278,510
2026-02-17 01:48:01.400280,512
2026-02-17 01:48:01.408367,514
2026-02-17 01:48:01.416281,503
2026-02-17 01:48:01.424290,509
2026-02-17 01:48:01.432275,508
2026-02-17 01:48:01.440305,511
2026-02-17 01:48:01.448284,514
2026-02-17 01:48:01.456281,507
2026-02-17 01:48:01.464283,510
2026-02-17 01:48:01.472281,509
2026-02-17 01:48:01.480279,512
2026-02-17 01:48:01.488292,512
2026-02-17 01:48:01.496280,507
2026-02-17 01:48:01.504275,510
2026-02-17 01:48:01.512266,517
2026-02-17 01:48:01.520267,507
2026-02-17 01:48:01.528236,519
2026-02-17 01:48:01.536304,519
2026-02-17 01:48:01.544296,505
2026-02-17 01:48:01.552294,515
2026-02-17 01:48:01.560279,507
2026-02-17 01:48:01.568273,512
2026-02-17 01:48:01.576277,519
2026-02-17 01:48:01.584283,518
2026-02-17 01:48:01.592299,510
2026-02-17 01:48:01.600280,507
2026-02-17 01:48:01.608333,508
2026-02-17 01:48:01.616328,515
2026-02-17 01:48:01.624286,516
2026-02-17 01:48:01.632288,522
2026-02-17 01:48:01.640291,503
2026-02-17 01:48:01.648336,512
2026-02-17 01:48:01.656263,502
2026-02-17 01:48:01.664262,512
2026-02-17 01:48:01.672278,511
2026-02-17 01:48:01.680285,517
2026-02-17 01:48:01.688301,505
2026-02-17 01:48:01.696282,512
2026-02-17 01:48:01.704385,510
2026-02-17 01:48:01.712367,519
2026-02-17 01:48:01.720353,511
2026-02-17 01:48:01.728284,523
2026-02-17 01:48:01.736344,518
2026-02-17 01:48:01.744296,517
2026-02-17 01:48:01.752351,520
2026-02-17 01:48:01.760335,503
2026-02-17 01:48:01.768327,505
2026-02-17 01:48:01.776334,503
2026-02-17 01:48:01.784284,511
2026-02-17 01:48:01.792275,514
2026-02-17 01:48:01.800329,513
2026-02-17 01:48:01.808299,511
2026-02-17 01:48:01.816287,510
2026-02-17 01:48:01.824337,513
2026-02-17 01:48:01.832346,512
2026-02-17 01:48:01.840280,506
2026-02-17 01:48:01.848297,507
2026-02-17 01:48:01.856339,503
2026-02-17 01:48:01.864301,496
2026-02-17 01:48:01.872303,503
2026-02-17 01:48:01.880283,501
2026-02-17 01:48:01.888309,509
2026-02-17 01:48:01.896300,512
2026-02-17 01:48:01.904332,519
2026-02-17 01:48:01.912286,516
2026-02-17 01:48:01.920283,507
2026-02-17 01:48:01.928246,512
2026-02-17 01:48:01.936369,504
2026-02-17 01:48:01.944233,509
2026-02-17 01:48:01.952265,514
2026-02-17 01:48:01.960262,506
2026-02-17 01:48:01.968257,503
2026-02-17 01:48:01.976267,505
2026-02-17 01:48:01.984283,505
2026-02-17 01:48:01.992261,512
2026-02-17 01:48:02.000276,510
2026-02-17 01:48:02.008253,515
2026-02-17 01:48:02.016237,519
2026-02-17 01:48:02.024225,510
2026-02-17 01:48:02.032369,511
2026-02-17 01:48:02.040301,510
2026-02-17 01:48:02.048295,507
2026-02-17 01:48:02.056266,509
2026-02-17 01:48:02.064249,514
2026-02-17 01:48:02.072262,508
2026-02-17 01:48:02.080271,512
2026-02-17 01:48:02.088276,515
2026-02-17 01:48:02.096273,507
2026-02-17 01:48:02.104307,507
2026-02-17 01:48:02.112300,510
2026-02-17 01:48:02.120318,515
2026-02-17 01:48:02.128274,509
2026-02-17 01:48:02.136286,508
2026-02-17 01:48:02.144349,511
2026-02-17 01:48:02.152317,507
2026-02-17 01:48:02.160307,507
2026-02-17 01:48:02.168320,516
2026-02-17 01:48:02.176305,512
2026-02-17 01:48:02.184282,514
2026-02-17 01:48:02.192304,518
2026-02-17 01:48:02.200324,515
2026-02-17 01:48:02.208303,510
2026-02-17 01:48:02.216310,508
2026-02-17 01:48:02.224338,512
2026-02-17 01:48:02.232485,509
2026-02-17 01:48:02.240349,505
2026-02-17 01:48:02.248309,508
2026-02-17 01:48:02.256319,508
2026-02-17 01:48:02.264314,505
2026-02-17 01:48:02.272345,511
2026-02-17 01:48:02.280299,516
2026-02-17 01:48:02.288311,517
2026-02-17 01:48:02.296303,515
2026-02-17 01:48:02.304341,512
2026-02-17 01:48:02.312323,510
2026-02-17 01:48:02.320295,502
2026-02-17 01:48:02.328363,513
2026-02-17 01:48:02.336386,509
2026-02-17 01:48:02.344299,513
2026-02-17 01:48:02.352354,513
2026-02-17 01:48:02.360322,518
2026-02-17 01:48:02.368282,510
2026-02-17 01:48:02.376324,506
2026-02-17 01:48:02.384282,515
2026-02-17 01:48:02.392290,518
2026-02-17 01:48:02.400313,514
2026-02-17 01:48:02.408285,517
2026-02-17 01:48:02.416364,503
2026-02-17 01:48:02.424384,511
2026-02-17 01:48:02.432340,510
2026-02-17 01:48:02.440355,510
2026-02-17 01:48:02.448321,516
2026-02-17 01:48:02.456315,515
2026-02-17 01:48:02.464323,513
2026-02-17 01:48:02.472305,519
2026-02-17 01:48:02.480339,513
2026-02-17 01:48:02.488324,514
2026-02-17 01:48:02.496435,511
2026-02-17 01:48:02.504335,516
2026-02-17 01:48:02.512310,515
2026-02-17 01:48:02.520321,506
2026-02-17 01:48:02.528277,507
2026-02-17 01:48:02.536303,511
2026-02-17 01:48:02.544335,514
2026-02-17 01:48:02.552253,514
2026-02-17 01:48:02.560292,511
2026-02-17 01:48:02.568284,510
2026-02-17 01:48:02.576284,515
2026-02-17 01:48:02.584347,505
2026-02-17 01:48:02.592267,511
2026-02-17 01:48:02.600309,517
2026-02-17 01:48:02.608298,514
2026-02-17 01:48:02.616344,519
2026-02-17 01:48:02.624394,507
2026-02-17 01:48:02.632347,519
2026-02-17 01:48:02.640325,518
2026-02-17 01:48:02.648292,526
2026-02-17 01:48:02.656310,507
2026-02-17 01:48:02.664288,513
2026-02-17 01:48:02.672310,516
2026-02-17 01:48:02.680299,515
2026-02-17 01:48:02.688321,516
2026-02-17 01:48:02.696353,520
2026-02-17 01:48:02.704349,518
2026-02-17 01:48:02.712303,506
2026-02-17 01:48:02.720289,516
2026-02-17 01:48:02.728332,516
2026-02-17 01:48:02.736283,506
2026-02-17 01:48:02.744307,517
2026-02-17 01:48:02.752366,513
2026-02-17 01:48:02.760358,511
2026-02-17 01:48:02.768330,517
2026-02-17 01:48:02.776336,512
2026-02-17 01:48:02.784310,510
2026-02-17 01:48:02.792257,513
2026-02-17 01:48:02.800308,507
2026-02-17 01:48:02.808358,504
2026-02-17 01:48:02.816301,514
2026-02-17 01:48:02.824300,512
2026-02-17 01:48:02.832302,516
2026-02-17 01:48:02.840235,517
2026-02-17 01:48:02.848298,515
2026-02-17 01:48:02.856326,506
2026-02-17 01:48:02.864329,519
2026-02-17 01:48:02.872383,514
2026-02-17 01:48:02.880321,506
2026-02-17 01:48:02.888318,505
2026-02-17 01:48:02.896331,503
2026-02-17 01:48:02.904302,505
2026-02-17 01:48:02.912401,504
2026-02-17 01:48:02.920255,511
2026-02-17 01:48:02.928266,516
2026-02-17 01:48:02.936281,508
2026-02-17 01:48:02.944290,511
2026-02-17 01:48:02.952292,507
2026-02-17 01:48:02.960289,506
2026-02-17 01:48:02.968286,515
2026-02-17 01:48:02.976315,506
2026-02-17 01:48:02.984266,516
2026-02-17 01:48:02.992308,517
2026-02-17 01:48:03.000289,509
2026-02-17 01:48:03.008320,508
2026-02-17 01:48:03.016250,512
2026-02-17 01:48:03.024264,511
2026-02-17 01:48:03.032306,508
2026-02-17 01:48:03.040288,513
2026-02-17 01:48:03.048333,511
2026-02-17 01:48:03.056298,514
2026-02-17 01:48:03.064321,508
2026-02-17 01:48:03.072296,517
2026-02-17 01:48:03.080275,519
2026-02-17 01:48:03.088318,518
2026-02-17 01:48:03.096291,513
2026-02-17 01:48:03.104296,512
2026-02-17 01:48:03.112300,512
2026-02-17 01:48:03.120334,502
2026-02-17 01:48:03.128310,511
2026-02-17 01:48:03.136298,512
2026-02-17 01:48:03.144369,513
2026-02-17 01:48:03.152304,519
2026-02-17 01:48:03.160302,522
2026-02-17 01:48:03.168309,513
2026-02-17 01:48:03.176314,524
2026-02-17 01:48:03.184303,523
2026-02-17 01:48:03.192307,524
2026-02-17 01:48:03.200313,520
2026-02-17 01:48:03.208301,511
2026-02-17 01:48:03.216353,510
2026-02-17 01:48:03.224329,509
2026-02-17 01:48:03.232315,508
2026-02-17 01:48:03.240309,512
2026-02-17 01:48:03.248320,512
2026-02-17 01:48:03.256324,504
2026-02-17 01:48:03.264322,512
2026-02-17 01:48:03.272349,514
2026-02-17 01:48:03.280305,508
2026-02-17 01:48:03.288298,516
2026-02-17 01:48:03.296365,519
2026-02-17 01:48:03.304314,517
2026-02-17 01:48:03.312306,517
2026-02-17 01:48:03.320308,518
2026-02-17 01:48:03.328282,521
2026-02-17 01:48:03.336387,498
2026-02-17 01:48:03.344282,503
2026-02-17 01:48:03.352284,519
2026-02-17 01:48:03.360299,507
2026-02-17 01:48:03.368285,511
2026-02-17 01:48:03.376320,509
2026-02-17 01:48:03.384250,507
2026-02-17 01:48:03.392255,504
2026-02-17 01:48:03.400282,511
2026-02-17 01:48:03.408313,502
2026-02-17 01:48:03.416276,499
2026-02-17 01:48:03.424280,488
2026-02-17 01:48:03.432342,504
2026-02-17 01:48:03.440274,499
2026-02-17 01:48:03.448305,501
2026-02-17 01:48:03.456287,506
2026-02-17 01:48:03.464288,507
2026-02-17 01:48:03.472280,510
2026-02-17 01:48:03.480304,513
2026-02-17 01:48:03.488292,513
2026-02-17 01:48:03.496271,512
2026-02-17 01:48:03.504277,508
2026-02-17 01:48:03.512285,509
2026-02-17 01:48:03.520281,509
2026-02-17 01:48:03.528294,505
2026-02-17 01:48:03.536304,507
2026-02-17 01:48:03.544283,509
2026-02-17 01:48:03.552322,505
2026-02-17 01:48:03.560370,511
2026-02-17 01:48:03.568298,514
2026-02-17 01:48:03.576310,517
2026-02-17 01:48:03.584330,521
2026-02-17 01:48:03.592325,519
2026-02-17 01:48:03.600328,516
2026-02-17 01:48:03.608331,521
2026-02-17 01:48:03.616316,513
2026-02-17 01:48:03.624331,518
2026-02-17 01:48:03.632322,506
2026-02-17 01:48:03.640321,503
2026-02-17 01:48:03.648321,500
2026-02-17 01:48:03.656342,508
2026-02-17 01:48:03.664270,507
2026-02-17 01:48:03.672309,513
2026-02-17 01:48:03.680310,513
2026-02-17 01:48:03.688331,516
2026-02-17 01:48:03.696422,519
2026-02-17 01:48:03.704346,502
2026-02-17 01:48:03.712366,509
2026-02-17 01:48:03.720307,517
2026-02-17 01:48:03.728370,518
2026-02-17 01:48:03.736351,509
2026-02-17 01:48:03.744302,512
2026-02-17 01:48:03.752348,511
2026-02-17 01:48:03.760299,508
2026-02-17 01:48:03.768360,513
2026-02-17 01:48:03.776385,506
2026-02-17 01:48:03.784346,511
2026-02-17 01:48:03.792318,514
2026-02-17 01:48:03.800339,511
2026-02-17 01:48:03.808337,506
2026-02-17 01:48:03.816358,502
2026-02-17 01:48:03.824325,513
2026-02-17 01:48:03.832389,509
2026-02-17 01:48:03.840325,507
2026-02-17 01:48:03.848703,515
2026-02-17 01:48:03.856388,504
2026-02-17 01:48:03.864411,507
2026-02-17 01:48:03.872386,515
2026-02-17 01:48:03.880304,513
2026-02-17 01:48:03.888311,516
2026-02-17 01:48:03.896347,515
2026-02-17 01:48:03.904339,512
2026-02-17 01:48:03.912388,513
2026-02-17 01:48:03.920377,510
2026-02-17 01:48:03.928322,506
2026-02-17 01:48:03.936314,520
2026-02-17 01:48:03.944351,517
2026-02-17 01:48:03.952308,514
2026-02-17 01:48:03.960319,515
2026-02-17 01:48:03.968305,520
2026-02-17 01:48:03.976341,519
2026-02-17 01:48:03.984324,520
2026-02-17 01:48:03.992312,524
2026-02-17 01:48:04.000314,523
2026-02-17 01:48:04.008395,515
2026-02-17 01:48:04.016372,519
2026-02-17 01:48:04.024341,516
2026-02-17 01:48:04.032371,510
2026-02-17 01:48:04.040370,511
2026-02-17 01:48:04.048349,517
2026-02-17 01:48:04.056363,503
2026-02-17 01:48:04.064281,516
2026-02-17 01:48:04.072349,512
2026-02-17 01:48:04.080272,510
2026-02-17 01:48:04.088334,518
2026-02-17 01:48:04.096319,508
2026-02-17 01:48:04.104489,518
2026-02-17 01:48:04.112372,512
2026-02-17 01:48:04.120417,516
2026-02-17 01:48:04.128390,514
2026-02-17 01:48:04.136336,512
2026-02-17 01:48:04.144338,511
2026-02-17 01:48:04.152365,514
2026-02-17 01:48:04.160313,513
2026-02-17 01:48:04.168323,510
2026-02-17 01:48:04.176311,501
2026-02-17 01:48:04.184324,513
2026-02-17 01:48:04.192319,516
2026-02-17 01:48:04.200340,507
2026-02-17 01:48:04.208397,519
2026-02-17 01:48:04.216389,509
2026-02-17 01:48:04.224314,503
2026-02-17 01:48:04.232327,508
2026-02-17 01:48:04.240317,508
2026-02-17 01:48:04.248303,513
2026-02-17 01:48:04.256384,509
2026-02-17 01:48:04.264367,512
2026-02-17 01:48:04.272371,507
2026-02-17 01:48:04.280348,507
2026-02-17 01:48:04.288368,504
2026-02-17 01:48:04.296319,499
2026-02-17 01:48:04.304355,503
2026-02-17 01:48:04.312315,504
2026-02-17 01:48:04.320325,503
2026-02-17 01:48:04.328271,501
2026-02-17 01:48:04.336305,491
2026-02-17 01:48:04.344350,497
2026-02-17 01:48:04.352330,503
2026-02-17 01:48:04.360353,504
2026-02-17 01:48:04.368314,510
2026-02-17 01:48:04.376317,505
2026-02-17 01:48:04.384324,508
2026-02-17 01:48:04.392309,515
2026-02-17 01:48:04.400311,515
2026-02-17 01:48:04.408320,518
2026-02-17 01:48:04.416318,513
2026-02-17 01:48:04.424466,521
2026-02-17 01:48:04.432367,517
2026-02-17 01:48:04.440395,511
2026-02-17 01:48:04.448374,509
2026-02-17 01:48:04.456329,506
2026-02-17 01:48:04.464362,511
2026-02-17 01:48:04.472327,517
2026-02-17 01:48:04.480323,520
2026-02-17 01:48:04.488315,523
2026-02-17 01:48:04.496354,513
2026-02-17 01:48:04.504341,511
2026-02-17 01:48:04.512325,520
2026-02-17 01:48:04.520450,524
2026-02-17 01:48:04.528316,520
2026-02-17 01:48:04.536293,518
2026-02-17 01:48:04.544288,519
2026-02-17 01:48:04.552264,524
2026-02-17 01:48:04.560337,513
2026-02-17 01:48:04.568277,514
2026-02-17 01:48:04.576289,509
2026-02-17 01:48:04.584278,516
2026-02-17 01:48:04.592324,520
2026-02-17 01:48:04.600307,517
2026-02-17 01:48:04.608298,517
2026-02-17 01:48:04.616276,518
2026-02-17 01:48:04.624304,517
2026-02-17 01:48:04.632310,518
2026-02-17 01:48:04.640300,517
2026-02-17 01:48:04.648307,522
2026-02-17 01:48:04.656285,521
2026-02-17 01:48:04.664312,520
2026-02-17 01:48:04.672303,510
2026-02-17 01:48:04.680309,520
2026-02-17 01:48:04.688324,509
2026-02-17 01:48:04.696286,513
2026-02-17 01:48:04.704445,516
2026-02-17 01:48:04.712381,515
2026-02-17 01:48:04.720334,519
2026-02-17 01:48:04.728365,510
2026-02-17 01:48:04.736324,506
2026-02-17 01:48:04.744323,506
2026-02-17 01:48:04.752387,510
2026-02-17 01:48:04.760397,502
2026-02-17 01:48:04.768385,507
2026-02-17 01:48:04.776381,504
2026-02-17 01:48:04.784327,512
2026-02-17 01:48:04.792324,509
2026-02-17 01:48:04.800313,516
2026-02-17 01:48:04.808302,521
2026-02-17 01:48:04.816326,512
2026-02-17 01:48:04.824437,515
2026-02-17 01:48:04.832314,519
2026-02-17 01:48:04.840316,520
2026-02-17 01:48:04.848351,514
2026-02-17 01:48:04.856370,513
2026-02-17 01:48:04.864314,506
2026-02-17 01:48:04.872385,515
2026-02-17 01:48:04.880309,506
2026-02-17 01:48:04.888336,511
2026-02-17 01:48:04.896345,512
2026-02-17 01:48:04.904401,509
2026-02-17 01:48:04.912280,518
2026-02-17 01:48:04.920387,522
2026-02-17 01:48:04.928302,521
2026-02-17 01:48:04.936351,517
2026-02-17 01:48:04.944343,512
2026-02-17 01:48:04.952347,512
2026-02-17 01:48:04.960340,509
2026-02-17 01:48:04.968329,512
2026-02-17 01:48:04.976319,511
2026-02-17 01:48:04.984334,509
2026-02-17 01:48:04.992328,508
2026-02-17 01:48:05.000319,503
2026-02-17 01:48:05.008428,513
2026-02-17 01:48:05.016373,512
2026-02-17 01:48:05.024386,518
2026-02-17 01:48:05.032293,516
2026-02-17 01:48:05.040267,510
2026-02-17 01:48:05.048331,506
2026-02-17 01:48:05.056275,509
2026-02-17 01:48:05.064285,501
2026-02-17 01:48:05.072290,505
2026-02-17 01:48:05.080291,514
2026-02-17 01:48:05.088357,517
2026-02-17 01:48:05.096325,518
2026-02-17 01:48:05.104369,512
2026-02-17 01:48:05.112292,514
2026-02-17 01:48:05.120317,519
2026-02-17 01:48:05.128261,517
2026-02-17 01:48:05.136300,517
2026-02-17 01:48:05.144291,521
2026-02-17 01:48:05.152319,516
2026-02-17 01:48:05.160323,511
2026-02-17 01:48:05.168323,510
2026-02-17 01:48:05.176329,501
2026-02-17 01:48:05.184325,503
2026-02-17 01:48:05.192310,507
2026-02-17 01:48:05.200347,507
2026-02-17 01:48:05.208307,512
2026-02-17 01:48:05.216367,515
2026-02-17 01:48:05.224327,517
2026-02-17 01:48:05.232421,515
2026-02-17 01:48:05.240318,511
2026-02-17 01:48:05.248283,514
2026-02-17 01:48:05.256416,517
2026-02-17 01:48:05.264332,508
2026-02-17 01:48:05.272351,506
2026-02-17 01:48:05.280408,505
2026-02-17 01:48:05.288388,505
2026-02-17 01:48:05.296347,503
2026-02-17 01:48:05.304494,511
2026-02-17 01:48:05.312435,511
2026-02-17 01:48:05.320372,510
2026-02-17 01:48:05.328298,520
2026-02-17 01:48:05.336291,521
2026-02-17 01:48:05.344281,509
2026-02-17 01:48:05.352294,508
2026-02-17 01:48:05.360346,509
2026-02-17 01:48:05.368321,512
2026-02-17 01:48:05.376326,518
2026-02-17 01:48:05.384340,515
2026-02-17 01:48:05.392339,519
2026-02-17 01:48:05.400381,517
2026-02-17 01:48:05.408343,509
2026-02-17 01:48:05.416352,512
2026-02-17 01:48:05.424379,518
2026-02-17 01:48:05.432374,508
2026-02-17 01:48:05.440335,517
2026-02-17 01:48:05.448325,508
2026-02-17 01:48:05.456350,508
2026-02-17 01:48:05.464376,510
2026-02-17 01:48:05.472377,508
2026-02-17 01:48:05.480342,513
2026-02-17 01:48:05.488385,506
2026-02-17 01:48:05.496346,512
2026-02-17 01:48:05.504346,520
2026-02-17 01:48:05.512396,516
2026-02-17 01:48:05.520338,515
2026-02-17 01:48:05.528347,522
2026-02-17 01:48:05.536378,520
2026-02-17 01:48:05.544339,518
2026-02-17 01:48:05.552390,518
2026-02-17 01:48:05.560324,516
2026-02-17 01:48:05.568337,511
2026-02-17 01:48:05.576338,512
2026-02-17 01:48:05.584307,515
2026-02-17 01:48:05.592280,518
2026-02-17 01:48:05.600363,511
2026-02-17 01:48:05.608325,514
2026-02-17 01:48:05.616290,515
2026-02-17 01:48:05.624337,507
2026-02-17 01:48:05.632354,521
2026-02-17 01:48:05.640350,518
2026-02-17 01:48:05.648329,512
2026-02-17 01:48:05.656331,514
2026-02-17 01:48:05.664323,514
2026-02-17 01:48:05.672362,514
2026-02-17 01:48:05.680325,509
2026-02-17 01:48:05.688331,506
2026-02-17 01:48:05.696343,500
2026-02-17 01:48:05.704382,506
2026-02-17 01:48:05.712394,508
2026-02-17 01:48:05.720347,512
2026-02-17 01:48:05.728374,511
2026-02-17 01:48:05.736349,512
2026-02-17 01:48:05.744357,517
2026-02-17 01:48:05.752352,501
2026-02-17 01:48:05.760329,506
2026-02-17 01:48:05.768337,508
2026-02-17 01:48:05.776344,505
2026-02-17 01:48:05.784340,506
2026-02-17 01:48:05.792350,508
2026-02-17 01:48:05.800344,508
2026-02-17 01:48:05.808298,523
2026-02-17 01:48:05.816297,509
2026-02-17 01:48:05.824339,503
2026-02-17 01:48:05.832342,509
2026-02-17 01:48:05.840309,507
2026-02-17 01:48:05.848637,504
2026-02-17 01:48:05.856397,511
2026-02-17 01:48:05.864355,511
2026-02-17 01:48:05.872392,511
2026-02-17 01:48:05.880354,510
2026-02-17 01:48:05.888344,509
2026-02-17 01:48:05.896421,507
2026-02-17 01:48:05.904390,507
2026-02-17 01:48:05.912398,507
2026-02-17 01:48:05.920349,514
2026-02-17 01:48:05.928392,513
2026-02-17 01:48:05.936406,516
2026-02-17 01:48:05.944362,515
2026-02-17 01:48:05.952335,511
2026-02-17 01:48:05.960333,516
2026-02-17 01:48:05.968337,515
2026-02-17 01:48:05.976335,512
2026-02-17 01:48:05.984359,514
2026-02-17 01:48:05.992349,503
2026-02-17 01:48:06.000344,511
2026-02-17 01:48:06.008393,503
2026-02-17 01:48:06.016419,505
2026-02-17 01:48:06.024443,511
2026-02-17 01:48:06.032353,513
2026-02-17 01:48:06.040356,515
2026-02-17 01:48:06.048355,518
2026-02-17 01:48:06.056387,517
2026-02-17 01:48:06.064348,510
2026-02-17 01:48:06.072346,514
2026-02-17 01:48:06.080420,516
2026-02-17 01:48:06.088297,520
2026-02-17 01:48:06.096407,514
2026-02-17 01:48:06.104353,522
2026-02-17 01:48:06.112414,517
2026-02-17 01:48:06.120321,513
2026-02-17 01:48:06.128348,501
2026-02-17 01:48:06.136421,508
2026-02-17 01:48:06.144360,514
2026-02-17 01:48:06.152386,507
2026-02-17 01:48:06.160349,508
2026-02-17 01:48:06.168346,514
2026-02-17 01:48:06.176344,509
2026-02-17 01:48:06.184349,509
2026-02-17 01:48:06.192341,512
2026-02-17 01:48:06.200362,508
2026-02-17 01:48:06.208435,514
2026-02-17 01:48:06.216449,514
2026-02-17 01:48:06.224364,511
2026-02-17 01:48:06.232361,519
2026-02-17 01:48:06.240363,510
2026-02-17 01:48:06.248340,514
2026-02-17 01:48:06.256401,511
2026-02-17 01:48:06.264341,512
2026-02-17 01:48:06.272375,514
2026-02-17 01:48:06.280383,508
2026-02-17 01:48:06.288353,512
2026-02-17 01:48:06.296386,509
2026-02-17 01:48:06.304339,513
2026-02-17 01:48:06.312357,515
2026-02-17 01:48:06.320347,510
2026-02-17 01:48:06.328317,515
2026-02-17 01:48:06.336336,522
2026-02-17 01:48:06.344300,521
2026-02-17 01:48:06.352330,516
2026-02-17 01:48:06.360357,512
2026-02-17 01:48:06.368339,504
2026-02-17 01:48:06.376347,509
2026-02-17 01:48:06.384346,519
2026-02-17 01:48:06.392354,518
2026-02-17 01:48:06.400340,518
2026-02-17 01:48:06.408336,518
2026-02-17 01:48:06.416333,512
2026-02-17 01:48:06.424348,517
2026-02-17 01:48:06.432367,515
2026-02-17 01:48:06.440400,507
2026-02-17 01:48:06.448374,514
2026-02-17 01:48:06.456387,513
2026-02-17 01:48:06.464353,513
2026-02-17 01:48:06.472381,515
2026-02-17 01:48:06.480344,512
2026-02-17 01:48:06.488334,514
2026-02-17 01:48:06.496352,505
2026-02-17 01:48:06.504363,516
2026-02-17 01:48:06.512380,514
2026-02-17 01:48:06.520371,509
2026-02-17 01:48:06.528353,505
2026-02-17 01:48:06.536346,514
2026-02-17 01:48:06.544364,508
2026-02-17 01:48:06.552358,512
2026-02-17 01:48:06.560344,513
2026-02-17 01:48:06.568352,506
2026-02-17 01:48:06.576342,509
2026-02-17 01:48:06.584342,510
2026-02-17 01:48:06.592291,512
2026-02-17 01:48:06.600292,506
2026-02-17 01:48:06.608366,509
2026-02-17 01:48:06.616401,510
2026-02-17 01:48:06.624369,507
2026-02-17 01:48:06.632357,512
2026-02-17 01:48:06.640352,508
2026-02-17 01:48:06.648373,505
2026-02-17 01:48:06.656411,507
2026-02-17 01:48:06.664353,510
2026-02-17 01:48:06.672342,514
2026-02-17 01:48:06.680393,513
2026-02-17 01:48:06.688342,515
2026-02-17 01:48:06.696340,517
2026-02-17 01:48:06.704357,516
2026-02-17 01:48:06.712375,508
2026-02-17 01:48:06.720409,513
2026-02-17 01:48:06.728356,511
2026-02-17 01:48:06.736362,510
2026-02-17 01:48:06.744394,519
2026-02-17 01:48:06.752420,513
2026-02-17 01:48:06.760407,510
2026-02-17 01:48:06.768359,509
2026-02-17 01:48:06.776379,514
2026-02-17 01:48:06.784372,516
2026-02-17 01:48:06.792368,515
2026-02-17 01:48:06.800364,518
2026-02-17 01:48:06.808347,516
2026-02-17 01:48:06.816291,513
2026-02-17 01:48:06.824373,505
2026-02-17 01:48:06.832352,511
2026-02-17 01:48:06.840390,514
2026-02-17 01:48:06.848575,512
2026-02-17 01:48:06.856532,512
2026-02-17 01:48:06.864365,515
2026-02-17 01:48:06.872376,509
2026-02-17 01:48:06.880373,515
2026-02-17 01:48:06.888365,513
2026-02-17 01:48:06.896406,518
2026-02-17 01:48:06.904353,505
2026-02-17 01:48:06.912424,520
2026-02-17 01:48:06.920346,519
2026-02-17 01:48:06.928398,510
2026-02-17 01:48:06.936450,510
2026-02-17 01:48:06.944370,517
2026-02-17 01:48:06.952304,511
2026-02-17 01:48:06.960348,508
2026-02-17 01:48:06.968325,510
2026-02-17 01:48:06.976301,505
2026-02-17 01:48:06.984320,506
2026-02-17 01:48:06.992320,517
2026-02-17 01:48:07.000341,518
2026-02-17 01:48:07.008320,507
2026-02-17 01:48:07.016327,509
2026-02-17 01:48:07.024328,514
2026-02-17 01:48:07.032283,517
2026-02-17 01:48:07.040351,504
2026-02-17 01:48:07.048400,508
2026-02-17 01:48:07.056394,508
2026-02-17 01:48:07.064357,510
2026-02-17 01:48:07.072372,510
2026-02-17 01:48:07.080343,514
2026-02-17 01:48:07.088346,511
2026-02-17 01:48:07.096352,511
2026-02-17 01:48:07.104357,511
2026-02-17 01:48:07.112373,506
2026-02-17 01:48:07.120363,505
2026-02-17 01:48:07.128300,506
2026-02-17 01:48:07.136399,509
2026-02-17 01:48:07.144452,509
2026-02-17 01:48:07.152369,519
2026-02-17 01:48:07.160336,505
2026-02-17 01:48:07.168391,511
2026-02-17 01:48:07.176364,512
2026-02-17 01:48:07.184360,511
2026-02-17 01:48:07.192355,512
2026-02-17 01:48:07.200365,510
2026-02-17 01:48:07.208361,515
2026-02-17 01:48:07.216344,507
2026-02-17 01:48:07.224342,519
2026-02-17 01:48:07.232354,513
2026-02-17 01:48:07.240358,513
2026-02-17 01:48:07.248376,510
2026-02-17 01:48:07.256411,509
2026-02-17 01:48:07.264373,518
2026-02-17 01:48:07.272352,517
2026-02-17 01:48:07.280473,508
2026-02-17 01:48:07.288455,517
2026-02-17 01:48:07.296475,513
2026-02-17 01:48:07.304499,518
2026-02-17 01:48:07.312468,506
2026-02-17 01:48:07.320585,505
2026-02-17 01:48:07.328481,516
2026-02-17 01:48:07.336410,512
2026-02-17 01:48:07.344345,512
2026-02-17 01:48:07.352302,515
2026-02-17 01:48:07.360389,515
2026-02-17 01:48:07.368458,515
2026-02-17 01:48:07.376429,517
2026-02-17 01:48:07.384418,512
2026-02-17 01:48:07.393235,517
2026-02-17 01:48:07.400533,512
2026-02-17 01:48:07.408472,503
2026-02-17 01:48:07.416405,498
2026-02-17 01:48:07.424406,496
2026-02-17 01:48:07.432413,486
2026-02-17 01:48:07.440356,487
2026-02-17 01:48:07.448432,489
2026-02-17 01:48:07.456460,478
2026-02-17 01:48:07.464452,487
2026-02-17 01:48:07.472384,487
2026-02-17 01:48:07.480365,481
2026-02-17 01:48:07.488365,480
2026-02-17 01:48:07.496385,486
2026-02-17 01:48:07.504386,488
2026-02-17 01:48:07.512385,495
2026-02-17 01:48:07.520360,498
2026-02-17 01:48:07.528377,503
2026-02-17 01:48:07.536366,513
2026-02-17 01:48:07.544356,505
2026-02-17 01:48:07.552365,516
2026-02-17 01:48:07.560369,515
2026-02-17 01:48:07.568401,526
2026-02-17 01:48:07.576370,533
2026-02-17 01:48:07.584395,535
2026-02-17 01:48:07.592308,536
2026-02-17 01:48:07.600299,535
2026-02-17 01:48:07.608354,537
2026-02-17 01:48:07.616347,537
2026-02-17 01:48:07.624340,537
2026-02-17 01:48:07.632412,533
2026-02-17 01:48:07.640357,538
2026-02-17 01:48:07.648375,544
2026-02-17 01:48:07.656375,542
2026-02-17 01:48:07.664359,541
2026-02-17 01:48:07.672355,539
2026-02-17 01:48:07.680397,541
2026-02-17 01:48:07.688385,534
2026-02-17 01:48:07.696373,543
2026-02-17 01:48:07.704433,534
2026-02-17 01:48:07.712349,530
2026-02-17 01:48:07.720660,537
2026-02-17 01:48:07.728404,539
2026-02-17 01:48:07.736432,536
2026-02-17 01:48:07.744380,537
2026-02-17 01:48:07.752391,535
2026-02-17 01:48:07.760387,524
2026-02-17 01:48:07.768362,526
2026-02-17 01:48:07.776422,539
2026-02-17 01:48:07.784414,537
2026-02-17 01:48:07.792367,527
2026-02-17 01:48:07.800363,527
2026-02-17 01:48:07.808363,531
2026-02-17 01:48:07.816369,530
2026-02-17 01:48:07.824307,524
2026-02-17 01:48:07.832366,527
2026-02-17 01:48:07.840395,529
2026-02-17 01:48:07.848453,529
2026-02-17 01:48:07.856400,535
2026-02-17 01:48:07.864408,520
2026-02-17 01:48:07.872367,524
2026-02-17 01:48:07.880406,518
2026-02-17 01:48:07.888362,525
2026-02-17 01:48:07.896356,515
2026-02-17 01:48:07.904369,513
2026-02-17 01:48:07.912351,520
2026-02-17 01:48:07.920385,520
2026-02-17 01:48:07.928375,519
2026-02-17 01:48:07.936393,523
2026-02-17 01:48:07.944435,526
2026-02-17 01:48:07.952393,514
2026-02-17 01:48:07.960340,516
2026-02-17 01:48:07.968351,519
2026-02-17 01:48:07.976457,517
2026-02-17 01:48:07.984384,520
2026-02-17 01:48:07.992408,515
2026-02-17 01:48:08.000380,520
2026-02-17 01:48:08.008424,512
2026-02-17 01:48:08.016442,512
2026-02-17 01:48:08.024381,508
2026-02-17 01:48:08.032351,518
2026-02-17 01:48:08.040387,510
2026-02-17 01:48:08.048373,520
2026-02-17 01:48:08.056405,517
2026-02-17 01:48:08.064347,519
2026-02-17 01:48:08.072355,520
2026-02-17 01:48:08.080441,525
2026-02-17 01:48:08.088410,516
2026-02-17 01:48:08.096421,516
2026-02-17 01:48:08.104391,523
2026-02-17 01:48:08.112379,517
2026-02-17 01:48:08.120382,520
2026-02-17 01:48:08.128330,518
2026-02-17 01:48:08.136321,517
2026-02-17 01:48:08.144403,516
2026-02-17 01:48:08.152355,518
2026-02-17 01:48:08.160367,513
2026-02-17 01:48:08.168357,517
2026-02-17 01:48:08.176372,510
2026-02-17 01:48:08.184388,510
2026-02-17 01:48:08.192374,507
2026-02-17 01:48:08.200369,512
2026-02-17 01:48:08.208384,514
2026-02-17 01:48:08.216368,512
2026-02-17 01:48:08.224371,510
2026-02-17 01:48:08.232370,509
2026-02-17 01:48:08.240373,510
2026-02-17 01:48:08.248355,514
2026-02-17 01:48:08.256432,500
2026-02-17 01:48:08.264375,512
2026-02-17 01:48:08.272363,510
2026-02-17 01:48:08.280431,513
2026-02-17 01:48:08.288383,512
2026-02-17 01:48:08.296386,511
2026-02-17 01:48:08.304393,509
2026-02-17 01:48:08.312387,508
2026-02-17 01:48:08.320394,516
2026-02-17 01:48:08.328369,511
2026-02-17 01:48:08.336505,507
2026-02-17 01:48:08.344340,510
2026-02-17 01:48:08.352388,516
2026-02-17 01:48:08.360322,510
2026-02-17 01:48:08.368353,514
2026-02-17 01:48:08.376369,518
2026-02-17 01:48:08.384379,521
2026-02-17 01:48:08.392380,519
2026-02-17 01:48:08.400381,514
2026-02-17 01:48:08.408380,516
2026-02-17 01:48:08.416417,514
2026-02-17 01:48:08.424378,519
2026-02-17 01:48:08.432375,513
2026-02-17 01:48:08.440373,514
2026-02-17 01:48:08.448399,516
2026-02-17 01:48:08.456372,514
2026-02-17 01:48:08.464345,518
2026-02-17 01:48:08.472328,517
2026-02-17 01:48:08.480386,515
2026-02-17 01:48:08.488366,517
2026-02-17 01:48:08.496378,523
2026-02-17 01:48:08.504320,512
2026-02-17 01:48:08.512379,514
2026-02-17 01:48:08.520423,512
2026-02-17 01:48:08.528374,505
2026-02-17 01:48:08.536381,504
2026-02-17 01:48:08.544362,508
2026-02-17 01:48:08.552378,503
2026-02-17 01:48:08.560371,507
2026-02-17 01:48:08.568367,512
2026-02-17 01:48:08.576366,519
2026-02-17 01:48:08.584360,516
2026-02-17 01:48:08.592417,524
2026-02-17 01:48:08.600449,512
2026-02-17 01:48:08.608456,515
2026-02-17 01:48:08.616412,518
2026-02-17 01:48:08.624410,515
2026-02-17 01:48:08.632397,515
2026-02-17 01:48:08.640346,520
2026-02-17 01:48:08.648335,514
2026-02-17 01:48:08.656378,510
2026-02-17 01:48:08.664386,517
2026-02-17 01:48:08.672388,512
2026-02-17 01:48:08.680377,520
2026-02-17 01:48:08.688380,515
2026-02-17 01:48:08.696378,517
2026-02-17 01:48:08.704388,519
2026-02-17 01:48:08.712376,521
2026-02-17 01:48:08.720393,517
2026-02-17 01:48:08.728376,518
2026-02-17 01:48:08.736380,515
2026-02-17 01:48:08.744374,516
2026-02-17 01:48:08.752429,520
2026-02-17 01:48:08.760326,516
2026-02-17 01:48:08.768363,512
2026-02-17 01:48:08.776387,516
2026-02-17 01:48:08.784392,511
2026-02-17 01:48:08.792406,516
2026-02-17 01:48:08.800380,518
2026-02-17 01:48:08.808380,513
2026-02-17 01:48:08.816369,513
2026-02-17 01:48:08.824319,516
2026-02-17 01:48:08.832381,511
2026-02-17 01:48:08.840430,507
2026-02-17 01:48:08.854636,514
2026-02-17 01:48:08.856451,516
2026-02-17 01:48:08.864352,516
2026-02-17 01:48:08.872388,519
2026-02-17 01:48:08.880406,511
2026-02-17 01:48:08.888384,515
2026-02-17 01:48:08.896392,511
2026-02-17 01:48:08.904330,513
2026-02-17 01:48:08.912391,510
2026-02-17 01:48:08.920442,512
2026-02-17 01:48:08.928379,514
2026-02-17 01:48:08.936383,506
2026-02-17 01:48:08.944383,504
2026-02-17 01:48:08.952387,507
2026-02-17 01:48:08.960417,500
2026-02-17 01:48:08.968449,497
2026-02-17 01:48:08.976450,495
2026-02-17 01:48:08.984495,485
2026-02-17 01:48:08.992401,478
2026-02-17 01:48:09.000383,480
2026-02-17 01:48:09.008415,479
2026-02-17 01:48:09.016467,474
2026-02-17 01:48:09.024432,482
2026-02-17 01:48:09.032378,483
2026-02-17 01:48:09.040369,474
2026-02-17 01:48:09.048424,486
2026-02-17 01:48:09.056349,487
2026-02-17 01:48:09.064477,491
2026-02-17 01:48:09.072391,494
2026-02-17 01:48:09.080415,493
2026-02-17 01:48:09.088454,493
2026-02-17 01:48:09.096387,498
2026-02-17 01:48:09.104409,499
2026-02-17 01:48:09.112398,506
2026-02-17 01:48:09.120329,509
2026-02-17 01:48:09.128407,505
2026-02-17 01:48:09.136412,505
2026-02-17 01:48:09.144386,516
2026-02-17 01:48:09.152392,518
2026-02-17 01:48:09.160421,517
2026-02-17 01:48:09.168337,519
2026-02-17 01:48:09.176352,514
2026-02-17 01:48:09.184392,514
2026-02-17 01:48:09.192373,515
2026-02-17 01:48:09.200393,511
2026-02-17 01:48:09.208395,514
2026-02-17 01:48:09.216385,512
2026-02-17 01:48:09.224437,508
2026-02-17 01:48:09.232384,503
2026-02-17 01:48:09.240450,500
2026-02-17 01:48:09.248328,512
2026-02-17 01:48:09.256416,515
2026-02-17 01:48:09.264448,517
2026-02-17 01:48:09.272417,503
2026-02-17 01:48:09.280392,506
2026-02-17 01:48:09.288388,508
2026-02-17 01:48:09.296379,496
2026-02-17 01:48:09.304381,504
2026-02-17 01:48:09.312373,499
2026-02-17 01:48:09.320392,502
2026-02-17 01:48:09.328401,500
2026-02-17 01:48:09.336328,503
2026-02-17 01:48:09.344328,507
2026-02-17 01:48:09.352380,513
2026-02-17 01:48:09.360376,505
2026-02-17 01:48:09.368379,504
2026-02-17 01:48:09.376373,509
2026-02-17 01:48:09.384377,502
2026-02-17 01:48:09.392398,505
2026-02-17 01:48:09.400375,505
2026-02-17 01:48:09.408389,504
2026-02-17 01:48:09.416384,512
2026-02-17 01:48:09.424378,507
2026-02-17 01:48:09.432384,494
2026-02-17 01:48:09.440323,499
2026-02-17 01:48:09.448377,507
2026-02-17 01:48:09.456340,496
2026-02-17 01:48:09.464377,509
2026-02-17 01:48:09.472415,504
2026-02-17 01:48:09.480380,497
2026-02-17 01:48:09.488385,500
2026-02-17 01:48:09.496368,496
2026-02-17 01:48:09.504383,502
2026-02-17 01:48:09.512373,498
2026-02-17 01:48:09.520395,495
2026-02-17 01:48:09.528445,499
2026-02-17 01:48:09.536395,498
2026-02-17 01:48:09.544387,495
2026-02-17 01:48:09.552373,504
2026-02-17 01:48:09.560395,491
2026-02-17 01:48:09.568486,488
2026-02-17 01:48:09.576463,493
2026-02-17 01:48:09.584367,503
2026-02-17 01:48:09.592374,505
2026-02-17 01:48:09.600347,488
2026-02-17 01:48:09.608382,505
2026-02-17 01:48:09.616351,505
2026-02-17 01:48:09.624375,498
2026-02-17 01:48:09.632391,503
2026-02-17 01:48:09.640407,499
2026-02-17 01:48:09.648364,503
2026-02-17 01:48:09.656377,507
2026-02-17 01:48:09.664354,503
2026-02-17 01:48:09.672363,509
2026-02-17 01:48:09.680371,508
2026-02-17 01:48:09.688371,513
2026-02-17 01:48:09.696376,498
2026-02-17 01:48:09.704375,512
2026-02-17 01:48:09.712376,506
2026-02-17 01:48:09.720355,502
2026-02-17 01:48:09.728362,505
2026-02-17 01:48:09.736381,487
2026-02-17 01:48:09.744413,502
2026-02-17 01:48:09.752352,511
2026-02-17 01:48:09.760475,512
2026-02-17 01:48:09.768458,521
2026-02-17 01:48:09.776396,510
2026-02-17 01:48:09.784435,511
2026-02-17 01:48:09.792421,505
2026-02-17 01:48:09.800389,504
2026-02-17 01:48:09.808395,508
2026-02-17 01:48:09.816472,509
2026-02-17 01:48:09.824384,508
2026-02-17 01:48:09.832326,516
2026-02-17 01:48:09.840477,512
2026-02-17 01:48:09.848454,513
2026-02-17 01:48:09.856419,509
2026-02-17 01:48:09.864432,514
2026-02-17 01:48:09.872497,510
2026-02-17 01:48:09.880501,519
2026-02-17 01:48:09.888475,524
2026-02-17 01:48:09.896481,510
2026-02-17 01:48:09.904368,518
2026-02-17 01:48:09.912365,509
2026-02-17 01:48:09.920471,512
2026-02-17 01:48:09.928459,510
2026-02-17 01:48:09.936424,512
2026-02-17 01:48:09.944413,512
2026-02-17 01:48:09.952384,515
2026-02-17 01:48:09.960412,516
2026-02-17 01:48:09.968401,509
2026-02-17 01:48:09.976401,513
2026-02-17 01:48:09.984388,508
2026-02-17 01:48:09.992399,509
2026-02-17 01:48:10.000378,517
2026-02-17 01:48:10.008456,515
2026-02-17 01:48:10.016372,503
2026-02-17 01:48:10.024359,512
2026-02-17 01:48:10.032363,508
2026-02-17 01:48:10.040424,507
2026-02-17 01:48:10.048400,515
2026-02-17 01:48:10.056427,506
2026-02-17 01:48:10.064360,513
2026-02-17 01:48:10.072397,502
2026-02-17 01:48:10.080434,494
2026-02-17 01:48:10.088393,505
2026-02-17 01:48:10.096403,506
2026-02-17 01:48:10.104382,510
2026-02-17 01:48:10.112416,514
2026-02-17 01:48:10.120410,501
2026-02-17 01:48:10.128454,511
2026-02-17 01:48:10.136475,521
2026-02-17 01:48:10.144416,514
2026-02-17 01:48:10.152419,521
2026-02-17 01:48:10.160402,513
2026-02-17 01:48:10.168445,508
2026-02-17 01:48:10.176533,504
2026-02-17 01:48:10.184403,495
2026-02-17 01:48:10.192409,493
2026-02-17 01:48:10.200369,498
2026-02-17 01:48:10.208419,504
2026-02-17 01:48:10.216482,517
2026-02-17 01:48:10.224410,516
2026-02-17 01:48:10.232417,515
2026-02-17 01:48:10.240416,514
2026-02-17 01:48:10.248439,514
2026-02-17 01:48:10.256428,514
2026-02-17 01:48:10.264397,520
2026-02-17 01:48:10.272435,512
2026-02-17 01:48:10.280462,509
2026-02-17 01:48:10.288393,505
2026-02-17 01:48:10.296387,504
2026-02-17 01:48:10.304392,506
2026-02-17 01:48:10.312391,503
2026-02-17 01:48:10.320394,514
2026-02-17 01:48:10.328429,510
2026-02-17 01:48:10.336384,514
2026-02-17 01:48:10.344348,510
2026-02-17 01:48:10.352410,513
2026-02-17 01:48:10.360398,509
2026-02-17 01:48:10.368390,511
2026-02-17 01:48:10.376403,512
2026-02-17 01:48:10.384394,513
2026-02-17 01:48:10.392396,515
2026-02-17 01:48:10.400403,515
2026-02-17 01:48:10.408392,517
2026-02-17 01:48:10.416472,520
2026-02-17 01:48:10.424410,521
2026-02-17 01:48:10.432438,519
2026-02-17 01:48:10.440418,514
2026-02-17 01:48:10.448422,514
2026-02-17 01:48:10.456392,509
2026-02-17 01:48:10.464402,509
2026-02-17 01:48:10.472410,523
2026-02-17 01:48:10.480423,516
2026-02-17 01:48:10.488402,525
2026-02-17 01:48:10.496400,518
2026-02-17 01:48:10.504406,518
2026-02-17 01:48:10.512445,518
2026-02-17 01:48:10.520408,515
2026-02-17 01:48:10.528425,509
2026-02-17 01:48:10.536418,522
2026-02-17 01:48:10.544403,512
2026-02-17 01:48:10.552405,516
2026-02-17 01:48:10.560406,515
2026-02-17 01:48:10.568386,518
2026-02-17 01:48:10.576402,509
2026-02-17 01:48:10.584444,517
2026-02-17 01:48:10.592347,507
2026-02-17 01:48:10.600401,515
2026-02-17 01:48:10.608409,513
2026-02-17 01:48:10.616411,516
2026-02-17 01:48:10.624392,519
2026-02-17 01:48:10.632454,520
2026-02-17 01:48:10.640405,518
2026-02-17 01:48:10.648408,522
2026-02-17 01:48:10.656451,520
2026-02-17 01:48:10.664405,518
2026-02-17 01:48:10.672394,523
2026-02-17 01:48:10.680367,521
2026-02-17 01:48:10.688373,526
2026-02-17 01:48:10.696429,525
2026-02-17 01:48:10.704377,525
2026-02-17 01:48:10.712382,521
2026-02-17 01:48:10.720414,520
2026-02-17 01:48:10.728481,520
2026-02-17 01:48:10.736464,514
2026-02-17 01:48:10.744390,520
2026-02-17 01:48:10.752434,515
2026-02-17 01:48:10.760433,518
2026-02-17 01:48:10.768408,515
2026-02-17 01:48:10.776409,517
2026-02-17 01:48:10.784404,521
2026-02-17 01:48:10.792441,523
2026-02-17 01:48:10.800402,520
2026-02-17 01:48:10.808391,516
2026-02-17 01:48:10.816410,517
2026-02-17 01:48:10.824391,514
2026-02-17 01:48:10.832357,514
2026-02-17 01:48:10.840468,514
2026-02-17 01:48:10.848487,512
2026-02-17 01:48:10.856418,519
2026-02-17 01:48:10.864404,521
2026-02-17 01:48:10.872421,524
2026-02-17 01:48:10.880409,516
2026-02-17 01:48:10.888479,519
2026-02-17 01:48:10.896426,525
2026-02-17 01:48:10.904411,515
2026-02-17 01:48:10.912402,518
2026-02-17 01:48:10.920413,525
2026-02-17 01:48:10.928435,520
2026-02-17 01:48:10.936414,517
2026-02-17 01:48:10.944404,521
2026-02-17 01:48:10.952406,513
2026-02-17 01:48:10.960404,511
2026-02-17 01:48:10.968393,509
2026-02-17 01:48:10.976428,511
2026-02-17 01:48:10.984399,521
2026-02-17 01:48:10.992548,522
2026-02-17 01:48:11.000484,529
2026-02-17 01:48:11.008441,531
2026-02-17 01:48:11.016529,523
2026-02-17 01:48:11.024479,516
2026-02-17 01:48:11.032438,519
2026-02-17 01:48:11.040432,514
2026-02-17 01:48:11.048447,513
2026-02-17 01:48:11.056504,515
2026-02-17 01:48:11.064413,518
2026-02-17 01:48:11.072454,522
2026-02-17 01:48:11.080419,524
2026-02-17 01:48:11.088453,520
2026-02-17 01:48:11.096369,520
2026-02-17 01:48:11.104348,523
2026-02-17 01:48:11.112343,516
2026-02-17 01:48:11.120354,519
2026-02-17 01:48:11.128352,518
2026-02-17 01:48:11.136436,514
2026-02-17 01:48:11.144450,517
2026-02-17 01:48:11.152394,509
2026-02-17 01:48:11.160454,512
2026-02-17 01:48:11.168413,517
2026-02-17 01:48:11.176444,521
2026-02-17 01:48:11.184489,523
2026-02-17 01:48:11.192498,518
2026-02-17 01:48:11.200483,511
2026-02-17 01:48:11.208401,516
2026-02-17 01:48:11.216417,504
2026-02-17 01:48:11.224451,513
2026-02-17 01:48:11.232456,516
2026-02-17 01:48:11.240475,518
2026-02-17 01:48:11.248448,514
2026-02-17 01:48:11.256486,507
2026-02-17 01:48:11.264493,515
2026-02-17 01:48:11.272413,513
2026-02-17 01:48:11.280463,511
2026-02-17 01:48:11.288417,517
2026-02-17 01:48:11.296399,516
2026-02-17 01:48:11.304526,520
2026-02-17 01:48:11.312420,517
2026-02-17 01:48:11.320464,512
2026-02-17 01:48:11.328558,513
2026-02-17 01:48:11.336490,511
2026-02-17 01:48:11.344541,510
2026-02-17 01:48:11.352378,511
2026-02-17 01:48:11.360412,508
2026-02-17 01:48:11.368455,517
2026-02-17 01:48:11.376417,513
2026-02-17 01:48:11.384411,516
2026-02-17 01:48:11.392426,513
2026-02-17 01:48:11.400411,515
2026-02-17 01:48:11.408447,502
2026-02-17 01:48:11.416414,512
2026-02-17 01:48:11.424410,508
2026-02-17 01:48:11.432415,511
2026-02-17 01:48:11.440426,509
2026-02-17 01:48:11.448409,515
2026-02-17 01:48:11.456421,510
2026-02-17 01:48:11.464411,512
2026-02-17 01:48:11.472409,510
2026-02-17 01:48:11.480451,507
2026-02-17 01:48:11.488407,515
2026-02-17 01:48:11.496413,517
2026-02-17 01:48:11.504404,516
2026-02-17 01:48:11.512437,518
2026-02-17 01:48:11.520414,518
2026-02-17 01:48:11.528416,512
2026-02-17 01:48:11.536465,510
2026-02-17 01:48:11.544465,506
2026-02-17 01:48:11.552409,510
2026-02-17 01:48:11.560417,516
2026-02-17 01:48:11.568413,518
2026-02-17 01:48:11.576400,521
2026-02-17 01:48:11.584415,524
2026-02-17 01:48:11.592378,517
2026-02-17 01:48:11.600389,510
2026-02-17 01:48:11.608471,515
2026-02-17 01:48:11.616413,503
2026-02-17 01:48:11.624482,513
2026-02-17 01:48:11.632434,520
2026-02-17 01:48:11.640420,513
2026-02-17 01:48:11.648462,511
2026-02-17 01:48:11.656420,514
2026-02-17 01:48:11.664445,512
2026-02-17 01:48:11.672405,520
2026-02-17 01:48:11.680406,521
2026-02-17 01:48:11.688418,523
2026-02-17 01:48:11.696439,517
2026-02-17 01:48:11.704372,523
2026-02-17 01:48:11.712418,514
2026-02-17 01:48:11.720424,514
2026-02-17 01:48:11.728460,516
2026-02-17 01:48:11.736502,515
2026-02-17 01:48:11.744417,509
2026-02-17 01:48:11.752435,510
2026-02-17 01:48:11.760427,512
2026-02-17 01:48:11.768467,509
2026-02-17 01:48:11.776417,510
2026-02-17 01:48:11.784441,516
2026-02-17 01:48:11.792413,519
2026-02-17 01:48:11.800426,518
2026-02-17 01:48:11.808414,516
2026-02-17 01:48:11.816419,516
2026-02-17 01:48:11.824418,506
2026-02-17 01:48:11.832360,520
2026-02-17 01:48:11.840490,511
2026-02-17 01:48:11.848547,513
2026-02-17 01:48:11.856475,515
2026-02-17 01:48:11.864502,521
2026-02-17 01:48:11.872458,514
2026-02-17 01:48:11.880479,519
2026-02-17 01:48:11.888424,518
2026-02-17 01:48:11.896479,523
2026-02-17 01:48:11.904485,514
2026-02-17 01:48:11.912471,513
2026-02-17 01:48:11.920430,518
2026-02-17 01:48:11.928458,521
2026-02-17 01:48:11.936444,513
2026-02-17 01:48:11.944470,509
2026-02-17 01:48:11.952425,512
2026-02-17 01:48:11.960414,501
2026-02-17 01:48:11.968404,502
2026-02-17 01:48:11.976394,513
2026-02-17 01:48:11.984383,521
2026-02-17 01:48:11.992390,512
2026-02-17 01:48:12.000380,511
2026-02-17 01:48:12.008390,509
2026-02-17 01:48:12.016430,520
2026-02-17 01:48:12.024382,514
2026-02-17 01:48:12.032366,519
2026-02-17 01:48:12.040422,520
2026-02-17 01:48:12.048410,510
2026-02-17 01:48:12.056353,508
2026-02-17 01:48:12.064361,512
2026-02-17 01:48:12.072421,512
2026-02-17 01:48:12.080413,513
2026-02-17 01:48:12.088379,511
2026-02-17 01:48:12.096382,505
2026-02-17 01:48:12.104353,510
2026-02-17 01:48:12.112401,513
2026-02-17 01:48:12.120376,512
2026-02-17 01:48:12.128465,507
2026-02-17 01:48:12.136380,507
2026-02-17 01:48:12.144478,509
2026-02-17 01:48:12.152439,507
2026-02-17 01:48:12.160367,509
2026-02-17 01:48:12.168422,516
2026-02-17 01:48:12.176426,503
2026-02-17 01:48:12.184435,510
2026-02-17 01:48:12.192429,511
2026-02-17 01:48:12.200425,521
2026-02-17 01:48:12.208372,512
2026-02-17 01:48:12.216417,516
2026-02-17 01:48:12.224423,513
2026-02-17 01:48:12.232390,510
2026-02-17 01:48:12.240493,512
2026-02-17 01:48:12.248465,515
2026-02-17 01:48:12.256459,513
2026-02-17 01:48:12.264500,513
2026-02-17 01:48:12.272421,508
2026-02-17 01:48:12.280476,513
2026-02-17 01:48:12.288466,509
2026-02-17 01:48:12.296422,513
2026-02-17 01:48:12.304418,519
2026-02-17 01:48:12.312438,515
2026-02-17 01:48:12.320429,513
2026-02-17 01:48:12.328414,518
2026-02-17 01:48:12.336418,508
2026-02-17 01:48:12.344407,514
2026-02-17 01:48:12.352479,521
2026-02-17 01:48:12.360424,511
2026-02-17 01:48:12.368422,515
2026-02-17 01:48:12.376430,511
2026-02-17 01:48:12.384459,516
2026-02-17 01:48:12.392434,500
2026-02-17 01:48:12.400454,510
2026-02-17 01:48:12.408435,508
2026-02-17 01:48:12.416417,507
2026-02-17 01:48:12.424435,517
2026-02-17 01:48:12.432430,519
2026-02-17 01:48:12.440408,513
2026-02-17 01:48:12.448420,512
2026-02-17 01:48:12.456429,522
2026-02-17 01:48:12.464434,519
2026-02-17 01:48:12.472416,519
2026-02-17 01:48:12.480430,514
2026-02-17 01:48:12.488442,516
2026-02-17 01:48:12.496452,520
2026-02-17 01:48:12.504425,517
2026-02-17 01:48:12.512447,513
2026-02-17 01:48:12.520424,516
2026-02-17 01:48:12.528435,524
2026-02-17 01:48:12.536482,511
2026-02-17 01:48:12.544487,513
2026-02-17 01:48:12.552444,505
2026-02-17 01:48:12.560433,509
2026-02-17 01:48:12.568422,506
2026-02-17 01:48:12.576430,509
2026-02-17 01:48:12.584430,508
2026-02-17 01:48:12.592428,512
2026-02-17 01:48:12.600428,518
2026-02-17 01:48:12.608428,520
2026-02-17 01:48:12.616434,513
2026-02-17 01:48:12.624429,517
2026-02-17 01:48:12.632430,510
2026-02-17 01:48:12.640410,513
2026-02-17 01:48:12.648427,512
2026-02-17 01:48:12.656479,507
2026-02-17 01:48:12.664421,509
2026-02-17 01:48:12.672474,511
2026-02-17 01:48:12.680430,508
2026-02-17 01:48:12.688464,513
2026-02-17 01:48:12.696446,514
2026-02-17 01:48:12.704421,525
2026-02-17 01:48:12.712424,522
2026-02-17 01:48:12.720369,526
2026-02-17 01:48:12.728459,524
2026-02-17 01:48:12.736463,516
2026-02-17 01:48:12.744440,522
2026-02-17 01:48:12.752527,517
2026-02-17 01:48:12.760465,514
2026-02-17 01:48:12.768485,511
2026-02-17 01:48:12.776424,513
2026-02-17 01:48:12.784474,515
2026-02-17 01:48:12.792427,511
2026-02-17 01:48:12.800441,516
2026-02-17 01:48:12.808430,519
2026-02-17 01:48:12.816431,516
2026-02-17 01:48:12.824415,520
2026-02-17 01:48:12.832444,509
2026-02-17 01:48:12.840431,504
2026-02-17 01:48:12.848717,503
2026-02-17 01:48:12.856536,505
2026-02-17 01:48:12.864433,502
2026-02-17 01:48:12.872494,515
2026-02-17 01:48:12.880434,505
2026-02-17 01:48:12.888431,509
2026-02-17 01:48:12.896438,510
2026-02-17 01:48:12.904416,513
2026-02-17 01:48:12.912432,514
2026-02-17 01:48:12.920433,507
2026-02-17 01:48:12.928416,513
2026-02-17 01:48:12.936453,514
2026-02-17 01:48:12.944494,509
2026-02-17 01:48:12.952432,515
2026-02-17 01:48:12.960440,507
2026-02-17 01:48:12.968434,512
2026-02-17 01:48:12.976428,509
2026-02-17 01:48:12.984426,504
2026-02-17 01:48:12.992431,505
2026-02-17 01:48:13.000430,515
2026-02-17 01:48:13.008414,517
2026-02-17 01:48:13.016532,518
2026-02-17 01:48:13.024435,514
2026-02-17 01:48:13.032404,514
2026-02-17 01:48:13.040420,500
2026-02-17 01:48:13.048390,505
2026-02-17 01:48:13.056423,510
2026-02-17 01:48:13.064463,515
2026-02-17 01:48:13.072430,504
2026-02-17 01:48:13.080482,505
2026-02-17 01:48:13.088428,508
2026-02-17 01:48:13.096389,512
2026-02-17 01:48:13.104386,518
2026-02-17 01:48:13.112375,522
2026-02-17 01:48:13.120395,513
2026-02-17 01:48:13.128427,511
2026-02-17 01:48:13.136439,513
2026-02-17 01:48:13.144460,512
2026-02-17 01:48:13.152420,510
2026-02-17 01:48:13.160452,502
2026-02-17 01:48:13.168438,500
2026-02-17 01:48:13.176423,507
2026-02-17 01:48:13.184447,509
2026-02-17 01:48:13.192428,502
2026-02-17 01:48:13.200484,511
2026-02-17 01:48:13.208428,517
2026-02-17 01:48:13.216433,518
2026-02-17 01:48:13.224441,523
2026-02-17 01:48:13.232414,516
2026-02-17 01:48:13.240435,514
2026-02-17 01:48:13.248492,516
2026-02-17 01:48:13.256487,508
2026-02-17 01:48:13.264496,508
2026-02-17 01:48:13.272440,510
2026-02-17 01:48:13.280436,513
2026-02-17 01:48:13.288439,509
2026-02-17 01:48:13.296449,505
2026-02-17 01:48:13.304404,510
2026-02-17 01:48:13.312446,514
2026-02-17 01:48:13.320458,502
2026-02-17 01:48:13.328442,511
2026-02-17 01:48:13.336392,512
2026-02-17 01:48:13.344444,507
2026-02-17 01:48:13.352388,511
2026-02-17 01:48:13.360449,504
2026-02-17 01:48:13.368450,507
2026-02-17 01:48:13.376435,508
2026-02-17 01:48:13.384436,509
2026-02-17 01:48:13.392477,516
2026-02-17 01:48:13.400526,510
2026-02-17 01:48:13.410374,519
2026-02-17 01:48:13.416576,525
2026-02-17 01:48:13.424538,524
2026-02-17 01:48:13.432514,519
2026-02-17 01:48:13.440460,515
2026-02-17 01:48:13.448437,510
2026-02-17 01:48:13.456441,509
2026-02-17 01:48:13.464452,511
2026-02-17 01:48:13.472449,515
2026-02-17 01:48:13.480443,504
2026-02-17 01:48:13.488498,507
2026-02-17 01:48:13.496484,513
2026-02-17 01:48:13.504451,520
2026-02-17 01:48:13.512442,518
2026-02-17 01:48:13.520458,518
2026-02-17 01:48:13.528439,518
2026-02-17 01:48:13.536433,515
2026-02-17 01:48:13.544454,516
2026-02-17 01:48:13.552441,511
2026-02-17 01:48:13.560474,516
2026-02-17 01:48:13.568435,509
2026-02-17 01:48:13.576434,503
2026-02-17 01:48:13.584435,515
2026-02-17 01:48:13.592427,511
2026-02-17 01:48:13.600478,508
2026-02-17 01:48:13.608467,520
2026-02-17 01:48:13.616453,521
2026-02-17 01:48:13.624433,520
2026-02-17 01:48:13.632440,520
2026-02-17 01:48:13.640433,523
2026-02-17 01:48:13.648453,514
2026-02-17 01:48:13.656436,511
2026-02-17 01:48:13.664444,510
2026-02-17 01:48:13.672431,511
2026-02-17 01:48:13.680443,507
2026-02-17 01:48:13.688459,514
2026-02-17 01:48:13.696477,509
2026-02-17 01:48:13.704443,516
2026-02-17 01:48:13.712445,515
2026-02-17 01:48:13.720454,517
2026-02-17 01:48:13.728438,525
2026-02-17 01:48:13.736436,511
2026-02-17 01:48:13.744473,520
2026-02-17 01:48:13.752406,516
2026-02-17 01:48:13.760386,509
2026-02-17 01:48:13.768482,511
2026-02-17 01:48:13.776513,516
2026-02-17 01:48:13.784532,508
2026-02-17 01:48:13.792493,510
2026-02-17 01:48:13.800498,514
2026-02-17 01:48:13.808445,514
2026-02-17 01:48:13.816441,519
2026-02-17 01:48:13.824439,520
2026-02-17 01:48:13.832458,517
2026-02-17 01:48:13.840417,510
2026-02-17 01:48:13.848447,507
2026-02-17 01:48:13.856487,513
2026-02-17 01:48:13.864512,509
2026-02-17 01:48:13.872436,507
2026-02-17 01:48:13.880438,499
2026-02-17 01:48:13.888443,499
2026-02-17 01:48:13.896456,502
2026-02-17 01:48:13.904430,512
2026-02-17 01:48:13.912458,521
2026-02-17 01:48:13.920441,519
2026-02-17 01:48:13.928443,520
2026-02-17 01:48:13.936485,514
2026-02-17 01:48:13.944502,516
2026-02-17 01:48:13.952452,515
2026-02-17 01:48:13.960433,515
2026-02-17 01:48:13.968428,509
2026-02-17 01:48:13.976450,511
2026-02-17 01:48:13.984486,513
2026-02-17 01:48:13.992434,497
2026-02-17 01:48:14.000489,506
2026-02-17 01:48:14.008586,515
2026-02-17 01:48:14.016504,522
2026-02-17 01:48:14.024491,525
2026-02-17 01:48:14.032412,522
2026-02-17 01:48:14.040465,519
2026-02-17 01:48:14.048399,508
2026-02-17 01:48:14.056454,511
2026-02-17 01:48:14.064421,513
2026-02-17 01:48:14.072491,514
2026-02-17 01:48:14.080418,511
2026-02-17 01:48:14.088412,502
2026-02-17 01:48:14.096407,513
2026-02-17 01:48:14.104456,506
2026-02-17 01:48:14.112467,503
2026-02-17 01:48:14.120468,511
2026-02-17 01:48:14.128445,510
2026-02-17 01:48:14.136444,512
2026-02-17 01:48:14.144399,510
2026-02-17 01:48:14.152459,509
2026-02-17 01:48:14.160454,509
2026-02-17 01:48:14.168453,502
2026-02-17 01:48:14.176455,510
2026-02-17 01:48:14.184456,507
2026-02-17 01:48:14.192456,512
2026-02-17 01:48:14.200486,511
2026-02-17 01:48:14.208483,517
2026-02-17 01:48:14.216453,509
2026-02-17 01:48:14.224442,518
2026-02-17 01:48:14.232455,522
2026-02-17 01:48:14.240432,515
2026-02-17 01:48:14.248477,520
2026-02-17 01:48:14.256411,516
2026-02-17 01:48:14.264455,517
2026-02-17 01:48:14.272448,512
2026-02-17 01:48:14.280450,510
2026-02-17 01:48:14.288558,518
2026-02-17 01:48:14.296499,512
2026-02-17 01:48:14.304516,512
2026-02-17 01:48:14.312517,514
2026-02-17 01:48:14.320473,515
2026-02-17 01:48:14.328532,512
2026-02-17 01:48:14.336454,517
2026-02-17 01:48:14.344470,516
2026-02-17 01:48:14.352408,502
2026-02-17 01:48:14.360460,507
2026-02-17 01:48:14.368457,518
2026-02-17 01:48:14.376445,506
2026-02-17 01:48:14.384463,508
2026-02-17 01:48:14.392470,515
2026-02-17 01:48:14.400449,505
2026-02-17 01:48:14.408453,513
2026-02-17 01:48:14.416501,519
2026-02-17 01:48:14.424459,519
2026-02-17 01:48:14.432617,514
2026-02-17 01:48:14.440613,506
2026-02-17 01:48:14.448661,511
2026-02-17 01:48:14.456521,513
2026-02-17 01:48:14.464440,519
2026-02-17 01:48:14.472417,518
2026-02-17 01:48:14.480489,521
2026-02-17 01:48:14.488508,520
2026-02-17 01:48:14.496495,517
2026-02-17 01:48:14.504516,511
2026-02-17 01:48:14.512498,514
2026-02-17 01:48:14.520517,514
2026-02-17 01:48:14.528492,510
2026-02-17 01:48:14.536531,519
2026-02-17 01:48:14.544536,511
2026-02-17 01:48:14.552532,511
2026-02-17 01:48:14.560533,509
2026-02-17 01:48:14.568567,511
2026-02-17 01:48:14.576531,508
2026-02-17 01:48:14.584499,508
2026-02-17 01:48:14.592499,514
2026-02-17 01:48:14.601261,512
2026-02-17 01:48:14.608584,516
2026-02-17 01:48:14.616539,510
2026-02-17 01:48:14.625267,518
2026-02-17 01:48:14.632572,511
2026-02-17 01:48:14.640524,519
2026-02-17 01:48:14.648505,520
2026-02-17 01:48:14.656493,517
2026-02-17 01:48:14.664462,509
2026-02-17 01:48:14.672424,513
2026-02-17 01:48:14.680465,516
2026-02-17 01:48:14.688504,511
2026-02-17 01:48:14.696539,521
2026-02-17 01:48:14.704551,527
2026-02-17 01:48:14.712535,515
2026-02-17 01:48:14.720530,523
2026-02-17 01:48:14.728536,518
2026-02-17 01:48:14.736571,519
2026-02-17 01:48:14.744639,519
2026-02-17 01:48:14.752604,518
2026-02-17 01:48:14.760553,517
2026-02-17 01:48:14.768520,527
2026-02-17 01:48:14.776509,510
2026-02-17 01:48:14.784544,520
2026-02-17 01:48:14.792508,516
2026-02-17 01:48:14.800508,512
2026-02-17 01:48:14.808492,514
2026-02-17 01:48:14.816465,513
2026-02-17 01:48:14.824482,514
2026-02-17 01:48:14.832559,514
2026-02-17 01:48:14.840586,520
2026-02-17 01:48:14.848609,514
2026-02-17 01:48:14.856656,516
2026-02-17 01:48:14.864592,520
2026-02-17 01:48:14.872565,508
2026-02-17 01:48:14.880508,511
2026-02-17 01:48:14.888539,515
2026-02-17 01:48:14.896556,512
2026-02-17 01:48:14.904500,521
2026-02-17 01:48:14.912483,517
2026-02-17 01:48:14.920509,522
2026-02-17 01:48:14.928478,512
2026-02-17 01:48:14.936477,511
2026-02-17 01:48:14.944480,501
2026-02-17 01:48:14.952520,510
2026-02-17 01:48:14.960496,512
2026-02-17 01:48:14.968456,514
2026-02-17 01:48:14.976485,510
2026-02-17 01:48:14.984470,513
2026-02-17 01:48:14.992472,511
2026-02-17 01:48:15.000473,508
2026-02-17 01:48:15.008549,506
2026-02-17 01:48:15.016507,508
2026-02-17 01:48:15.024473,517
2026-02-17 01:48:15.032430,511
2026-02-17 01:48:15.040647,511
2026-02-17 01:48:15.048549,506
2026-02-17 01:48:15.056585,510
2026-02-17 01:48:15.064605,509
2026-02-17 01:48:15.072563,498
2026-02-17 01:48:15.080540,507
2026-02-17 01:48:15.088566,517
2026-02-17 01:48:15.096538,524
2026-02-17 01:48:15.104564,518
2026-02-17 01:48:15.112517,511
2026-02-17 01:48:15.120520,501
2026-02-17 01:48:15.128503,508
2026-02-17 01:48:15.136475,497
2026-02-17 01:48:15.144591,506
2026-02-17 01:48:15.152542,507
2026-02-17 01:48:15.160585,498
2026-02-17 01:48:15.168553,490
2026-02-17 01:48:15.176527,496
2026-02-17 01:48:15.184535,503
2026-02-17 01:48:15.192548,501
2026-02-17 01:48:15.200565,505
2026-02-17 01:48:15.208529,508
2026-02-17 01:48:15.216538,513
2026-02-17 01:48:15.224472,513
2026-02-17 01:48:15.232576,502
2026-02-17 01:48:15.240540,507
2026-02-17 01:48:15.248599,515
2026-02-17 01:48:15.256557,510
2026-02-17 01:48:15.264516,520
2026-02-17 01:48:15.272505,520
2026-02-17 01:48:15.280497,512
2026-02-17 01:48:15.288623,503
2026-02-17 01:48:15.296566,512
2026-02-17 01:48:15.304567,520
2026-02-17 01:48:15.312547,520
2026-02-17 01:48:15.320583,509
2026-02-17 01:48:15.328544,523
2026-02-17 01:48:15.336600,523
2026-02-17 01:48:15.344536,520
2026-02-17 01:48:15.352548,519
2026-02-17 01:48:15.360597,505
2026-02-17 01:48:15.368556,510
2026-02-17 01:48:15.376557,506
2026-02-17 01:48:15.384620,530
2026-02-17 01:48:15.392544,505
2026-02-17 01:48:15.400559,507
2026-02-17 01:48:15.408565,524
2026-02-17 01:48:15.416540,498
2026-02-17 01:48:15.424566,510
2026-02-17 01:48:15.432549,509
2026-02-17 01:48:15.440550,523
2026-02-17 01:48:15.448547,486
2026-02-17 01:48:15.456553,520
2026-02-17 01:48:15.464590,529
2026-02-17 01:48:15.472544,500
2026-02-17 01:48:15.480549,510
2026-02-17 01:48:15.488572,509
2026-02-17 01:48:15.496579,517
2026-02-17 01:48:15.504552,507
2026-02-17 01:48:15.512624,511
2026-02-17 01:48:15.520580,504
2026-02-17 01:48:15.528632,506
2026-02-17 01:48:15.536597,506
2026-02-17 01:48:15.544604,504
2026-02-17 01:48:15.552633,491
2026-02-17 01:48:15.560590,513
2026-02-17 01:48:15.568555,493
2026-02-17 01:48:15.576581,502
2026-02-17 01:48:15.584626,498
2026-02-17 01:48:15.592514,505
2026-02-17 01:48:15.600589,503
2026-02-17 01:48:15.608574,484
2026-02-17 01:48:15.616538,485
2026-02-17 01:48:15.624577,498
2026-02-17 01:48:15.632568,500
2026-02-17 01:48:15.640549,509
2026-02-17 01:48:15.648568,516
2026-02-17 01:48:15.656596,512
2026-02-17 01:48:15.664561,516
2026-02-17 01:48:15.672562,511
2026-02-17 01:48:15.680572,505
2026-02-17 01:48:15.688585,519
2026-02-17 01:48:15.696575,511
2026-02-17 01:48:15.704571,512
2026-02-17 01:48:15.712580,511
2026-02-17 01:48:15.720595,505
2026-02-17 01:48:15.728603,511
2026-02-17 01:48:15.736562,509
2026-02-17 01:48:15.744566,511
2026-02-17 01:48:15.752656,516
2026-02-17 01:48:15.760591,508
2026-02-17 01:48:15.768606,518
2026-02-17 01:48:15.776520,523
2026-02-17 01:48:15.784526,503
2026-02-17 01:48:15.792583,507
2026-02-17 01:48:15.800589,516
2026-02-17 01:48:15.808586,525
2026-02-17 01:48:15.816650,516
2026-02-17 01:48:15.824602,514
2026-02-17 01:48:15.832593,510
2026-02-17 01:48:15.840576,512
2026-02-17 01:48:15.848992,508
2026-02-17 01:48:15.856523,515
2026-02-17 01:48:15.864593,521
2026-02-17 01:48:15.872586,513
2026-02-17 01:48:15.880614,506
2026-02-17 01:48:15.888556,516
2026-02-17 01:48:15.896564,509
2026-02-17 01:48:15.904588,518
2026-02-17 01:48:15.912577,505
2026-02-17 01:48:15.920551,515
2026-02-17 01:48:15.928587,518
2026-02-17 01:48:15.936588,515
2026-02-17 01:48:15.944582,524
2026-02-17 01:48:15.952622,515
2026-02-17 01:48:15.960557,513
2026-02-17 01:48:15.968539,508
2026-02-17 01:48:15.976523,507
2026-02-17 01:48:15.984493,497
2026-02-17 01:48:15.992494,507
2026-02-17 01:48:16.000471,501
2026-02-17 01:48:16.008508,522
2026-02-17 01:48:16.016509,510
2026-02-17 01:48:16.024516,494
2026-02-17 01:48:16.032536,512
2026-02-17 01:48:16.040485,525
2026-02-17 01:48:16.048516,521
2026-02-17 01:48:16.056486,521
2026-02-17 01:48:16.064590,518
2026-02-17 01:48:16.072519,515
2026-02-17 01:48:16.080493,500
2026-02-17 01:48:16.088556,517
2026-02-17 01:48:16.096481,520
2026-02-17 01:48:16.104510,510
2026-02-17 01:48:16.112541,517
2026-02-17 01:48:16.120467,522
2026-02-17 01:48:16.128478,513
2026-02-17 01:48:16.136479,509
2026-02-17 01:48:16.144515,502
2026-02-17 01:48:16.152536,519
2026-02-17 01:48:16.160480,509
2026-02-17 01:48:16.168469,503
2026-02-17 01:48:16.176498,521
2026-02-17 01:48:16.184495,500
2026-02-17 01:48:16.192480,502
2026-02-17 01:48:16.200468,514
2026-02-17 01:48:16.208475,526
2026-02-17 01:48:16.216474,509
2026-02-17 01:48:16.224477,532
2026-02-17 01:48:16.232622,522
2026-02-17 01:48:16.240553,525
2026-02-17 01:48:16.248482,523
2026-02-17 01:48:16.256553,520
2026-02-17 01:48:16.264483,519
2026-02-17 01:48:16.272482,522
2026-02-17 01:48:16.280480,510
2026-02-17 01:48:16.288522,504
2026-02-17 01:48:16.296465,515
2026-02-17 01:48:16.304413,517
2026-02-17 01:48:16.312514,511
2026-02-17 01:48:16.320484,519
2026-02-17 01:48:16.328481,515
2026-02-17 01:48:16.336470,509
2026-02-17 01:48:16.344486,508
2026-02-17 01:48:16.352446,510
2026-02-17 01:48:16.360483,511
2026-02-17 01:48:16.368480,502
2026-02-17 01:48:16.376490,498
2026-02-17 01:48:16.384487,500
2026-02-17 01:48:16.392470,493
2026-02-17 01:48:16.400511,504
2026-02-17 01:48:16.408487,510
2026-02-17 01:48:16.416477,515
2026-02-17 01:48:16.424534,514
2026-02-17 01:48:16.432520,514
2026-02-17 01:48:16.440491,518
2026-02-17 01:48:16.448481,513
2026-02-17 01:48:16.456469,517
2026-02-17 01:48:16.464489,522
2026-02-17 01:48:16.472476,505
2026-02-17 01:48:16.480488,504
2026-02-17 01:48:16.488531,505
2026-02-17 01:48:16.496490,510
2026-02-17 01:48:16.504530,510
2026-02-17 01:48:16.512486,514
2026-02-17 01:48:16.520468,513
2026-02-17 01:48:16.528481,509
2026-02-17 01:48:16.536475,512
2026-02-17 01:48:16.544511,512
2026-02-17 01:48:16.552522,510
2026-02-17 01:48:16.560494,514
2026-02-17 01:48:16.568485,520
2026-02-17 01:48:16.576527,512
2026-02-17 01:48:16.584481,517
2026-02-17 01:48:16.592441,519
2026-02-17 01:48:16.600466,518
2026-02-17 01:48:16.608507,521
2026-02-17 01:48:16.616499,514
2026-02-17 01:48:16.624531,514
2026-02-17 01:48:16.632467,519
2026-02-17 01:48:16.640480,524
2026-02-17 01:48:16.648494,520
2026-02-17 01:48:16.656537,511
2026-02-17 01:48:16.664528,511
2026-02-17 01:48:16.672468,513
2026-02-17 01:48:16.680489,514
2026-02-17 01:48:16.688485,516
2026-02-17 01:48:16.696498,523
2026-02-17 01:48:16.704474,521
2026-02-17 01:48:16.712539,510
2026-02-17 01:48:16.720488,517
2026-02-17 01:48:16.728520,517
2026-02-17 01:48:16.736484,513
2026-02-17 01:48:16.744493,506
2026-02-17 01:48:16.752571,513
2026-02-17 01:48:16.760549,509
2026-02-17 01:48:16.768504,510
2026-02-17 01:48:16.776476,514
2026-02-17 01:48:16.784542,520
2026-02-17 01:48:16.792497,517
2026-02-17 01:48:16.800448,508
2026-02-17 01:48:16.808525,512
2026-02-17 01:48:16.816495,515
2026-02-17 01:48:16.824488,515
2026-02-17 01:48:16.832466,509
2026-02-17 01:48:16.840494,509
2026-02-17 01:48:16.848520,509
2026-02-17 01:48:16.856451,510
2026-02-17 01:48:16.864491,507
2026-02-17 01:48:16.872523,511
2026-02-17 01:48:16.880500,513
2026-02-17 01:48:16.888504,513
2026-02-17 01:48:16.896500,516
2026-02-17 01:48:16.904490,511
2026-02-17 01:48:16.912574,509
2026-02-17 01:48:16.920509,518
2026-02-17 01:48:16.928479,521
2026-02-17 01:48:16.936456,519
2026-02-17 01:48:16.944549,521
2026-02-17 01:48:16.952467,515
2026-02-17 01:48:16.960478,507
2026-02-17 01:48:16.968492,499
2026-02-17 01:48:16.976471,507
2026-02-17 01:48:16.984459,513
2026-02-17 01:48:16.992469,515
2026-02-17 01:48:17.000495,513
2026-02-17 01:48:17.008463,516
2026-02-17 01:48:17.016430,509
2026-02-17 01:48:17.024472,515
2026-02-17 01:48:17.032543,511
2026-02-17 01:48:17.040483,516
2026-02-17 01:48:17.048524,515
2026-02-17 01:48:17.056509,506
2026-02-17 01:48:17.064466,504
2026-02-17 01:48:17.072469,513
2026-02-17 01:48:17.080483,508
2026-02-17 01:48:17.088526,512
2026-02-17 01:48:17.096533,502
2026-02-17 01:48:17.104488,502
2026-02-17 01:48:17.112521,506
2026-02-17 01:48:17.120476,509
2026-02-17 01:48:17.128486,516
2026-02-17 01:48:17.136532,517
2026-02-17 01:48:17.144631,514
2026-02-17 01:48:17.152435,513
2026-02-17 01:48:17.160515,509
2026-02-17 01:48:17.168488,509
2026-02-17 01:48:17.176490,513
2026-02-17 01:48:17.184509,519
2026-02-17 01:48:17.192485,519
2026-02-17 01:48:17.200511,516
2026-02-17 01:48:17.208520,515
2026-02-17 01:48:17.216510,504
2026-02-17 01:48:17.224535,512
2026-02-17 01:48:17.232491,515
2026-02-17 01:48:17.240497,511
2026-02-17 01:48:17.248486,513
2026-02-17 01:48:17.256527,497
2026-02-17 01:48:17.264484,510
2026-02-17 01:48:17.272485,499
2026-02-17 01:48:17.280534,509
2026-02-17 01:48:17.288488,510
2026-02-17 01:48:17.296496,510
2026-02-17 01:48:17.304437,518
2026-02-17 01:48:17.312525,514
2026-02-17 01:48:17.320469,515
2026-02-17 01:48:17.328452,507
2026-02-17 01:48:17.336503,506
2026-02-17 01:48:17.344451,507
2026-02-17 01:48:17.352440,508
2026-02-17 01:48:17.360563,515
2026-02-17 01:48:17.368509,517
2026-02-17 01:48:17.376546,511
2026-02-17 01:48:17.384501,514
2026-02-17 01:48:17.392514,510
2026-02-17 01:48:17.400491,515
2026-02-17 01:48:17.408495,516
2026-02-17 01:48:17.416495,524
2026-02-17 01:48:17.424480,517
2026-02-17 01:48:17.432523,515
2026-02-17 01:48:17.440498,516
2026-02-17 01:48:17.448491,519
2026-02-17 01:48:17.456511,515
2026-02-17 01:48:17.464492,521
2026-02-17 01:48:17.472572,519
2026-02-17 01:48:17.480531,506
2026-02-17 01:48:17.488559,516
2026-02-17 01:48:17.496504,506
2026-02-17 01:48:17.504538,514
2026-02-17 01:48:17.512512,512
2026-02-17 01:48:17.520509,516
2026-02-17 01:48:17.528497,517
2026-02-17 01:48:17.536540,505
2026-02-17 01:48:17.544544,512
2026-02-17 01:48:17.552511,513
2026-02-17 01:48:17.560560,513
2026-02-17 01:48:17.568538,519
2026-02-17 01:48:17.576550,515
2026-02-17 01:48:17.584526,515
2026-02-17 01:48:17.592503,508
2026-02-17 01:48:17.600593,510
2026-02-17 01:48:17.608596,509
2026-02-17 01:48:17.616554,509
2026-02-17 01:48:17.624550,519
2026-02-17 01:48:17.632683,520
2026-02-17 01:48:17.640614,516
2026-02-17 01:48:17.648565,510
2026-02-17 01:48:17.656572,513
2026-02-17 01:48:17.664512,514
2026-02-17 01:48:17.672508,511
2026-02-17 01:48:17.680531,509
2026-02-17 01:48:17.688496,516
2026-02-17 01:48:17.696502,513
2026-02-17 01:48:17.704550,513
2026-02-17 01:48:17.712546,510
2026-02-17 01:48:17.720500,508
2026-02-17 01:48:17.728540,498
2026-02-17 01:48:17.736499,506
2026-02-17 01:48:17.744522,515
2026-02-17 01:48:17.752595,509
2026-02-17 01:48:17.760580,511
2026-02-17 01:48:17.768568,514
2026-02-17 01:48:17.776567,516
2026-02-17 01:48:17.784612,514
2026-02-17 01:48:17.792562,505
2026-02-17 01:48:17.800501,509
2026-02-17 01:48:17.808560,508
2026-02-17 01:48:17.816561,503
2026-02-17 01:48:17.824600,509
2026-02-17 01:48:17.832548,507
2026-02-17 01:48:17.840565,513
2026-02-17 01:48:17.850105,503
2026-02-17 01:48:17.856567,503
2026-02-17 01:48:17.864541,513
2026-02-17 01:48:17.872532,519
2026-02-17 01:48:17.880538,521
2026-02-17 01:48:17.888612,509
2026-02-17 01:48:17.896590,511
2026-02-17 01:48:17.904681,512
2026-02-17 01:48:17.912591,500
2026-02-17 01:48:17.920579,508
2026-02-17 01:48:17.928509,509
2026-02-17 01:48:17.936558,511
2026-02-17 01:48:17.944522,516
2026-02-17 01:48:17.952815,514
2026-02-17 01:48:17.960630,510
2026-02-17 01:48:17.968592,514
2026-02-17 01:48:17.976655,515
2026-02-17 01:48:17.984610,516
2026-02-17 01:48:17.992721,511
2026-02-17 01:48:18.000606,514
2026-02-17 01:48:18.008613,517
2026-02-17 01:48:18.016560,514
2026-02-17 01:48:18.024581,523
2026-02-17 01:48:18.032523,508
2026-02-17 01:48:18.040510,509
2026-02-17 01:48:18.048637,515
2026-02-17 01:48:18.056596,514
2026-02-17 01:48:18.064613,521
2026-02-17 01:48:18.072584,509
2026-02-17 01:48:18.080573,515
2026-02-17 01:48:18.088576,512
2026-02-17 01:48:18.096570,511
2026-02-17 01:48:18.104556,516
2026-02-17 01:48:18.112583,511
2026-02-17 01:48:18.120558,516
2026-02-17 01:48:18.128573,508
2026-02-17 01:48:18.136559,515
2026-02-17 01:48:18.144565,504
2026-02-17 01:48:18.152572,512
2026-02-17 01:48:18.160576,517
2026-02-17 01:48:18.168578,516
2026-02-17 01:48:18.176562,515
2026-02-17 01:48:18.184650,519
2026-02-17 01:48:18.192574,523
2026-02-17 01:48:18.200739,504
2026-02-17 01:48:18.208639,514
2026-02-17 01:48:18.216619,520
2026-02-17 01:48:18.224571,517
2026-02-17 01:48:18.232577,512
2026-02-17 01:48:18.240647,514
2026-02-17 01:48:18.248586,511
2026-02-17 01:48:18.256581,512
2026-02-17 01:48:18.264590,512
2026-02-17 01:48:18.272627,514
2026-02-17 01:48:18.280603,517
2026-02-17 01:48:18.288608,512
2026-02-17 01:48:18.296608,517
2026-02-17 01:48:18.304593,514
2026-02-17 01:48:18.312617,517
2026-02-17 01:48:18.320557,510
2026-02-17 01:48:18.328542,509
2026-02-17 01:48:18.336623,504
2026-02-17 01:48:18.344561,512
2026-02-17 01:48:18.352544,515
2026-02-17 01:48:18.360605,517
2026-02-17 01:48:18.368634,521
2026-02-17 01:48:18.376603,510
2026-02-17 01:48:18.384680,515
2026-02-17 01:48:18.392636,510
2026-02-17 01:48:18.400611,513
2026-02-17 01:48:18.408616,521
2026-02-17 01:48:18.416607,516
2026-02-17 01:48:18.424601,524
2026-02-17 01:48:18.432603,502
2026-02-17 01:48:18.440652,511
2026-02-17 01:48:18.448644,512
2026-02-17 01:48:18.456644,509
2026-02-17 01:48:18.464601,515
2026-02-17 01:48:18.472627,507
2026-02-17 01:48:18.480627,516
2026-02-17 01:48:18.488610,509
2026-02-17 01:48:18.496641,512
2026-02-17 01:48:18.504583,520
2026-02-17 01:48:18.512622,511
2026-02-17 01:48:18.520667,508
2026-02-17 01:48:18.528642,508
2026-02-17 01:48:18.536616,508
2026-02-17 01:48:18.544618,499
2026-02-17 01:48:18.552630,505
2026-02-17 01:48:18.560612,502
2026-02-17 01:48:18.568624,511
2026-02-17 01:48:18.576631,504
2026-02-17 01:48:18.584630,508
2026-02-17 01:48:18.592536,514
2026-02-17 01:48:18.600615,508
2026-02-17 01:48:18.608569,515
2026-02-17 01:48:18.616630,512
2026-02-17 01:48:18.624614,508
2026-02-17 01:48:18.632608,508
2026-02-17 01:48:18.640592,506
2026-02-17 01:48:18.648624,509
2026-02-17 01:48:18.656617,511
2026-02-17 01:48:18.664616,509
2026-02-17 01:48:18.672580,509
2026-02-17 01:48:18.680587,505
2026-02-17 01:48:18.688567,509
2026-02-17 01:48:18.696560,511
2026-02-17 01:48:18.704622,510
2026-02-17 01:48:18.712625,515
2026-02-17 01:48:18.720607,507
2026-02-17 01:48:18.728601,508
2026-02-17 01:48:18.736649,505
2026-02-17 01:48:18.744610,510
2026-02-17 01:48:18.752653,506
2026-02-17 01:48:18.760662,502
2026-02-17 01:48:18.768615,513
2026-02-17 01:48:18.776575,513
2026-02-17 01:48:18.784562,517
2026-02-17 01:48:18.792585,514
2026-02-17 01:48:18.800565,520
2026-02-17 01:48:18.808509,507
2026-02-17 01:48:18.816533,520
2026-02-17 01:48:18.824507,523
2026-02-17 01:48:18.832528,519
2026-02-17 01:48:18.840467,515
2026-02-17 01:48:18.848636,523
2026-02-17 01:48:18.856559,509
2026-02-17 01:48:18.864483,509
2026-02-17 01:48:18.872559,515
2026-02-17 01:48:18.880554,508
2026-02-17 01:48:18.888512,515
2026-02-17 01:48:18.896547,517
2026-02-17 01:48:18.904509,507
2026-02-17 01:48:18.912509,513
2026-02-17 01:48:18.920500,511
2026-02-17 01:48:18.928503,515
2026-02-17 01:48:18.936500,519
2026-02-17 01:48:18.944513,515
2026-02-17 01:48:18.952505,513
2026-02-17 01:48:18.960504,517
2026-02-17 01:48:18.968578,509
2026-02-17 01:48:18.976526,512
2026-02-17 01:48:18.984508,509
2026-02-17 01:48:18.992539,506
2026-02-17 01:48:19.000498,510
2026-02-17 01:48:19.008505,517
2026-02-17 01:48:19.016583,513
2026-02-17 01:48:19.024529,514
2026-02-17 01:48:19.032587,512
2026-02-17 01:48:19.040534,519
2026-02-17 01:48:19.048546,525
2026-02-17 01:48:19.056597,516
2026-02-17 01:48:19.064482,513
2026-02-17 01:48:19.072491,508
2026-02-17 01:48:19.080586,510
2026-02-17 01:48:19.088544,516
2026-02-17 01:48:19.096527,513
2026-02-17 01:48:19.104554,521
2026-02-17 01:48:19.112528,513
2026-02-17 01:48:19.120560,513
2026-02-17 01:48:19.128565,514
2026-02-17 01:48:19.136518,512
2026-02-17 01:48:19.144513,513
2026-02-17 01:48:19.152518,516
2026-02-17 01:48:19.160522,509
2026-02-17 01:48:19.168525,515
2026-02-17 01:48:19.176509,513
2026-02-17 01:48:19.184520,511
2026-02-17 01:48:19.192518,502
2026-02-17 01:48:19.200614,507
2026-02-17 01:48:19.208559,508
2026-02-17 01:48:19.216531,512
2026-02-17 01:48:19.224514,516
2026-02-17 01:48:19.232555,509
2026-02-17 01:48:19.240581,506
2026-02-17 01:48:19.248584,503
2026-02-17 01:48:19.256575,501
2026-02-17 01:48:19.264556,502
2026-02-17 01:48:19.272562,504
2026-02-17 01:48:19.280518,508
2026-02-17 01:48:19.288529,511
2026-02-17 01:48:19.296521,513
2026-02-17 01:48:19.304531,514
2026-02-17 01:48:19.312519,512
2026-02-17 01:48:19.320514,513
2026-02-17 01:48:19.328514,513
2026-02-17 01:48:19.336525,516
2026-02-17 01:48:19.344634,516
2026-02-17 01:48:19.352528,513
2026-02-17 01:48:19.360520,502
2026-02-17 01:48:19.368578,503
2026-02-17 01:48:19.376507,510
2026-02-17 01:48:19.384537,510
2026-02-17 01:48:19.392564,511
2026-02-17 01:48:19.400625,508
2026-02-17 01:48:19.408564,513
2026-02-17 01:48:19.416549,510
2026-02-17 01:48:19.424518,519
2026-02-17 01:48:19.432529,523
2026-02-17 01:48:19.440519,516
2026-02-17 01:48:19.448513,517
2026-02-17 01:48:19.456509,523
2026-02-17 01:48:19.464517,506
2026-02-17 01:48:19.472516,515
2026-02-17 01:48:19.480508,519
2026-02-17 01:48:19.488540,514
2026-02-17 01:48:19.496516,514
2026-02-17 01:48:19.504555,510
2026-02-17 01:48:19.512521,510
2026-02-17 01:48:19.520505,514
2026-02-17 01:48:19.528517,515
2026-02-17 01:48:19.536520,515
2026-02-17 01:48:19.544512,511
2026-02-17 01:48:19.552519,511
2026-02-17 01:48:19.560519,509
2026-02-17 01:48:19.568567,510
2026-02-17 01:48:19.576520,511
2026-02-17 01:48:19.584523,499
2026-02-17 01:48:19.592476,503
2026-02-17 01:48:19.600549,509
2026-02-17 01:48:19.608529,511
2026-02-17 01:48:19.616585,514
2026-02-17 01:48:19.624524,512
2026-02-17 01:48:19.632517,520
2026-02-17 01:48:19.640519,503
2026-02-17 01:48:19.648521,511
2026-02-17 01:48:19.656525,517
2026-02-17 01:48:19.664525,509
2026-02-17 01:48:19.672507,511
2026-02-17 01:48:19.680508,505
2026-02-17 01:48:19.688524,512
2026-02-17 01:48:19.696554,499
2026-02-17 01:48:19.704525,509
2026-02-17 01:48:19.712521,511
2026-02-17 01:48:19.720531,514
2026-02-17 01:48:19.728512,516
2026-02-17 01:48:19.736509,520
2026-02-17 01:48:19.744515,518
2026-02-17 01:48:19.752497,499
2026-02-17 01:48:19.760536,503
2026-02-17 01:48:19.768555,510
2026-02-17 01:48:19.776539,511
2026-02-17 01:48:19.784524,506
2026-02-17 01:48:19.792527,512
2026-02-17 01:48:19.800530,511
2026-02-17 01:48:19.808540,513
2026-02-17 01:48:19.816549,507
2026-02-17 01:48:19.824520,502
2026-02-17 01:48:19.832529,511
2026-02-17 01:48:19.840519,511
2026-02-17 01:48:19.848645,512
2026-02-17 01:48:19.856556,505
2026-02-17 01:48:19.864571,509
2026-02-17 01:48:19.872587,506
2026-02-17 01:48:19.880476,510
2026-02-17 01:48:19.888546,501
2026-02-17 01:48:19.896526,511
2026-02-17 01:48:19.904533,515
2026-02-17 01:48:19.912529,511
2026-02-17 01:48:19.920534,513
2026-02-17 01:48:19.928526,513
2026-02-17 01:48:19.936511,501
2026-02-17 01:48:19.944535,520
2026-02-17 01:48:19.952528,515
2026-02-17 01:48:19.960516,517
2026-02-17 01:48:19.968522,520
2026-02-17 01:48:19.976567,520
2026-02-17 01:48:19.984517,514
2026-02-17 01:48:19.992520,503
2026-02-17 01:48:20.000544,497
2026-02-17 01:48:20.008659,509
2026-02-17 01:48:20.016593,504
2026-02-17 01:48:20.024522,517
2026-02-17 01:48:20.032591,513
2026-02-17 01:48:20.040523,511
2026-02-17 01:48:20.048583,517
2026-02-17 01:48:20.056528,515
2026-02-17 01:48:20.064496,519
2026-02-17 01:48:20.072561,518
2026-02-17 01:48:20.080541,517
2026-02-17 01:48:20.088492,516
2026-02-17 01:48:20.096605,520
2026-02-17 01:48:20.104543,521
2026-02-17 01:48:20.112537,515
2026-02-17 01:48:20.120529,512
2026-02-17 01:48:20.128524,517
2026-02-17 01:48:20.136525,515
2026-02-17 01:48:20.144525,514
2026-02-17 01:48:20.152527,510
2026-02-17 01:48:20.160544,506
2026-02-17 01:48:20.168549,507
2026-02-17 01:48:20.176542,502
2026-02-17 01:48:20.184566,505
2026-02-17 01:48:20.192590,512
2026-02-17 01:48:20.200522,507
2026-02-17 01:48:20.208586,517
2026-02-17 01:48:20.216557,503
2026-02-17 01:48:20.224514,506
2026-02-17 01:48:20.232524,505
2026-02-17 01:48:20.240541,513
2026-02-17 01:48:20.248524,514
2026-02-17 01:48:20.256597,512
2026-02-17 01:48:20.264550,513
2026-02-17 01:48:20.272592,512
2026-02-17 01:48:20.280544,510
2026-02-17 01:48:20.288539,509
2026-02-17 01:48:20.296530,508
2026-02-17 01:48:20.304527,516
2026-02-17 01:48:20.312584,508
2026-02-17 01:48:20.320538,513
2026-02-17 01:48:20.328542,517
2026-02-17 01:48:20.336537,509
2026-02-17 01:48:20.344525,512
2026-02-17 01:48:20.352561,511
2026-02-17 01:48:20.360520,511
2026-02-17 01:48:20.368534,521
2026-02-17 01:48:20.376554,510
2026-02-17 01:48:20.384565,512
2026-02-17 01:48:20.392530,510
2026-02-17 01:48:20.400532,517
2026-02-17 01:48:20.408536,520
2026-02-17 01:48:20.416579,515
2026-02-17 01:48:20.424524,519
2026-02-17 01:48:20.432532,512
2026-02-17 01:48:20.440527,513
2026-02-17 01:48:20.448546,502
2026-02-17 01:48:20.456540,510
2026-02-17 01:48:20.464518,518
2026-02-17 01:48:20.472527,516
2026-02-17 01:48:20.480567,515
2026-02-17 01:48:20.488531,515
2026-02-17 01:48:20.496530,514
2026-02-17 01:48:20.504535,515
2026-02-17 01:48:20.512530,509
2026-02-17 01:48:20.520532,514
2026-02-17 01:48:20.528533,506
2026-02-17 01:48:20.536531,499
2026-02-17 01:48:20.544526,506
2026-02-17 01:48:20.552533,510
2026-02-17 01:48:20.560536,515
2026-02-17 01:48:20.568555,505
2026-02-17 01:48:20.576562,508
2026-02-17 01:48:20.584585,511
2026-02-17 01:48:20.592532,506
2026-02-17 01:48:20.600549,507
2026-02-17 01:48:20.608589,512
2026-02-17 01:48:20.616523,511
2026-02-17 01:48:20.624558,509
2026-02-17 01:48:20.632525,506
2026-02-17 01:48:20.640543,506
2026-02-17 01:48:20.648528,516
2026-02-17 01:48:20.656529,522
2026-02-17 01:48:20.664544,517
2026-02-17 01:48:20.672533,516
2026-02-17 01:48:20.680549,518
2026-02-17 01:48:20.688533,510
2026-02-17 01:48:20.696530,511
2026-02-17 01:48:20.704538,517
2026-02-17 01:48:20.712544,513
2026-02-17 01:48:20.720578,520
2026-02-17 01:48:20.728532,512
2026-02-17 01:48:20.736541,505
2026-02-17 01:48:20.744564,513
2026-02-17 01:48:20.752611,507
2026-02-17 01:48:20.760539,506
2026-02-17 01:48:20.768542,505
2026-02-17 01:48:20.776566,513
2026-02-17 01:48:20.784542,507
2026-02-17 01:48:20.792537,513
2026-02-17 01:48:20.800568,514
2026-02-17 01:48:20.808534,519
2026-02-17 01:48:20.816531,512
2026-02-17 01:48:20.824540,505
2026-02-17 01:48:20.832543,511
2026-02-17 01:48:20.840533,509
2026-02-17 01:48:20.848596,506
2026-02-17 01:48:20.856579,506
2026-02-17 01:48:20.864491,505
2026-02-17 01:48:20.872648,512
2026-02-17 01:48:20.880552,518
2026-02-17 01:48:20.888766,519
2026-02-17 01:48:20.896613,519
2026-02-17 01:48:20.904620,519
2026-02-17 01:48:20.912634,511
2026-02-17 01:48:20.920565,509
2026-02-17 01:48:20.928607,516
2026-02-17 01:48:20.936571,512
2026-02-17 01:48:20.944589,512
2026-02-17 01:48:20.952531,513
2026-02-17 01:48:20.960530,508
2026-02-17 01:48:20.968540,513
2026-02-17 01:48:20.976560,507
2026-02-17 01:48:20.984561,514
2026-02-17 01:48:20.992536,518
2026-02-17 01:48:21.000538,513
2026-02-17 01:48:21.008706,520
2026-02-17 01:48:21.016647,510
2026-02-17 01:48:21.024540,513
2026-02-17 01:48:21.032581,500
2026-02-17 01:48:21.040513,508
2026-02-17 01:48:21.048590,512
2026-02-17 01:48:21.056506,511
2026-02-17 01:48:21.064544,508
2026-02-17 01:48:21.072678,510
2026-02-17 01:48:21.080561,506
2026-02-17 01:48:21.088546,512
2026-02-17 01:48:21.096541,515
2026-02-17 01:48:21.104544,519
2026-02-17 01:48:21.112580,517
2026-02-17 01:48:21.120554,514
2026-02-17 01:48:21.128543,515
2026-02-17 01:48:21.136542,504
2026-02-17 01:48:21.144533,508
2026-02-17 01:48:21.152552,503
2026-02-17 01:48:21.160544,515
2026-02-17 01:48:21.168538,513
2026-02-17 01:48:21.176558,516
2026-02-17 01:48:21.184573,523
2026-02-17 01:48:21.192549,516
2026-02-17 01:48:21.200604,507
2026-02-17 01:48:21.208540,509
2026-02-17 01:48:21.216645,513
2026-02-17 01:48:21.224625,515
2026-02-17 01:48:21.232581,510
2026-02-17 01:48:21.240554,520
2026-02-17 01:48:21.248553,504
2026-02-17 01:48:21.256659,505
2026-02-17 01:48:21.264557,511
2026-02-17 01:48:21.272583,508
2026-02-17 01:48:21.280586,510
2026-02-17 01:48:21.288535,515
2026-02-17 01:48:21.296546,509
2026-02-17 01:48:21.304565,522
2026-02-17 01:48:21.312542,510
2026-02-17 01:48:21.320541,512
2026-02-17 01:48:21.328544,520
2026-02-17 01:48:21.336550,508
2026-02-17 01:48:21.344496,515
2026-02-17 01:48:21.352658,514
2026-02-17 01:48:21.360529,511
2026-02-17 01:48:21.368504,509
2026-02-17 01:48:21.376603,509
2026-02-17 01:48:21.384670,514
2026-02-17 01:48:21.392632,513
2026-02-17 01:48:21.400568,512
2026-02-17 01:48:21.408569,512
2026-02-17 01:48:21.416587,514
2026-02-17 01:48:21.424550,502
2026-02-17 01:48:21.432538,503
2026-02-17 01:48:21.440591,508
2026-02-17 01:48:21.448564,510
2026-02-17 01:48:21.456546,511
2026-02-17 01:48:21.464542,511
2026-02-17 01:48:21.472583,508
2026-02-17 01:48:21.480547,511
2026-02-17 01:48:21.488539,516
2026-02-17 01:48:21.496635,510
2026-02-17 01:48:21.504625,515
2026-02-17 01:48:21.512578,506
2026-02-17 01:48:21.520591,507
2026-02-17 01:48:21.528539,510
2026-02-17 01:48:21.536552,503
2026-02-17 01:48:21.544546,506
2026-02-17 01:48:21.552548,506
2026-02-17 01:48:21.560541,505
2026-02-17 01:48:21.568555,513
2026-02-17 01:48:21.576685,513
2026-02-17 01:48:21.584594,509
2026-02-17 01:48:21.592545,506
2026-02-17 01:48:21.600575,506
2026-02-17 01:48:21.608570,507
2026-02-17 01:48:21.616622,514
2026-02-17 01:48:21.624549,510
2026-02-17 01:48:21.632543,503
2026-02-17 01:48:21.640624,506
2026-02-17 01:48:21.648553,515
2026-02-17 01:48:21.656548,505
2026-02-17 01:48:21.664539,510
2026-02-17 01:48:21.672548,506
2026-02-17 01:48:21.680582,498
2026-02-17 01:48:21.688541,509
2026-02-17 01:48:21.696538,513
2026-02-17 01:48:21.704538,517
2026-02-17 01:48:21.712550,514
2026-02-17 01:48:21.720533,512
2026-02-17 01:48:21.728536,512
2026-02-17 01:48:21.736576,507
2026-02-17 01:48:21.744523,518
2026-02-17 01:48:21.752521,513
2026-02-17 01:48:21.760552,516
2026-02-17 01:48:21.768545,521
2026-02-17 01:48:21.776618,516
2026-02-17 01:48:21.784566,519
2026-02-17 01:48:21.792581,515
2026-02-17 01:48:21.800607,504
2026-02-17 01:48:21.808574,511
2026-02-17 01:48:21.816526,514
2026-02-17 01:48:21.824598,514
2026-02-17 01:48:21.832580,516
2026-02-17 01:48:21.840561,515
2026-02-17 01:48:21.848651,520
2026-02-17 01:48:21.856584,519
2026-02-17 01:48:21.864591,512
2026-02-17 01:48:21.872518,521
2026-02-17 01:48:21.880581,511
2026-02-17 01:48:21.888575,512
2026-02-17 01:48:21.896586,511
2026-02-17 01:48:21.904501,512
2026-02-17 01:48:21.912554,509
2026-02-17 01:48:21.920550,505
2026-02-17 01:48:21.928567,508
2026-02-17 01:48:21.936549,501
2026-02-17 01:48:21.944521,507
2026-02-17 01:48:21.952621,515
2026-02-17 01:48:21.960585,506
2026-02-17 01:48:21.968569,511
2026-02-17 01:48:21.976555,513
2026-02-17 01:48:21.984549,519
2026-02-17 01:48:21.992516,517
2026-02-17 01:48:22.000525,518
2026-02-17 01:48:22.008536,516
2026-02-17 01:48:22.016492,506
2026-02-17 01:48:22.024515,508
2026-02-17 01:48:22.032607,510
2026-02-17 01:48:22.040534,504
2026-02-17 01:48:22.048539,511
2026-02-17 01:48:22.056527,511
2026-02-17 01:48:22.064532,518
2026-02-17 01:48:22.072517,511
2026-02-17 01:48:22.080529,508
2026-02-17 01:48:22.088518,508
2026-02-17 01:48:22.096552,514
2026-02-17 01:48:22.104531,517
2026-02-17 01:48:22.112645,517
2026-02-17 01:48:22.120604,513
2026-02-17 01:48:22.128575,516
2026-02-17 01:48:22.136617,516
2026-02-17 01:48:22.144546,519
2026-02-17 01:48:22.152646,509
2026-02-17 01:48:22.160535,517
2026-02-17 01:48:22.168605,516
2026-02-17 01:48:22.176619,522
2026-02-17 01:48:22.184576,518
2026-02-17 01:48:22.192566,515
2026-02-17 01:48:22.200562,510
2026-02-17 01:48:22.208588,511
2026-02-17 01:48:22.216564,509
2026-02-17 01:48:22.224592,516
2026-02-17 01:48:22.232541,511
2026-02-17 01:48:22.240558,517
2026-02-17 01:48:22.248619,503
2026-02-17 01:48:22.256595,503
2026-02-17 01:48:22.264614,514
2026-02-17 01:48:22.272617,510
2026-02-17 01:48:22.280627,516
2026-02-17 01:48:22.288607,514
2026-02-17 01:48:22.296551,514
2026-02-17 01:48:22.304555,514
2026-02-17 01:48:22.312560,509
2026-02-17 01:48:22.320592,509
2026-02-17 01:48:22.328577,506
2026-02-17 01:48:22.336549,509
2026-02-17 01:48:22.344554,509
2026-02-17 01:48:22.352494,509
2026-02-17 01:48:22.360552,516
2026-02-17 01:48:22.368527,517
2026-02-17 01:48:22.376571,503
2026-02-17 01:48:22.384608,511
2026-02-17 01:48:22.392551,519
2026-02-17 01:48:22.400554,517
2026-02-17 01:48:22.408545,513
2026-02-17 01:48:22.416615,508
2026-02-17 01:48:22.424584,512
2026-02-17 01:48:22.432568,513
2026-02-17 01:48:22.440610,518
2026-02-17 01:48:22.448567,509
2026-02-17 01:48:22.456558,503
2026-02-17 01:48:22.464560,507
2026-02-17 01:48:22.472558,509
2026-02-17 01:48:22.480554,513
2026-02-17 01:48:22.488536,515
2026-02-17 01:48:22.496611,509
2026-02-17 01:48:22.504624,515
2026-02-17 01:48:22.512682,518
2026-02-17 01:48:22.520682,518
2026-02-17 01:48:22.528644,516
2026-02-17 01:48:22.536561,514
2026-02-17 01:48:22.544602,519
2026-02-17 01:48:22.552577,511
2026-02-17 01:48:22.560516,513
2026-02-17 01:48:22.568582,513
2026-02-17 01:48:22.576616,508
2026-02-17 01:48:22.584613,512
2026-02-17 01:48:22.592559,508
2026-02-17 01:48:22.600575,515
2026-02-17 01:48:22.608588,514
2026-02-17 01:48:22.616615,510
2026-02-17 01:48:22.624589,518
2026-02-17 01:48:22.632670,503
2026-02-17 01:48:22.640619,513
2026-02-17 01:48:22.648557,515
2026-02-17 01:48:22.656603,507
2026-02-17 01:48:22.664638,517
2026-02-17 01:48:22.672561,508
2026-02-17 01:48:22.680557,506
2026-02-17 01:48:22.688583,503
2026-02-17 01:48:22.696563,513
2026-02-17 01:48:22.704547,512
2026-02-17 01:48:22.712624,521
2026-02-17 01:48:22.720639,511
2026-02-17 01:48:22.728567,518
2026-02-17 01:48:22.736634,514
2026-02-17 01:48:22.744648,516
2026-02-17 01:48:22.752746,508
2026-02-17 01:48:22.760642,505
2026-02-17 01:48:22.768637,507
2026-02-17 01:48:22.776582,519
2026-02-17 01:48:22.784602,517
2026-02-17 01:48:22.792579,508
2026-02-17 01:48:22.800566,513
2026-02-17 01:48:22.808559,516
2026-02-17 01:48:22.816560,516
2026-02-17 01:48:22.824552,514
2026-02-17 01:48:22.832573,516
2026-02-17 01:48:22.840580,510
2026-02-17 01:48:22.848621,508
2026-02-17 01:48:22.856606,516
2026-02-17 01:48:22.864568,520
2026-02-17 01:48:22.872509,506
2026-02-17 01:48:22.880513,510
2026-02-17 01:48:22.888622,512
2026-02-17 01:48:22.896645,509
2026-02-17 01:48:22.904636,519
2026-02-17 01:48:22.912553,515
2026-02-17 01:48:22.920582,517
2026-02-17 01:48:22.928521,520
2026-02-17 01:48:22.936593,523
2026-02-17 01:48:22.944581,513
2026-02-17 01:48:22.952593,510
2026-02-17 01:48:22.960566,511
2026-02-17 01:48:22.968562,513
2026-02-17 01:48:22.976573,510
2026-02-17 01:48:22.984621,505
2026-02-17 01:48:22.992572,505
2026-02-17 01:48:23.000570,507
2026-02-17 01:48:23.008603,511
2026-02-17 01:48:23.016640,510
2026-02-17 01:48:23.024542,512
2026-02-17 01:48:23.032644,513
2026-02-17 01:48:23.040573,507
2026-02-17 01:48:23.048571,512
2026-02-17 01:48:23.056569,510
2026-02-17 01:48:23.064586,509
2026-02-17 01:48:23.072551,507
2026-02-17 01:48:23.080580,506
2026-02-17 01:48:23.088568,508
2026-02-17 01:48:23.096574,514
2026-02-17 01:48:23.104586,514
2026-02-17 01:48:23.112573,509
2026-02-17 01:48:23.120617,516
2026-02-17 01:48:23.128565,515
2026-02-17 01:48:23.136600,513
2026-02-17 01:48:23.144553,519
2026-02-17 01:48:23.152571,510
2026-02-17 01:48:23.160551,507
2026-02-17 01:48:23.168572,510
2026-02-17 01:48:23.176576,509
2026-02-17 01:48:23.184567,513
2026-02-17 01:48:23.192603,510
2026-02-17 01:48:23.200577,505
2026-02-17 01:48:23.208563,501
2026-02-17 01:48:23.216618,507
2026-02-17 01:48:23.224572,513
2026-02-17 01:48:23.232574,507
2026-02-17 01:48:23.240571,507
2026-02-17 01:48:23.248566,517
2026-02-17 01:48:23.256591,513
2026-02-17 01:48:23.264619,515
2026-02-17 01:48:23.272573,518
2026-02-17 01:48:23.280571,507
2026-02-17 01:48:23.288577,505
2026-02-17 01:48:23.296581,502
2026-02-17 01:48:23.304572,507
2026-02-17 01:48:23.312566,511
2026-02-17 01:48:23.320577,511
2026-02-17 01:48:23.328601,513
2026-02-17 01:48:23.336570,513
2026-02-17 01:48:23.344566,511
2026-02-17 01:48:23.352685,512
2026-02-17 01:48:23.360541,512
2026-02-17 01:48:23.368581,516
2026-02-17 01:48:23.376555,509
2026-02-17 01:48:23.384575,505
2026-02-17 01:48:23.392565,507
2026-02-17 01:48:23.400584,502
2026-02-17 01:48:23.408602,503
2026-02-17 01:48:23.416519,514
2026-02-17 01:48:23.424520,521
2026-02-17 01:48:23.432572,523
2026-02-17 01:48:23.440602,511
2026-02-17 01:48:23.448586,516
2026-02-17 01:48:23.456592,514
2026-02-17 01:48:23.464566,515
2026-02-17 01:48:23.472626,515
2026-02-17 01:48:23.480575,514
2026-02-17 01:48:23.488575,503
2026-02-17 01:48:23.496569,505
2026-02-17 01:48:23.504566,510
2026-02-17 01:48:23.512571,506
2026-02-17 01:48:23.520583,512
2026-02-17 01:48:23.528578,517
2026-02-17 01:48:23.536574,522
2026-02-17 01:48:23.544565,516
2026-02-17 01:48:23.552574,520
2026-02-17 01:48:23.560638,513
2026-02-17 01:48:23.568656,511
2026-02-17 01:48:23.576614,515
2026-02-17 01:48:23.584605,515
2026-02-17 01:48:23.592573,502
2026-02-17 01:48:23.600632,510
2026-02-17 01:48:23.608640,514
2026-02-17 01:48:23.616602,506
2026-02-17 01:48:23.624697,514
2026-02-17 01:48:23.632646,520
2026-02-17 01:48:23.640586,524
2026-02-17 01:48:23.648583,518
2026-02-17 01:48:23.656651,514
2026-02-17 01:48:23.664645,509
2026-02-17 01:48:23.672627,505
2026-02-17 01:48:23.680621,505
2026-02-17 01:48:23.688559,505
2026-02-17 01:48:23.696598,504
2026-02-17 01:48:23.704607,504
2026-02-17 01:48:23.712607,507
2026-02-17 01:48:23.720693,509
2026-02-17 01:48:23.728595,510
2026-02-17 01:48:23.736614,502
2026-02-17 01:48:23.744565,501
2026-02-17 01:48:23.752598,497
2026-02-17 01:48:23.760598,485
2026-02-17 01:48:23.768573,496
2026-02-17 01:48:23.776577,495
2026-02-17 01:48:23.784635,487
2026-02-17 01:48:23.792671,498
2026-02-17 01:48:23.800624,502
2026-02-17 01:48:23.808580,510
2026-02-17 01:48:23.816586,498
2026-02-17 01:48:23.824581,505
2026-02-17 01:48:23.832578,508
2026-02-17 01:48:23.840581,517
2026-02-17 01:48:23.849190,520
2026-02-17 01:48:23.856651,514
2026-02-17 01:48:23.864610,512
2026-02-17 01:48:23.872636,514
2026-02-17 01:48:23.880589,513
2026-02-17 01:48:23.888593,506
2026-02-17 01:48:23.896586,514
2026-02-17 01:48:23.904583,516
2026-02-17 01:48:23.912609,517
2026-02-17 01:48:23.920592,520
2026-02-17 01:48:23.928548,522
2026-02-17 01:48:23.936549,525
2026-02-17 01:48:23.944575,520
2026-02-17 01:48:23.952536,518
2026-02-17 01:48:23.960620,511
2026-02-17 01:48:23.968632,516
2026-02-17 01:48:23.976664,518
2026-02-17 01:48:23.984630,523
2026-02-17 01:48:23.992600,516
2026-02-17 01:48:24.000603,522
2026-02-17 01:48:24.008650,530
2026-02-17 01:48:24.016617,531
2026-02-17 01:48:24.024548,525
2026-02-17 01:48:24.032588,520
2026-02-17 01:48:24.040604,523
2026-02-17 01:48:24.048640,517
2026-02-17 01:48:24.056599,525
2026-02-17 01:48:24.064557,524
2026-02-17 01:48:24.072536,516
2026-02-17 01:48:24.080572,511
2026-02-17 01:48:24.088578,522
2026-02-17 01:48:24.096575,518
2026-02-17 01:48:24.104686,516
2026-02-17 01:48:24.112545,522
2026-02-17 01:48:24.120591,522
2026-02-17 01:48:24.128603,517
2026-02-17 01:48:24.136589,515
2026-02-17 01:48:24.144583,518
2026-02-17 01:48:24.152570,515
2026-02-17 01:48:24.160630,519
2026-02-17 01:48:24.168573,519
2026-02-17 01:48:24.176575,513
2026-02-17 01:48:24.184589,516
2026-02-17 01:48:24.192636,509
2026-02-17 01:48:24.200571,516
2026-02-17 01:48:24.208592,519
2026-02-17 01:48:24.216577,513
2026-02-17 01:48:24.224594,517
2026-02-17 01:48:24.232582,515
2026-02-17 01:48:24.240571,504
2026-02-17 01:48:24.248859,513
2026-02-17 01:48:24.256657,513
2026-02-17 01:48:24.264656,515
2026-02-17 01:48:24.272651,514
2026-02-17 01:48:24.280632,510
2026-02-17 01:48:24.288599,512
2026-02-17 01:48:24.296588,507
2026-02-17 01:48:24.304603,514
2026-02-17 01:48:24.312584,514
2026-02-17 01:48:24.320621,515
2026-02-17 01:48:24.328576,515
2026-02-17 01:48:24.336582,514
2026-02-17 01:48:24.344574,512
2026-02-17 01:48:24.352668,515
2026-02-17 01:48:24.360589,515
2026-02-17 01:48:24.368560,510
2026-02-17 01:48:24.376584,513
2026-02-17 01:48:24.384576,511
2026-02-17 01:48:24.392600,508
2026-02-17 01:48:24.400573,508
2026-02-17 01:48:24.408558,515
2026-02-17 01:48:24.416583,513
2026-02-17 01:48:24.424629,510
2026-02-17 01:48:24.432600,508
2026-02-17 01:48:24.440537,510
2026-02-17 01:48:24.448533,521
2026-02-17 01:48:24.456548,506
2026-02-17 01:48:24.464604,518
2026-02-17 01:48:24.472624,513
2026-02-17 01:48:24.480585,508
2026-02-17 01:48:24.488609,511
2026-02-17 01:48:24.496594,512
2026-02-17 01:48:24.504653,520
2026-02-17 01:48:24.512581,518
2026-02-17 01:48:24.520596,509
2026-02-17 01:48:24.528617,518
2026-02-17 01:48:24.536574,512
2026-02-17 01:48:24.544591,515
2026-02-17 01:48:24.552593,516
2026-02-17 01:48:24.560669,517
2026-02-17 01:48:24.568603,512
2026-02-17 01:48:24.576623,508
2026-02-17 01:48:24.584654,515
2026-02-17 01:48:24.592686,514
2026-02-17 01:48:24.600599,515
2026-02-17 01:48:24.608584,510
2026-02-17 01:48:24.616597,507
2026-02-17 01:48:24.624591,509
2026-02-17 01:48:24.632572,514
2026-02-17 01:48:24.640602,514
2026-02-17 01:48:24.648579,516
2026-02-17 01:48:24.656570,509
2026-02-17 01:48:24.664585,516
2026-02-17 01:48:24.672590,517
2026-02-17 01:48:24.680577,520
2026-02-17 01:48:24.688591,514
2026-02-17 01:48:24.696635,505
2026-02-17 01:48:24.704588,506
2026-02-17 01:48:24.712746,503
2026-02-17 01:48:24.720698,506
2026-02-17 01:48:24.728732,509
2026-02-17 01:48:24.736682,507
2026-02-17 01:48:24.744792,516
2026-02-17 01:48:24.752670,510
2026-02-17 01:48:24.760661,509
2026-02-17 01:48:24.768664,515
2026-02-17 01:48:24.776649,513
2026-02-17 01:48:24.784677,510
2026-02-17 01:48:24.792710,506
2026-02-17 01:48:24.800638,512
2026-02-17 01:48:24.808662,513
2026-02-17 01:48:24.816600,513
2026-02-17 01:48:24.824646,510
2026-02-17 01:48:24.832663,506
2026-02-17 01:48:24.840715,512
2026-02-17 01:48:24.850543,513
2026-02-17 01:48:24.856662,513
2026-02-17 01:48:24.864701,519
2026-02-17 01:48:24.872702,515
2026-02-17 01:48:24.880648,507
2026-02-17 01:48:24.888710,512
2026-02-17 01:48:24.896686,511
2026-02-17 01:48:24.904824,502
2026-02-17 01:48:24.912697,494
2026-02-17 01:48:24.920707,509
2026-02-17 01:48:24.928692,514
2026-02-17 01:48:24.936692,510
2026-02-17 01:48:24.944693,514
2026-02-17 01:48:24.952659,512
2026-02-17 01:48:24.960783,509
2026-02-17 01:48:24.968777,515
2026-02-17 01:48:24.976763,520
2026-02-17 01:48:24.984790,518
2026-02-17 01:48:24.992779,517
2026-02-17 01:48:25.000801,510
2026-02-17 01:48:25.009862,520
2026-02-17 01:48:25.016766,511
2026-02-17 01:48:25.024639,517
2026-02-17 01:48:25.032685,516
2026-02-17 01:48:25.040634,514
2026-02-17 01:48:25.048736,515
2026-02-17 01:48:25.056696,517
2026-02-17 01:48:25.064687,517
2026-02-17 01:48:25.072688,514
2026-02-17 01:48:25.080688,514
2026-02-17 01:48:25.088669,516
2026-02-17 01:48:25.096655,513
2026-02-17 01:48:25.104640,512
2026-02-17 01:48:25.112679,516
2026-02-17 01:48:25.120683,496
2026-02-17 01:48:25.128710,512
2026-02-17 01:48:25.136693,510
2026-02-17 01:48:25.144674,515
2026-02-17 01:48:25.152653,519
2026-02-17 01:48:25.160653,519
2026-02-17 01:48:25.168647,505
2026-02-17 01:48:25.176625,515
2026-02-17 01:48:25.184606,514
2026-02-17 01:48:25.192623,510
2026-02-17 01:48:25.200603,515
2026-02-17 01:48:25.208697,504
2026-02-17 01:48:25.216620,507
2026-02-17 01:48:25.224618,511
2026-02-17 01:48:25.232662,511
2026-02-17 01:48:25.240625,517
2026-02-17 01:48:25.248861,509
2026-02-17 01:48:25.256633,507
2026-02-17 01:48:25.264586,517
2026-02-17 01:48:25.272637,518
2026-02-17 01:48:25.280631,511
2026-02-17 01:48:25.288626,508
2026-02-17 01:48:25.296617,513
2026-02-17 01:48:25.304624,513
2026-02-17 01:48:25.312626,500
2026-02-17 01:48:25.320621,510
2026-02-17 01:48:25.328623,506
2026-02-17 01:48:25.336620,514
2026-02-17 01:48:25.344614,518
2026-02-17 01:48:25.352649,514
2026-02-17 01:48:25.360622,510
2026-02-17 01:48:25.368617,518
2026-02-17 01:48:25.376611,514
2026-02-17 01:48:25.384619,515
2026-02-17 01:48:25.392637,516
2026-02-17 01:48:25.400617,514
2026-02-17 01:48:25.408675,521
2026-02-17 01:48:25.416625,512
2026-02-17 01:48:25.424636,514
2026-02-17 01:48:25.432612,516
2026-02-17 01:48:25.440613,513
2026-02-17 01:48:25.448745,520
2026-02-17 01:48:25.456632,510
2026-02-17 01:48:25.464756,519
2026-02-17 01:48:25.472617,514
2026-02-17 01:48:25.480612,512
2026-02-17 01:48:25.488622,514
2026-02-17 01:48:25.496704,509
2026-02-17 01:48:25.504633,506
2026-02-17 01:48:25.512622,512
2026-02-17 01:48:25.520618,515
2026-02-17 01:48:25.528716,509
2026-02-17 01:48:25.536705,511
2026-02-17 01:48:25.544691,514
2026-02-17 01:48:25.552670,511
2026-02-17 01:48:25.560609,520
2026-02-17 01:48:25.568656,525
2026-02-17 01:48:25.576581,514
2026-02-17 01:48:25.584663,515
2026-02-17 01:48:25.592675,513
2026-02-17 01:48:25.600701,513
2026-02-17 01:48:25.608653,505
2026-02-17 01:48:25.616672,510
2026-02-17 01:48:25.624601,510
2026-02-17 01:48:25.632622,505
2026-02-17 01:48:25.640641,513
2026-02-17 01:48:25.648598,512
2026-02-17 01:48:25.656581,512
2026-02-17 01:48:25.664597,516
2026-02-17 01:48:25.672607,517
2026-02-17 01:48:25.680619,516
2026-02-17 01:48:25.688599,512
2026-02-17 01:48:25.696644,501
2026-02-17 01:48:25.704596,511
2026-02-17 01:48:25.712593,506
2026-02-17 01:48:25.720593,510
2026-02-17 01:48:25.728595,518
2026-02-17 01:48:25.736597,508
2026-02-17 01:48:25.744604,512
2026-02-17 01:48:25.752580,513
2026-02-17 01:48:25.760600,512
2026-02-17 01:48:25.768559,517
2026-02-17 01:48:25.776579,518
2026-02-17 01:48:25.784647,513
2026-02-17 01:48:25.792683,516
2026-02-17 01:48:25.800621,513
2026-02-17 01:48:25.808649,512
2026-02-17 01:48:25.816589,514
2026-02-17 01:48:25.824605,497
2026-02-17 01:48:25.832638,510
2026-02-17 01:48:25.840597,512
2026-02-17 01:48:25.848662,514
2026-02-17 01:48:25.856673,518
2026-02-17 01:48:25.864661,512
2026-02-17 01:48:25.872615,515
2026-02-17 01:48:25.880651,518
2026-02-17 01:48:25.888545,512
2026-02-17 01:48:25.896633,518
2026-02-17 01:48:25.904606,517
2026-02-17 01:48:25.912616,521
2026-02-17 01:48:25.920612,510
2026-02-17 01:48:25.928601,511
2026-02-17 01:48:25.936635,520
2026-02-17 01:48:25.944610,519
2026-02-17 01:48:25.952607,511
2026-02-17 01:48:25.960657,517
2026-02-17 01:48:25.968603,518
2026-02-17 01:48:25.976621,515
2026-02-17 01:48:25.984620,516
2026-02-17 01:48:25.992629,510
2026-02-17 01:48:26.000635,508
2026-02-17 01:48:26.008624,513
2026-02-17 01:48:26.016668,513
2026-02-17 01:48:26.024641,509
2026-02-17 01:48:26.032677,512
2026-02-17 01:48:26.040645,518
2026-02-17 01:48:26.048627,515
2026-02-17 01:48:26.056720,511
2026-02-17 01:48:26.064693,508
2026-02-17 01:48:26.072644,511
2026-02-17 01:48:26.080636,514
2026-02-17 01:48:26.088608,516
2026-02-17 01:48:26.096664,519
2026-02-17 01:48:26.104612,501
2026-02-17 01:48:26.112631,500
2026-02-17 01:48:26.120602,511
2026-02-17 01:48:26.128655,511
2026-02-17 01:48:26.136628,511
2026-02-17 01:48:26.144599,513
2026-02-17 01:48:26.152599,503
2026-02-17 01:48:26.160614,512
2026-02-17 01:48:26.168607,514
2026-02-17 01:48:26.176611,518
2026-02-17 01:48:26.184602,523
2026-02-17 01:48:26.192614,514
2026-02-17 01:48:26.200682,504
2026-02-17 01:48:26.208623,504
2026-02-17 01:48:26.216630,510
2026-02-17 01:48:26.224603,516
2026-02-17 01:48:26.232605,506
2026-02-17 01:48:26.240619,506
2026-02-17 01:48:26.248589,504
2026-02-17 01:48:26.256635,505
2026-02-17 01:48:26.264664,503
2026-02-17 01:48:26.272617,502
2026-02-17 01:48:26.280637,512
2026-02-17 01:48:26.288607,517
2026-02-17 01:48:26.296606,513
2026-02-17 01:48:26.304614,507
2026-02-17 01:48:26.312616,510
2026-02-17 01:48:26.320610,501
2026-02-17 01:48:26.328621,499
2026-02-17 01:48:26.336607,505
2026-02-17 01:48:26.344612,500
2026-02-17 01:48:26.352558,501
2026-02-17 01:48:26.360552,498
2026-02-17 01:48:26.368616,508
2026-02-17 01:48:26.376620,512
2026-02-17 01:48:26.384626,519
2026-02-17 01:48:26.392608,520
2026-02-17 01:48:26.400635,519
2026-02-17 01:48:26.408617,518
2026-02-17 01:48:26.416612,517
2026-02-17 01:48:26.424610,523
2026-02-17 01:48:26.432604,516
2026-02-17 01:48:26.440606,523
2026-02-17 01:48:26.448601,515
2026-02-17 01:48:26.456613,517
2026-02-17 01:48:26.464609,514
2026-02-17 01:48:26.472565,521
2026-02-17 01:48:26.480595,520
2026-02-17 01:48:26.488609,513
2026-02-17 01:48:26.496614,516
2026-02-17 01:48:26.504608,513
2026-02-17 01:48:26.512609,518
2026-02-17 01:48:26.520628,515
2026-02-17 01:48:26.528602,515
2026-02-17 01:48:26.536659,513
2026-02-17 01:48:26.544614,519
2026-02-17 01:48:26.552617,510
2026-02-17 01:48:26.560617,515
2026-02-17 01:48:26.568607,520
2026-02-17 01:48:26.576611,516
2026-02-17 01:48:26.584624,513
2026-02-17 01:48:26.592613,511
2026-02-17 01:48:26.600634,514
2026-02-17 01:48:26.608630,513
2026-02-17 01:48:26.616614,516
2026-02-17 01:48:26.624654,520
2026-02-17 01:48:26.632623,515
2026-02-17 01:48:26.640607,515
2026-02-17 01:48:26.648600,513
2026-02-17 01:48:26.656663,506
2026-02-17 01:48:26.664786,511
2026-02-17 01:48:26.674122,514
2026-02-17 01:48:26.680763,512
2026-02-17 01:48:26.688665,514
2026-02-17 01:48:26.696765,505
2026-02-17 01:48:26.704683,515
2026-02-17 01:48:26.712670,506
2026-02-17 01:48:26.720631,519
2026-02-17 01:48:26.728648,522
2026-02-17 01:48:26.736651,510
2026-02-17 01:48:26.744652,514
2026-02-17 01:48:26.752668,504
2026-02-17 01:48:26.760633,504
2026-02-17 01:48:26.768664,509
2026-02-17 01:48:26.776660,499
2026-02-17 01:48:26.784665,500
2026-02-17 01:48:26.792649,499
2026-02-17 01:48:26.800622,503
2026-02-17 01:48:26.808656,511
2026-02-17 01:48:26.816750,510
2026-02-17 01:48:26.824653,507
2026-02-17 01:48:26.832714,512
2026-02-17 01:48:26.840639,519
2026-02-17 01:48:26.848704,515
2026-02-17 01:48:26.856664,518
2026-02-17 01:48:26.864622,518
2026-02-17 01:48:26.872650,520
2026-02-17 01:48:26.880649,517
2026-02-17 01:48:26.888657,518
2026-02-17 01:48:26.896646,520
2026-02-17 01:48:26.904640,524
2026-02-17 01:48:26.912662,517
2026-02-17 01:48:26.920637,525
2026-02-17 01:48:26.928643,519
2026-02-17 01:48:26.936622,517
2026-02-17 01:48:26.944657,522
2026-02-17 01:48:26.952674,514
2026-02-17 01:48:26.960652,518
2026-02-17 01:48:26.968610,519
2026-02-17 01:48:26.976603,519
2026-02-17 01:48:26.984605,514
2026-02-17 01:48:26.992597,510
2026-02-17 01:48:27.000648,511
2026-02-17 01:48:27.008606,519
2026-02-17 01:48:27.016558,517
2026-02-17 01:48:27.024577,516
2026-02-17 01:48:27.032696,508
2026-02-17 01:48:27.040625,515
2026-02-17 01:48:27.048656,524
2026-02-17 01:48:27.056615,526
2026-02-17 01:48:27.064640,521
2026-02-17 01:48:27.072600,514
2026-02-17 01:48:27.080593,519
2026-02-17 01:48:27.088631,508
2026-02-17 01:48:27.096614,519
2026-02-17 01:48:27.104643,518
2026-02-17 01:48:27.112698,523
2026-02-17 01:48:27.120693,513
2026-02-17 01:48:27.128618,519
2026-02-17 01:48:27.136727,514
2026-02-17 01:48:27.144660,512
2026-02-17 01:48:27.152638,515
2026-02-17 01:48:27.160665,519
2026-02-17 01:48:27.168660,520
2026-02-17 01:48:27.176740,507
2026-02-17 01:48:27.184749,511
2026-02-17 01:48:27.192824,513
2026-02-17 01:48:27.200758,518
2026-02-17 01:48:27.208725,523
2026-02-17 01:48:27.216738,523
2026-02-17 01:48:27.224747,520
2026-02-17 01:48:27.232720,515
2026-02-17 01:48:27.240692,508
2026-02-17 01:48:27.249482,512
2026-02-17 01:48:27.256707,509
2026-02-17 01:48:27.264725,513
2026-02-17 01:48:27.272755,516
2026-02-17 01:48:27.280702,505
2026-02-17 01:48:27.288697,515
2026-02-17 01:48:27.296694,519
2026-02-17 01:48:27.304702,520
2026-02-17 01:48:27.312716,525
2026-02-17 01:48:27.320717,520
2026-02-17 01:48:27.328755,520
2026-02-17 01:48:27.336703,517
2026-02-17 01:48:27.344698,514
2026-02-17 01:48:27.352681,516
2026-02-17 01:48:27.360669,516
2026-02-17 01:48:27.368734,506
2026-02-17 01:48:27.376774,514
2026-02-17 01:48:27.384793,518
2026-02-17 01:48:27.392741,510
2026-02-17 01:48:27.400753,514
2026-02-17 01:48:27.408753,521
2026-02-17 01:48:27.416719,514
2026-02-17 01:48:27.424743,518
2026-02-17 01:48:27.432744,519
2026-02-17 01:48:27.440704,523
2026-02-17 01:48:27.448751,503
2026-02-17 01:48:27.456755,512
2026-02-17 01:48:27.464716,507
2026-02-17 01:48:27.472738,512
2026-02-17 01:48:27.480723,505
2026-02-17 01:48:27.488649,510
2026-02-17 01:48:27.496660,511
2026-02-17 01:48:27.504583,513
2026-02-17 01:48:27.512635,504
2026-02-17 01:48:27.520663,510
2026-02-17 01:48:27.528619,507
2026-02-17 01:48:27.536639,504
2026-02-17 01:48:27.544662,508
2026-02-17 01:48:27.552665,499
2026-02-17 01:48:27.560689,504
2026-02-17 01:48:27.568700,510
2026-02-17 01:48:27.576664,507
2026-02-17 01:48:27.584578,509
2026-02-17 01:48:27.592628,510
2026-02-17 01:48:27.600710,507
2026-02-17 01:48:27.608628,514
2026-02-17 01:48:27.616621,515
2026-02-17 01:48:27.624678,526
2026-02-17 01:48:27.632648,512
2026-02-17 01:48:27.640654,513
2026-02-17 01:48:27.648624,515
2026-02-17 01:48:27.656612,508
2026-02-17 01:48:27.664622,513
2026-02-17 01:48:27.672628,505
2026-02-17 01:48:27.680628,509
2026-02-17 01:48:27.688633,511
2026-02-17 01:48:27.696663,516
2026-02-17 01:48:27.704623,512
2026-02-17 01:48:27.712660,517
2026-02-17 01:48:27.720605,508
2026-02-17 01:48:27.728667,509
2026-02-17 01:48:27.736670,512
2026-02-17 01:48:27.744625,518
2026-02-17 01:48:27.752660,517
2026-02-17 01:48:27.760629,506
2026-02-17 01:48:27.768608,510
2026-02-17 01:48:27.776614,511
2026-02-17 01:48:27.784635,514
2026-02-17 01:48:27.792620,525
2026-02-17 01:48:27.800659,517
2026-02-17 01:48:27.808688,513
2026-02-17 01:48:27.816629,509
2026-02-17 01:48:27.824624,512
2026-02-17 01:48:27.832656,510
2026-02-17 01:48:27.840617,511
2026-02-17 01:48:27.849000,511
2026-02-17 01:48:27.856634,509
2026-02-17 01:48:27.864736,504
2026-02-17 01:48:27.872717,512
2026-02-17 01:48:27.880685,507
2026-02-17 01:48:27.888613,519
2026-02-17 01:48:27.896591,523
2026-02-17 01:48:27.904646,516
2026-02-17 01:48:27.912641,518
2026-02-17 01:48:27.920627,516
2026-02-17 01:48:27.928633,516
2026-02-17 01:48:27.936624,518
2026-02-17 01:48:27.944638,514
2026-02-17 01:48:27.952560,509
2026-02-17 01:48:27.960627,508
2026-02-17 01:48:27.968626,515
2026-02-17 01:48:27.976649,504
2026-02-17 01:48:27.984668,513
2026-02-17 01:48:27.992620,515
2026-02-17 01:48:28.000630,520
2026-02-17 01:48:28.008735,517
2026-02-17 01:48:28.016711,513
2026-02-17 01:48:28.024684,516
2026-02-17 01:48:28.032598,515
2026-02-17 01:48:28.040700,517
2026-02-17 01:48:28.048773,505
2026-02-17 01:48:28.056737,509
2026-02-17 01:48:28.064720,508
2026-02-17 01:48:28.072680,510
2026-02-17 01:48:28.080699,515
2026-02-17 01:48:28.088644,521
2026-02-17 01:48:28.096673,519
2026-02-17 01:48:28.104637,513
2026-02-17 01:48:28.112696,519
2026-02-17 01:48:28.120621,512
2026-02-17 01:48:28.128638,518
2026-02-17 01:48:28.136648,516
2026-02-17 01:48:28.144673,514
2026-02-17 01:48:28.152630,507
2026-02-17 01:48:28.160636,507
2026-02-17 01:48:28.168634,509
2026-02-17 01:48:28.176640,512
2026-02-17 01:48:28.184632,515
2026-02-17 01:48:28.192633,514
2026-02-17 01:48:28.200640,517
2026-02-17 01:48:28.208700,508
2026-02-17 01:48:28.216626,508
2026-02-17 01:48:28.224655,510
2026-02-17 01:48:28.232628,515
2026-02-17 01:48:28.240660,514
2026-02-17 01:48:28.248617,515
2026-02-17 01:48:28.256669,506
2026-02-17 01:48:28.264668,517
2026-02-17 01:48:28.272645,512
2026-02-17 01:48:28.280685,503
2026-02-17 01:48:28.288644,510
2026-02-17 01:48:28.296645,511
2026-02-17 01:48:28.304634,513
2026-02-17 01:48:28.312634,514
2026-02-17 01:48:28.320644,511
2026-02-17 01:48:28.328634,508
2026-02-17 01:48:28.336642,506
2026-02-17 01:48:28.344637,507
2026-02-17 01:48:28.352655,509
2026-02-17 01:48:28.360591,506
2026-02-17 01:48:28.368586,513
2026-02-17 01:48:28.376590,508
2026-02-17 01:48:28.384616,508
2026-02-17 01:48:28.392650,514
2026-02-17 01:48:28.400628,507
2026-02-17 01:48:28.408647,513
2026-02-17 01:48:28.416652,513
2026-02-17 01:48:28.424656,515
2026-02-17 01:48:28.432645,503
2026-02-17 01:48:28.440634,509
2026-02-17 01:48:28.448635,505
2026-02-17 01:48:28.456644,504
2026-02-17 01:48:28.464638,514
2026-02-17 01:48:28.472652,509
2026-02-17 01:48:28.480697,520
2026-02-17 01:48:28.488647,509
2026-02-17 01:48:28.496639,511
2026-02-17 01:48:28.504635,520
2026-02-17 01:48:28.512616,513
2026-02-17 01:48:28.520677,515
2026-02-17 01:48:28.528576,516
2026-02-17 01:48:28.536631,513
2026-02-17 01:48:28.544632,506
2026-02-17 01:48:28.552637,505
2026-02-17 01:48:28.560651,508
2026-02-17 01:48:28.568648,514
2026-02-17 01:48:28.576644,515
2026-02-17 01:48:28.584630,516
2026-02-17 01:48:28.592582,512
2026-02-17 01:48:28.600658,509
2026-02-17 01:48:28.608660,507
2026-02-17 01:48:28.616647,502
2026-02-17 01:48:28.624648,507
2026-02-17 01:48:28.632644,503
2026-02-17 01:48:28.640695,502
2026-02-17 01:48:28.648647,511
2026-02-17 01:48:28.656638,504
2026-02-17 01:48:28.664621,510
2026-02-17 01:48:28.672643,520
2026-02-17 01:48:28.680638,519
2026-02-17 01:48:28.688647,524
2026-02-17 01:48:28.696642,509
2026-02-17 01:48:28.704645,510
2026-02-17 01:48:28.712632,513
2026-02-17 01:48:28.720629,511
2026-02-17 01:48:28.728623,513
2026-02-17 01:48:28.736636,515
2026-02-17 01:48:28.744639,514
2026-02-17 01:48:28.752658,509
2026-02-17 01:48:28.760728,511
2026-02-17 01:48:28.768644,511
2026-02-17 01:48:28.776700,510
2026-02-17 01:48:28.784799,511
2026-02-17 01:48:28.792722,509
2026-02-17 01:48:28.800703,517
2026-02-17 01:48:28.808694,507
2026-02-17 01:48:28.816659,510
2026-02-17 01:48:28.824649,507
2026-02-17 01:48:28.832684,508
2026-02-17 01:48:28.840655,509
2026-02-17 01:48:28.849421,514
2026-02-17 01:48:28.856760,514
2026-02-17 01:48:28.864745,516
2026-02-17 01:48:28.872714,507
2026-02-17 01:48:28.880673,509
2026-02-17 01:48:28.888640,511
2026-02-17 01:48:28.896631,503
2026-02-17 01:48:28.904603,508
2026-02-17 01:48:28.912575,512
2026-02-17 01:48:28.920650,508
2026-02-17 01:48:28.928640,515
2026-02-17 01:48:28.936650,507
2026-02-17 01:48:28.944635,509
2026-02-17 01:48:28.952632,509
2026-02-17 01:48:28.960631,520
2026-02-17 01:48:28.968594,515
2026-02-17 01:48:28.976642,519
2026-02-17 01:48:28.984666,520
2026-02-17 01:48:28.992647,511
2026-02-17 01:48:29.000639,511
2026-02-17 01:48:29.008709,509
2026-02-17 01:48:29.016650,505
2026-02-17 01:48:29.024646,516
2026-02-17 01:48:29.032600,514
2026-02-17 01:48:29.040639,512
2026-02-17 01:48:29.048700,509
2026-02-17 01:48:29.056741,512
2026-02-17 01:48:29.064722,508
2026-02-17 01:48:29.072648,512
2026-02-17 01:48:29.080666,515
2026-02-17 01:48:29.088657,515
2026-02-17 01:48:29.096653,513
2026-02-17 01:48:29.104646,516
2026-02-17 01:48:29.112690,504
2026-02-17 01:48:29.120637,500
2026-02-17 01:48:29.128648,504
2026-02-17 01:48:29.136640,512
2026-02-17 01:48:29.144650,508
2026-02-17 01:48:29.152640,513
2026-02-17 01:48:29.160587,513
2026-02-17 01:48:29.168591,510
2026-02-17 01:48:29.176649,492
2026-02-17 01:48:29.184657,506
2026-02-17 01:48:29.192622,511
2026-02-17 01:48:29.200620,513
2026-02-17 01:48:29.208653,514
2026-02-17 01:48:29.216645,510
2026-02-17 01:48:29.224631,510
2026-02-17 01:48:29.232684,504
2026-02-17 01:48:29.240643,508
2026-02-17 01:48:29.248628,506
2026-02-17 01:48:29.256650,512
2026-02-17 01:48:29.264585,516
2026-02-17 01:48:29.272576,519
2026-02-17 01:48:29.280638,515
2026-02-17 01:48:29.288605,512
2026-02-17 01:48:29.296596,512
2026-02-17 01:48:29.304640,509
2026-02-17 01:48:29.312633,509
2026-02-17 01:48:29.320649,513
2026-02-17 01:48:29.328641,506
2026-02-17 01:48:29.336637,502
2026-02-17 01:48:29.344638,510
2026-02-17 01:48:29.352591,505
2026-02-17 01:48:29.360639,508
2026-02-17 01:48:29.368657,511
2026-02-17 01:48:29.376718,512
2026-02-17 01:48:29.384673,508
2026-02-17 01:48:29.392693,512
2026-02-17 01:48:29.400664,515
2026-02-17 01:48:29.408651,516
2026-02-17 01:48:29.416646,510
2026-02-17 01:48:29.424646,517
2026-02-17 01:48:29.432708,514
2026-02-17 01:48:29.440706,504
2026-02-17 01:48:29.448661,511
2026-02-17 01:48:29.456664,518
2026-02-17 01:48:29.464645,523
2026-02-17 01:48:29.472655,519
2026-02-17 01:48:29.480634,516
2026-02-17 01:48:29.488675,515
2026-02-17 01:48:29.496707,511
2026-02-17 01:48:29.504737,508
2026-02-17 01:48:29.512653,511
2026-02-17 01:48:29.520704,514
2026-02-17 01:48:29.528697,510
2026-02-17 01:48:29.536685,512
2026-02-17 01:48:29.544746,518
2026-02-17 01:48:29.552732,519
2026-02-17 01:48:29.560631,513
2026-02-17 01:48:29.568656,516
2026-02-17 01:48:29.576770,515
2026-02-17 01:48:29.584720,509
2026-02-17 01:48:29.592819,510
2026-02-17 01:48:29.600731,511
2026-02-17 01:48:29.608695,507
2026-02-17 01:48:29.616667,502
2026-02-17 01:48:29.624748,506
2026-02-17 01:48:29.632712,508
2026-02-17 01:48:29.640757,502
2026-02-17 01:48:29.648718,510
2026-02-17 01:48:29.656745,510
2026-02-17 01:48:29.664742,515
2026-02-17 01:48:29.672757,500
2026-02-17 01:48:29.680637,509
2026-02-17 01:48:29.688709,514
2026-02-17 01:48:29.696735,517
2026-02-17 01:48:29.704759,516
2026-02-17 01:48:29.712757,508
2026-02-17 01:48:29.720731,506
2026-02-17 01:48:29.728719,498
2026-02-17 01:48:29.736749,508
2026-02-17 01:48:29.744747,506
2026-02-17 01:48:29.752778,507
2026-02-17 01:48:29.760783,520
2026-02-17 01:48:29.768784,515
2026-02-17 01:48:29.776763,517
2026-02-17 01:48:29.784859,516
2026-02-17 01:48:29.792782,512
2026-02-17 01:48:29.800766,510
2026-02-17 01:48:29.808782,506
2026-02-17 01:48:29.816765,500
2026-02-17 01:48:29.824765,505
2026-02-17 01:48:29.832781,502
2026-02-17 01:48:29.840743,502
2026-02-17 01:48:29.848998,506
2026-02-17 01:48:29.856770,514
2026-02-17 01:48:29.864759,519
2026-02-17 01:48:29.872745,514
2026-02-17 01:48:29.880750,519
2026-02-17 01:48:29.888720,530
2026-02-17 01:48:29.896740,508
2026-02-17 01:48:29.904764,518
2026-02-17 01:48:29.912712,516
2026-02-17 01:48:29.920738,509
2026-02-17 01:48:29.928774,508
2026-02-17 01:48:29.936698,511
2026-02-17 01:48:29.944776,510
2026-02-17 01:48:29.952780,512
2026-02-17 01:48:29.960892,516
2026-02-17 01:48:29.968844,518
2026-02-17 01:48:29.976774,516
2026-02-17 01:48:29.984890,518
2026-02-17 01:48:29.992815,512
2026-02-17 01:48:30.000726,504
2026-02-17 01:48:30.008762,510
2026-02-17 01:48:30.016712,506
2026-02-17 01:48:30.024760,503
2026-02-17 01:48:30.032682,505
2026-02-17 01:48:30.040730,502
2026-02-17 01:48:30.048742,508
2026-02-17 01:48:30.056760,509
2026-02-17 01:48:30.064741,503
2026-02-17 01:48:30.072801,506
2026-02-17 01:48:30.080838,510
2026-02-17 01:48:30.088772,512
2026-02-17 01:48:30.096778,506
2026-02-17 01:48:30.104753,509
2026-02-17 01:48:30.112772,511
2026-02-17 01:48:30.120779,512
2026-02-17 01:48:30.128716,510
2026-02-17 01:48:30.136723,517
2026-02-17 01:48:30.144751,517
2026-02-17 01:48:30.152747,506
2026-02-17 01:48:30.160718,510
2026-02-17 01:48:30.168711,514
2026-02-17 01:48:30.176693,506
2026-02-17 01:48:30.184735,511
2026-02-17 01:48:30.192859,512
2026-02-17 01:48:30.200788,508
2026-02-17 01:48:30.208791,504
2026-02-17 01:48:30.216770,499
2026-02-17 01:48:30.224775,505
2026-02-17 01:48:30.232761,496
2026-02-17 01:48:30.240728,492
2026-02-17 01:48:30.248797,493
2026-02-17 01:48:30.256774,496
2026-02-17 01:48:30.264708,500
2026-02-17 01:48:30.272749,503
2026-02-17 01:48:30.280786,498
2026-02-17 01:48:30.288723,502
2026-02-17 01:48:30.296699,506
2026-02-17 01:48:30.304718,509
2026-02-17 01:48:30.312707,512
2026-02-17 01:48:30.320690,504
2026-02-17 01:48:30.328657,508
2026-02-17 01:48:30.336673,512
2026-02-17 01:48:30.344686,512
2026-02-17 01:48:30.352605,515
2026-02-17 01:48:30.360716,506
2026-02-17 01:48:30.368699,510
2026-02-17 01:48:30.376657,516
2026-02-17 01:48:30.384651,523
2026-02-17 01:48:30.392708,519
2026-02-17 01:48:30.400678,508
2026-02-17 01:48:30.408699,506
2026-02-17 01:48:30.416735,513
2026-02-17 01:48:30.424708,509
2026-02-17 01:48:30.432677,512
2026-02-17 01:48:30.440683,511
2026-02-17 01:48:30.448672,509
2026-02-17 01:48:30.456670,512
2026-02-17 01:48:30.464661,512
2026-02-17 01:48:30.472657,518
2026-02-17 01:48:30.480660,507
2026-02-17 01:48:30.488661,519
2026-02-17 01:48:30.496662,513
2026-02-17 01:48:30.504671,515
2026-02-17 01:48:30.512688,514
2026-02-17 01:48:30.520661,501
2026-02-17 01:48:30.528661,513
2026-02-17 01:48:30.536617,511
2026-02-17 01:48:30.544616,516
2026-02-17 01:48:30.552610,517
2026-02-17 01:48:30.560717,519
2026-02-17 01:48:30.568788,516
2026-02-17 01:48:30.576731,514
2026-02-17 01:48:30.584713,515
2026-02-17 01:48:30.592643,516
2026-02-17 01:48:30.600682,512
2026-02-17 01:48:30.608698,512
2026-02-17 01:48:30.616701,512
2026-02-17 01:48:30.624741,510
2026-02-17 01:48:30.632727,507
2026-02-17 01:48:30.640665,512
2026-02-17 01:48:30.648665,506
2026-02-17 01:48:30.656667,513
2026-02-17 01:48:30.664675,519
2026-02-17 01:48:30.672663,522
2026-02-17 01:48:30.680648,519
2026-02-17 01:48:30.688675,526
2026-02-17 01:48:30.696660,516
2026-02-17 01:48:30.704670,516
2026-02-17 01:48:30.712664,517
2026-02-17 01:48:30.720659,511
2026-02-17 01:48:30.728657,514
2026-02-17 01:48:30.736675,512
2026-02-17 01:48:30.744661,516
2026-02-17 01:48:30.752689,520
2026-02-17 01:48:30.760600,518
2026-02-17 01:48:30.768672,525
2026-02-17 01:48:30.776665,516
2026-02-17 01:48:30.784683,517
2026-02-17 01:48:30.792721,518
2026-02-17 01:48:30.800701,516
2026-02-17 01:48:30.808670,510
2026-02-17 01:48:30.816747,517
2026-02-17 01:48:30.824673,508
2026-02-17 01:48:30.832661,508
2026-02-17 01:48:30.840674,512
2026-02-17 01:48:30.848758,505
2026-02-17 01:48:30.856688,514
2026-02-17 01:48:30.864762,519
2026-02-17 01:48:30.872687,519
2026-02-17 01:48:30.880734,518
2026-02-17 01:48:30.888706,515
2026-02-17 01:48:30.896708,518
2026-02-17 01:48:30.904617,518
2026-02-17 01:48:30.912667,505
2026-02-17 01:48:30.920668,506
2026-02-17 01:48:30.928675,507
2026-02-17 01:48:30.936670,512
2026-02-17 01:48:30.944681,510
2026-02-17 01:48:30.952672,512
2026-02-17 01:48:30.960666,513
2026-02-17 01:48:30.968671,510
2026-02-17 01:48:30.976702,521
2026-02-17 01:48:30.984674,518
2026-02-17 01:48:30.992696,509
2026-02-17 01:48:31.000660,512
2026-02-17 01:48:31.008774,513
2026-02-17 01:48:31.016701,515
2026-02-17 01:48:31.024666,509
2026-02-17 01:48:31.032624,510
2026-02-17 01:48:31.040709,516
2026-02-17 01:48:31.048686,512
2026-02-17 01:48:31.056761,506
2026-02-17 01:48:31.064656,511
2026-02-17 01:48:31.072738,508
2026-02-17 01:48:31.080704,514
2026-02-17 01:48:31.088697,524
2026-02-17 01:48:31.096677,517
2026-02-17 01:48:31.104678,521
2026-02-17 01:48:31.112699,511
2026-02-17 01:48:31.120725,509
2026-02-17 01:48:31.128650,508
2026-02-17 01:48:31.136665,515
2026-02-17 01:48:31.144696,513
2026-02-17 01:48:31.152689,516
2026-02-17 01:48:31.160800,514
2026-02-17 01:48:31.168738,512
2026-02-17 01:48:31.176759,517
2026-02-17 01:48:31.184742,518
2026-02-17 01:48:31.192701,510
2026-02-17 01:48:31.200696,515
2026-02-17 01:48:31.208688,509
2026-02-17 01:48:31.216714,505
2026-02-17 01:48:31.224680,513
2026-02-17 01:48:31.232713,513
2026-02-17 01:48:31.240680,500
2026-02-17 01:48:31.248701,498
2026-02-17 01:48:31.256701,504
2026-02-17 01:48:31.264677,517
2026-02-17 01:48:31.272673,518
2026-02-17 01:48:31.280712,510
2026-02-17 01:48:31.288664,520
2026-02-17 01:48:31.296737,515
2026-02-17 01:48:31.304679,512
2026-02-17 01:48:31.312675,513
2026-02-17 01:48:31.320692,514
2026-02-17 01:48:31.328683,510
2026-02-17 01:48:31.336674,506
2026-02-17 01:48:31.344678,506
2026-02-17 01:48:31.352693,507
2026-02-17 01:48:31.360677,512
2026-02-17 01:48:31.368636,517
2026-02-17 01:48:31.376655,516
2026-02-17 01:48:31.384683,516
2026-02-17 01:48:31.392674,516
2026-02-17 01:48:31.400722,513
2026-02-17 01:48:31.408680,504
2026-02-17 01:48:31.416743,508
2026-02-17 01:48:31.424735,513
2026-02-17 01:48:31.432677,508
2026-02-17 01:48:31.440681,504
2026-02-17 01:48:31.448683,509
2026-02-17 01:48:31.456822,510
2026-02-17 01:48:31.464775,518
2026-02-17 01:48:31.472754,514
2026-02-17 01:48:31.480780,518
2026-02-17 01:48:31.488690,522
2026-02-17 01:48:31.496703,515
2026-02-17 01:48:31.504685,517
2026-02-17 01:48:31.512684,519
2026-02-17 01:48:31.520697,508
2026-02-17 01:48:31.528679,511
2026-02-17 01:48:31.536688,523
2026-02-17 01:48:31.544690,512
2026-02-17 01:48:31.552651,513
2026-02-17 01:48:31.560639,504
2026-02-17 01:48:31.568692,514
2026-02-17 01:48:31.576700,515
2026-02-17 01:48:31.584724,514
2026-02-17 01:48:31.592715,514
2026-02-17 01:48:31.600700,513
2026-02-17 01:48:31.608678,511
2026-02-17 01:48:31.616680,515
2026-02-17 01:48:31.624709,514
2026-02-17 01:48:31.632701,508
2026-02-17 01:48:31.640675,503
2026-02-17 01:48:31.648685,509
2026-02-17 01:48:31.656688,505
2026-02-17 01:48:31.664669,506
2026-02-17 01:48:31.672682,512
2026-02-17 01:48:31.680664,512
2026-02-17 01:48:31.688681,511
2026-02-17 01:48:31.696675,512
2026-02-17 01:48:31.704677,519
2026-02-17 01:48:31.712685,514
2026-02-17 01:48:31.720718,516
2026-02-17 01:48:31.728661,515
2026-02-17 01:48:31.736674,507
2026-02-17 01:48:31.744679,513
2026-02-17 01:48:31.752819,511
2026-02-17 01:48:31.760745,512
2026-02-17 01:48:31.768803,515
2026-02-17 01:48:31.776762,510
2026-02-17 01:48:31.784704,517
2026-02-17 01:48:31.792720,510
2026-02-17 01:48:31.800708,515
2026-02-17 01:48:31.808688,513
2026-02-17 01:48:31.816737,516
2026-02-17 01:48:31.824710,517
2026-02-17 01:48:31.832714,510
2026-02-17 01:48:31.840693,506
2026-02-17 01:48:31.848832,509
2026-02-17 01:48:31.856744,509
2026-02-17 01:48:31.864685,513
2026-02-17 01:48:31.872700,512
2026-02-17 01:48:31.880693,515
2026-02-17 01:48:31.888687,509
2026-02-17 01:48:31.896694,503
2026-02-17 01:48:31.904673,517
2026-02-17 01:48:31.912627,520
2026-02-17 01:48:31.920687,520
2026-02-17 01:48:31.928732,526
2026-02-17 01:48:31.936686,515
2026-02-17 01:48:31.944677,515
2026-02-17 01:48:31.952683,512
2026-02-17 01:48:31.960707,511
2026-02-17 01:48:31.968637,511
2026-02-17 01:48:31.976677,512
2026-02-17 01:48:31.984675,508
2026-02-17 01:48:31.992669,500
2026-02-17 01:48:32.000649,509
2026-02-17 01:48:32.008633,510
2026-02-17 01:48:32.016608,518
2026-02-17 01:48:32.024689,522
2026-02-17 01:48:32.032652,518
2026-02-17 01:48:32.040657,521
2026-02-17 01:48:32.048698,509
2026-02-17 01:48:32.056667,510
2026-02-17 01:48:32.064660,508
2026-02-17 01:48:32.072652,510
2026-02-17 01:48:32.080654,507
2026-02-17 01:48:32.088728,508
2026-02-17 01:48:32.096661,514
2026-02-17 01:48:32.104670,513
2026-02-17 01:48:32.112688,507
2026-02-17 01:48:32.120729,507
2026-02-17 01:48:32.128679,515
2026-02-17 01:48:32.136684,518
2026-02-17 01:48:32.144674,515
2026-02-17 01:48:32.152733,518
2026-02-17 01:48:32.160713,505
2026-02-17 01:48:32.168660,509
2026-02-17 01:48:32.176698,512
2026-02-17 01:48:32.184726,513
2026-02-17 01:48:32.192691,514
2026-02-17 01:48:32.200692,513
2026-02-17 01:48:32.208696,505
2026-02-17 01:48:32.216717,509
2026-02-17 01:48:32.224748,512
2026-02-17 01:48:32.232716,512
2026-02-17 01:48:32.240749,516
2026-02-17 01:48:32.248720,514
2026-02-17 01:48:32.256691,518
2026-02-17 01:48:32.264754,514
2026-02-17 01:48:32.272692,507
2026-02-17 01:48:32.280695,511
2026-02-17 01:48:32.288687,508
2026-02-17 01:48:32.296685,507
2026-02-17 01:48:32.304687,513
2026-02-17 01:48:32.312675,513
2026-02-17 01:48:32.320698,510
2026-02-17 01:48:32.328682,508
2026-02-17 01:48:32.336695,512
2026-02-17 01:48:32.344719,516
2026-02-17 01:48:32.352672,514
2026-02-17 01:48:32.360678,515
2026-02-17 01:48:32.368632,509
2026-02-17 01:48:32.376665,498
2026-02-17 01:48:32.384692,508
2026-02-17 01:48:32.392686,513
2026-02-17 01:48:32.400689,510
2026-02-17 01:48:32.408684,514
2026-02-17 01:48:32.416700,513
2026-02-17 01:48:32.424819,512
2026-02-17 01:48:32.432743,510
2026-02-17 01:48:32.440756,510
2026-02-17 01:48:32.448690,519
2026-02-17 01:48:32.456707,514
2026-02-17 01:48:32.464687,509
2026-02-17 01:48:32.472693,512
2026-02-17 01:48:32.480692,501
2026-02-17 01:48:32.488683,505
2026-02-17 01:48:32.496752,509
2026-02-17 01:48:32.504722,511
2026-02-17 01:48:32.512765,501
2026-02-17 01:48:32.520761,515
2026-02-17 01:48:32.528704,512
2026-02-17 01:48:32.536685,508
2026-02-17 01:48:32.544741,518
2026-02-17 01:48:32.552733,520
2026-02-17 01:48:32.560708,510
2026-02-17 01:48:32.568696,508
2026-02-17 01:48:32.576687,509
2026-02-17 01:48:32.584740,510
2026-02-17 01:48:32.592697,512
2026-02-17 01:48:32.600703,510
2026-02-17 01:48:32.608764,508
2026-02-17 01:48:32.616757,511
2026-02-17 01:48:32.624762,514
2026-02-17 01:48:32.632714,514
2026-02-17 01:48:32.640740,515
2026-02-17 01:48:32.648747,512
2026-02-17 01:48:32.656691,511
2026-02-17 01:48:32.664708,504
2026-02-17 01:48:32.672707,512
2026-02-17 01:48:32.680764,520
2026-02-17 01:48:32.688777,517
2026-02-17 01:48:32.696691,521
2026-02-17 01:48:32.704708,518
2026-02-17 01:48:32.712680,517
2026-02-17 01:48:32.720642,519
2026-02-17 01:48:32.728695,516
2026-02-17 01:48:32.736698,512
2026-02-17 01:48:32.744689,507
2026-02-17 01:48:32.752707,507
2026-02-17 01:48:32.760702,510
2026-02-17 01:48:32.768697,503
2026-02-17 01:48:32.776710,505
2026-02-17 01:48:32.784723,506
2026-02-17 01:48:32.792693,510
2026-02-17 01:48:32.800787,513
2026-02-17 01:48:32.808637,519
2026-02-17 01:48:32.816689,505
2026-02-17 01:48:32.824710,511
2026-02-17 01:48:32.832748,511
2026-02-17 01:48:32.840698,518
2026-02-17 01:48:32.848639,520
2026-02-17 01:48:32.856703,519
2026-02-17 01:48:32.864703,511
2026-02-17 01:48:32.872685,511
2026-02-17 01:48:32.880690,516
2026-02-17 01:48:32.888710,518
2026-02-17 01:48:32.896695,521
2026-02-17 01:48:32.904787,517
2026-02-17 01:48:32.912661,511
2026-02-17 01:48:32.920714,509
2026-02-17 01:48:32.928705,517
2026-02-17 01:48:32.936687,515
2026-02-17 01:48:32.944680,518
2026-02-17 01:48:32.952681,516
2026-02-17 01:48:32.960697,512
2026-02-17 01:48:32.968684,512
2026-02-17 01:48:32.976689,511
2026-02-17 01:48:32.984705,513
2026-02-17 01:48:32.992690,512
2026-02-17 01:48:33.000687,515
2026-02-17 01:48:33.008661,515
2026-02-17 01:48:33.016680,516
2026-02-17 01:48:33.024711,513
2026-02-17 01:48:33.032727,510
2026-02-17 01:48:33.040701,507
2026-02-17 01:48:33.048781,513
2026-02-17 01:48:33.056753,513
2026-02-17 01:48:33.064770,512
2026-02-17 01:48:33.072712,503
2026-02-17 01:48:33.080703,505
2026-02-17 01:48:33.088724,502
2026-02-17 01:48:33.096633,508
2026-02-17 01:48:33.104645,512
2026-02-17 01:48:33.112713,514
2026-02-17 01:48:33.120697,516
2026-02-17 01:48:33.128708,508
2026-02-17 01:48:33.136698,514
2026-02-17 01:48:33.144705,510
2026-02-17 01:48:33.152700,513
2026-02-17 01:48:33.160691,516
2026-02-17 01:48:33.168696,513
2026-02-17 01:48:33.176636,512
2026-02-17 01:48:33.184630,518
2026-02-17 01:48:33.192709,517
2026-02-17 01:48:33.200679,511
2026-02-17 01:48:33.208661,513
2026-02-17 01:48:33.216692,515
2026-02-17 01:48:33.224725,516
2026-02-17 01:48:33.232743,517
2026-02-17 01:48:33.240691,512
2026-02-17 01:48:33.248722,518
2026-02-17 01:48:33.256723,502
2026-02-17 01:48:33.264733,508
2026-02-17 01:48:33.272703,514
2026-02-17 01:48:33.280709,513
2026-02-17 01:48:33.288696,511
2026-02-17 01:48:33.296992,515
2026-02-17 01:48:33.304655,519
2026-02-17 01:48:33.312689,506
2026-02-17 01:48:33.320717,515
2026-02-17 01:48:33.328707,512
2026-02-17 01:48:33.336708,511
2026-02-17 01:48:33.344637,519
2026-02-17 01:48:33.352659,516
2026-02-17 01:48:33.360657,522
2026-02-17 01:48:33.368644,508
2026-02-17 01:48:33.376703,514
2026-02-17 01:48:33.384640,510
2026-02-17 01:48:33.392727,512
2026-02-17 01:48:33.400647,514
2026-02-17 01:48:33.408701,512
2026-02-17 01:48:33.416655,515
2026-02-17 01:48:33.424750,515
2026-02-17 01:48:33.432784,515
2026-02-17 01:48:33.440705,508
2026-02-17 01:48:33.448695,511
2026-02-17 01:48:33.456676,515
2026-02-17 01:48:33.464704,516
2026-02-17 01:48:33.472697,512
2026-02-17 01:48:33.480727,498
2026-02-17 01:48:33.488756,499
2026-02-17 01:48:33.496695,495
2026-02-17 01:48:33.504710,504
2026-02-17 01:48:33.512699,510
2026-02-17 01:48:33.520749,510
2026-02-17 01:48:33.528757,511
2026-02-17 01:48:33.536706,502
2026-02-17 01:48:33.544694,503
2026-02-17 01:48:33.552749,504
2026-02-17 01:48:33.560757,494
2026-02-17 01:48:33.568701,498
2026-02-17 01:48:33.576708,497
2026-02-17 01:48:33.584696,488
2026-02-17 01:48:33.592712,490
2026-02-17 01:48:33.600722,491
2026-02-17 01:48:33.608701,491
2026-02-17 01:48:33.616693,500
2026-02-17 01:48:33.624668,499
2026-02-17 01:48:33.632860,489
2026-02-17 01:48:33.640772,496
2026-02-17 01:48:33.648790,494
2026-02-17 01:48:33.656756,495
2026-02-17 01:48:33.664690,497
2026-02-17 01:48:33.672681,500
2026-02-17 01:48:33.680721,498
2026-02-17 01:48:33.688707,499
2026-02-17 01:48:33.696709,492
2026-02-17 01:48:33.704724,500
2026-02-17 01:48:33.712737,501
2026-02-17 01:48:33.720760,502
2026-02-17 01:48:33.728711,510
2026-02-17 01:48:33.736729,513
2026-02-17 01:48:33.744708,502
2026-02-17 01:48:33.752775,507
2026-02-17 01:48:33.760716,517
2026-02-17 01:48:33.768725,512
2026-02-17 01:48:33.776697,515
2026-02-17 01:48:33.784772,518
2026-02-17 01:48:33.792711,518
2026-02-17 01:48:33.800696,515
2026-02-17 01:48:33.808763,520
2026-02-17 01:48:33.816748,510
2026-02-17 01:48:33.824707,520
2026-02-17 01:48:33.832750,518
2026-02-17 01:48:33.840739,515
2026-02-17 01:48:33.848848,511
2026-02-17 01:48:33.856807,523
2026-02-17 01:48:33.864774,515
2026-02-17 01:48:33.872913,517
2026-02-17 01:48:33.880807,519
2026-02-17 01:48:33.888789,524
2026-02-17 01:48:33.896719,525
2026-02-17 01:48:33.904739,515
2026-02-17 01:48:33.912696,522
2026-02-17 01:48:33.920669,526
2026-02-17 01:48:33.928710,522
2026-02-17 01:48:33.936710,525
2026-02-17 01:48:33.944707,521
2026-02-17 01:48:33.952753,520
2026-02-17 01:48:33.960708,521
2026-02-17 01:48:33.968707,518
2026-02-17 01:48:33.976704,518
2026-02-17 01:48:33.984743,518
2026-02-17 01:48:33.992738,518
2026-02-17 01:48:34.000723,514
2026-02-17 01:48:34.008729,524
2026-02-17 01:48:34.016767,519
2026-02-17 01:48:34.024725,515
2026-02-17 01:48:34.032676,524
2026-02-17 01:48:34.040753,524
2026-02-17 01:48:34.048717,523
2026-02-17 01:48:34.056867,521
2026-02-17 01:48:34.064743,517
2026-02-17 01:48:34.072688,524
2026-02-17 01:48:34.080807,525
2026-02-17 01:48:34.088733,528
2026-02-17 01:48:34.096694,525
2026-02-17 01:48:34.104664,525
2026-02-17 01:48:34.112724,523
2026-02-17 01:48:34.120766,516
2026-02-17 01:48:34.128731,522
2026-02-17 01:48:34.136735,519
2026-02-17 01:48:34.144709,520
2026-02-17 01:48:34.152745,519
2026-02-17 01:48:34.160768,518
2026-02-17 01:48:34.168713,518
2026-02-17 01:48:34.176713,518
2026-02-17 01:48:34.184722,505
2026-02-17 01:48:34.192746,518
2026-02-17 01:48:34.200760,522
2026-02-17 01:48:34.208721,522
2026-02-17 01:48:34.216731,520
2026-02-17 01:48:34.224753,513
2026-02-17 01:48:34.232764,502
2026-02-17 01:48:34.240714,512
2026-02-17 01:48:34.248752,521
2026-02-17 01:48:34.256733,518
2026-02-17 01:48:34.264712,509
2026-02-17 01:48:34.272693,514
2026-02-17 01:48:34.280762,514
2026-02-17 01:48:34.288720,511
2026-02-17 01:48:34.296720,520
2026-02-17 01:48:34.304765,514
2026-02-17 01:48:34.312713,517
2026-02-17 01:48:34.320718,516
2026-02-17 01:48:34.328715,510
2026-02-17 01:48:34.336753,505
2026-02-17 01:48:34.344708,509
2026-02-17 01:48:34.352662,498
2026-02-17 01:48:34.360723,498
2026-02-17 01:48:34.368702,503
2026-02-17 01:48:34.376709,486
2026-02-17 01:48:34.384712,487
2026-02-17 01:48:34.392709,490
2026-02-17 01:48:34.400713,500
2026-02-17 01:48:34.408723,497
2026-02-17 01:48:34.416724,496
2026-02-17 01:48:34.424704,485
2026-02-17 01:48:34.432735,497
2026-02-17 01:48:34.440712,499
2026-02-17 01:48:34.448722,507
2026-02-17 01:48:34.456657,503
2026-02-17 01:48:34.464685,506
2026-02-17 01:48:34.472728,502
2026-02-17 01:48:34.480716,508
2026-02-17 01:48:34.488722,515
2026-02-17 01:48:34.496707,518
2026-02-17 01:48:34.504721,516
2026-02-17 01:48:34.512695,513
2026-02-17 01:48:34.520705,512
2026-02-17 01:48:34.528725,509
2026-02-17 01:48:34.536723,508
2026-02-17 01:48:34.544734,508
2026-02-17 01:48:34.552751,507
2026-02-17 01:48:34.560710,515
2026-02-17 01:48:34.568710,519
2026-02-17 01:48:34.576705,512
2026-02-17 01:48:34.584738,521
2026-02-17 01:48:34.592720,517
2026-02-17 01:48:34.600710,520
2026-02-17 01:48:34.608705,526
2026-02-17 01:48:34.616711,512
2026-02-17 01:48:34.624657,510
2026-02-17 01:48:34.632737,509
2026-02-17 01:48:34.640707,511
2026-02-17 01:48:34.648742,510
2026-02-17 01:48:34.656733,509
2026-02-17 01:48:34.664701,506
2026-02-17 01:48:34.672729,512
2026-02-17 01:48:34.680730,521
2026-02-17 01:48:34.688714,522
2026-02-17 01:48:34.696720,522
2026-02-17 01:48:34.704717,514
2026-02-17 01:48:34.712755,515
2026-02-17 01:48:34.720719,513
2026-02-17 01:48:34.728744,514
2026-02-17 01:48:34.736718,509
2026-02-17 01:48:34.744710,508
2026-02-17 01:48:34.752744,501
2026-02-17 01:48:34.760763,505
2026-02-17 01:48:34.768761,510
2026-02-17 01:48:34.776719,505
2026-02-17 01:48:34.784723,515
2026-02-17 01:48:34.792722,517
2026-02-17 01:48:34.800727,515
2026-02-17 01:48:34.808791,515
2026-02-17 01:48:34.816788,504
2026-02-17 01:48:34.824721,508
2026-02-17 01:48:34.832779,514
2026-02-17 01:48:34.840725,512
2026-02-17 01:48:34.848739,512
2026-02-17 01:48:34.856720,505
2026-02-17 01:48:34.864712,514
2026-02-17 01:48:34.872724,509
2026-02-17 01:48:34.880731,518
2026-02-17 01:48:34.888726,522
2026-02-17 01:48:34.896737,518
2026-02-17 01:48:34.904722,518
2026-02-17 01:48:34.912734,518
2026-02-17 01:48:34.920672,516
2026-02-17 01:48:34.928728,509
2026-02-17 01:48:34.936769,510
2026-02-17 01:48:34.944724,512
2026-02-17 01:48:34.952726,508
2026-02-17 01:48:34.960725,503
2026-02-17 01:48:34.968728,505
2026-02-17 01:48:34.976722,506
2026-02-17 01:48:34.984712,512
2026-02-17 01:48:34.992721,517
2026-02-17 01:48:35.000716,526
2026-02-17 01:48:35.008746,512
2026-02-17 01:48:35.016781,512
2026-02-17 01:48:35.024720,517
2026-02-17 01:48:35.032772,515
2026-02-17 01:48:35.040773,519
2026-02-17 01:48:35.048746,520
2026-02-17 01:48:35.056783,516
2026-02-17 01:48:35.064857,517
2026-02-17 01:48:35.072772,513
2026-02-17 01:48:35.080738,518
2026-02-17 01:48:35.088762,516
2026-02-17 01:48:35.096742,518
2026-02-17 01:48:35.104756,514
2026-02-17 01:48:35.112798,515
2026-02-17 01:48:35.120718,515
2026-02-17 01:48:35.128695,519
2026-02-17 01:48:35.136746,516
2026-02-17 01:48:35.144729,519
2026-02-17 01:48:35.152726,515
2026-02-17 01:48:35.160841,508
2026-02-17 01:48:35.168852,513
2026-02-17 01:48:35.176804,513
2026-02-17 01:48:35.184780,522
2026-02-17 01:48:35.192729,519
2026-02-17 01:48:35.200736,519
2026-02-17 01:48:35.208725,520
2026-02-17 01:48:35.216741,505
2026-02-17 01:48:35.224724,514
2026-02-17 01:48:35.232730,514
2026-02-17 01:48:35.240742,514
2026-02-17 01:48:35.248736,516
2026-02-17 01:48:35.256748,505
2026-02-17 01:48:35.264733,510
2026-02-17 01:48:35.272737,505
2026-02-17 01:48:35.280722,515
2026-02-17 01:48:35.288752,514
2026-02-17 01:48:35.296744,515
2026-02-17 01:48:35.304719,515
2026-02-17 01:48:35.312721,513
2026-02-17 01:48:35.320775,504
2026-02-17 01:48:35.328717,509
2026-02-17 01:48:35.336729,517
2026-02-17 01:48:35.344709,521
2026-02-17 01:48:35.352736,506
2026-02-17 01:48:35.360800,508
2026-02-17 01:48:35.368752,518
2026-02-17 01:48:35.376664,509
2026-02-17 01:48:35.384713,520
2026-02-17 01:48:35.392779,516
2026-02-17 01:48:35.400745,513
2026-02-17 01:48:35.408832,517
2026-02-17 01:48:35.416864,514
2026-02-17 01:48:35.424806,513
2026-02-17 01:48:35.432754,512
2026-02-17 01:48:35.440807,517
2026-02-17 01:48:35.448745,510
2026-02-17 01:48:35.456778,519
2026-02-17 01:48:35.464736,502
2026-02-17 01:48:35.472716,510
2026-02-17 01:48:35.480771,510
2026-02-17 01:48:35.488720,509
2026-02-17 01:48:35.496793,513
2026-02-17 01:48:35.504733,518
2026-02-17 01:48:35.512772,512
2026-02-17 01:48:35.520739,507
2026-02-17 01:48:35.528799,508
2026-02-17 01:48:35.536729,515
2026-02-17 01:48:35.544732,504
2026-02-17 01:48:35.552730,512
2026-02-17 01:48:35.560735,512
2026-02-17 01:48:35.568735,508
2026-02-17 01:48:35.576761,509
2026-02-17 01:48:35.584727,509
2026-02-17 01:48:35.592703,516
2026-02-17 01:48:35.600779,512
2026-02-17 01:48:35.608831,517
2026-02-17 01:48:35.616751,510
2026-02-17 01:48:35.624779,509
2026-02-17 01:48:35.632781,510
2026-02-17 01:48:35.640800,508
2026-02-17 01:48:35.648754,508
2026-02-17 01:48:35.656787,515
2026-02-17 01:48:35.664744,506
2026-02-17 01:48:35.672727,508
2026-02-17 01:48:35.680747,506
2026-02-17 01:48:35.688740,520
2026-02-17 01:48:35.696806,519
2026-02-17 01:48:35.704751,510
2026-02-17 01:48:35.712769,512
2026-02-17 01:48:35.720778,515
2026-02-17 01:48:35.728748,506
2026-02-17 01:48:35.736732,505
2026-02-17 01:48:35.744739,515
2026-02-17 01:48:35.752758,506
2026-02-17 01:48:35.760753,511
2026-02-17 01:48:35.768776,512
2026-02-17 01:48:35.776732,519
2026-02-17 01:48:35.784743,510
2026-02-17 01:48:35.792783,515
2026-02-17 01:48:35.800725,522
2026-02-17 01:48:35.808742,514
2026-02-17 01:48:35.816732,510
2026-02-17 01:48:35.824766,509
2026-02-17 01:48:35.832732,512
2026-02-17 01:48:35.840787,507
2026-02-17 01:48:35.849308,499
2026-02-17 01:48:35.856820,501
2026-02-17 01:48:35.864827,509
2026-02-17 01:48:35.872808,512
2026-02-17 01:48:35.880752,521
2026-02-17 01:48:35.888780,515
2026-02-17 01:48:35.896772,529
2026-02-17 01:48:35.904743,514
2026-02-17 01:48:35.912765,511
2026-02-17 01:48:35.920730,512
2026-02-17 01:48:35.928689,508
2026-02-17 01:48:35.936765,511
2026-02-17 01:48:35.944730,516
2026-02-17 01:48:35.952784,510
2026-02-17 01:48:35.960737,506
2026-02-17 01:48:35.968772,516
2026-02-17 01:48:35.976753,522
2026-02-17 01:48:35.984732,521
2026-02-17 01:48:35.992741,523
2026-02-17 01:48:36.000731,519
2026-02-17 01:48:36.008816,517
2026-02-17 01:48:36.016788,512
2026-02-17 01:48:36.024744,508
2026-02-17 01:48:36.032727,505
2026-02-17 01:48:36.040767,505
2026-02-17 01:48:36.048767,507
2026-02-17 01:48:36.056767,508
2026-02-17 01:48:36.064808,506
2026-02-17 01:48:36.072770,513
2026-02-17 01:48:36.080759,516
2026-02-17 01:48:36.088754,515
2026-02-17 01:48:36.096766,519
2026-02-17 01:48:36.104827,519
2026-02-17 01:48:36.112723,514
2026-02-17 01:48:36.120828,511
2026-02-17 01:48:36.128726,506
2026-02-17 01:48:36.136793,509
2026-02-17 01:48:36.144769,514
2026-02-17 01:48:36.152731,508
2026-02-17 01:48:36.160746,516
2026-02-17 01:48:36.168745,506
2026-02-17 01:48:36.176736,512
2026-02-17 01:48:36.184741,508
2026-02-17 01:48:36.192735,514
2026-02-17 01:48:36.200744,524
2026-02-17 01:48:36.208748,518
2026-02-17 01:48:36.216744,514
2026-02-17 01:48:36.224743,513
2026-02-17 01:48:36.232740,509
2026-02-17 01:48:36.240771,507
2026-02-17 01:48:36.248753,515
2026-02-17 01:48:36.256870,513
2026-02-17 01:48:36.264791,518
2026-02-17 01:48:36.272760,517
2026-02-17 01:48:36.280754,515
2026-02-17 01:48:36.288749,521
2026-02-17 01:48:36.296783,512
2026-02-17 01:48:36.304750,510
2026-02-17 01:48:36.312755,515
2026-02-17 01:48:36.320786,514
2026-02-17 01:48:36.328786,508
2026-02-17 01:48:36.336740,509
2026-02-17 01:48:36.344743,511
2026-02-17 01:48:36.352736,511
2026-02-17 01:48:36.360810,507
2026-02-17 01:48:36.368858,511
2026-02-17 01:48:36.376864,513
2026-02-17 01:48:36.384779,518
2026-02-17 01:48:36.392692,514
2026-02-17 01:48:36.400692,513
2026-02-17 01:48:36.408677,512
2026-02-17 01:48:36.416686,500
2026-02-17 01:48:36.424750,499
2026-02-17 01:48:36.432757,504
2026-02-17 01:48:36.440768,509
2026-02-17 01:48:36.448784,509
2026-02-17 01:48:36.456785,514
2026-02-17 01:48:36.464726,512
2026-02-17 01:48:36.472741,515
2026-02-17 01:48:36.480733,512
2026-02-17 01:48:36.488736,520
2026-02-17 01:48:36.496773,515
2026-02-17 01:48:36.504785,515
2026-02-17 01:48:36.512721,516
2026-02-17 01:48:36.520740,516
2026-02-17 01:48:36.528754,501
2026-02-17 01:48:36.536735,503
2026-02-17 01:48:36.544737,510
2026-02-17 01:48:36.552688,506
2026-02-17 01:48:36.560735,514
2026-02-17 01:48:36.568753,520
2026-02-17 01:48:36.576736,510
2026-02-17 01:48:36.584740,516
2026-02-17 01:48:36.592750,511
2026-02-17 01:48:36.600761,518
2026-02-17 01:48:36.608893,516
2026-02-17 01:48:36.616788,516
2026-02-17 01:48:36.624816,511
2026-02-17 01:48:36.632710,514
2026-02-17 01:48:36.640749,506
2026-02-17 01:48:36.648802,505
2026-02-17 01:48:36.656738,508
2026-02-17 01:48:36.664802,512
2026-02-17 01:48:36.672796,522
2026-02-17 01:48:36.680744,510
2026-02-17 01:48:36.688737,519
2026-02-17 01:48:36.696738,511
2026-02-17 01:48:36.704770,510
2026-02-17 01:48:36.712737,512
2026-02-17 01:48:36.720757,514
2026-02-17 01:48:36.728746,510
2026-02-17 01:48:36.736739,503
2026-02-17 01:48:36.744767,510
2026-02-17 01:48:36.752768,513
2026-02-17 01:48:36.760748,508
2026-02-17 01:48:36.768744,513
2026-02-17 01:48:36.776729,513
2026-02-17 01:48:36.784746,514
2026-02-17 01:48:36.792748,510
2026-02-17 01:48:36.800748,518
2026-02-17 01:48:36.808770,520
2026-02-17 01:48:36.816794,517
2026-02-17 01:48:36.824794,510
2026-02-17 01:48:36.832753,511
2026-02-17 01:48:36.840756,510
2026-02-17 01:48:36.848961,507
2026-02-17 01:48:36.856918,509
2026-02-17 01:48:36.864810,511
2026-02-17 01:48:36.872826,512
2026-02-17 01:48:36.880834,516
2026-02-17 01:48:36.888829,509
2026-02-17 01:48:36.896777,515
2026-02-17 01:48:36.904759,509
2026-02-17 01:48:36.912754,505
2026-02-17 01:48:36.920745,510
2026-02-17 01:48:36.928736,502
2026-02-17 01:48:36.936760,509
2026-02-17 01:48:36.944752,505
2026-02-17 01:48:36.952714,513
2026-02-17 01:48:36.960781,516
2026-02-17 01:48:36.968756,515
2026-02-17 01:48:36.976776,515
2026-02-17 01:48:36.984745,512
2026-02-17 01:48:36.992717,513
2026-02-17 01:48:37.000713,523
2026-02-17 01:48:37.008717,508
2026-02-17 01:48:37.016720,511
2026-02-17 01:48:37.024698,510
2026-02-17 01:48:37.032798,509
2026-02-17 01:48:37.040753,510
2026-02-17 01:48:37.048738,515
2026-02-17 01:48:37.056796,509
2026-02-17 01:48:37.064712,507
2026-02-17 01:48:37.072732,513
2026-02-17 01:48:37.080728,506
2026-02-17 01:48:37.088747,512
2026-02-17 01:48:37.096754,502
2026-02-17 01:48:37.104794,502
2026-02-17 01:48:37.112747,497
2026-02-17 01:48:37.120787,493
2026-02-17 01:48:37.128749,499
2026-02-17 01:48:37.136748,503
2026-02-17 01:48:37.144695,504
2026-02-17 01:48:37.152763,516
2026-02-17 01:48:37.160794,521
2026-02-17 01:48:37.168737,520
2026-02-17 01:48:37.176866,514
2026-02-17 01:48:37.184847,517
2026-02-17 01:48:37.192828,514
2026-02-17 01:48:37.200776,513
2026-02-17 01:48:37.208779,522
2026-02-17 01:48:37.216755,515
2026-02-17 01:48:37.224759,522
2026-02-17 01:48:37.232755,519
2026-02-17 01:48:37.240746,529
2026-02-17 01:48:37.248802,524
2026-02-17 01:48:37.256848,530
2026-02-17 01:48:37.264778,521
2026-02-17 01:48:37.272807,522
2026-02-17 01:48:37.280760,522
2026-02-17 01:48:37.288779,523
2026-02-17 01:48:37.296790,518
2026-02-17 01:48:37.304751,516
2026-02-17 01:48:37.312743,520
2026-02-17 01:48:37.320719,505
2026-02-17 01:48:37.328719,515
2026-02-17 01:48:37.336759,519
2026-02-17 01:48:37.344754,527
2026-02-17 01:48:37.352744,517
2026-02-17 01:48:37.360796,517
2026-02-17 01:48:37.368822,516
2026-02-17 01:48:37.376772,516
2026-02-17 01:48:37.384789,511
2026-02-17 01:48:37.392747,510
2026-02-17 01:48:37.400751,516
2026-02-17 01:48:37.408756,514
2026-02-17 01:48:37.416756,517
2026-02-17 01:48:37.424756,519
2026-02-17 01:48:37.432759,519
2026-02-17 01:48:37.440791,516
2026-02-17 01:48:37.448780,519
2026-02-17 01:48:37.456753,519
2026-02-17 01:48:37.465628,519
2026-02-17 01:48:37.472894,517
2026-02-17 01:48:37.480776,511
2026-02-17 01:48:37.488827,517
2026-02-17 01:48:37.496766,513
2026-02-17 01:48:37.504758,508
2026-02-17 01:48:37.512757,504
2026-02-17 01:48:37.520778,516
2026-02-17 01:48:37.528750,515
2026-02-17 01:48:37.536838,512
2026-02-17 01:48:37.544774,522
2026-02-17 01:48:37.552755,515
2026-02-17 01:48:37.560766,516
2026-02-17 01:48:37.568759,511
2026-02-17 01:48:37.576758,513
2026-02-17 01:48:37.584752,516
2026-02-17 01:48:37.592718,508
2026-02-17 01:48:37.600807,507
2026-02-17 01:48:37.608771,517
2026-02-17 01:48:37.616778,511
2026-02-17 01:48:37.624753,520
2026-02-17 01:48:37.632756,518
2026-02-17 01:48:37.640773,520
2026-02-17 01:48:37.648857,519
2026-02-17 01:48:37.656708,519
2026-02-17 01:48:37.664774,515
2026-02-17 01:48:37.672767,517
2026-02-17 01:48:37.680766,510
2026-02-17 01:48:37.688755,514
2026-02-17 01:48:37.696807,504
2026-02-17 01:48:37.704697,506
2026-02-17 01:48:37.712770,507
2026-02-17 01:48:37.720758,513
2026-02-17 01:48:37.728753,514
2026-02-17 01:48:37.736759,515
2026-02-17 01:48:37.744769,517
2026-02-17 01:48:37.752776,509
2026-02-17 01:48:37.760762,508
2026-02-17 01:48:37.768765,509
2026-02-17 01:48:37.776807,508
2026-02-17 01:48:37.784754,503
2026-02-17 01:48:37.792782,510
2026-02-17 01:48:37.800752,506
2026-02-17 01:48:37.808804,512
2026-02-17 01:48:37.816771,507
2026-02-17 01:48:37.824765,514
2026-02-17 01:48:37.832771,508
2026-02-17 01:48:37.840756,511
2026-02-17 01:48:37.848872,520
2026-02-17 01:48:37.856839,517
2026-02-17 01:48:37.864786,519
2026-02-17 01:48:37.872768,520
2026-02-17 01:48:37.880774,510
2026-02-17 01:48:37.888774,508
2026-02-17 01:48:37.896814,506
2026-02-17 01:48:37.904771,509
2026-02-17 01:48:37.912767,507
2026-02-17 01:48:37.920761,509
2026-02-17 01:48:37.928773,515
2026-02-17 01:48:37.936705,511
2026-02-17 01:48:37.944771,521
2026-02-17 01:48:37.952805,517
2026-02-17 01:48:37.960777,506
2026-02-17 01:48:37.968756,510
2026-02-17 01:48:37.976770,513
2026-02-17 01:48:37.984768,507
2026-02-17 01:48:37.992802,514
2026-02-17 01:48:38.000756,505
2026-02-17 01:48:38.008747,507
2026-02-17 01:48:38.016861,506
2026-02-17 01:48:38.024764,515
2026-02-17 01:48:38.032760,498
2026-02-17 01:48:38.040768,507
2026-02-17 01:48:38.048847,502
2026-02-17 01:48:38.056804,505
2026-02-17 01:48:38.064901,502
2026-02-17 01:48:38.072761,504
2026-02-17 01:48:38.080911,497
2026-02-17 01:48:38.088759,494
2026-02-17 01:48:38.096760,497
2026-02-17 01:48:38.104751,486
2026-02-17 01:48:38.112761,487
2026-02-17 01:48:38.120745,492
2026-02-17 01:48:38.128771,490
2026-02-17 01:48:38.136758,498
2026-02-17 01:48:38.144770,502
2026-02-17 01:48:38.152780,513
2026-02-17 01:48:38.160715,512
2026-02-17 01:48:38.168728,519
2026-02-17 01:48:38.176768,508
2026-02-17 01:48:38.184736,512
2026-02-17 01:48:38.192744,513
2026-02-17 01:48:38.200767,515
2026-02-17 01:48:38.208770,518
2026-02-17 01:48:38.216779,518
2026-02-17 01:48:38.224772,525
2026-02-17 01:48:38.232817,517
2026-02-17 01:48:38.240802,521
2026-02-17 01:48:38.248779,518
2026-02-17 01:48:38.256801,518
2026-02-17 01:48:38.264777,520
2026-02-17 01:48:38.272781,523
2026-02-17 01:48:38.280767,524
2026-02-17 01:48:38.288802,523
2026-02-17 01:48:38.296770,523
2026-02-17 01:48:38.304778,518
2026-02-17 01:48:38.312770,514
2026-02-17 01:48:38.320779,521
2026-02-17 01:48:38.328760,524
2026-02-17 01:48:38.336769,526
2026-02-17 01:48:38.344841,513
2026-02-17 01:48:38.352790,518
2026-02-17 01:48:38.360804,516
2026-02-17 01:48:38.368767,521
2026-02-17 01:48:38.376799,520
2026-02-17 01:48:38.384785,522
2026-02-17 01:48:38.392780,522
2026-02-17 01:48:38.400849,514
2026-02-17 01:48:38.408792,516
2026-02-17 01:48:38.416770,517
2026-02-17 01:48:38.424773,517
2026-02-17 01:48:38.432789,511
2026-02-17 01:48:38.440781,514
2026-02-17 01:48:38.448822,514
2026-02-17 01:48:38.456781,509
2026-02-17 01:48:38.464756,513
2026-02-17 01:48:38.472771,512
2026-02-17 01:48:38.480767,519
2026-02-17 01:48:38.488774,512
2026-02-17 01:48:38.496769,508
2026-02-17 01:48:38.504786,516
2026-02-17 01:48:38.512777,518
2026-02-17 01:48:38.520776,513
2026-02-17 01:48:38.528753,514
2026-02-17 01:48:38.536781,511
2026-02-17 01:48:38.544772,512
2026-02-17 01:48:38.552752,517
2026-02-17 01:48:38.560773,515
2026-02-17 01:48:38.568772,513
2026-02-17 01:48:38.576765,504
2026-02-17 01:48:38.584760,507
2026-02-17 01:48:38.592713,512
2026-02-17 01:48:38.600769,511
2026-02-17 01:48:38.608775,513
2026-02-17 01:48:38.616789,516
2026-02-17 01:48:38.624776,519
2026-02-17 01:48:38.632764,506
2026-02-17 01:48:38.640781,516
2026-02-17 01:48:38.648818,515
2026-02-17 01:48:38.656836,513
2026-02-17 01:48:38.664789,511
2026-02-17 01:48:38.672721,511
2026-02-17 01:48:38.680736,512
2026-02-17 01:48:38.688853,505
2026-02-17 01:48:38.696855,508
2026-02-17 01:48:38.704820,510
2026-02-17 01:48:38.712770,507
2026-02-17 01:48:38.720770,512
2026-02-17 01:48:38.728768,513
2026-02-17 01:48:38.736794,505
2026-02-17 01:48:38.744773,507
2026-02-17 01:48:38.752818,513
2026-02-17 01:48:38.760804,507
2026-02-17 01:48:38.768785,510
2026-02-17 01:48:38.776787,515
2026-02-17 01:48:38.784810,516
2026-02-17 01:48:38.792783,512
2026-02-17 01:48:38.800855,516
2026-02-17 01:48:38.808835,519
2026-02-17 01:48:38.816837,512
2026-02-17 01:48:38.824780,512
2026-02-17 01:48:38.832800,517
2026-02-17 01:48:38.840772,514
2026-02-17 01:48:38.848860,508
2026-02-17 01:48:38.856828,507
2026-02-17 01:48:38.864828,509
2026-02-17 01:48:38.872845,510
2026-02-17 01:48:38.880879,517
2026-02-17 01:48:38.888787,517
2026-02-17 01:48:38.896842,520
2026-02-17 01:48:38.904823,515
2026-02-17 01:48:38.912770,509
2026-02-17 01:48:38.920795,517
2026-02-17 01:48:38.928782,512
2026-02-17 01:48:38.936728,511
2026-02-17 01:48:38.944778,521
2026-02-17 01:48:38.952814,512
2026-02-17 01:48:38.960772,509
2026-02-17 01:48:38.968847,515
2026-02-17 01:48:38.976839,506
2026-02-17 01:48:38.984827,508
2026-02-17 01:48:38.992818,508
2026-02-17 01:48:39.000787,515
2026-02-17 01:48:39.008848,511
2026-02-17 01:48:39.016854,511
2026-02-17 01:48:39.024771,515
2026-02-17 01:48:39.032858,512
2026-02-17 01:48:39.040834,511
2026-02-17 01:48:39.048805,514
2026-02-17 01:48:39.056790,518
2026-02-17 01:48:39.064843,519
2026-02-17 01:48:39.072748,512
2026-02-17 01:48:39.080788,511
2026-02-17 01:48:39.088870,514
2026-02-17 01:48:39.096747,514
2026-02-17 01:48:39.104781,514
2026-02-17 01:48:39.112787,515
2026-02-17 01:48:39.120771,520
2026-02-17 01:48:39.128792,506
2026-02-17 01:48:39.136783,510
2026-02-17 01:48:39.144750,510
2026-02-17 01:48:39.152789,509
2026-02-17 01:48:39.160795,509
2026-02-17 01:48:39.168782,519
2026-02-17 01:48:39.176813,508
2026-02-17 01:48:39.184790,497
2026-02-17 01:48:39.192843,497
2026-02-17 01:48:39.200819,502
2026-02-17 01:48:39.208813,491
2026-02-17 01:48:39.216816,498
2026-02-17 01:48:39.224776,491
2026-02-17 01:48:39.232776,484
2026-02-17 01:48:39.240776,484
2026-02-17 01:48:39.248781,496
2026-02-17 01:48:39.256871,500
2026-02-17 01:48:39.264843,495
2026-02-17 01:48:39.272800,503
2026-02-17 01:48:39.280842,499
2026-02-17 01:48:39.288784,512
2026-02-17 01:48:39.296769,503
2026-02-17 01:48:39.304787,511
2026-02-17 01:48:39.312791,502
2026-02-17 01:48:39.320772,509
2026-02-17 01:48:39.328785,506
2026-02-17 01:48:39.336775,507
2026-02-17 01:48:39.344772,515
2026-02-17 01:48:39.352785,517
2026-02-17 01:48:39.360789,522
2026-02-17 01:48:39.368797,528
2026-02-17 01:48:39.376787,516
2026-02-17 01:48:39.384797,530
2026-02-17 01:48:39.392787,529
2026-02-17 01:48:39.400788,536
2026-02-17 01:48:39.408830,532
2026-02-17 01:48:39.416812,532
2026-02-17 01:48:39.424775,531
2026-02-17 01:48:39.432783,523
2026-02-17 01:48:39.440780,526
2026-02-17 01:48:39.448781,524
2026-02-17 01:48:39.456790,522
2026-02-17 01:48:39.464776,527
2026-02-17 01:48:39.472828,525
2026-02-17 01:48:39.480789,521
2026-02-17 01:48:39.488824,521
2026-02-17 01:48:39.496772,520
2026-02-17 01:48:39.504780,517
2026-02-17 01:48:39.512803,514
2026-02-17 01:48:39.520785,520
2026-02-17 01:48:39.528774,518
2026-02-17 01:48:39.536770,519
2026-02-17 01:48:39.544782,529
2026-02-17 01:48:39.552826,516
2026-02-17 01:48:39.560784,522
2026-02-17 01:48:39.568777,520
2026-02-17 01:48:39.576800,521
2026-02-17 01:48:39.584840,516
2026-02-17 01:48:39.592746,515
2026-02-17 01:48:39.600758,518
2026-02-17 01:48:39.608788,519
2026-02-17 01:48:39.616782,518
2026-02-17 01:48:39.624811,521
2026-02-17 01:48:39.632786,516
2026-02-17 01:48:39.640781,514
2026-02-17 01:48:39.648784,506
2026-02-17 01:48:39.656801,507
2026-02-17 01:48:39.664788,514
2026-02-17 01:48:39.672790,510
2026-02-17 01:48:39.680791,516
2026-02-17 01:48:39.688754,516
2026-02-17 01:48:39.696746,509
2026-02-17 01:48:39.704744,520
2026-02-17 01:48:39.712791,508
2026-02-17 01:48:39.720822,518
2026-02-17 01:48:39.728792,514
2026-02-17 01:48:39.736774,517
2026-02-17 01:48:39.744775,508
2026-02-17 01:48:39.752869,515
2026-02-17 01:48:39.760841,517
2026-02-17 01:48:39.768786,508
2026-02-17 01:48:39.776806,512
2026-02-17 01:48:39.784787,519
2026-02-17 01:48:39.792796,519
2026-02-17 01:48:39.800796,520
2026-02-17 01:48:39.808806,511
2026-02-17 01:48:39.816787,508
2026-02-17 01:48:39.824789,499
2026-02-17 01:48:39.832773,505
2026-02-17 01:48:39.840784,511
2026-02-17 01:48:39.849057,513
2026-02-17 01:48:39.856918,515
2026-02-17 01:48:39.864841,516
2026-02-17 01:48:39.872860,507
2026-02-17 01:48:39.880874,518
2026-02-17 01:48:39.888868,523
2026-02-17 01:48:39.896788,517
2026-02-17 01:48:39.904792,522
2026-02-17 01:48:39.912823,514
2026-02-17 01:48:39.920819,518
2026-02-17 01:48:39.928770,512
2026-02-17 01:48:39.936778,501
2026-02-17 01:48:39.944731,508
2026-02-17 01:48:39.952786,511
2026-02-17 01:48:39.960781,502
2026-02-17 01:48:39.968792,518
2026-02-17 01:48:39.976798,504
2026-02-17 01:48:39.984792,514
2026-02-17 01:48:39.992821,512
2026-02-17 01:48:40.000778,517
2026-02-17 01:48:40.008882,522
2026-02-17 01:48:40.016840,513
2026-02-17 01:48:40.024781,518
2026-02-17 01:48:40.032839,514
2026-02-17 01:48:40.040776,510
2026-02-17 01:48:40.048823,512
2026-02-17 01:48:40.056776,512
2026-02-17 01:48:40.064762,510
2026-02-17 01:48:40.072834,519
2026-02-17 01:48:40.080798,513
2026-02-17 01:48:40.088812,511
2026-02-17 01:48:40.096790,508
2026-02-17 01:48:40.104808,514
2026-02-17 01:48:40.112768,516
2026-02-17 01:48:40.120765,513
2026-02-17 01:48:40.128798,516
2026-02-17 01:48:40.136794,516
2026-02-17 01:48:40.144836,516
2026-02-17 01:48:40.152892,503
2026-02-17 01:48:40.160868,514
2026-02-17 01:48:40.168889,511
2026-02-17 01:48:40.176852,515
2026-02-17 01:48:40.184898,522
2026-02-17 01:48:40.192888,507
2026-02-17 01:48:40.200783,513
2026-02-17 01:48:40.208755,512
2026-02-17 01:48:40.216847,515
2026-02-17 01:48:40.224818,518
2026-02-17 01:48:40.232814,510
2026-02-17 01:48:40.240795,510
2026-02-17 01:48:40.248797,514
2026-02-17 01:48:40.256880,498
2026-02-17 01:48:40.264808,507
2026-02-17 01:48:40.272811,508
2026-02-17 01:48:40.280815,515
2026-02-17 01:48:40.288792,515
2026-02-17 01:48:40.296797,513
2026-02-17 01:48:40.304789,517
2026-02-17 01:48:40.312797,507
2026-02-17 01:48:40.320808,507
2026-02-17 01:48:40.328795,510
2026-02-17 01:48:40.336800,513
2026-02-17 01:48:40.344792,516
2026-02-17 01:48:40.352790,511
2026-02-17 01:48:40.360880,513
2026-02-17 01:48:40.368781,515
2026-02-17 01:48:40.376768,508
2026-02-17 01:48:40.384864,519
2026-02-17 01:48:40.392740,502
2026-02-17 01:48:40.400792,513
2026-02-17 01:48:40.408805,511
2026-02-17 01:48:40.416803,517
2026-02-17 01:48:40.424795,509
2026-02-17 01:48:40.432796,512
2026-02-17 01:48:40.440790,513
2026-02-17 01:48:40.448901,504
2026-02-17 01:48:40.456844,510
2026-02-17 01:48:40.464821,514
2026-02-17 01:48:40.472807,513
2026-02-17 01:48:40.480802,507
2026-02-17 01:48:40.488810,506
2026-02-17 01:48:40.496794,515
2026-02-17 01:48:40.504821,514
2026-02-17 01:48:40.512795,511
2026-02-17 01:48:40.520783,515
2026-02-17 01:48:40.528782,509
2026-02-17 01:48:40.536798,512
2026-02-17 01:48:40.544814,517
2026-02-17 01:48:40.552789,508
2026-02-17 01:48:40.560790,517
2026-02-17 01:48:40.568791,506
2026-02-17 01:48:40.576792,511
2026-02-17 01:48:40.584842,508
2026-02-17 01:48:40.592737,509
2026-02-17 01:48:40.600809,502
2026-02-17 01:48:40.608768,508
2026-02-17 01:48:40.616791,512
2026-02-17 01:48:40.624865,512
2026-02-17 01:48:40.632794,510
2026-02-17 01:48:40.640857,519
2026-02-17 01:48:40.648849,506
2026-02-17 01:48:40.656784,505
2026-02-17 01:48:40.664847,497
2026-02-17 01:48:40.672796,500
2026-02-17 01:48:40.680820,501
2026-02-17 01:48:40.688863,502
2026-02-17 01:48:40.696821,504
2026-02-17 01:48:40.704789,506
2026-02-17 01:48:40.712741,518
2026-02-17 01:48:40.720841,513
2026-02-17 01:48:40.728771,521
2026-02-17 01:48:40.736820,523
2026-02-17 01:48:40.744796,523
2026-02-17 01:48:40.752892,521
2026-02-17 01:48:40.760888,512
2026-02-17 01:48:40.768822,514
2026-02-17 01:48:40.776843,513
2026-02-17 01:48:40.784819,513
2026-02-17 01:48:40.792828,509
2026-02-17 01:48:40.800820,507
2026-02-17 01:48:40.808801,519
2026-02-17 01:48:40.816801,516
2026-02-17 01:48:40.824810,521
2026-02-17 01:48:40.832803,524
2026-02-17 01:48:40.840802,515
2026-02-17 01:48:40.848845,519
2026-02-17 01:48:40.856813,510
2026-02-17 01:48:40.864821,517
2026-02-17 01:48:40.872804,515
2026-02-17 01:48:40.880809,509
2026-02-17 01:48:40.888812,504
2026-02-17 01:48:40.896801,513
2026-02-17 01:48:40.904849,508
2026-02-17 01:48:40.912840,511
2026-02-17 01:48:40.920809,509
2026-02-17 01:48:40.928807,518
2026-02-17 01:48:40.936804,515
2026-02-17 01:48:40.944765,520
2026-02-17 01:48:40.952845,514
2026-02-17 01:48:40.960877,511
2026-02-17 01:48:40.968799,512
2026-02-17 01:48:40.976801,507
2026-02-17 01:48:40.984797,514
2026-02-17 01:48:40.992799,517
2026-02-17 01:48:41.000802,513
2026-02-17 01:48:41.008845,514
2026-02-17 01:48:41.016882,511
2026-02-17 01:48:41.024813,518
2026-02-17 01:48:41.032792,509
2026-02-17 01:48:41.040808,507
2026-02-17 01:48:41.048867,516
2026-02-17 01:48:41.056904,514
2026-02-17 01:48:41.064827,517
2026-02-17 01:48:41.072790,509
2026-02-17 01:48:41.080795,514
2026-02-17 01:48:41.088881,509
2026-02-17 01:48:41.096820,503
2026-02-17 01:48:41.104800,513
2026-02-17 01:48:41.112798,509
2026-02-17 01:48:41.120793,516
2026-02-17 01:48:41.128809,515
2026-02-17 01:48:41.136811,508
2026-02-17 01:48:41.144804,512
2026-02-17 01:48:41.152828,512
2026-02-17 01:48:41.160846,500
2026-02-17 01:48:41.168799,506
2026-02-17 01:48:41.176856,509
2026-02-17 01:48:41.184820,508
2026-02-17 01:48:41.192814,507
2026-02-17 01:48:41.200815,505
2026-02-17 01:48:41.208822,514
2026-02-17 01:48:41.216764,511
2026-02-17 01:48:41.224796,509
2026-02-17 01:48:41.232860,508
2026-02-17 01:48:41.240847,508
2026-02-17 01:48:41.248822,513
2026-02-17 01:48:41.256836,515
2026-02-17 01:48:41.264834,512
2026-02-17 01:48:41.272809,513
2026-02-17 01:48:41.280825,517
2026-02-17 01:48:41.288821,505
2026-02-17 01:48:41.296888,510
2026-02-17 01:48:41.304824,520
2026-02-17 01:48:41.312829,516
2026-02-17 01:48:41.320835,522
2026-02-17 01:48:41.328801,505
2026-02-17 01:48:41.336797,514
2026-02-17 01:48:41.344803,514
2026-02-17 01:48:41.352827,505
2026-02-17 01:48:41.360835,507
2026-02-17 01:48:41.368786,507
2026-02-17 01:48:41.376756,506
2026-02-17 01:48:41.384856,516
2026-02-17 01:48:41.392805,517
2026-02-17 01:48:41.400852,508
2026-02-17 01:48:41.408844,511
2026-02-17 01:48:41.416795,515
2026-02-17 01:48:41.424842,511
2026-02-17 01:48:41.432794,514
2026-02-17 01:48:41.440806,514
2026-02-17 01:48:41.448798,512
2026-02-17 01:48:41.456811,513
2026-02-17 01:48:41.464827,513
2026-02-17 01:48:41.472813,512
2026-02-17 01:48:41.480837,512
2026-02-17 01:48:41.488812,511
2026-02-17 01:48:41.496799,513
2026-02-17 01:48:41.504809,513
2026-02-17 01:48:41.512812,509
2026-02-17 01:48:41.520803,507
2026-02-17 01:48:41.528817,506
2026-02-17 01:48:41.536807,505
2026-02-17 01:48:41.544816,509
2026-02-17 01:48:41.552808,510
2026-02-17 01:48:41.560844,511
2026-02-17 01:48:41.568811,514
2026-02-17 01:48:41.576800,512
2026-02-17 01:48:41.584839,514
2026-02-17 01:48:41.592770,517
2026-02-17 01:48:41.600818,518
2026-02-17 01:48:41.608798,511
2026-02-17 01:48:41.616824,514
2026-02-17 01:48:41.624814,514
2026-02-17 01:48:41.632807,510
2026-02-17 01:48:41.640807,512
2026-02-17 01:48:41.648826,506
2026-02-17 01:48:41.656819,511
2026-02-17 01:48:41.664870,509
2026-02-17 01:48:41.672834,509
2026-02-17 01:48:41.680858,512
2026-02-17 01:48:41.688799,514
2026-02-17 01:48:41.696799,513
2026-02-17 01:48:41.704876,513
2026-02-17 01:48:41.712811,516
2026-02-17 01:48:41.720815,511
2026-02-17 01:48:41.728835,509
2026-02-17 01:48:41.736796,513
2026-02-17 01:48:41.744795,510
2026-02-17 01:48:41.752867,514
2026-02-17 01:48:41.760856,515
2026-02-17 01:48:41.768837,520
2026-02-17 01:48:41.776821,510
2026-02-17 01:48:41.784820,504
2026-02-17 01:48:41.792800,508
2026-02-17 01:48:41.800816,517
2026-02-17 01:48:41.808826,509
2026-02-17 01:48:41.816822,514
2026-02-17 01:48:41.824835,510
2026-02-17 01:48:41.832817,508
2026-02-17 01:48:41.840815,515
2026-02-17 01:48:41.848941,514
2026-02-17 01:48:41.856867,516
2026-02-17 01:48:41.864875,513
2026-02-17 01:48:41.872894,518
2026-02-17 01:48:41.880870,511
2026-02-17 01:48:41.888834,498
2026-02-17 01:48:41.896815,509
2026-02-17 01:48:41.904769,515
2026-02-17 01:48:41.912818,507
2026-02-17 01:48:41.920802,507
2026-02-17 01:48:41.928818,499
2026-02-17 01:48:41.936809,514
2026-02-17 01:48:41.944804,485
2026-02-17 01:48:41.952844,491
2026-02-17 01:48:41.960862,494
2026-02-17 01:48:41.968887,497
2026-02-17 01:48:41.976792,498
2026-02-17 01:48:41.984831,489
2026-02-17 01:48:41.992802,494
2026-02-17 01:48:42.000802,495
2026-02-17 01:48:42.008775,506
2026-02-17 01:48:42.016750,506
2026-02-17 01:48:42.024791,508
2026-02-17 01:48:42.032850,510
2026-02-17 01:48:42.040803,510
2026-02-17 01:48:42.048813,504
2026-02-17 01:48:42.056812,515
2026-02-17 01:48:42.064800,516
2026-02-17 01:48:42.072808,515
2026-02-17 01:48:42.080796,516
2026-02-17 01:48:42.088809,520
2026-02-17 01:48:42.096808,525
2026-02-17 01:48:42.104799,515
2026-02-17 01:48:42.112810,514
2026-02-17 01:48:42.120789,520
2026-02-17 01:48:42.128800,520
2026-02-17 01:48:42.136808,519
2026-02-17 01:48:42.144858,514
2026-02-17 01:48:42.152808,510
2026-02-17 01:48:42.160853,510
2026-02-17 01:48:42.168762,507
2026-02-17 01:48:42.176813,519
2026-02-17 01:48:42.184858,518
2026-02-17 01:48:42.193053,522
2026-02-17 01:48:42.200853,516
2026-02-17 01:48:42.208883,523
2026-02-17 01:48:42.216863,511
2026-02-17 01:48:42.224833,508
2026-02-17 01:48:42.232826,513
2026-02-17 01:48:42.240791,516
2026-02-17 01:48:42.248929,512
2026-02-17 01:48:42.256844,519
2026-02-17 01:48:42.264845,512
2026-02-17 01:48:42.272920,522
2026-02-17 01:48:42.280876,517
2026-02-17 01:48:42.288852,518
2026-02-17 01:48:42.296832,524
2026-02-17 01:48:42.304816,517
2026-02-17 01:48:42.312820,504
2026-02-17 01:48:42.320876,501
2026-02-17 01:48:42.328817,505
2026-02-17 01:48:42.336827,517
2026-02-17 01:48:42.344812,507
2026-02-17 01:48:42.352815,502
2026-02-17 01:48:42.360802,511
2026-02-17 01:48:42.368857,514
2026-02-17 01:48:42.376802,512
2026-02-17 01:48:42.384837,513
2026-02-17 01:48:42.392784,520
2026-02-17 01:48:42.400841,521
2026-02-17 01:48:42.408824,515
2026-02-17 01:48:42.416865,515
2026-02-17 01:48:42.424841,512
2026-02-17 01:48:42.432816,513
2026-02-17 01:48:42.440822,512
2026-02-17 01:48:42.448824,510
2026-02-17 01:48:42.456810,514
2026-02-17 01:48:42.464830,512
2026-02-17 01:48:42.472841,515
2026-02-17 01:48:42.480824,513
2026-02-17 01:48:42.488829,519
2026-02-17 01:48:42.496820,518
2026-02-17 01:48:42.504825,522
2026-02-17 01:48:42.512826,510
2026-02-17 01:48:42.520828,512
2026-02-17 01:48:42.528821,509
2026-02-17 01:48:42.536827,512
2026-02-17 01:48:42.544820,512
2026-02-17 01:48:42.552818,511
2026-02-17 01:48:42.560839,509
2026-02-17 01:48:42.568870,511
2026-02-17 01:48:42.576819,506
2026-02-17 01:48:42.584819,514
2026-02-17 01:48:42.592799,516
2026-02-17 01:48:42.600810,509
2026-02-17 01:48:42.608816,515
2026-02-17 01:48:42.616828,515
2026-02-17 01:48:42.624866,519
2026-02-17 01:48:42.632867,511
2026-02-17 01:48:42.640818,509
2026-02-17 01:48:42.648827,510
2026-02-17 01:48:42.656817,511
2026-02-17 01:48:42.664809,523
2026-02-17 01:48:42.672885,511
2026-02-17 01:48:42.680890,512
2026-02-17 01:48:42.688867,512
2026-02-17 01:48:42.696853,516
2026-02-17 01:48:42.704773,512
2026-02-17 01:48:42.712808,514
2026-02-17 01:48:42.720821,513
2026-02-17 01:48:42.728812,511
2026-02-17 01:48:42.736819,510
2026-02-17 01:48:42.744814,508
2026-02-17 01:48:42.752901,501
2026-02-17 01:48:42.760885,506
2026-02-17 01:48:42.768869,510
2026-02-17 01:48:42.776867,505
2026-02-17 01:48:42.784846,515
2026-02-17 01:48:42.792861,506
2026-02-17 01:48:42.800874,513
2026-02-17 01:48:42.808827,508
2026-02-17 01:48:42.816845,508
2026-02-17 01:48:42.824881,501
2026-02-17 01:48:42.832838,508
2026-02-17 01:48:42.840827,513
2026-02-17 01:48:42.849035,515
2026-02-17 01:48:42.856943,510
2026-02-17 01:48:42.864789,511
2026-02-17 01:48:42.872872,516
2026-02-17 01:48:42.880952,510
2026-02-17 01:48:42.888925,514
2026-02-17 01:48:42.896873,519
2026-02-17 01:48:42.904870,515
2026-02-17 01:48:42.912838,514
2026-02-17 01:48:42.920827,509
2026-02-17 01:48:42.928824,513
2026-02-17 01:48:42.936844,507
2026-02-17 01:48:42.944841,514
2026-02-17 01:48:42.952789,516
2026-02-17 01:48:42.960777,515
2026-02-17 01:48:42.968834,515
2026-02-17 01:48:42.976831,524
2026-02-17 01:48:42.984825,515
2026-02-17 01:48:42.992874,513
2026-02-17 01:48:43.000826,518
2026-02-17 01:48:43.008808,517
2026-02-17 01:48:43.016901,518
2026-02-17 01:48:43.024852,509
2026-02-17 01:48:43.032805,504
2026-02-17 01:48:43.040825,517
2026-02-17 01:48:43.048849,514
2026-02-17 01:48:43.056814,516
2026-02-17 01:48:43.064885,507
2026-02-17 01:48:43.072820,512
2026-02-17 01:48:43.080841,508
2026-02-17 01:48:43.088838,502
2026-02-17 01:48:43.096876,516
2026-02-17 01:48:43.104917,520
2026-02-17 01:48:43.112868,517
2026-02-17 01:48:43.120834,515
2026-02-17 01:48:43.128884,514
2026-02-17 01:48:43.136825,508
2026-02-17 01:48:43.144871,509
2026-02-17 01:48:43.152844,507
2026-02-17 01:48:43.160823,516
2026-02-17 01:48:43.168896,516
2026-02-17 01:48:43.176838,520
2026-02-17 01:48:43.184836,517
2026-02-17 01:48:43.192834,508
2026-02-17 01:48:43.200837,508
2026-02-17 01:48:43.208832,514
2026-02-17 01:48:43.216827,515
2026-02-17 01:48:43.224826,515
2026-02-17 01:48:43.232891,513
2026-02-17 01:48:43.240835,502
2026-02-17 01:48:43.248808,511
2026-02-17 01:48:43.256875,512
2026-02-17 01:48:43.264811,513
2026-02-17 01:48:43.272903,508
2026-02-17 01:48:43.280864,516
2026-02-17 01:48:43.288841,512
2026-02-17 01:48:43.296845,511
2026-02-17 01:48:43.304835,515
2026-02-17 01:48:43.312851,513
2026-02-17 01:48:43.320835,512
2026-02-17 01:48:43.328832,515
2026-02-17 01:48:43.336856,516
2026-02-17 01:48:43.344823,518
2026-02-17 01:48:43.352820,514
2026-02-17 01:48:43.360790,515
2026-02-17 01:48:43.368796,519
2026-02-17 01:48:43.376800,511
2026-02-17 01:48:43.384903,506
2026-02-17 01:48:43.392836,508
2026-02-17 01:48:43.400846,515
2026-02-17 01:48:43.408838,509
2026-02-17 01:48:43.416826,511
2026-02-17 01:48:43.424841,506
2026-02-17 01:48:43.432870,501
2026-02-17 01:48:43.440847,501
2026-02-17 01:48:43.448826,508
2026-02-17 01:48:43.456926,510
2026-02-17 01:48:43.464887,513
2026-02-17 01:48:43.472980,517
2026-02-17 01:48:43.480936,514
2026-02-17 01:48:43.488868,510
2026-02-17 01:48:43.496843,511
2026-02-17 01:48:43.504851,504
2026-02-17 01:48:43.512847,511
2026-02-17 01:48:43.520832,508
2026-02-17 01:48:43.528843,511
2026-02-17 01:48:43.536835,499
2026-02-17 01:48:43.544837,506
2026-02-17 01:48:43.552838,508
2026-02-17 01:48:43.560836,503
2026-02-17 01:48:43.568829,512
2026-02-17 01:48:43.576829,509
2026-02-17 01:48:43.584843,512
2026-02-17 01:48:43.592915,509
2026-02-17 01:48:43.600883,510
2026-02-17 01:48:43.608896,512
2026-02-17 01:48:43.616838,517
2026-02-17 01:48:43.624836,497
2026-02-17 01:48:43.632835,502
2026-02-17 01:48:43.640870,508
2026-02-17 01:48:43.648850,515
2026-02-17 01:48:43.656875,513
2026-02-17 01:48:43.664836,520
2026-02-17 01:48:43.672841,511
2026-02-17 01:48:43.680849,514
2026-02-17 01:48:43.688837,508
2026-02-17 01:48:43.696838,515
2026-02-17 01:48:43.704875,513
2026-02-17 01:48:43.712834,512
2026-02-17 01:48:43.720829,511
2026-02-17 01:48:43.728836,506
2026-02-17 01:48:43.736837,504
2026-02-17 01:48:43.744877,501
2026-02-17 01:48:43.752886,510
2026-02-17 01:48:43.760890,507
2026-02-17 01:48:43.768871,508
2026-02-17 01:48:43.776878,510
2026-02-17 01:48:43.784883,517
2026-02-17 01:48:43.792914,514
2026-02-17 01:48:43.800885,512
2026-02-17 01:48:43.808899,512
2026-02-17 01:48:43.816883,510
2026-02-17 01:48:43.824884,509
2026-02-17 01:48:43.832855,506
2026-02-17 01:48:43.840830,507
2026-02-17 01:48:43.848935,512
2026-02-17 01:48:43.856866,518
2026-02-17 01:48:43.864920,505
2026-02-17 01:48:43.872896,510
2026-02-17 01:48:43.880873,520
2026-02-17 01:48:43.888861,519
2026-02-17 01:48:43.896839,519
2026-02-17 01:48:43.904835,512
2026-02-17 01:48:43.912909,513
2026-02-17 01:48:43.920845,504
2026-02-17 01:48:43.928841,508
2026-02-17 01:48:43.936839,511
2026-02-17 01:48:43.944838,516
2026-02-17 01:48:43.952833,513
2026-02-17 01:48:43.960797,506
2026-02-17 01:48:43.968864,516
2026-02-17 01:48:43.976847,513
2026-02-17 01:48:43.984846,515
2026-02-17 01:48:43.992842,511
2026-02-17 01:48:44.000834,504
2026-02-17 01:48:44.008827,508
2026-02-17 01:48:44.016912,509
2026-02-17 01:48:44.024840,510
2026-02-17 01:48:44.032847,508
2026-02-17 01:48:44.040856,514
2026-02-17 01:48:44.048880,514
2026-02-17 01:48:44.056858,513
2026-02-17 01:48:44.064939,510
2026-02-17 01:48:44.072895,515
2026-02-17 01:48:44.080971,519
2026-02-17 01:48:44.088907,516
2026-02-17 01:48:44.096863,515
2026-02-17 01:48:44.104883,516
2026-02-17 01:48:44.112842,511
2026-02-17 01:48:44.120851,508
2026-02-17 01:48:44.128870,505
2026-02-17 01:48:44.136872,513
2026-02-17 01:48:44.144851,516
2026-02-17 01:48:44.152840,516
2026-02-17 01:48:44.160841,511
2026-02-17 01:48:44.168855,518
2026-02-17 01:48:44.176860,514
2026-02-17 01:48:44.184852,515
2026-02-17 01:48:44.192841,521
2026-02-17 01:48:44.200844,512
2026-02-17 01:48:44.208849,515
2026-02-17 01:48:44.216828,508
2026-02-17 01:48:44.224853,509
2026-02-17 01:48:44.232853,511
2026-02-17 01:48:44.240850,506
2026-02-17 01:48:44.248839,513
2026-02-17 01:48:44.256885,509
2026-02-17 01:48:44.264894,517
2026-02-17 01:48:44.272857,506
2026-02-17 01:48:44.280953,510
2026-02-17 01:48:44.288939,514
2026-02-17 01:48:44.296911,517
2026-02-17 01:48:44.304813,510
2026-02-17 01:48:44.312882,516
2026-02-17 01:48:44.320888,510
2026-02-17 01:48:44.328888,511
2026-02-17 01:48:44.336851,504
2026-02-17 01:48:44.344856,513
2026-02-17 01:48:44.352842,508
2026-02-17 01:48:44.360876,508
2026-02-17 01:48:44.368839,516
2026-02-17 01:48:44.376816,518
2026-02-17 01:48:44.384850,522
2026-02-17 01:48:44.392841,508
2026-02-17 01:48:44.400852,517
2026-02-17 01:48:44.408852,517
2026-02-17 01:48:44.416867,515
2026-02-17 01:48:44.424851,513
2026-02-17 01:48:44.432864,509
2026-02-17 01:48:44.440850,507
2026-02-17 01:48:44.448891,501
2026-02-17 01:48:44.456854,503
2026-02-17 01:48:44.464857,510
2026-02-17 01:48:44.472843,516
2026-02-17 01:48:44.480896,512
2026-02-17 01:48:44.488895,514
2026-02-17 01:48:44.496844,515
2026-02-17 01:48:44.504860,512
2026-02-17 01:48:44.512856,509
2026-02-17 01:48:44.520852,509
2026-02-17 01:48:44.528848,505
2026-02-17 01:48:44.536835,505
2026-02-17 01:48:44.544888,513
2026-02-17 01:48:44.552853,510
2026-02-17 01:48:44.560847,511
2026-02-17 01:48:44.568852,520
2026-02-17 01:48:44.576845,510
2026-02-17 01:48:44.584855,507
2026-02-17 01:48:44.592797,516
2026-02-17 01:48:44.600859,516
2026-02-17 01:48:44.608862,520
2026-02-17 01:48:44.616894,509
2026-02-17 01:48:44.624918,513
2026-02-17 01:48:44.632911,514
2026-02-17 01:48:44.640871,514
2026-02-17 01:48:44.648901,511
2026-02-17 01:48:44.656856,510
2026-02-17 01:48:44.664899,514
2026-02-17 01:48:44.672853,510
2026-02-17 01:48:44.680912,510
2026-02-17 01:48:44.688874,517
2026-02-17 01:48:44.696845,521
2026-02-17 01:48:44.704851,518
2026-02-17 01:48:44.712853,517
2026-02-17 01:48:44.720860,512
2026-02-17 01:48:44.728891,514
2026-02-17 01:48:44.736840,504
2026-02-17 01:48:44.744844,509
2026-02-17 01:48:44.752921,514
2026-02-17 01:48:44.760863,510
2026-02-17 01:48:44.768851,516
2026-02-17 01:48:44.776903,511
2026-02-17 01:48:44.784900,517
2026-02-17 01:48:44.792880,505
2026-02-17 01:48:44.800908,508
2026-02-17 01:48:44.808883,507
2026-02-17 01:48:44.816814,516
2026-02-17 01:48:44.824906,516
2026-02-17 01:48:44.832833,514
2026-02-17 01:48:44.840832,512
2026-02-17 01:48:44.848864,503
2026-02-17 01:48:44.856874,510
2026-02-17 01:48:44.864922,504
2026-02-17 01:48:44.872899,511
2026-02-17 01:48:44.880919,518
2026-02-17 01:48:44.888897,515
2026-02-17 01:48:44.896872,509
2026-02-17 01:48:44.904858,517
2026-02-17 01:48:44.912874,504
2026-02-17 01:48:44.920855,513
2026-02-17 01:48:44.928888,513
2026-02-17 01:48:44.936890,511
2026-02-17 01:48:44.944862,514
2026-02-17 01:48:44.952857,510
2026-02-17 01:48:44.960853,514
2026-02-17 01:48:44.968824,507
2026-02-17 01:48:44.976864,508
2026-02-17 01:48:44.984856,514
2026-02-17 01:48:44.992888,514
2026-02-17 01:48:45.000851,512
2026-02-17 01:48:45.008881,513
2026-02-17 01:48:45.016954,513
2026-02-17 01:48:45.024821,505
2026-02-17 01:48:45.032863,509
2026-02-17 01:48:45.040845,510
2026-02-17 01:48:45.048881,511
2026-02-17 01:48:45.056843,510
2026-02-17 01:48:45.064898,512
2026-02-17 01:48:45.072871,509
2026-02-17 01:48:45.080878,506
2026-02-17 01:48:45.088874,509
2026-02-17 01:48:45.096898,503
2026-02-17 01:48:45.104898,514
2026-02-17 01:48:45.112859,510
2026-02-17 01:48:45.120857,511
2026-02-17 01:48:45.128865,509
2026-02-17 01:48:45.136863,515
2026-02-17 01:48:45.144854,506
2026-02-17 01:48:45.152928,501
2026-02-17 01:48:45.160910,509
2026-02-17 01:48:45.168866,516
2026-02-17 01:48:45.176919,514
2026-02-17 01:48:45.184853,516
2026-02-17 01:48:45.192891,512
2026-02-17 01:48:45.200864,521
2026-02-17 01:48:45.208856,504
2026-02-17 01:48:45.216860,506
2026-02-17 01:48:45.224849,514
2026-02-17 01:48:45.232863,515
2026-02-17 01:48:45.240862,517
2026-02-17 01:48:45.248871,514
2026-02-17 01:48:45.256955,517
2026-02-17 01:48:45.264926,515
2026-02-17 01:48:45.272932,517
2026-02-17 01:48:45.280997,510
2026-02-17 01:48:45.288966,516
2026-02-17 01:48:45.296927,516
2026-02-17 01:48:45.304853,516
2026-02-17 01:48:45.312926,515
2026-02-17 01:48:45.320864,521
2026-02-17 01:48:45.328851,499
2026-02-17 01:48:45.336901,506
2026-02-17 01:48:45.344893,508
2026-02-17 01:48:45.352867,507
2026-02-17 01:48:45.360847,509
2026-02-17 01:48:45.368896,514
2026-02-17 01:48:45.376844,522
2026-02-17 01:48:45.384872,514
2026-02-17 01:48:45.392845,515
2026-02-17 01:48:45.400870,515
2026-02-17 01:48:45.408900,511
2026-02-17 01:48:45.416912,515
2026-02-17 01:48:45.424866,513
2026-02-17 01:48:45.432901,511
2026-02-17 01:48:45.440856,513
2026-02-17 01:48:45.448862,510
2026-02-17 01:48:45.456845,511
2026-02-17 01:48:45.464850,508
2026-02-17 01:48:45.472867,511
2026-02-17 01:48:45.480900,516
2026-02-17 01:48:45.488862,512
2026-02-17 01:48:45.496890,513
2026-02-17 01:48:45.504883,504
2026-02-17 01:48:45.512859,512
2026-02-17 01:48:45.520868,511
2026-02-17 01:48:45.528853,509
2026-02-17 01:48:45.536854,506
2026-02-17 01:48:45.544867,511
2026-02-17 01:48:45.552922,512
2026-02-17 01:48:45.560858,512
2026-02-17 01:48:45.568862,513
2026-02-17 01:48:45.576913,510
2026-02-17 01:48:45.584871,513
2026-02-17 01:48:45.592847,513
2026-02-17 01:48:45.600876,517
2026-02-17 01:48:45.608873,509
2026-02-17 01:48:45.616868,512
2026-02-17 01:48:45.624855,506
2026-02-17 01:48:45.632868,510
2026-02-17 01:48:45.640864,509
2026-02-17 01:48:45.648880,508
2026-02-17 01:48:45.656913,517
2026-02-17 01:48:45.664872,516
2026-02-17 01:48:45.672868,516
2026-02-17 01:48:45.680958,512
2026-02-17 01:48:45.688901,505
2026-02-17 01:48:45.696894,504
2026-02-17 01:48:45.704873,497
2026-02-17 01:48:45.712885,500
2026-02-17 01:48:45.720872,499
2026-02-17 01:48:45.728871,498
2026-02-17 01:48:45.736873,491
2026-02-17 01:48:45.744898,493
2026-02-17 01:48:45.752925,493
2026-02-17 01:48:45.760891,499
2026-02-17 01:48:45.768864,499
2026-02-17 01:48:45.776908,511
2026-02-17 01:48:45.784867,501
2026-02-17 01:48:45.792868,507
2026-02-17 01:48:45.800871,510
2026-02-17 01:48:45.808875,515
2026-02-17 01:48:45.816861,504
2026-02-17 01:48:45.824866,515
2026-02-17 01:48:45.832842,517
2026-02-17 01:48:45.840873,518
2026-02-17 01:48:45.849000,518
2026-02-17 01:48:45.856973,516
2026-02-17 01:48:45.864975,508
2026-02-17 01:48:45.872898,513
2026-02-17 01:48:45.880911,518
2026-02-17 01:48:45.889057,523
2026-02-17 01:48:45.896964,512
2026-02-17 01:48:45.904830,518
2026-02-17 01:48:45.912946,512
2026-02-17 01:48:45.920932,513
2026-02-17 01:48:45.928868,517
2026-02-17 01:48:45.936869,515
2026-02-17 01:48:45.944875,517
2026-02-17 01:48:45.952864,513
2026-02-17 01:48:45.960904,515
2026-02-17 01:48:45.969007,519
2026-02-17 01:48:45.976914,516
2026-02-17 01:48:45.984948,523
2026-02-17 01:48:45.992949,522
2026-02-17 01:48:46.000926,512
2026-02-17 01:48:46.008879,515
2026-02-17 01:48:46.016959,512
2026-02-17 01:48:46.024869,513
2026-02-17 01:48:46.032892,515
2026-02-17 01:48:46.040873,517
2026-02-17 01:48:46.048901,518
2026-02-17 01:48:46.057020,521
2026-02-17 01:48:46.064861,518
2026-02-17 01:48:46.072896,517
2026-02-17 01:48:46.080938,518
2026-02-17 01:48:46.088938,515
2026-02-17 01:48:46.096870,514
2026-02-17 01:48:46.104885,511
2026-02-17 01:48:46.112947,516
2026-02-17 01:48:46.120919,506
2026-02-17 01:48:46.128872,515
2026-02-17 01:48:46.136881,518
2026-02-17 01:48:46.144929,518
2026-02-17 01:48:46.152916,517
2026-02-17 01:48:46.160903,522
2026-02-17 01:48:46.168878,517
2026-02-17 01:48:46.176863,513
2026-02-17 01:48:46.184873,513
2026-02-17 01:48:46.192880,511
2026-02-17 01:48:46.200870,521
2026-02-17 01:48:46.208875,512
2026-02-17 01:48:46.216876,515
2026-02-17 01:48:46.224871,510
2026-02-17 01:48:46.232876,510
2026-02-17 01:48:46.240871,512
2026-02-17 01:48:46.248875,518
2026-02-17 01:48:46.256872,518
2026-02-17 01:48:46.264880,512
2026-02-17 01:48:46.272868,517
2026-02-17 01:48:46.280881,513
2026-02-17 01:48:46.288894,516
2026-02-17 01:48:46.296945,515
2026-02-17 01:48:46.304874,515
2026-02-17 01:48:46.312866,510
2026-02-17 01:48:46.320830,514
2026-02-17 01:48:46.328822,514
2026-02-17 01:48:46.336881,511
2026-02-17 01:48:46.344875,517
2026-02-17 01:48:46.352855,511
2026-02-17 01:48:46.360885,513
2026-02-17 01:48:46.368884,514
2026-02-17 01:48:46.376839,518
2026-02-17 01:48:46.384892,518
2026-02-17 01:48:46.392885,520
2026-02-17 01:48:46.400869,512
2026-02-17 01:48:46.408875,518
2026-02-17 01:48:46.416873,514
2026-02-17 01:48:46.424871,520
2026-02-17 01:48:46.432872,519
2026-02-17 01:48:46.440867,509
2026-02-17 01:48:46.448941,509
2026-02-17 01:48:46.456868,513
2026-02-17 01:48:46.464929,515
2026-02-17 01:48:46.472923,516
2026-02-17 01:48:46.480875,510
2026-02-17 01:48:46.488929,517
2026-02-17 01:48:46.496922,515
2026-02-17 01:48:46.504867,507
2026-02-17 01:48:46.512870,506
2026-02-17 01:48:46.520897,504
2026-02-17 01:48:46.528872,507
2026-02-17 01:48:46.536861,513
2026-02-17 01:48:46.544875,515
2026-02-17 01:48:46.552865,512
2026-02-17 01:48:46.560868,508
2026-02-17 01:48:46.568866,510
2026-02-17 01:48:46.576875,505
2026-02-17 01:48:46.584879,509
2026-02-17 01:48:46.592835,507
2026-02-17 01:48:46.600890,511
2026-02-17 01:48:46.608898,514
2026-02-17 01:48:46.616906,512
2026-02-17 01:48:46.624934,513
2026-02-17 01:48:46.632881,509
2026-02-17 01:48:46.640901,506
2026-02-17 01:48:46.648875,511
2026-02-17 01:48:46.656879,515
2026-02-17 01:48:46.664922,510
2026-02-17 01:48:46.672881,503
2026-02-17 01:48:46.680873,515
2026-02-17 01:48:46.688902,507
2026-02-17 01:48:46.696889,511
2026-02-17 01:48:46.704896,512
2026-02-17 01:48:46.712880,511
2026-02-17 01:48:46.720876,517
2026-02-17 01:48:46.728897,516
2026-02-17 01:48:46.736882,508
2026-02-17 01:48:46.744873,521
2026-02-17 01:48:46.752958,515
2026-02-17 01:48:46.760988,513
2026-02-17 01:48:46.768961,516
2026-02-17 01:48:46.777060,520
2026-02-17 01:48:46.784944,518
2026-02-17 01:48:46.792917,514
2026-02-17 01:48:46.800911,510
2026-02-17 01:48:46.808925,517
2026-02-17 01:48:46.816870,513
2026-02-17 01:48:46.824895,518
2026-02-17 01:48:46.832859,512
2026-02-17 01:48:46.840889,507
2026-02-17 01:48:46.848842,511
2026-02-17 01:48:46.856835,507
2026-02-17 01:48:46.864905,513
2026-02-17 01:48:46.872946,517
2026-02-17 01:48:46.880892,517
2026-02-17 01:48:46.888895,517
2026-02-17 01:48:46.896894,519
2026-02-17 01:48:46.904892,520
2026-02-17 01:48:46.912875,506
2026-02-17 01:48:46.920884,510
2026-02-17 01:48:46.928877,511
2026-02-17 01:48:46.936915,517
2026-02-17 01:48:46.944889,511
2026-02-17 01:48:46.952915,516
2026-02-17 01:48:46.960920,502
2026-02-17 01:48:46.968868,505
2026-02-17 01:48:46.976831,509
2026-02-17 01:48:46.984882,510
2026-02-17 01:48:46.992870,509
2026-02-17 01:48:47.000848,508
2026-02-17 01:48:47.008871,511
2026-02-17 01:48:47.016841,510
2026-02-17 01:48:47.024868,497
2026-02-17 01:48:47.032822,504
2026-02-17 01:48:47.040868,508
2026-02-17 01:48:47.048874,516
2026-02-17 01:48:47.056913,508
2026-02-17 01:48:47.064885,518
2026-02-17 01:48:47.072928,509
2026-02-17 01:48:47.080882,508
2026-02-17 01:48:47.088868,516
2026-02-17 01:48:47.096876,512
2026-02-17 01:48:47.104852,521
2026-02-17 01:48:47.112888,510
2026-02-17 01:48:47.120846,518
2026-02-17 01:48:47.128867,515
2026-02-17 01:48:47.136942,513
2026-02-17 01:48:47.144893,514
2026-02-17 01:48:47.152889,517
2026-02-17 01:48:47.160855,519
2026-02-17 01:48:47.168949,517
2026-02-17 01:48:47.176865,517
2026-02-17 01:48:47.184861,508
2026-02-17 01:48:47.192889,513
2026-02-17 01:48:47.200893,514
2026-02-17 01:48:47.208889,517
2026-02-17 01:48:47.217007,520
2026-02-17 01:48:47.224995,512
2026-02-17 01:48:47.232912,512
2026-02-17 01:48:47.240930,508
2026-02-17 01:48:47.248926,515
2026-02-17 01:48:47.256942,517
2026-02-17 01:48:47.264894,515
2026-02-17 01:48:47.272887,515
2026-02-17 01:48:47.280889,515
2026-02-17 01:48:47.288917,512
2026-02-17 01:48:47.296910,515
2026-02-17 01:48:47.304896,516
2026-02-17 01:48:47.312898,513
2026-02-17 01:48:47.320880,514
2026-02-17 01:48:47.328883,509
2026-02-17 01:48:47.336873,509
2026-02-17 01:48:47.344941,508
2026-02-17 01:48:47.352940,510
2026-02-17 01:48:47.360913,520
2026-02-17 01:48:47.369002,516
2026-02-17 01:48:47.376850,511
2026-02-17 01:48:47.384927,516
2026-02-17 01:48:47.392915,507
2026-02-17 01:48:47.400894,508
2026-02-17 01:48:47.408906,510
2026-02-17 01:48:47.416968,516
2026-02-17 01:48:47.424889,513
2026-02-17 01:48:47.432921,518
2026-02-17 01:48:47.440887,505
2026-02-17 01:48:47.448895,507
2026-02-17 01:48:47.456886,516
2026-02-17 01:48:47.464869,517
2026-02-17 01:48:47.472888,513
2026-02-17 01:48:47.480899,509
2026-02-17 01:48:47.488893,514
2026-02-17 01:48:47.496903,496
2026-02-17 01:48:47.504899,509
2026-02-17 01:48:47.512899,509
2026-02-17 01:48:47.520925,508
2026-02-17 01:48:47.528881,511
2026-02-17 01:48:47.536891,513
2026-02-17 01:48:47.544880,507
2026-02-17 01:48:47.552880,502
2026-02-17 01:48:47.560888,513
2026-02-17 01:48:47.568888,511
2026-02-17 01:48:47.576898,519
2026-02-17 01:48:47.584883,517
2026-02-17 01:48:47.592889,511
2026-02-17 01:48:47.600952,503
2026-02-17 01:48:47.608910,504
2026-02-17 01:48:47.616932,506
2026-02-17 01:48:47.624905,514
2026-02-17 01:48:47.632883,516
2026-02-17 01:48:47.640895,516
2026-02-17 01:48:47.648914,520
2026-02-17 01:48:47.656901,505
2026-02-17 01:48:47.664897,510
2026-02-17 01:48:47.672995,513
2026-02-17 01:48:47.680932,512
2026-02-17 01:48:47.688941,514
2026-02-17 01:48:47.696964,507
2026-02-17 01:48:47.704901,518
2026-02-17 01:48:47.712890,515
2026-02-17 01:48:47.720902,520
2026-02-17 01:48:47.728900,516
2026-02-17 01:48:47.736910,511
2026-02-17 01:48:47.744894,510
2026-02-17 01:48:47.752952,508
2026-02-17 01:48:47.760947,512
2026-02-17 01:48:47.768905,516
2026-02-17 01:48:47.776931,515
2026-02-17 01:48:47.784883,518
2026-02-17 01:48:47.792897,505
2026-02-17 01:48:47.800893,510
2026-02-17 01:48:47.808895,519
2026-02-17 01:48:47.816899,510
2026-02-17 01:48:47.824886,514
2026-02-17 01:48:47.832898,512
2026-02-17 01:48:47.840894,510
2026-02-17 01:48:47.849216,505
2026-02-17 01:48:47.857098,513
2026-02-17 01:48:47.864990,511
2026-02-17 01:48:47.872901,506
2026-02-17 01:48:47.880889,506
2026-02-17 01:48:47.889000,508
2026-02-17 01:48:47.897015,507
2026-02-17 01:48:47.904938,516
2026-02-17 01:48:47.912912,516
2026-02-17 01:48:47.920911,507
2026-02-17 01:48:47.928953,518
2026-02-17 01:48:47.936903,504
2026-02-17 01:48:47.944892,512
2026-02-17 01:48:47.952889,508
2026-02-17 01:48:47.960914,511
2026-02-17 01:48:47.968940,512
2026-02-17 01:48:47.976923,511
2026-02-17 01:48:47.984845,509
2026-02-17 01:48:47.992936,517
2026-02-17 01:48:48.000907,509
2026-02-17 01:48:48.008938,520
2026-02-17 01:48:48.017001,520
2026-02-17 01:48:48.024908,523
2026-02-17 01:48:48.032975,514
2026-02-17 01:48:48.040906,512
2026-02-17 01:48:48.048892,514
2026-02-17 01:48:48.056983,511
2026-02-17 01:48:48.064880,517
2026-02-17 01:48:48.072885,515
2026-02-17 01:48:48.080975,515
2026-02-17 01:48:48.088897,513
2026-02-17 01:48:48.096992,515
2026-02-17 01:48:48.104864,522
2026-02-17 01:48:48.112854,512
2026-02-17 01:48:48.120904,515
2026-02-17 01:48:48.128844,512
2026-02-17 01:48:48.136975,515
2026-02-17 01:48:48.144924,512
2026-02-17 01:48:48.152986,514
2026-02-17 01:48:48.160926,504
2026-02-17 01:48:48.168887,512
2026-02-17 01:48:48.176922,507
2026-02-17 01:48:48.184901,516
2026-02-17 01:48:48.192892,515
2026-02-17 01:48:48.200897,510
2026-02-17 01:48:48.208909,516
2026-02-17 01:48:48.216903,508
2026-02-17 01:48:48.224889,514
2026-02-17 01:48:48.232895,513
2026-02-17 01:48:48.240894,510
2026-02-17 01:48:48.248882,517
2026-02-17 01:48:48.256986,510
2026-02-17 01:48:48.264955,506
2026-02-17 01:48:48.272902,512
2026-02-17 01:48:48.280902,516
2026-02-17 01:48:48.288897,520
2026-02-17 01:48:48.296933,510
2026-02-17 01:48:48.304910,508
2026-02-17 01:48:48.312916,507
2026-02-17 01:48:48.320912,511
2026-02-17 01:48:48.328925,516
2026-02-17 01:48:48.336907,513
2026-02-17 01:48:48.344896,515
2026-02-17 01:48:48.352917,513
2026-02-17 01:48:48.360918,519
2026-02-17 01:48:48.369007,504
2026-02-17 01:48:48.376868,510
2026-02-17 01:48:48.384921,510
2026-02-17 01:48:48.392953,506
2026-02-17 01:48:48.400923,506
2026-02-17 01:48:48.408908,509
2026-02-17 01:48:48.416900,499
2026-02-17 01:48:48.424941,510
2026-02-17 01:48:48.432912,517
2026-02-17 01:48:48.440893,514
2026-02-17 01:48:48.448907,518
2026-02-17 01:48:48.456904,515
2026-02-17 01:48:48.464916,507
2026-02-17 01:48:48.472903,510
2026-02-17 01:48:48.480902,511
2026-02-17 01:48:48.488899,510
2026-02-17 01:48:48.496946,511
2026-02-17 01:48:48.504854,513
2026-02-17 01:48:48.512996,497
2026-02-17 01:48:48.520951,509
2026-02-17 01:48:48.528953,510
2026-02-17 01:48:48.536917,511
2026-02-17 01:48:48.544896,514
2026-02-17 01:48:48.552923,519
2026-02-17 01:48:48.560961,497
2026-02-17 01:48:48.568903,508
2026-02-17 01:48:48.576932,512
2026-02-17 01:48:48.584919,514
2026-02-17 01:48:48.592885,513
2026-02-17 01:48:48.600915,517
2026-02-17 01:48:48.608908,504
2026-02-17 01:48:48.616901,505
2026-02-17 01:48:48.624912,508
2026-02-17 01:48:48.632904,508
2026-02-17 01:48:48.640905,512
2026-02-17 01:48:48.648900,514
2026-02-17 01:48:48.656899,509
2026-02-17 01:48:48.664907,515
2026-02-17 01:48:48.672900,509
2026-02-17 01:48:48.680901,505
2026-02-17 01:48:48.688897,513
2026-02-17 01:48:48.696918,515
2026-02-17 01:48:48.704917,520
2026-02-17 01:48:48.712906,510
2026-02-17 01:48:48.720911,518
2026-02-17 01:48:48.728880,510
2026-02-17 01:48:48.736912,515
2026-02-17 01:48:48.744908,516
2026-02-17 01:48:48.752873,517
2026-02-17 01:48:48.760915,512
2026-02-17 01:48:48.768899,512
2026-02-17 01:48:48.776913,510
2026-02-17 01:48:48.784902,508
2026-02-17 01:48:48.792921,514
2026-02-17 01:48:48.800906,514
2026-02-17 01:48:48.808900,508
2026-02-17 01:48:48.816917,506
2026-02-17 01:48:48.824907,513
2026-02-17 01:48:48.832961,505
2026-02-17 01:48:48.840908,514
2026-02-17 01:48:48.849033,517
2026-02-17 01:48:48.856987,509
2026-02-17 01:48:48.864963,504
2026-02-17 01:48:48.872905,511
2026-02-17 01:48:48.880872,509
2026-02-17 01:48:48.888960,511
2026-02-17 01:48:48.896997,514
2026-02-17 01:48:48.904857,509
2026-02-17 01:48:48.912915,515
2026-02-17 01:48:48.920911,514
2026-02-17 01:48:48.928912,514
2026-02-17 01:48:48.936915,511
2026-02-17 01:48:48.944902,505
2026-02-17 01:48:48.952909,509
2026-02-17 01:48:48.960969,511
2026-02-17 01:48:48.968910,509
2026-02-17 01:48:48.976927,507
2026-02-17 01:48:48.984861,509
2026-02-17 01:48:48.992894,508
2026-02-17 01:48:49.000908,515
2026-02-17 01:48:49.008960,519
2026-02-17 01:48:49.016996,519
2026-02-17 01:48:49.024952,508
2026-02-17 01:48:49.032939,512
2026-02-17 01:48:49.040916,512
2026-02-17 01:48:49.048901,512
2026-02-17 01:48:49.056927,505
2026-02-17 01:48:49.065036,511
2026-02-17 01:48:49.072981,503
2026-02-17 01:48:49.080908,509
2026-02-17 01:48:49.088971,510
2026-02-17 01:48:49.096876,492
2026-02-17 01:48:49.104864,496
2026-02-17 01:48:49.112937,501
2026-02-17 01:48:49.120901,494
2026-02-17 01:48:49.128880,497
2026-02-17 01:48:49.136908,487
2026-02-17 01:48:49.144930,487
2026-02-17 01:48:49.152922,492
2026-02-17 01:48:49.160924,496
2026-02-17 01:48:49.168922,495
2026-02-17 01:48:49.176933,491
2026-02-17 01:48:49.184932,493
2026-02-17 01:48:49.192960,498
2026-02-17 01:48:49.200891,503
2026-02-17 01:48:49.208918,508
2026-02-17 01:48:49.216906,505
2026-02-17 01:48:49.224920,509
2026-02-17 01:48:49.232913,509
2026-02-17 01:48:49.240899,502
2026-02-17 01:48:49.248930,514
2026-02-17 01:48:49.256920,512
2026-02-17 01:48:49.264943,519
2026-02-17 01:48:49.272921,520
2026-02-17 01:48:49.280913,520
2026-02-17 01:48:49.288899,522
2026-02-17 01:48:49.296915,526
2026-02-17 01:48:49.304970,529
2026-02-17 01:48:49.312918,527
2026-02-17 01:48:49.321024,531
2026-02-17 01:48:49.328965,536
2026-02-17 01:48:49.336905,525
2026-02-17 01:48:49.344933,530
2026-02-17 01:48:49.352917,527
2026-02-17 01:48:49.360923,518
2026-02-17 01:48:49.368866,524
2026-02-17 01:48:49.377016,527
2026-02-17 01:48:49.384924,523
2026-02-17 01:48:49.392923,522
2026-02-17 01:48:49.400931,524
2026-02-17 01:48:49.408932,523
2026-02-17 01:48:49.416953,526
2026-02-17 01:48:49.424924,525
2026-02-17 01:48:49.432908,520
2026-02-17 01:48:49.440918,524
2026-02-17 01:48:49.448928,522
2026-02-17 01:48:49.456909,524
2026-02-17 01:48:49.464923,521
2026-02-17 01:48:49.472974,521
2026-02-17 01:48:49.480967,517
2026-02-17 01:48:49.488963,517
2026-02-17 01:48:49.496929,523
2026-02-17 01:48:49.504966,518
2026-02-17 01:48:49.512906,523
2026-02-17 01:48:49.520910,523
2026-02-17 01:48:49.528910,521
2026-02-17 01:48:49.536920,523
2026-02-17 01:48:49.544919,505
2026-02-17 01:48:49.552921,514
2026-02-17 01:48:49.560904,519
2026-02-17 01:48:49.568953,514
2026-02-17 01:48:49.576910,518
2026-02-17 01:48:49.584915,517
2026-02-17 01:48:49.592908,508
2026-02-17 01:48:49.600931,509
2026-02-17 01:48:49.608962,518
2026-02-17 01:48:49.616913,520
2026-02-17 01:48:49.624923,521
2026-02-17 01:48:49.632960,514
2026-02-17 01:48:49.640911,517
2026-02-17 01:48:49.648908,513
2026-02-17 01:48:49.656933,512
2026-02-17 01:48:49.664913,517
2026-02-17 01:48:49.672910,510
2026-02-17 01:48:49.680965,510
2026-02-17 01:48:49.688948,515
2026-02-17 01:48:49.696916,520
2026-02-17 01:48:49.704927,517
2026-02-17 01:48:49.712911,514
2026-02-17 01:48:49.720921,509
2026-02-17 01:48:49.728916,518
2026-02-17 01:48:49.736955,518
2026-02-17 01:48:49.744922,516
2026-02-17 01:48:49.752958,516
2026-02-17 01:48:49.761001,509
2026-02-17 01:48:49.768962,503
2026-02-17 01:48:49.776941,508
2026-02-17 01:48:49.784965,512
2026-02-17 01:48:49.792921,512
2026-02-17 01:48:49.800971,517
2026-02-17 01:48:49.808918,512
2026-02-17 01:48:49.816920,515
2026-02-17 01:48:49.824915,511
2026-02-17 01:48:49.832926,511
2026-02-17 01:48:49.840928,515
2026-02-17 01:48:49.848990,520
2026-02-17 01:48:49.856942,514
2026-02-17 01:48:49.864958,511
2026-02-17 01:48:49.872931,513
2026-02-17 01:48:49.880929,509
2026-02-17 01:48:49.888918,519
2026-02-17 01:48:49.896903,522
2026-02-17 01:48:49.904961,528
2026-02-17 01:48:49.912922,516
2026-02-17 01:48:49.920934,519
2026-02-17 01:48:49.928924,514
2026-02-17 01:48:49.936968,520
2026-02-17 01:48:49.944916,517
2026-02-17 01:48:49.952920,519
2026-02-17 01:48:49.960955,509
2026-02-17 01:48:49.968915,516
2026-02-17 01:48:49.976927,513
2026-02-17 01:48:49.984893,517
2026-02-17 01:48:49.992877,513
2026-02-17 01:48:50.000932,510
2026-02-17 01:48:50.009141,513
2026-02-17 01:48:50.017034,509
2026-02-17 01:48:50.024936,506
2026-02-17 01:48:50.032892,508
2026-02-17 01:48:50.040926,514
2026-02-17 01:48:50.048947,512
2026-02-17 01:48:50.057047,503
2026-02-17 01:48:50.065120,514
2026-02-17 01:48:50.073006,515
2026-02-17 01:48:50.080972,514
2026-02-17 01:48:50.088974,506
2026-02-17 01:48:50.096875,514
2026-02-17 01:48:50.104893,519
2026-02-17 01:48:50.112965,506
2026-02-17 01:48:50.120885,510
2026-02-17 01:48:50.128879,513
2026-02-17 01:48:50.136955,517
2026-02-17 01:48:50.144974,523
2026-02-17 01:48:50.152981,508
2026-02-17 01:48:50.160930,503
2026-02-17 01:48:50.168928,510
2026-02-17 01:48:50.176970,509
2026-02-17 01:48:50.184948,513
2026-02-17 01:48:50.192932,511
2026-02-17 01:48:50.200965,511
2026-02-17 01:48:50.208924,505
2026-02-17 01:48:50.217009,514
2026-02-17 01:48:50.224989,519
2026-02-17 01:48:50.232962,520
2026-02-17 01:48:50.240934,514
2026-02-17 01:48:50.248983,513
2026-02-17 01:48:50.256979,512
2026-02-17 01:48:50.264925,518
2026-02-17 01:48:50.272976,508
2026-02-17 01:48:50.280951,507
2026-02-17 01:48:50.288932,513
2026-02-17 01:48:50.296942,519
2026-02-17 01:48:50.304949,521
2026-02-17 01:48:50.313008,512
2026-02-17 01:48:50.320965,520
2026-02-17 01:48:50.328926,513
2026-02-17 01:48:50.336967,507
2026-02-17 01:48:50.344930,512
2026-02-17 01:48:50.352929,509
2026-02-17 01:48:50.360973,506
2026-02-17 01:48:50.368908,514
2026-02-17 01:48:50.376902,511
2026-02-17 01:48:50.384918,508
2026-02-17 01:48:50.392913,512
2026-02-17 01:48:50.400902,509
2026-02-17 01:48:50.408929,517
2026-02-17 01:48:50.416978,517
2026-02-17 01:48:50.424923,510
2026-02-17 01:48:50.432918,511
2026-02-17 01:48:50.440942,511
2026-02-17 01:48:50.448928,512
2026-02-17 01:48:50.456923,508
2026-02-17 01:48:50.464927,511
2026-02-17 01:48:50.472964,519
2026-02-17 01:48:50.480916,519
2026-02-17 01:48:50.488921,512
2026-02-17 01:48:50.496927,516
2026-02-17 01:48:50.504956,519
2026-02-17 01:48:50.512939,504
2026-02-17 01:48:50.520929,513
2026-02-17 01:48:50.528936,515
2026-02-17 01:48:50.536930,507
2026-02-17 01:48:50.544932,512
2026-02-17 01:48:50.552926,503
2026-02-17 01:48:50.560947,501
2026-02-17 01:48:50.568919,512
2026-02-17 01:48:50.576941,519
2026-02-17 01:48:50.584925,508
2026-02-17 01:48:50.592934,507
2026-02-17 01:48:50.600980,510
2026-02-17 01:48:50.608943,519
2026-02-17 01:48:50.616936,510
2026-02-17 01:48:50.624977,511
2026-02-17 01:48:50.632923,510
2026-02-17 01:48:50.640941,513
2026-02-17 01:48:50.648931,516
2026-02-17 01:48:50.656973,508
2026-02-17 01:48:50.664932,506
2026-02-17 01:48:50.672931,507
2026-02-17 01:48:50.680947,504
2026-02-17 01:48:50.688945,509
2026-02-17 01:48:50.696942,511
2026-02-17 01:48:50.704958,519
2026-02-17 01:48:50.712980,513
2026-02-17 01:48:50.720933,512
2026-02-17 01:48:50.728986,512
2026-02-17 01:48:50.736929,513
2026-02-17 01:48:50.744922,518
2026-02-17 01:48:50.753001,521
2026-02-17 01:48:50.760969,507
2026-02-17 01:48:50.768934,514
2026-02-17 01:48:50.776972,510
2026-02-17 01:48:50.784975,519
2026-02-17 01:48:50.792980,512
2026-02-17 01:48:50.800944,512
2026-02-17 01:48:50.808922,503
2026-02-17 01:48:50.816941,507
2026-02-17 01:48:50.824934,512
2026-02-17 01:48:50.832925,510
2026-02-17 01:48:50.840937,514
2026-02-17 01:48:50.848993,511
2026-02-17 01:48:50.856952,520
2026-02-17 01:48:50.864991,514
2026-02-17 01:48:50.872928,511
2026-02-17 01:48:50.880959,511
2026-02-17 01:48:50.888920,516
2026-02-17 01:48:50.896932,507
2026-02-17 01:48:50.904917,509
2026-02-17 01:48:50.912957,516
2026-02-17 01:48:50.920891,516
2026-02-17 01:48:50.928870,513
2026-02-17 01:48:50.936930,513
2026-02-17 01:48:50.944935,512
2026-02-17 01:48:50.952924,518
2026-02-17 01:48:50.960958,517
2026-02-17 01:48:50.968948,510
2026-02-17 01:48:50.976941,513
2026-02-17 01:48:50.984978,508
2026-02-17 01:48:50.992903,506
2026-02-17 01:48:51.000977,511
2026-02-17 01:48:51.009016,513
2026-02-17 01:48:51.017048,513
2026-02-17 01:48:51.024962,515
2026-02-17 01:48:51.032922,519
2026-02-17 01:48:51.040880,519
2026-02-17 01:48:51.048926,504
2026-02-17 01:48:51.056968,504
2026-02-17 01:48:51.065011,511
2026-02-17 01:48:51.072944,512
2026-02-17 01:48:51.081025,513
2026-02-17 01:48:51.088987,524
2026-02-17 01:48:51.096957,508
2026-02-17 01:48:51.104881,512
2026-02-17 01:48:51.112985,516
2026-02-17 01:48:51.120895,517
2026-02-17 01:48:51.128906,523
2026-02-17 01:48:51.136954,517
2026-02-17 01:48:51.144977,510
2026-02-17 01:48:51.152936,510
2026-02-17 01:48:51.160950,514
2026-02-17 01:48:51.168948,507
2026-02-17 01:48:51.176955,505
2026-02-17 01:48:51.184935,513
2026-02-17 01:48:51.192945,516
2026-02-17 01:48:51.200952,515
2026-02-17 01:48:51.208945,512
2026-02-17 01:48:51.216981,513
2026-02-17 01:48:51.224934,518
2026-02-17 01:48:51.232940,510
2026-02-17 01:48:51.240940,507
2026-02-17 01:48:51.248991,513
2026-02-17 01:48:51.257010,508
2026-02-17 01:48:51.264986,507
2026-02-17 01:48:51.272929,503
2026-02-17 01:48:51.280994,505
2026-02-17 01:48:51.288961,507
2026-02-17 01:48:51.296935,502
2026-02-17 01:48:51.304957,512
2026-02-17 01:48:51.312990,516
2026-02-17 01:48:51.320949,513
2026-02-17 01:48:51.328940,514
2026-02-17 01:48:51.336934,518
2026-02-17 01:48:51.344938,508
2026-02-17 01:48:51.352928,506
2026-02-17 01:48:51.360927,511
2026-02-17 01:48:51.368928,513
2026-02-17 01:48:51.376982,504
2026-02-17 01:48:51.385004,515
2026-02-17 01:48:51.392907,510
2026-02-17 01:48:51.400936,510
2026-02-17 01:48:51.408952,509
2026-02-17 01:48:51.416948,514
2026-02-17 01:48:51.424941,519
2026-02-17 01:48:51.432902,515
2026-02-17 01:48:51.440966,502
2026-02-17 01:48:51.448943,506
2026-02-17 01:48:51.456941,514
2026-02-17 01:48:51.465001,515
2026-02-17 01:48:51.472945,511
2026-02-17 01:48:51.480941,506
2026-02-17 01:48:51.488942,515
2026-02-17 01:48:51.496946,511
2026-02-17 01:48:51.504951,514
2026-02-17 01:48:51.513005,512
2026-02-17 01:48:51.520945,510
2026-02-17 01:48:51.528939,506
2026-02-17 01:48:51.536938,509
2026-02-17 01:48:51.544947,515
2026-02-17 01:48:51.552962,510
2026-02-17 01:48:51.560943,513
2026-02-17 01:48:51.568945,512
2026-02-17 01:48:51.576945,507
2026-02-17 01:48:51.584932,512
2026-02-17 01:48:51.592905,509
2026-02-17 01:48:51.600939,512
2026-02-17 01:48:51.608963,505
2026-02-17 01:48:51.616999,509
2026-02-17 01:48:51.624984,513
2026-02-17 01:48:51.632958,509
2026-02-17 01:48:51.640943,510
2026-02-17 01:48:51.648976,506
2026-02-17 01:48:51.656940,511
2026-02-17 01:48:51.664947,508
2026-02-17 01:48:51.672948,510
2026-02-17 01:48:51.680950,513
2026-02-17 01:48:51.688946,519
2026-02-17 01:48:51.696946,513
2026-02-17 01:48:51.704940,514
2026-02-17 01:48:51.713010,513
2026-02-17 01:48:51.720990,505
2026-02-17 01:48:51.728938,506
2026-02-17 01:48:51.736945,508
2026-02-17 01:48:51.744940,511
2026-02-17 01:48:51.753012,511
2026-02-17 01:48:51.760952,511
2026-02-17 01:48:51.768944,512
2026-02-17 01:48:51.776942,512
2026-02-17 01:48:51.784958,508
2026-02-17 01:48:51.792975,511
2026-02-17 01:48:51.800944,512
2026-02-17 01:48:51.808945,514
2026-02-17 01:48:51.816995,508
2026-02-17 01:48:51.824950,514
2026-02-17 01:48:51.832956,514
2026-02-17 01:48:51.840947,516
2026-02-17 01:48:51.849046,514
2026-02-17 01:48:51.857065,508
2026-02-17 01:48:51.864976,522
2026-02-17 01:48:51.873005,514
2026-02-17 01:48:51.880946,517
2026-02-17 01:48:51.888973,516
2026-02-17 01:48:51.896941,508
2026-02-17 01:48:51.904950,511
2026-02-17 01:48:51.912955,516
2026-02-17 01:48:51.921006,511
2026-02-17 01:48:51.928976,508
2026-02-17 01:48:51.936932,511
2026-02-17 01:48:51.944976,512
2026-02-17 01:48:51.952891,518
2026-02-17 01:48:51.960910,514
2026-02-17 01:48:51.968995,509
2026-02-17 01:48:51.976924,501
2026-02-17 01:48:51.984909,511
2026-02-17 01:48:51.992956,511
2026-02-17 01:48:52.000914,510
2026-02-17 01:48:52.008938,515
2026-02-17 01:48:52.016924,514
2026-02-17 01:48:52.024951,511
2026-02-17 01:48:52.032886,515
2026-02-17 01:48:52.040968,508
2026-02-17 01:48:52.048925,509
2026-02-17 01:48:52.056931,510
2026-02-17 01:48:52.064900,512
2026-02-17 01:48:52.072948,508
2026-02-17 01:48:52.080937,516
2026-02-17 01:48:52.088898,504
2026-02-17 01:48:52.096935,504
2026-02-17 01:48:52.104924,513
2026-02-17 01:48:52.112899,514
2026-02-17 01:48:52.120905,512
2026-02-17 01:48:52.128957,506
2026-02-17 01:48:52.136948,504
2026-02-17 01:48:52.144930,513
2026-02-17 01:48:52.152942,501
2026-02-17 01:48:52.160961,508
2026-02-17 01:48:52.168956,513
2026-02-17 01:48:52.176972,507
2026-02-17 01:48:52.185053,509
2026-02-17 01:48:52.192995,518
2026-02-17 01:48:52.200952,516
2026-02-17 01:48:52.208950,516
2026-02-17 01:48:52.217031,508
2026-02-17 01:48:52.224973,506
2026-02-17 01:48:52.233096,505
2026-02-17 01:48:52.241024,514
2026-02-17 01:48:52.248949,503
2026-02-17 01:48:52.257015,508
2026-02-17 01:48:52.264963,512
2026-02-17 01:48:52.272951,509
2026-02-17 01:48:52.281010,516
2026-02-17 01:48:52.288966,520
2026-02-17 01:48:52.296952,514
2026-02-17 01:48:52.304963,521
2026-02-17 01:48:52.312981,517
2026-02-17 01:48:52.321006,516
2026-02-17 01:48:52.329049,517
2026-02-17 01:48:52.336975,514
2026-02-17 01:48:52.344982,514
2026-02-17 01:48:52.352977,511
2026-02-17 01:48:52.360966,512
2026-02-17 01:48:52.368946,512
2026-02-17 01:48:52.376983,511
2026-02-17 01:48:52.384931,506
2026-02-17 01:48:52.392969,507
2026-02-17 01:48:52.400903,496
2026-02-17 01:48:52.408964,501
2026-02-17 01:48:52.416938,502
2026-02-17 01:48:52.424961,512
2026-02-17 01:48:52.432999,512
2026-02-17 01:48:52.440902,512
2026-02-17 01:48:52.448919,505
2026-02-17 01:48:52.456955,503
2026-02-17 01:48:52.464898,512
2026-02-17 01:48:52.472952,513
2026-02-17 01:48:52.480970,518
2026-02-17 01:48:52.488951,525
2026-02-17 01:48:52.496953,510
2026-02-17 01:48:52.504961,516
2026-02-17 01:48:52.513050,515
2026-02-17 01:48:52.521017,514
2026-02-17 01:48:52.528961,508
2026-02-17 01:48:52.536946,517
2026-02-17 01:48:52.545001,508
2026-02-17 01:48:52.552961,511
2026-02-17 01:48:52.560955,504
2026-02-17 01:48:52.568967,511
2026-02-17 01:48:52.576953,509
2026-02-17 01:48:52.584951,512
2026-02-17 01:48:52.592896,512
2026-02-17 01:48:52.601017,514
2026-02-17 01:48:52.608972,510
2026-02-17 01:48:52.616986,516
2026-02-17 01:48:52.624961,512
2026-02-17 01:48:52.632956,505
2026-02-17 01:48:52.640948,510
2026-02-17 01:48:52.648957,514
2026-02-17 01:48:52.656992,513
2026-02-17 01:48:52.664950,511
2026-02-17 01:48:52.672959,508
2026-02-17 01:48:52.680939,518
2026-02-17 01:48:52.688945,519
2026-02-17 01:48:52.696992,524
2026-02-17 01:48:52.704951,525
2026-02-17 01:48:52.712970,517
2026-02-17 01:48:52.721006,515
2026-02-17 01:48:52.728953,510
2026-02-17 01:48:52.736962,509
2026-02-17 01:48:52.744961,510
2026-02-17 01:48:52.753078,514
2026-02-17 01:48:52.761020,514
2026-02-17 01:48:52.769013,505
2026-02-17 01:48:52.776982,506
2026-02-17 01:48:52.784975,514
2026-02-17 01:48:52.792968,511
2026-02-17 01:48:52.800958,514
2026-02-17 01:48:52.808996,516
2026-02-17 01:48:52.816964,511
2026-02-17 01:48:52.824949,517
2026-02-17 01:48:52.832998,512
2026-02-17 01:48:52.840951,506
2026-02-17 01:48:52.849016,509
2026-02-17 01:48:52.857107,509
2026-02-17 01:48:52.864940,513
2026-02-17 01:48:52.872926,519
2026-02-17 01:48:52.880936,512
2026-02-17 01:48:52.888932,519
2026-02-17 01:48:52.896941,520
2026-02-17 01:48:52.904920,523
2026-02-17 01:48:52.912913,516
2026-02-17 01:48:52.920983,513
2026-02-17 01:48:52.928924,520
2026-02-17 01:48:52.936917,511
2026-02-17 01:48:52.944929,514
2026-02-17 01:48:52.952908,509
2026-02-17 01:48:52.960917,514
2026-02-17 01:48:52.968926,519
2026-02-17 01:48:52.977015,515
2026-02-17 01:48:52.985007,513
2026-02-17 01:48:52.992967,524
2026-02-17 01:48:53.000912,509
2026-02-17 01:48:53.008919,516
2026-02-17 01:48:53.016919,510
2026-02-17 01:48:53.024955,514
2026-02-17 01:48:53.032917,507
2026-02-17 01:48:53.040906,516
2026-02-17 01:48:53.048901,517
2026-02-17 01:48:53.056946,507
2026-02-17 01:48:53.064931,515
2026-02-17 01:48:53.072954,514
2026-02-17 01:48:53.080965,514
2026-02-17 01:48:53.088909,510
2026-02-17 01:48:53.096918,519
2026-02-17 01:48:53.104937,516
2026-02-17 01:48:53.112937,512
2026-02-17 01:48:53.120938,509
2026-02-17 01:48:53.128959,512
2026-02-17 01:48:53.136958,511
2026-02-17 01:48:53.145002,504
2026-02-17 01:48:53.153058,510
2026-02-17 01:48:53.160953,514
2026-02-17 01:48:53.168960,516
2026-02-17 01:48:53.177041,519
2026-02-17 01:48:53.184981,508
2026-02-17 01:48:53.192957,509
2026-02-17 01:48:53.200954,510
2026-02-17 01:48:53.208948,505
2026-02-17 01:48:53.216982,512
2026-02-17 01:48:53.224956,513
2026-02-17 01:48:53.232971,508
2026-02-17 01:48:53.241012,516
2026-02-17 01:48:53.248996,510
2026-02-17 01:48:53.257018,503
2026-02-17 01:48:53.265028,510
2026-02-17 01:48:53.272979,510
2026-02-17 01:48:53.281008,513
2026-02-17 01:48:53.288964,512
2026-02-17 01:48:53.296963,512
2026-02-17 01:48:53.304965,512
2026-02-17 01:48:53.312965,514
2026-02-17 01:48:53.320992,504
2026-02-17 01:48:53.328983,510
2026-02-17 01:48:53.336975,508
2026-02-17 01:48:53.344965,506
2026-02-17 01:48:53.352969,504
2026-02-17 01:48:53.360964,515
2026-02-17 01:48:53.369280,515
2026-02-17 01:48:53.377091,510
2026-02-17 01:48:53.385070,519
2026-02-17 01:48:53.393030,520
2026-02-17 01:48:53.400946,511
2026-02-17 01:48:53.408989,512
2026-02-17 01:48:53.416976,514
2026-02-17 01:48:53.424967,517
2026-02-17 01:48:53.433008,500
2026-02-17 01:48:53.440972,505
2026-02-17 01:48:53.449021,518
2026-02-17 01:48:53.456973,511
2026-02-17 01:48:53.464943,519
2026-02-17 01:48:53.472919,511
2026-02-17 01:48:53.480928,515
2026-02-17 01:48:53.488961,504
2026-02-17 01:48:53.496983,507
2026-02-17 01:48:53.504975,510
2026-02-17 01:48:53.512988,502
2026-02-17 01:48:53.521021,507
2026-02-17 01:48:53.528953,508
2026-02-17 01:48:53.536980,512
2026-02-17 01:48:53.545002,505
2026-02-17 01:48:53.552964,511
2026-02-17 01:48:53.561018,513
2026-02-17 01:48:53.568968,524
2026-02-17 01:48:53.576970,507
2026-02-17 01:48:53.584976,512
2026-02-17 01:48:53.592940,513
2026-02-17 01:48:53.601023,505
2026-02-17 01:48:53.608964,506
2026-02-17 01:48:53.616979,503
2026-02-17 01:48:53.624964,513
2026-02-17 01:48:53.632978,509
2026-02-17 01:48:53.640972,514
2026-02-17 01:48:53.649082,514
2026-02-17 01:48:53.657080,515
2026-02-17 01:48:53.665054,518
2026-02-17 01:48:53.673042,512
2026-02-17 01:48:53.681005,516
2026-02-17 01:48:53.689024,515
2026-02-17 01:48:53.696987,510
2026-02-17 01:48:53.704977,516
2026-02-17 01:48:53.712973,517
2026-02-17 01:48:53.721031,513
2026-02-17 01:48:53.728974,513
2026-02-17 01:48:53.737014,513
2026-02-17 01:48:53.744970,514
2026-02-17 01:48:53.753028,516
2026-02-17 01:48:53.761026,520
2026-02-17 01:48:53.768971,517
2026-02-17 01:48:53.776968,510
2026-02-17 01:48:53.785032,517
2026-02-17 01:48:53.793022,513
2026-02-17 01:48:53.800976,512
2026-02-17 01:48:53.808975,514
2026-02-17 01:48:53.816975,513
2026-02-17 01:48:53.824975,516
2026-02-17 01:48:53.832963,518
2026-02-17 01:48:53.840989,511
2026-02-17 01:48:53.849418,516
2026-02-17 01:48:53.857074,514
2026-02-17 01:48:53.865029,520
2026-02-17 01:48:53.873028,509
2026-02-17 01:48:53.880978,518
2026-02-17 01:48:53.889006,507
2026-02-17 01:48:53.896986,500
2026-02-17 01:48:53.904984,509
2026-02-17 01:48:53.912976,512
2026-02-17 01:48:53.920999,509
2026-02-17 01:48:53.928973,517
2026-02-17 01:48:53.936967,514
2026-02-17 01:48:53.945124,496
2026-02-17 01:48:53.953028,510
2026-02-17 01:48:53.961004,500
2026-02-17 01:48:53.968968,507
2026-02-17 01:48:53.976978,504
2026-02-17 01:48:53.985061,507
2026-02-17 01:48:53.992973,501
2026-02-17 01:48:54.001026,496
2026-02-17 01:48:54.008999,496
2026-02-17 01:48:54.017038,495
2026-02-17 01:48:54.025006,497
2026-02-17 01:48:54.032914,500
2026-02-17 01:48:54.040950,504
2026-02-17 01:48:54.048977,500
2026-02-17 01:48:54.057033,508
2026-02-17 01:48:54.065015,510
2026-02-17 01:48:54.073008,508
2026-02-17 01:48:54.080982,501
2026-02-17 01:48:54.088962,517
2026-02-17 01:48:54.096947,515
2026-02-17 01:48:54.104942,520
2026-02-17 01:48:54.113008,516
2026-02-17 01:48:54.120957,521
2026-02-17 01:48:54.128998,520
2026-02-17 01:48:54.136997,520
2026-02-17 01:48:54.144988,521
2026-02-17 01:48:54.152978,522
2026-02-17 01:48:54.160975,508
2026-02-17 01:48:54.168975,521
2026-02-17 01:48:54.176989,508
2026-02-17 01:48:54.184976,516
2026-02-17 01:48:54.192972,514
2026-02-17 01:48:54.200978,520
2026-02-17 01:48:54.208985,521
2026-02-17 01:48:54.216980,520
2026-02-17 01:48:54.224980,523
2026-02-17 01:48:54.232985,522
2026-02-17 01:48:54.241014,521
2026-02-17 01:48:54.248969,511
2026-02-17 01:48:54.257031,515
2026-02-17 01:48:54.265043,517
2026-02-17 01:48:54.273026,519
2026-02-17 01:48:54.280969,509
2026-02-17 01:48:54.289016,523
2026-02-17 01:48:54.296978,520
2026-02-17 01:48:54.304982,519
2026-02-17 01:48:54.312999,510
2026-02-17 01:48:54.321053,519
2026-02-17 01:48:54.328983,517
2026-02-17 01:48:54.336976,516
2026-02-17 01:48:54.344983,518
2026-02-17 01:48:54.352981,510
2026-02-17 01:48:54.360983,501
2026-02-17 01:48:54.368972,508
2026-02-17 01:48:54.376965,495
2026-02-17 01:48:54.385091,509
2026-02-17 01:48:54.393034,501
2026-02-17 01:48:54.401004,501
2026-02-17 01:48:54.408973,502
2026-02-17 01:48:54.416948,497
2026-02-17 01:48:54.424996,513
2026-02-17 01:48:54.432972,497
2026-02-17 01:48:54.440984,500
2026-02-17 01:48:54.449016,507
2026-02-17 01:48:54.456976,508
2026-02-17 01:48:54.465005,507
2026-02-17 01:48:54.472978,511
2026-02-17 01:48:54.481030,515
2026-02-17 01:48:54.488961,514
2026-02-17 01:48:54.496978,517
2026-02-17 01:48:54.504931,518
2026-02-17 01:48:54.512961,519
2026-02-17 01:48:54.521025,520
2026-02-17 01:48:54.529047,517
2026-02-17 01:48:54.536986,518
2026-02-17 01:48:54.544986,514
2026-02-17 01:48:54.553145,510
2026-02-17 01:48:54.561021,520
2026-02-17 01:48:54.569015,519
2026-02-17 01:48:54.576985,528
2026-02-17 01:48:54.585004,513
2026-02-17 01:48:54.592934,514
2026-02-17 01:48:54.600991,521
2026-02-17 01:48:54.608984,517
2026-02-17 01:48:54.616990,512
2026-02-17 01:48:54.625040,523
2026-02-17 01:48:54.633032,511
2026-02-17 01:48:54.640979,518
2026-02-17 01:48:54.648987,520
2026-02-17 01:48:54.656992,515
2026-02-17 01:48:54.665072,518
2026-02-17 01:48:54.673034,503
2026-02-17 01:48:54.681065,509
2026-02-17 01:48:54.689001,516
2026-02-17 01:48:54.697057,522
2026-02-17 01:48:54.704983,531
2026-02-17 01:48:54.712977,521
2026-02-17 01:48:54.720979,519
2026-02-17 01:48:54.729004,524
2026-02-17 01:48:54.736978,517
2026-02-17 01:48:54.744973,530
2026-02-17 01:48:54.753041,518
2026-02-17 01:48:54.760985,517
2026-02-17 01:48:54.769008,519
2026-02-17 01:48:54.776987,519
2026-02-17 01:48:54.785009,512
2026-02-17 01:48:54.792987,512
2026-02-17 01:48:54.800983,514
2026-02-17 01:48:54.808987,517
2026-02-17 01:48:54.816980,512
2026-02-17 01:48:54.824982,517
2026-02-17 01:48:54.832984,516
2026-02-17 01:48:54.840996,508
2026-02-17 01:48:54.852430,509
2026-02-17 01:48:54.857093,517
2026-02-17 01:48:54.865090,517
2026-02-17 01:48:54.873162,511
2026-02-17 01:48:54.881098,514
2026-02-17 01:48:54.889071,507
2026-02-17 01:48:54.897128,513
2026-02-17 01:48:54.905104,519
2026-02-17 01:48:54.913095,510
2026-02-17 01:48:54.921124,513
2026-02-17 01:48:54.929155,520
2026-02-17 01:48:54.937096,515
2026-02-17 01:48:54.945067,519
2026-02-17 01:48:54.953108,518
2026-02-17 01:48:54.961076,521
2026-02-17 01:48:54.969078,512
2026-02-17 01:48:54.977061,520
2026-02-17 01:48:54.985051,524
2026-02-17 01:48:54.993126,528
2026-02-17 01:48:55.001093,514
2026-02-17 01:48:55.009624,523
2026-02-17 01:48:55.017101,519
2026-02-17 01:48:55.025065,521
2026-02-17 01:48:55.033004,525
2026-02-17 01:48:55.041084,512
2026-02-17 01:48:55.049043,519
2026-02-17 01:48:55.057188,520
2026-02-17 01:48:55.065117,517
2026-02-17 01:48:55.073110,508
2026-02-17 01:48:55.081070,521
2026-02-17 01:48:55.089088,520
2026-02-17 01:48:55.097111,514
2026-02-17 01:48:55.105146,515
2026-02-17 01:48:55.113096,505
2026-02-17 01:48:55.121100,506
2026-02-17 01:48:55.129066,509
2026-02-17 01:48:55.137155,515
2026-02-17 01:48:55.145115,520
2026-02-17 01:48:55.153114,514
2026-02-17 01:48:55.161015,515
2026-02-17 01:48:55.169040,511
2026-02-17 01:48:55.177023,500
2026-02-17 01:48:55.185020,511
2026-02-17 01:48:55.193004,514
2026-02-17 01:48:55.200999,509
2026-02-17 01:48:55.209000,509
2026-02-17 01:48:55.216989,515
2026-02-17 01:48:55.224997,509
2026-02-17 01:48:55.232996,512
2026-02-17 01:48:55.240996,511
2026-02-17 01:48:55.249022,519
2026-02-17 01:48:55.257002,511
2026-02-17 01:48:55.265060,507
2026-02-17 01:48:55.272995,505
2026-02-17 01:48:55.280991,508
2026-02-17 01:48:55.289026,516
2026-02-17 01:48:55.296991,520
2026-02-17 01:48:55.304995,513
2026-02-17 01:48:55.312978,511
2026-02-17 01:48:55.321001,507
2026-02-17 01:48:55.329031,502
2026-02-17 01:48:55.336978,509
2026-02-17 01:48:55.344999,522
2026-02-17 01:48:55.353068,507
2026-02-17 01:48:55.361076,517
2026-02-17 01:48:55.369002,520
2026-02-17 01:48:55.377033,520
2026-02-17 01:48:55.384976,501
2026-02-17 01:48:55.393006,511
2026-02-17 01:48:55.400941,511
2026-02-17 01:48:55.408986,510
2026-02-17 01:48:55.417015,499
2026-02-17 01:48:55.424995,499
2026-02-17 01:48:55.432990,506
2026-02-17 01:48:55.440993,503
2026-02-17 01:48:55.448998,511
2026-02-17 01:48:55.456990,517
2026-02-17 01:48:55.464985,525
2026-02-17 01:48:55.472999,515
2026-02-17 01:48:55.480999,514
2026-02-17 01:48:55.489050,515
2026-02-17 01:48:55.496996,510
2026-02-17 01:48:55.504945,514
2026-02-17 01:48:55.513005,513
2026-02-17 01:48:55.521015,505
2026-02-17 01:48:55.529018,513
2026-02-17 01:48:55.537012,505
2026-02-17 01:48:55.544994,509
2026-02-17 01:48:55.553004,509
2026-02-17 01:48:55.560997,506
2026-02-17 01:48:55.568992,518
2026-02-17 01:48:55.577002,514
2026-02-17 01:48:55.585027,510
2026-02-17 01:48:55.592969,508
2026-02-17 01:48:55.601014,512
2026-02-17 01:48:55.608982,510
2026-02-17 01:48:55.616996,504
2026-02-17 01:48:55.624993,509
2026-02-17 01:48:55.633011,505
2026-02-17 01:48:55.641002,507
2026-02-17 01:48:55.648988,509
2026-02-17 01:48:55.657004,497
2026-02-17 01:48:55.664986,511
2026-02-17 01:48:55.672998,521
2026-02-17 01:48:55.680997,522
2026-02-17 01:48:55.688990,521
2026-02-17 01:48:55.697062,521
2026-02-17 01:48:55.705009,522
2026-02-17 01:48:55.713014,502
2026-02-17 01:48:55.721040,518
2026-02-17 01:48:55.729064,510
2026-02-17 01:48:55.737001,517
2026-02-17 01:48:55.745012,515
2026-02-17 01:48:55.753089,518
2026-02-17 01:48:55.761030,506
2026-02-17 01:48:55.769052,514
2026-02-17 01:48:55.777067,509
2026-02-17 01:48:55.785002,519
2026-02-17 01:48:55.793004,509
2026-02-17 01:48:55.801017,513
2026-02-17 01:48:55.808982,515
2026-02-17 01:48:55.816999,508
2026-02-17 01:48:55.824997,514
2026-02-17 01:48:55.832999,511
2026-02-17 01:48:55.841009,509
2026-02-17 01:48:55.849126,513
2026-02-17 01:48:55.857033,511
2026-02-17 01:48:55.865025,508
2026-02-17 01:48:55.873017,514
2026-02-17 01:48:55.881004,507
2026-02-17 01:48:55.888998,511
2026-02-17 01:48:55.896996,515
2026-02-17 01:48:55.905000,516
2026-02-17 01:48:55.912990,520
2026-02-17 01:48:55.921005,505
2026-02-17 01:48:55.929077,509
2026-02-17 01:48:55.937009,516
2026-02-17 01:48:55.945002,513
2026-02-17 01:48:55.953002,519
2026-02-17 01:48:55.960986,512
2026-02-17 01:48:55.969003,517
2026-02-17 01:48:55.977001,515
2026-02-17 01:48:55.984994,509
2026-02-17 01:48:55.993039,506
2026-02-17 01:48:56.001008,511
2026-02-17 01:48:56.009086,514
2026-02-17 01:48:56.017134,509
2026-02-17 01:48:56.024982,515
2026-02-17 01:48:56.033087,514
2026-02-17 01:48:56.041002,510
2026-02-17 01:48:56.049063,515
2026-02-17 01:48:56.057133,518
2026-02-17 01:48:56.065066,509
2026-02-17 01:48:56.073040,511
2026-02-17 01:48:56.081031,510
2026-02-17 01:48:56.089092,513
2026-02-17 01:48:56.097006,513
2026-02-17 01:48:56.105033,503
2026-02-17 01:48:56.112986,513
2026-02-17 01:48:56.121001,502
2026-02-17 01:48:56.129019,515
2026-02-17 01:48:56.136973,515
2026-02-17 01:48:56.145006,518
2026-02-17 01:48:56.152986,521
2026-02-17 01:48:56.161019,509
2026-02-17 01:48:56.169008,505
2026-02-17 01:48:56.177014,509
2026-02-17 01:48:56.184999,511
2026-02-17 01:48:56.193008,515
2026-02-17 01:48:56.201009,511
2026-02-17 01:48:56.208998,513
2026-02-17 01:48:56.216997,507
2026-02-17 01:48:56.225007,516
2026-02-17 01:48:56.233005,514
2026-02-17 01:48:56.240990,518
2026-02-17 01:48:56.248992,518
2026-02-17 01:48:56.257024,511
2026-02-17 01:48:56.265057,514
2026-02-17 01:48:56.272999,510
2026-02-17 01:48:56.281009,513
2026-02-17 01:48:56.289009,512
2026-02-17 01:48:56.297045,511
2026-02-17 01:48:56.305057,508
2026-02-17 01:48:56.313004,510
2026-02-17 01:48:56.321004,515
2026-02-17 01:48:56.329054,518
2026-02-17 01:48:56.337045,518
2026-02-17 01:48:56.345065,513
2026-02-17 01:48:56.353038,515
2026-02-17 01:48:56.361007,516
2026-02-17 01:48:56.369005,515
2026-02-17 01:48:56.377020,510
2026-02-17 01:48:56.385039,516
2026-02-17 01:48:56.393022,512
2026-02-17 01:48:56.400964,510
2026-02-17 01:48:56.409008,520
2026-02-17 01:48:56.416997,508
2026-02-17 01:48:56.425003,517
2026-02-17 01:48:56.433011,515
2026-02-17 01:48:56.440983,520
2026-02-17 01:48:56.449013,520
2026-02-17 01:48:56.457048,508
2026-02-17 01:48:56.464992,512
2026-02-17 01:48:56.473008,514
2026-02-17 01:48:56.481006,508
2026-02-17 01:48:56.488992,516
2026-02-17 01:48:56.497006,513
2026-02-17 01:48:56.505011,517
2026-02-17 01:48:56.513061,521
2026-02-17 01:48:56.520979,516
2026-02-17 01:48:56.528966,522
2026-02-17 01:48:56.537033,514
2026-02-17 01:48:56.545039,521
2026-02-17 01:48:56.553022,505
2026-02-17 01:48:56.561014,512
2026-02-17 01:48:56.569003,515
2026-02-17 01:48:56.577003,520
2026-02-17 01:48:56.585027,515
2026-02-17 01:48:56.592979,515
2026-02-17 01:48:56.601019,517
2026-02-17 01:48:56.609040,512
2026-02-17 01:48:56.617064,520
2026-02-17 01:48:56.625048,521
2026-02-17 01:48:56.633007,517
2026-02-17 01:48:56.641010,521
2026-02-17 01:48:56.649027,518
2026-02-17 01:48:56.657021,512
2026-02-17 01:48:56.665011,510
2026-02-17 01:48:56.673012,522
2026-02-17 01:48:56.681061,517
2026-02-17 01:48:56.689079,517
2026-02-17 01:48:56.697018,518
2026-02-17 01:48:56.705020,522
2026-02-17 01:48:56.713035,515
2026-02-17 01:48:56.721009,516
2026-02-17 01:48:56.729003,521
2026-02-17 01:48:56.737044,506
2026-02-17 01:48:56.745020,512
2026-02-17 01:48:56.753085,516
2026-02-17 01:48:56.761026,512
2026-02-17 01:48:56.769069,513
2026-02-17 01:48:56.777012,517
2026-02-17 01:48:56.785018,511
2026-02-17 01:48:56.793007,516
2026-02-17 01:48:56.801013,518
2026-02-17 01:48:56.809044,517
2026-02-17 01:48:56.817008,516
2026-02-17 01:48:56.825015,521
2026-02-17 01:48:56.832991,520
2026-02-17 01:48:56.841007,526
2026-02-17 01:48:56.849084,520
2026-02-17 01:48:56.857047,509
2026-02-17 01:48:56.865077,514
2026-02-17 01:48:56.873164,522
2026-02-17 01:48:56.881148,514
2026-02-17 01:48:56.889034,518
2026-02-17 01:48:56.897017,507
2026-02-17 01:48:56.905016,524
2026-02-17 01:48:56.913038,508
2026-02-17 01:48:56.921017,510
2026-02-17 01:48:56.929025,504
2026-02-17 01:48:56.937037,506
2026-02-17 01:48:56.945012,510
2026-02-17 01:48:56.953929,505
2026-02-17 01:48:56.961071,506
2026-02-17 01:48:56.970249,503
2026-02-17 01:48:56.977081,502
2026-02-17 01:48:56.985046,493
2026-02-17 01:48:56.992980,499
2026-02-17 01:48:57.001001,496
2026-02-17 01:48:57.008985,504
2026-02-17 01:48:57.016962,501
2026-02-17 01:48:57.024969,506
2026-02-17 01:48:57.032998,505
2026-02-17 01:48:57.040972,498
2026-02-17 01:48:57.049043,492
2026-02-17 01:48:57.057044,495
2026-02-17 01:48:57.064987,497
2026-02-17 01:48:57.072994,507
2026-02-17 01:48:57.081003,514
2026-02-17 01:48:57.089004,503
2026-02-17 01:48:57.096973,514
2026-02-17 01:48:57.105011,514
2026-02-17 01:48:57.113019,504
2026-02-17 01:48:57.120965,506
2026-02-17 01:48:57.128994,514
2026-02-17 01:48:57.137034,497
2026-02-17 01:48:57.145017,497
2026-02-17 01:48:57.153029,506
2026-02-17 01:48:57.161007,500
2026-02-17 01:48:57.169008,499
2026-02-17 01:48:57.177100,496
2026-02-17 01:48:57.185046,513
2026-02-17 01:48:57.193059,489
2026-02-17 01:48:57.201063,498
2026-02-17 01:48:57.209055,504
2026-02-17 01:48:57.217049,502
2026-02-17 01:48:57.225031,505
2026-02-17 01:48:57.233019,501
2026-02-17 01:48:57.241028,503
2026-02-17 01:48:57.249189,514
2026-02-17 01:48:57.257123,506
2026-02-17 01:48:57.265063,514
2026-02-17 01:48:57.273105,513
2026-02-17 01:48:57.281029,516
2026-02-17 01:48:57.289030,509
2026-02-17 01:48:57.297039,520
2026-02-17 01:48:57.305021,522
2026-02-17 01:48:57.313041,514
2026-02-17 01:48:57.321068,503
2026-02-17 01:48:57.329071,511
2026-02-17 01:48:57.337023,510
2026-02-17 01:48:57.345029,511
2026-02-17 01:48:57.353017,514
2026-02-17 01:48:57.361016,512
2026-02-17 01:48:57.369062,512
2026-02-17 01:48:57.376979,508
2026-02-17 01:48:57.384976,519
2026-02-17 01:48:57.393019,521
2026-02-17 01:48:57.401019,502
2026-02-17 01:48:57.409024,515
2026-02-17 01:48:57.417028,515
2026-02-17 01:48:57.425007,517
2026-02-17 01:48:57.433023,522
2026-02-17 01:48:57.441018,510
2026-02-17 01:48:57.449019,513
2026-02-17 01:48:57.457023,517
2026-02-17 01:48:57.465028,512
2026-02-17 01:48:57.473038,496
2026-02-17 01:48:57.481018,512
2026-02-17 01:48:57.489019,518
2026-02-17 01:48:57.497024,518
2026-02-17 01:48:57.505009,512
2026-02-17 01:48:57.513019,519
2026-02-17 01:48:57.521023,516
2026-02-17 01:48:57.529005,521
2026-02-17 01:48:57.537118,511
2026-02-17 01:48:57.545039,526
2026-02-17 01:48:57.553049,515
2026-02-17 01:48:57.561044,510
2026-02-17 01:48:57.568981,514
2026-02-17 01:48:57.577052,518
2026-02-17 01:48:57.585040,507
2026-02-17 01:48:57.592985,511
2026-02-17 01:48:57.601021,503
2026-02-17 01:48:57.609041,502
2026-02-17 01:48:57.617033,508
2026-02-17 01:48:57.625025,494
2026-02-17 01:48:57.633013,493
2026-02-17 01:48:57.641035,482
2026-02-17 01:48:57.649019,490
2026-02-17 01:48:57.657011,493
2026-02-17 01:48:57.665018,499
2026-02-17 01:48:57.673027,499
2026-02-17 01:48:57.681041,493
2026-02-17 01:48:57.689066,502
2026-02-17 01:48:57.697027,494
2026-02-17 01:48:57.705024,497
2026-02-17 01:48:57.713018,500
2026-02-17 01:48:57.721031,502
2026-02-17 01:48:57.729013,507
2026-02-17 01:48:57.737047,501
2026-02-17 01:48:57.745055,498
2026-02-17 01:48:57.753087,501
2026-02-17 01:48:57.761037,500
2026-02-17 01:48:57.769024,504
2026-02-17 01:48:57.777018,500
2026-02-17 01:48:57.785026,511
2026-02-17 01:48:57.793031,496
2026-02-17 01:48:57.801014,499
2026-02-17 01:48:57.809073,505
2026-02-17 01:48:57.817032,497
2026-02-17 01:48:57.825014,508
2026-02-17 01:48:57.833022,509
2026-02-17 01:48:57.841021,505
2026-02-17 01:48:57.849119,507
2026-02-17 01:48:57.857079,510
2026-02-17 01:48:57.865041,507
2026-02-17 01:48:57.873095,510
2026-02-17 01:48:57.881051,514
2026-02-17 01:48:57.889088,506
2026-02-17 01:48:57.897041,512
2026-02-17 01:48:57.905033,511
2026-02-17 01:48:57.913018,511
2026-02-17 01:48:57.921014,499
2026-02-17 01:48:57.929074,509
2026-02-17 01:48:57.937058,505
2026-02-17 01:48:57.945035,518
2026-02-17 01:48:57.953040,519
2026-02-17 01:48:57.961035,512
2026-02-17 01:48:57.969024,514
2026-02-17 01:48:57.977024,518
2026-02-17 01:48:57.985029,519
2026-02-17 01:48:57.993023,520
2026-02-17 01:48:58.001038,511
2026-02-17 01:48:58.009022,515
2026-02-17 01:48:58.017123,508
2026-02-17 01:48:58.025054,513
2026-02-17 01:48:58.033075,513
2026-02-17 01:48:58.040987,513
2026-02-17 01:48:58.049106,520
2026-02-17 01:48:58.057056,516
2026-02-17 01:48:58.065158,512
2026-02-17 01:48:58.073101,516
2026-02-17 01:48:58.081081,516
2026-02-17 01:48:58.089115,507
2026-02-17 01:48:58.097110,511
2026-02-17 01:48:58.105047,520
2026-02-17 01:48:58.113023,516
2026-02-17 01:48:58.121029,517
2026-02-17 01:48:58.128980,519
2026-02-17 01:48:58.137010,508
2026-02-17 01:48:58.145048,518
2026-02-17 01:48:58.153174,519
2026-02-17 01:48:58.161107,514
2026-02-17 01:48:58.169070,516
2026-02-17 01:48:58.177044,517
2026-02-17 01:48:58.185062,522
2026-02-17 01:48:58.193037,526
2026-02-17 01:48:58.201035,517
2026-02-17 01:48:58.209036,519
2026-02-17 01:48:58.217034,518
2026-02-17 01:48:58.225025,511
2026-02-17 01:48:58.233093,513
2026-02-17 01:48:58.241036,522
2026-02-17 01:48:58.249034,508
2026-02-17 01:48:58.257106,513
2026-02-17 01:48:58.265082,505
2026-02-17 01:48:58.273108,511
2026-02-17 01:48:58.281061,512
2026-02-17 01:48:58.289112,520
2026-02-17 01:48:58.297110,515
2026-02-17 01:48:58.305043,506
2026-02-17 01:48:58.313032,512
2026-02-17 01:48:58.321039,513
2026-02-17 01:48:58.329017,513
2026-02-17 01:48:58.337027,520
2026-02-17 01:48:58.345061,518
2026-02-17 01:48:58.353025,516
2026-02-17 01:48:58.361096,518
2026-02-17 01:48:58.369044,519
2026-02-17 01:48:58.376981,518
2026-02-17 01:48:58.385033,517
2026-02-17 01:48:58.393079,515
2026-02-17 01:48:58.401049,517
2026-02-17 01:48:58.409035,516
2026-02-17 01:48:58.417027,515
2026-02-17 01:48:58.425039,517
2026-02-17 01:48:58.433041,519
2026-02-17 01:48:58.441040,515
2026-02-17 01:48:58.449066,506
2026-02-17 01:48:58.457037,512
2026-02-17 01:48:58.465036,514
2026-02-17 01:48:58.473087,520
2026-02-17 01:48:58.481045,520
2026-02-17 01:48:58.489041,512
2026-02-17 01:48:58.497049,514
2026-02-17 01:48:58.505037,513
2026-02-17 01:48:58.513020,516
2026-02-17 01:48:58.521040,516
2026-02-17 01:48:58.529032,511
2026-02-17 01:48:58.537038,503
2026-02-17 01:48:58.545088,509
2026-02-17 01:48:58.553035,509
2026-02-17 01:48:58.561045,504
2026-02-17 01:48:58.569003,510
2026-02-17 01:48:58.577049,512
2026-02-17 01:48:58.585058,512
2026-02-17 01:48:58.593039,515
2026-02-17 01:48:58.601073,506
2026-02-17 01:48:58.609043,510
2026-02-17 01:48:58.617084,515
2026-02-17 01:48:58.625048,519
2026-02-17 01:48:58.633059,514
2026-02-17 01:48:58.641039,512
2026-02-17 01:48:58.649038,512
2026-02-17 01:48:58.657035,511
2026-02-17 01:48:58.665034,514
2026-02-17 01:48:58.673036,514
2026-02-17 01:48:58.681034,519
2026-02-17 01:48:58.689032,513
2026-02-17 01:48:58.697035,509
2026-02-17 01:48:58.705043,516
2026-02-17 01:48:58.713033,507
2026-02-17 01:48:58.721023,510
2026-02-17 01:48:58.729031,512
2026-02-17 01:48:58.737019,516
2026-02-17 01:48:58.745087,510
2026-02-17 01:48:58.753155,515
2026-02-17 01:48:58.761087,514
2026-02-17 01:48:58.769092,503
2026-02-17 01:48:58.777038,509
2026-02-17 01:48:58.785057,519
2026-02-17 01:48:58.793064,509
2026-02-17 01:48:58.801040,513
2026-02-17 01:48:58.809044,512
2026-02-17 01:48:58.817077,511
2026-02-17 01:48:58.825046,513
2026-02-17 01:48:58.833079,517
2026-02-17 01:48:58.841037,518
2026-02-17 01:48:58.849123,510
2026-02-17 01:48:58.857111,510
2026-02-17 01:48:58.865057,516
2026-02-17 01:48:58.873062,516
2026-02-17 01:48:58.881103,511
2026-02-17 01:48:58.889041,516
2026-02-17 01:48:58.897036,510
2026-02-17 01:48:58.905034,520
2026-02-17 01:48:58.913041,518
2026-02-17 01:48:58.921051,514
2026-02-17 01:48:58.929032,511
2026-02-17 01:48:58.937046,516
2026-02-17 01:48:58.945049,508
2026-02-17 01:48:58.953054,508
2026-02-17 01:48:58.961075,510
2026-02-17 01:48:58.969047,509
2026-02-17 01:48:58.977050,510
2026-02-17 01:48:58.985028,517
2026-02-17 01:48:58.993041,514
2026-02-17 01:48:59.001053,500
2026-02-17 01:48:59.009135,513
2026-02-17 01:48:59.017175,513
2026-02-17 01:48:59.025071,506
2026-02-17 01:48:59.033079,507
2026-02-17 01:48:59.041097,510
2026-02-17 01:48:59.049133,507
2026-02-17 01:48:59.057118,504
2026-02-17 01:48:59.065039,514
2026-02-17 01:48:59.073005,502
2026-02-17 01:48:59.081030,511
2026-02-17 01:48:59.089116,510
2026-02-17 01:48:59.096993,513
2026-02-17 01:48:59.105032,502
2026-02-17 01:48:59.113062,511
2026-02-17 01:48:59.121046,510
2026-02-17 01:48:59.129066,511
2026-02-17 01:48:59.137005,509
2026-02-17 01:48:59.145044,514
2026-02-17 01:48:59.153039,512
2026-02-17 01:48:59.161049,508
2026-02-17 01:48:59.169040,519
2026-02-17 01:48:59.177048,503
2026-02-17 01:48:59.185034,509
2026-02-17 01:48:59.193039,512
2026-02-17 01:48:59.201039,515
2026-02-17 01:48:59.209039,516
2026-02-17 01:48:59.217058,511
2026-02-17 01:48:59.225085,513
2026-02-17 01:48:59.233046,512
2026-02-17 01:48:59.241057,518
2026-02-17 01:48:59.249082,513
2026-02-17 01:48:59.257071,512
2026-02-17 01:48:59.265023,508
2026-02-17 01:48:59.273071,511
2026-02-17 01:48:59.281053,512
2026-02-17 01:48:59.289051,513
2026-02-17 01:48:59.297044,504
2026-02-17 01:48:59.305039,510
2026-02-17 01:48:59.313050,511
2026-02-17 01:48:59.321092,503
2026-02-17 01:48:59.329055,513
2026-02-17 01:48:59.337049,512
2026-02-17 01:48:59.345076,513
2026-02-17 01:48:59.353042,516
2026-02-17 01:48:59.361059,516
2026-02-17 01:48:59.369052,513
2026-02-17 01:48:59.377053,510
2026-02-17 01:48:59.385078,517
2026-02-17 01:48:59.393040,514
2026-02-17 01:48:59.401061,515
2026-02-17 01:48:59.409056,516
2026-02-17 01:48:59.417043,510
2026-02-17 01:48:59.425054,508
2026-02-17 01:48:59.433092,519
2026-02-17 01:48:59.441041,508
2026-02-17 01:48:59.449034,516
2026-02-17 01:48:59.457085,511
2026-02-17 01:48:59.465032,515
2026-02-17 01:48:59.473046,516
2026-02-17 01:48:59.481047,498
2026-02-17 01:48:59.489039,513
2026-02-17 01:48:59.497032,509
2026-02-17 01:48:59.505038,513
2026-02-17 01:48:59.513032,513
2026-02-17 01:48:59.521038,507
2026-02-17 01:48:59.529044,511
2026-02-17 01:48:59.537052,511
2026-02-17 01:48:59.545064,509
2026-02-17 01:48:59.553040,515
2026-02-17 01:48:59.561038,514
2026-02-17 01:48:59.569044,520
2026-02-17 01:48:59.577009,518
2026-02-17 01:48:59.585051,514
2026-02-17 01:48:59.593095,510
2026-02-17 01:48:59.601095,507
2026-02-17 01:48:59.609096,514
2026-02-17 01:48:59.617024,519
2026-02-17 01:48:59.625051,515
2026-02-17 01:48:59.633083,508
2026-02-17 01:48:59.641048,515
2026-02-17 01:48:59.649112,515
2026-02-17 01:48:59.657092,507
2026-02-17 01:48:59.665086,515
2026-02-17 01:48:59.673046,507
2026-02-17 01:48:59.681057,511
2026-02-17 01:48:59.689049,520
2026-02-17 01:48:59.697052,512
2026-02-17 01:48:59.705047,511
2026-02-17 01:48:59.712995,515
2026-02-17 01:48:59.721000,515
2026-02-17 01:48:59.729129,512
2026-02-17 01:48:59.737049,512
2026-02-17 01:48:59.745059,506
2026-02-17 01:48:59.753096,510
2026-02-17 01:48:59.761069,510
2026-02-17 01:48:59.769093,517
2026-02-17 01:48:59.777041,508
2026-02-17 01:48:59.785042,513
2026-02-17 01:48:59.793059,515
2026-02-17 01:48:59.801039,521
2026-02-17 01:48:59.809094,518
2026-02-17 01:48:59.817085,512
2026-02-17 01:48:59.825038,517
2026-02-17 01:48:59.833054,509
2026-02-17 01:48:59.841037,512
2026-02-17 01:48:59.849081,517
2026-02-17 01:48:59.857061,515
2026-02-17 01:48:59.865055,514
2026-02-17 01:48:59.872992,514
2026-02-17 01:48:59.881118,512
2026-02-17 01:48:59.889090,513
2026-02-17 01:48:59.897062,515
2026-02-17 01:48:59.905110,512
2026-02-17 01:48:59.913049,510
2026-02-17 01:48:59.921069,510
2026-02-17 01:48:59.929109,508
2026-02-17 01:48:59.937058,506
2026-02-17 01:48:59.945079,503
2026-02-17 01:48:59.953077,507
2026-02-17 01:48:59.961049,510
2026-02-17 01:48:59.969046,506
2026-02-17 01:48:59.977030,503
2026-02-17 01:48:59.985116,504
2026-02-17 01:48:59.993111,512
2026-02-17 01:49:00.001051,509
2026-02-17 01:49:00.011679,522
2026-02-17 01:49:00.017208,505
2026-02-17 01:49:00.025073,511
2026-02-17 01:49:00.033113,508
2026-02-17 01:49:00.041031,512
2026-02-17 01:49:00.049050,506
2026-02-17 01:49:00.057134,510
2026-02-17 01:49:00.065033,507
2026-02-17 01:49:00.073035,508
2026-02-17 01:49:00.081017,511
2026-02-17 01:49:00.089023,514
2026-02-17 01:49:00.097122,511
2026-02-17 01:49:00.105076,511
2026-02-17 01:49:00.113091,508
2026-02-17 01:49:00.121138,512
2026-02-17 01:49:00.129107,512
2026-02-17 01:49:00.137016,518
2026-02-17 01:49:00.145064,513
2026-02-17 01:49:00.153132,513
2026-02-17 01:49:00.161126,509
2026-02-17 01:49:00.169128,514
2026-02-17 01:49:00.177072,518
2026-02-17 01:49:00.185062,513
2026-02-17 01:49:00.193075,512
2026-02-17 01:49:00.201071,508
2026-02-17 01:49:00.209050,515
2026-02-17 01:49:00.217055,520
2026-02-17 01:49:00.225079,510
2026-02-17 01:49:00.233057,518
2026-02-17 01:49:00.241076,516
2026-02-17 01:49:00.249175,515
2026-02-17 01:49:00.257107,511
2026-02-17 01:49:00.265135,510
2026-02-17 01:49:00.273199,514
2026-02-17 01:49:00.281098,513
2026-02-17 01:49:00.289106,514
2026-02-17 01:49:00.297054,513
2026-02-17 01:49:00.305073,518
2026-02-17 01:49:00.313057,511
2026-02-17 01:49:00.321152,500
2026-02-17 01:49:00.329086,506
2026-02-17 01:49:00.337074,511
2026-02-17 01:49:00.345076,514
2026-02-17 01:49:00.353126,505
2026-02-17 01:49:00.361081,513
2026-02-17 01:49:00.369055,515
2026-02-17 01:49:00.377072,507
2026-02-17 01:49:00.385060,516
2026-02-17 01:49:00.393021,515
2026-02-17 01:49:00.401099,512
2026-02-17 01:49:00.409103,512
2026-02-17 01:49:00.417070,512
2026-02-17 01:49:00.425065,505
2026-02-17 01:49:00.433053,514
2026-02-17 01:49:00.441060,517
2026-02-17 01:49:00.449106,513
2026-02-17 01:49:00.457067,517
2026-02-17 01:49:00.465104,512
2026-02-17 01:49:00.473052,517
2026-02-17 01:49:00.481062,510
2026-02-17 01:49:00.489058,509
2026-02-17 01:49:00.497054,510
2026-02-17 01:49:00.505056,516
2026-02-17 01:49:00.513060,508
2026-02-17 01:49:00.521061,512
2026-02-17 01:49:00.529051,508
2026-02-17 01:49:00.537063,507
2026-02-17 01:49:00.545062,507
2026-02-17 01:49:00.553122,509
2026-02-17 01:49:00.561096,509
2026-02-17 01:49:00.569212,516
2026-02-17 01:49:00.577137,514
2026-02-17 01:49:00.585087,520
2026-02-17 01:49:00.593115,522
2026-02-17 01:49:00.601051,518
2026-02-17 01:49:00.609070,504
2026-02-17 01:49:00.617085,504
2026-02-17 01:49:00.625075,509
2026-02-17 01:49:00.633025,512
2026-02-17 01:49:00.641059,516
2026-02-17 01:49:00.649065,511
2026-02-17 01:49:00.657055,509
2026-02-17 01:49:00.665071,516
2026-02-17 01:49:00.673046,509
2026-02-17 01:49:00.681150,517
2026-02-17 01:49:00.689071,515
2026-02-17 01:49:00.697083,506
2026-02-17 01:49:00.705063,513
2026-02-17 01:49:00.713092,506
2026-02-17 01:49:00.721068,505
2026-02-17 01:49:00.729068,502
2026-02-17 01:49:00.737054,512
2026-02-17 01:49:00.745069,508
2026-02-17 01:49:00.753115,516
2026-02-17 01:49:00.761139,513
2026-02-17 01:49:00.769125,514
2026-02-17 01:49:00.777077,510
2026-02-17 01:49:00.785059,514
2026-02-17 01:49:00.793108,515
2026-02-17 01:49:00.801125,516
2026-02-17 01:49:00.809083,502
2026-02-17 01:49:00.817071,514
2026-02-17 01:49:00.825073,510
2026-02-17 01:49:00.833107,512
2026-02-17 01:49:00.841102,514
2026-02-17 01:49:00.850754,510
2026-02-17 01:49:00.857189,514
2026-02-17 01:49:00.865233,523
2026-02-17 01:49:00.873122,517
2026-02-17 01:49:00.881134,513
2026-02-17 01:49:00.889092,518
2026-02-17 01:49:00.897043,506
2026-02-17 01:49:00.905015,504
2026-02-17 01:49:00.913078,517
2026-02-17 01:49:00.921075,513
2026-02-17 01:49:00.929074,515
2026-02-17 01:49:00.937067,508
2026-02-17 01:49:00.945078,508
2026-02-17 01:49:00.953112,505
2026-02-17 01:49:00.961069,508
2026-02-17 01:49:00.969008,505
2026-02-17 01:49:00.977071,505
2026-02-17 01:49:00.985060,510
2026-02-17 01:49:00.993072,518
2026-02-17 01:49:01.001063,506
2026-02-17 01:49:01.009073,512
2026-02-17 01:49:01.017072,516
2026-02-17 01:49:01.025006,518
2026-02-17 01:49:01.033151,506
2026-02-17 01:49:01.041035,516
2026-02-17 01:49:01.049001,517
2026-02-17 01:49:01.057082,515
2026-02-17 01:49:01.065100,513
2026-02-17 01:49:01.073085,513
2026-02-17 01:49:01.081080,518
2026-02-17 01:49:01.089065,518
2026-02-17 01:49:01.097070,519
2026-02-17 01:49:01.105002,508
2026-02-17 01:49:01.113069,513
2026-02-17 01:49:01.121060,519
2026-02-17 01:49:01.129073,504
2026-02-17 01:49:01.137065,507
2026-02-17 01:49:01.145069,519
2026-02-17 01:49:01.153013,512
2026-02-17 01:49:01.161012,521
2026-02-17 01:49:01.169050,520
2026-02-17 01:49:01.177011,519
2026-02-17 01:49:01.185011,509
2026-02-17 01:49:01.193010,516
2026-02-17 01:49:01.201007,518
2026-02-17 01:49:01.209001,519
2026-02-17 01:49:01.217005,510
2026-02-17 01:49:01.225071,516
2026-02-17 01:49:01.233049,507
2026-02-17 01:49:01.241054,505
2026-02-17 01:49:01.249075,515
2026-02-17 01:49:01.257082,523
2026-02-17 01:49:01.265015,524
2026-02-17 01:49:01.273073,518
2026-02-17 01:49:01.281069,516
2026-02-17 01:49:01.289054,518
2026-02-17 01:49:01.297073,519
2026-02-17 01:49:01.305063,510
2026-02-17 01:49:01.313052,506
2026-02-17 01:49:01.321067,506
2026-02-17 01:49:01.329067,511
2026-02-17 01:49:01.337130,509
2026-02-17 01:49:01.345068,514
2026-02-17 01:49:01.353015,509
2026-02-17 01:49:01.361017,515
2026-02-17 01:49:01.369084,515
2026-02-17 01:49:01.377072,518
2026-02-17 01:49:01.385060,523
2026-02-17 01:49:01.393088,513
2026-02-17 01:49:01.401108,511
2026-02-17 01:49:01.409084,511
2026-02-17 01:49:01.417072,506
2026-02-17 01:49:01.425074,503
2026-02-17 01:49:01.433012,503
2026-02-17 01:49:01.441070,506
2026-02-17 01:49:01.449070,510
2026-02-17 01:49:01.457078,514
2026-02-17 01:49:01.465118,514
2026-02-17 01:49:01.473069,512
2026-02-17 01:49:01.481071,524
2026-02-17 01:49:01.489063,513
2026-02-17 01:49:01.497065,508
2026-02-17 01:49:01.505057,510
2026-02-17 01:49:01.513068,511
2026-02-17 01:49:01.521083,500
2026-02-17 01:49:01.529102,507
2026-02-17 01:49:01.537064,511
2026-02-17 01:49:01.545025,516
2026-02-17 01:49:01.553011,522
2026-02-17 01:49:01.561071,521
2026-02-17 01:49:01.569081,517
2026-02-17 01:49:01.577070,518
2026-02-17 01:49:01.585063,515
2026-02-17 01:49:01.593067,519
2026-02-17 01:49:01.601069,494
2026-02-17 01:49:01.609081,504
2026-02-17 01:49:01.617064,503
2026-02-17 01:49:01.625058,506
2026-02-17 01:49:01.633053,510
2026-02-17 01:49:01.641073,508
2026-02-17 01:49:01.649128,510
2026-02-17 01:49:01.657067,507
2026-02-17 01:49:01.665073,517
2026-02-17 01:49:01.673078,516
2026-02-17 01:49:01.681067,514
2026-02-17 01:49:01.689062,504
2026-02-17 01:49:01.697054,505
2026-02-17 01:49:01.705078,510
2026-02-17 01:49:01.713094,506
2026-02-17 01:49:01.721063,503
2026-02-17 01:49:01.729077,509
2026-02-17 01:49:01.737059,512
2026-02-17 01:49:01.745063,519
2026-02-17 01:49:01.753140,511
2026-02-17 01:49:01.761099,513
2026-02-17 01:49:01.769085,511
2026-02-17 01:49:01.777086,506
2026-02-17 01:49:01.785066,509
2026-02-17 01:49:01.793078,511
2026-02-17 01:49:01.801101,511
2026-02-17 01:49:01.809083,507
2026-02-17 01:49:01.817075,502
2026-02-17 01:49:01.825085,507
2026-02-17 01:49:01.833125,513
2026-02-17 01:49:01.841073,513
2026-02-17 01:49:01.849060,518
2026-02-17 01:49:01.857129,510
2026-02-17 01:49:01.865149,516
2026-02-17 01:49:01.873086,515
2026-02-17 01:49:01.881044,509
2026-02-17 01:49:01.889137,510
2026-02-17 01:49:01.897094,513
2026-02-17 01:49:01.905092,504
2026-02-17 01:49:01.913087,509
2026-02-17 01:49:01.921075,499
2026-02-17 01:49:01.929078,504
2026-02-17 01:49:01.937066,506
2026-02-17 01:49:01.945072,506
2026-02-17 01:49:01.953063,509
2026-02-17 01:49:01.961117,502
2026-02-17 01:49:01.969093,505
2026-02-17 01:49:01.977146,501
2026-02-17 01:49:01.985109,500
2026-02-17 01:49:01.993034,502
2026-02-17 01:49:02.001062,503
2026-02-17 01:49:02.009061,499
2026-02-17 01:49:02.017055,507
2026-02-17 01:49:02.025059,506
2026-02-17 01:49:02.033042,507
2026-02-17 01:49:02.041021,514
2026-02-17 01:49:02.049085,517
2026-02-17 01:49:02.057090,513
2026-02-17 01:49:02.065119,515
2026-02-17 01:49:02.073080,518
2026-02-17 01:49:02.081092,512
2026-02-17 01:49:02.089073,512
2026-02-17 01:49:02.097078,510
2026-02-17 01:49:02.105094,505
2026-02-17 01:49:02.113028,512
2026-02-17 01:49:02.121135,517
2026-02-17 01:49:02.129068,516
2026-02-17 01:49:02.137121,525
2026-02-17 01:49:02.145118,518
2026-02-17 01:49:02.153126,512
2026-02-17 01:49:02.161083,511
2026-02-17 01:49:02.169126,511
2026-02-17 01:49:02.177185,513
2026-02-17 01:49:02.185073,512
2026-02-17 01:49:02.193075,524
2026-02-17 01:49:02.201135,513
2026-02-17 01:49:02.209100,520
2026-02-17 01:49:02.217078,517
2026-02-17 01:49:02.225211,514
2026-02-17 01:49:02.233602,508
2026-02-17 01:49:02.241080,520
2026-02-17 01:49:02.249142,520
2026-02-17 01:49:02.257193,513
2026-02-17 01:49:02.265222,516
2026-02-17 01:49:02.273137,518
2026-02-17 01:49:02.281103,513
2026-02-17 01:49:02.289136,513
2026-02-17 01:49:02.297096,507
2026-02-17 01:49:02.305135,514
2026-02-17 01:49:02.313079,520
2026-02-17 01:49:02.321076,515
2026-02-17 01:49:02.329084,505
2026-02-17 01:49:02.337095,503
2026-02-17 01:49:02.345090,496
2026-02-17 01:49:02.353088,505
2026-02-17 01:49:02.361118,503
2026-02-17 01:49:02.369093,502
2026-02-17 01:49:02.377081,505
2026-02-17 01:49:02.385056,491
2026-02-17 01:49:02.393043,502
2026-02-17 01:49:02.401095,507
2026-02-17 01:49:02.409088,503
2026-02-17 01:49:02.417090,506
2026-02-17 01:49:02.425093,504
2026-02-17 01:49:02.433073,500
2026-02-17 01:49:02.441092,501
2026-02-17 01:49:02.449087,508
2026-02-17 01:49:02.457074,502
2026-02-17 01:49:02.465084,508
2026-02-17 01:49:02.473134,502
2026-02-17 01:49:02.481127,500
2026-02-17 01:49:02.489076,510
2026-02-17 01:49:02.497093,504
2026-02-17 01:49:02.505105,511
2026-02-17 01:49:02.513128,504
2026-02-17 01:49:02.521123,494
2026-02-17 01:49:02.529176,501
2026-02-17 01:49:02.537138,515
2026-02-17 01:49:02.545116,501
2026-02-17 01:49:02.553093,505
2026-02-17 01:49:02.561153,498
2026-02-17 01:49:02.569090,508
2026-02-17 01:49:02.577104,502
2026-02-17 01:49:02.585058,498
2026-02-17 01:49:02.593147,502
2026-02-17 01:49:02.601087,509
2026-02-17 01:49:02.609139,505
2026-02-17 01:49:02.617123,504
2026-02-17 01:49:02.625091,510
2026-02-17 01:49:02.633077,506
2026-02-17 01:49:02.641094,506
2026-02-17 01:49:02.649090,510
2026-02-17 01:49:02.657084,512
2026-02-17 01:49:02.665094,511
2026-02-17 01:49:02.673092,503
2026-02-17 01:49:02.681085,511
2026-02-17 01:49:02.689088,509
2026-02-17 01:49:02.697080,515
2026-02-17 01:49:02.705092,508
2026-02-17 01:49:02.713084,514
2026-02-17 01:49:02.721093,512
2026-02-17 01:49:02.729100,504
2026-02-17 01:49:02.737088,511
2026-02-17 01:49:02.745054,507
2026-02-17 01:49:02.753061,515
2026-02-17 01:49:02.761156,505
2026-02-17 01:49:02.769071,507
2026-02-17 01:49:02.777091,505
2026-02-17 01:49:02.785068,509
2026-02-17 01:49:02.793091,514
2026-02-17 01:49:02.801105,512
2026-02-17 01:49:02.809093,503
2026-02-17 01:49:02.817100,509
2026-02-17 01:49:02.825083,511
2026-02-17 01:49:02.833023,509
2026-02-17 01:49:02.841084,512
2026-02-17 01:49:02.849026,508
2026-02-17 01:49:02.857025,504
2026-02-17 01:49:02.865077,504
2026-02-17 01:49:02.873088,499
2026-02-17 01:49:02.881096,505
2026-02-17 01:49:02.889094,509
2026-02-17 01:49:02.897095,518
2026-02-17 01:49:02.905078,512
2026-02-17 01:49:02.913112,515
2026-02-17 01:49:02.921132,509
2026-02-17 01:49:02.929139,518
2026-02-17 01:49:02.937135,512
2026-02-17 01:49:02.945149,508
2026-02-17 01:49:02.953096,508
2026-02-17 01:49:02.961114,507
2026-02-17 01:49:02.969101,509
2026-02-17 01:49:02.977161,510
2026-02-17 01:49:02.985084,511
2026-02-17 01:49:02.993134,506
2026-02-17 01:49:03.001131,505
2026-02-17 01:49:03.009126,519
2026-02-17 01:49:03.017116,510
2026-02-17 01:49:03.025074,515
2026-02-17 01:49:03.033104,502
2026-02-17 01:49:03.041095,506
2026-02-17 01:49:03.049077,507
2026-02-17 01:49:03.057120,508
2026-02-17 01:49:03.065078,512
2026-02-17 01:49:03.073066,502
2026-02-17 01:49:03.081132,508
2026-02-17 01:49:03.089157,514
2026-02-17 01:49:03.097141,516
2026-02-17 01:49:03.105042,515
2026-02-17 01:49:03.113103,511
2026-02-17 01:49:03.121147,505
2026-02-17 01:49:03.129119,511
2026-02-17 01:49:03.137060,516
2026-02-17 01:49:03.145153,508
2026-02-17 01:49:03.153047,505
2026-02-17 01:49:03.161163,508
2026-02-17 01:49:03.169168,512
2026-02-17 01:49:03.177116,511
2026-02-17 01:49:03.185122,510
2026-02-17 01:49:03.193169,512
2026-02-17 01:49:03.201125,510
2026-02-17 01:49:03.209155,516
2026-02-17 01:49:03.217105,496
2026-02-17 01:49:03.225106,510
2026-02-17 01:49:03.233138,513
2026-02-17 01:49:03.241120,509
2026-02-17 01:49:03.249083,513
2026-02-17 01:49:03.257153,507
2026-02-17 01:49:03.265170,512
2026-02-17 01:49:03.273149,508
2026-02-17 01:49:03.281102,509
2026-02-17 01:49:03.289112,514
2026-02-17 01:49:03.297144,516
2026-02-17 01:49:03.305148,516
2026-02-17 01:49:03.313099,513
2026-02-17 01:49:03.321139,509
2026-02-17 01:49:03.329093,511
2026-02-17 01:49:03.337120,521
2026-02-17 01:49:03.345095,513
2026-02-17 01:49:03.353097,518
2026-02-17 01:49:03.361094,505
2026-02-17 01:49:03.369109,509
2026-02-17 01:49:03.377101,512
2026-02-17 01:49:03.385145,516
2026-02-17 01:49:03.393147,510
2026-02-17 01:49:03.401121,513
2026-02-17 01:49:03.409115,516
2026-02-17 01:49:03.417098,504
2026-02-17 01:49:03.425104,518
2026-02-17 01:49:03.433104,518
2026-02-17 01:49:03.441132,505
2026-02-17 01:49:03.449071,518
2026-02-17 01:49:03.457112,514
2026-02-17 01:49:03.465116,505
2026-02-17 01:49:03.473119,512
2026-02-17 01:49:03.481102,501
2026-02-17 01:49:03.489094,512
2026-02-17 01:49:03.497150,519
2026-02-17 01:49:03.505094,520
2026-02-17 01:49:03.513117,516
2026-02-17 01:49:03.521091,509
2026-02-17 01:49:03.529099,513
2026-02-17 01:49:03.537089,513
2026-02-17 01:49:03.545100,516
2026-02-17 01:49:03.553111,513
2026-02-17 01:49:03.561259,511
2026-02-17 01:49:03.569153,521
2026-02-17 01:49:03.577185,507
2026-02-17 01:49:03.585147,512
2026-02-17 01:49:03.593117,515
2026-02-17 01:49:03.601106,520
2026-02-17 01:49:03.609055,519
2026-02-17 01:49:03.617144,526
2026-02-17 01:49:03.625099,513
2026-02-17 01:49:03.633098,518
2026-02-17 01:49:03.641140,518
2026-02-17 01:49:03.649124,514
2026-02-17 01:49:03.657118,510
2026-02-17 01:49:03.665158,503
2026-02-17 01:49:03.673101,507
2026-02-17 01:49:03.681107,506
2026-02-17 01:49:03.689094,518
2026-02-17 01:49:03.697095,517
2026-02-17 01:49:03.705128,519
2026-02-17 01:49:03.713093,522
2026-02-17 01:49:03.721154,520
2026-02-17 01:49:03.729104,511
2026-02-17 01:49:03.737152,515
2026-02-17 01:49:03.745117,521
2026-02-17 01:49:03.753188,522
2026-02-17 01:49:03.761083,516
2026-02-17 01:49:03.769043,520
2026-02-17 01:49:03.777203,519
2026-02-17 01:49:03.785147,514
2026-02-17 01:49:03.793122,526
2026-02-17 01:49:03.801119,523
2026-02-17 01:49:03.809113,520
2026-02-17 01:49:03.817127,519
2026-02-17 01:49:03.825046,518
2026-02-17 01:49:03.833083,511
2026-02-17 01:49:03.841091,510
2026-02-17 01:49:03.849188,515
2026-02-17 01:49:03.857152,513
2026-02-17 01:49:03.865120,514
2026-02-17 01:49:03.873104,515
2026-02-17 01:49:03.881123,518
2026-02-17 01:49:03.889103,514
2026-02-17 01:49:03.897044,516
2026-02-17 01:49:03.905092,514
2026-02-17 01:49:03.913094,511
2026-02-17 01:49:03.921111,516
2026-02-17 01:49:03.929102,520
2026-02-17 01:49:03.937091,512
2026-02-17 01:49:03.945099,511
2026-02-17 01:49:03.953105,521
2026-02-17 01:49:03.961105,520
2026-02-17 01:49:03.969113,517
2026-02-17 01:49:03.977108,523
2026-02-17 01:49:03.985066,522
2026-02-17 01:49:03.993069,516
2026-02-17 01:49:04.001092,519
2026-02-17 01:49:04.009089,519
2026-02-17 01:49:04.017049,520
2026-02-17 01:49:04.025052,528
2026-02-17 01:49:04.033328,522
2026-02-17 01:49:04.041080,507
2026-02-17 01:49:04.049088,524
2026-02-17 01:49:04.057109,520
2026-02-17 01:49:04.065117,521
2026-02-17 01:49:04.073113,516
2026-02-17 01:49:04.081124,523
2026-02-17 01:49:04.089088,514
2026-02-17 01:49:04.097091,513
2026-02-17 01:49:04.105103,515
2026-02-17 01:49:04.113039,524
2026-02-17 01:49:04.121043,512
2026-02-17 01:49:04.129100,521
2026-02-17 01:49:04.137112,511
2026-02-17 01:49:04.145101,513
2026-02-17 01:49:04.153158,517
2026-02-17 01:49:04.161112,505
2026-02-17 01:49:04.169116,518
2026-02-17 01:49:04.177107,519
2026-02-17 01:49:04.185109,512
2026-02-17 01:49:04.193102,516
2026-02-17 01:49:04.201101,518
2026-02-17 01:49:04.209049,513
2026-02-17 01:49:04.217059,518
2026-02-17 01:49:04.225117,514
2026-02-17 01:49:04.233104,512
2026-02-17 01:49:04.241113,517
2026-02-17 01:49:04.249129,519
2026-02-17 01:49:04.257116,518
2026-02-17 01:49:04.265111,515
2026-02-17 01:49:04.273093,509
2026-02-17 01:49:04.281126,513
2026-02-17 01:49:04.289107,522
2026-02-17 01:49:04.297049,521
2026-02-17 01:49:04.305096,512
2026-02-17 01:49:04.313095,523
2026-02-17 01:49:04.321103,514
2026-02-17 01:49:04.329108,508
2026-02-17 01:49:04.337111,512
2026-02-17 01:49:04.345104,517
2026-02-17 01:49:04.353111,516
2026-02-17 01:49:04.361103,513
2026-02-17 01:49:04.369113,511
2026-02-17 01:49:04.377104,508
2026-02-17 01:49:04.385056,512
2026-02-17 01:49:04.393068,518
2026-02-17 01:49:04.401097,524
2026-02-17 01:49:04.409106,518
2026-02-17 01:49:04.417122,514
2026-02-17 01:49:04.425107,527
2026-02-17 01:49:04.433106,514
2026-02-17 01:49:04.441091,512
2026-02-17 01:49:04.449103,514
2026-02-17 01:49:04.457047,510
2026-02-17 01:49:04.465148,508
2026-02-17 01:49:04.473140,511
2026-02-17 01:49:04.481111,516
2026-02-17 01:49:04.489107,516
2026-02-17 01:49:04.497108,515
2026-02-17 01:49:04.505046,525
2026-02-17 01:49:04.513047,522
2026-02-17 01:49:04.521125,525
2026-02-17 01:49:04.529051,520
2026-02-17 01:49:04.537105,521
2026-02-17 01:49:04.545083,514
2026-02-17 01:49:04.553078,515
2026-02-17 01:49:04.561052,510
2026-02-17 01:49:04.569062,511
2026-02-17 01:49:04.577126,511
2026-02-17 01:49:04.585065,506
2026-02-17 01:49:04.593113,512
2026-02-17 01:49:04.601113,514
2026-02-17 01:49:04.609106,514
2026-02-17 01:49:04.617109,512
2026-02-17 01:49:04.625110,514
2026-02-17 01:49:04.633111,518
2026-02-17 01:49:04.641118,510
2026-02-17 01:49:04.649107,504
2026-02-17 01:49:04.657104,515
2026-02-17 01:49:04.665104,509
2026-02-17 01:49:04.673121,510
2026-02-17 01:49:04.681155,516
2026-02-17 01:49:04.689118,514
2026-02-17 01:49:04.697103,515
2026-02-17 01:49:04.705129,513
2026-02-17 01:49:04.713172,515
2026-02-17 01:49:04.721113,517
2026-02-17 01:49:04.729065,521
2026-02-17 01:49:04.737160,523
2026-02-17 01:49:04.745132,513
2026-02-17 01:49:04.753240,517
2026-02-17 01:49:04.761226,512
2026-02-17 01:49:04.769103,516
2026-02-17 01:49:04.777193,509
2026-02-17 01:49:04.785193,506
2026-02-17 01:49:04.793124,516
2026-02-17 01:49:04.801090,517
2026-02-17 01:49:04.809165,520
2026-02-17 01:49:04.817150,525
2026-02-17 01:49:04.825141,514
2026-02-17 01:49:04.833141,523
2026-02-17 01:49:04.841187,517
2026-02-17 01:49:04.849221,521
2026-02-17 01:49:04.857186,512
2026-02-17 01:49:04.865133,513
2026-02-17 01:49:04.873223,514
2026-02-17 01:49:04.881139,509
2026-02-17 01:49:04.889175,505
2026-02-17 01:49:04.897120,512
2026-02-17 01:49:04.905135,522
2026-02-17 01:49:04.913126,522
2026-02-17 01:49:04.921114,519
2026-02-17 01:49:04.929115,515
2026-02-17 01:49:04.937122,515
2026-02-17 01:49:04.945126,512
2026-02-17 01:49:04.953121,510
2026-02-17 01:49:04.961116,512
2026-02-17 01:49:04.969126,515
2026-02-17 01:49:04.977136,506
2026-02-17 01:49:04.985119,512
2026-02-17 01:49:04.993139,520
2026-02-17 01:49:05.001162,513
2026-02-17 01:49:05.009207,509
2026-02-17 01:49:05.017173,517
2026-02-17 01:49:05.025108,525
2026-02-17 01:49:05.033121,507
2026-02-17 01:49:05.041083,513
2026-02-17 01:49:05.049131,510
2026-02-17 01:49:05.057107,500
2026-02-17 01:49:05.065130,506
2026-02-17 01:49:05.073125,514
2026-02-17 01:49:05.081194,500
2026-02-17 01:49:05.089133,503
2026-02-17 01:49:05.097287,510
2026-02-17 01:49:05.105084,511
2026-02-17 01:49:05.113112,508
2026-02-17 01:49:05.121138,516
2026-02-17 01:49:05.129138,514
2026-02-17 01:49:05.137138,516
2026-02-17 01:49:05.145138,509
2026-02-17 01:49:05.153107,511
2026-02-17 01:49:05.161074,506
2026-02-17 01:49:05.169191,507
2026-02-17 01:49:05.177184,505
2026-02-17 01:49:05.185112,515
2026-02-17 01:49:05.193129,512
2026-02-17 01:49:05.201123,515
2026-02-17 01:49:05.209137,519
2026-02-17 01:49:05.217120,513
2026-02-17 01:49:05.225170,508
2026-02-17 01:49:05.233132,512
2026-02-17 01:49:05.241133,503
2026-02-17 01:49:05.249145,512
2026-02-17 01:49:05.257145,513
2026-02-17 01:49:05.265130,512
2026-02-17 01:49:05.273119,509
2026-02-17 01:49:05.281134,512
2026-02-17 01:49:05.289169,510
2026-02-17 01:49:05.297176,497
2026-02-17 01:49:05.305136,515
2026-02-17 01:49:05.313119,518
2026-02-17 01:49:05.321120,514
2026-02-17 01:49:05.329123,518
2026-02-17 01:49:05.337120,513
2026-02-17 01:49:05.345126,516
2026-02-17 01:49:05.353135,508
2026-02-17 01:49:05.361130,509
2026-02-17 01:49:05.369129,512
2026-02-17 01:49:05.377185,514
2026-02-17 01:49:05.385074,508
2026-02-17 01:49:05.393216,515
2026-02-17 01:49:05.401201,502
2026-02-17 01:49:05.409090,515
2026-02-17 01:49:05.417110,512
2026-02-17 01:49:05.425130,510
2026-02-17 01:49:05.433164,519
2026-02-17 01:49:05.441130,519
2026-02-17 01:49:05.449187,519
2026-02-17 01:49:05.457143,505
2026-02-17 01:49:05.465155,510
2026-02-17 01:49:05.473160,504
2026-02-17 01:49:05.481117,507
2026-02-17 01:49:05.489132,515
2026-02-17 01:49:05.497147,514
2026-02-17 01:49:05.505111,524
2026-02-17 01:49:05.513124,515
2026-02-17 01:49:05.521111,513
2026-02-17 01:49:05.529114,518
2026-02-17 01:49:05.537129,508
2026-02-17 01:49:05.545113,515
2026-02-17 01:49:05.553130,511
2026-02-17 01:49:05.561063,511
2026-02-17 01:49:05.569114,508
2026-02-17 01:49:05.577120,517
2026-02-17 01:49:05.585119,506
2026-02-17 01:49:05.593111,511
2026-02-17 01:49:05.601139,507
2026-02-17 01:49:05.609127,520
2026-02-17 01:49:05.617226,522
2026-02-17 01:49:05.625140,518
2026-02-17 01:49:05.633133,515
2026-02-17 01:49:05.641167,515
2026-02-17 01:49:05.649134,515
2026-02-17 01:49:05.657146,511
2026-02-17 01:49:05.665142,513
2026-02-17 01:49:05.673124,517
2026-02-17 01:49:05.681109,521
2026-02-17 01:49:05.689130,505
2026-02-17 01:49:05.697129,516
2026-02-17 01:49:05.705066,514
2026-02-17 01:49:05.713070,511
2026-02-17 01:49:05.721135,517
2026-02-17 01:49:05.729141,515
2026-02-17 01:49:05.737116,509
2026-02-17 01:49:05.745120,515
2026-02-17 01:49:05.753226,519
2026-02-17 01:49:05.761140,503
2026-02-17 01:49:05.769133,514
2026-02-17 01:49:05.777199,506
2026-02-17 01:49:05.785153,515
2026-02-17 01:49:05.793197,521
2026-02-17 01:49:05.801144,515
2026-02-17 01:49:05.809152,513
2026-02-17 01:49:05.817134,516
2026-02-17 01:49:05.825135,509
2026-02-17 01:49:05.833135,515
2026-02-17 01:49:05.841125,522
2026-02-17 01:49:05.849205,515
2026-02-17 01:49:05.857158,517
2026-02-17 01:49:05.865182,501
2026-02-17 01:49:05.873169,508
2026-02-17 01:49:05.881127,503
2026-02-17 01:49:05.889141,509
2026-02-17 01:49:05.897118,512
2026-02-17 01:49:05.905113,515
2026-02-17 01:49:05.913148,519
2026-02-17 01:49:05.921163,516
2026-02-17 01:49:05.929141,502
2026-02-17 01:49:05.937184,509
2026-02-17 01:49:05.945138,515
2026-02-17 01:49:05.953068,520
2026-02-17 01:49:05.961136,505
2026-02-17 01:49:05.969128,515
2026-02-17 01:49:05.977187,518
2026-02-17 01:49:05.985133,507
2026-02-17 01:49:05.993218,512
2026-02-17 01:49:06.001145,505
2026-02-17 01:49:06.009228,510
2026-02-17 01:49:06.017211,509
2026-02-17 01:49:06.025125,511
2026-02-17 01:49:06.033129,505
2026-02-17 01:49:06.041105,514
2026-02-17 01:49:06.049103,508
2026-02-17 01:49:06.057137,510
2026-02-17 01:49:06.065114,522
2026-02-17 01:49:06.073187,521
2026-02-17 01:49:06.081146,526
2026-02-17 01:49:06.089124,517
2026-02-17 01:49:06.097132,516
2026-02-17 01:49:06.105218,520
2026-02-17 01:49:06.113116,512
2026-02-17 01:49:06.121084,511
2026-02-17 01:49:06.129201,518
2026-02-17 01:49:06.137159,508
2026-02-17 01:49:06.145178,512
2026-02-17 01:49:06.153161,511
2026-02-17 01:49:06.161131,513
2026-02-17 01:49:06.169120,512
2026-02-17 01:49:06.177193,516
2026-02-17 01:49:06.185189,514
2026-02-17 01:49:06.193095,505
2026-02-17 01:49:06.201148,515
2026-02-17 01:49:06.209142,520
2026-02-17 01:49:06.217188,505
2026-02-17 01:49:06.225188,512
2026-02-17 01:49:06.233124,505
2026-02-17 01:49:06.241144,516
2026-02-17 01:49:06.249221,516
2026-02-17 01:49:06.257166,523
2026-02-17 01:49:06.265149,512
2026-02-17 01:49:06.273176,516
2026-02-17 01:49:06.281178,519
2026-02-17 01:49:06.289189,520
2026-02-17 01:49:06.297133,517
2026-02-17 01:49:06.305142,510
2026-02-17 01:49:06.313133,521
2026-02-17 01:49:06.321152,521
2026-02-17 01:49:06.329137,511
2026-02-17 01:49:06.337144,517
2026-02-17 01:49:06.345136,516
2026-02-17 01:49:06.353131,514
2026-02-17 01:49:06.361139,515
2026-02-17 01:49:06.369136,519
2026-02-17 01:49:06.377138,508
2026-02-17 01:49:06.385115,524
2026-02-17 01:49:06.393143,517
2026-02-17 01:49:06.401091,516
2026-02-17 01:49:06.409154,514
2026-02-17 01:49:06.417130,515
2026-02-17 01:49:06.425141,522
2026-02-17 01:49:06.433200,511
2026-02-17 01:49:06.441136,518
2026-02-17 01:49:06.449140,520
2026-02-17 01:49:06.457129,517
2026-02-17 01:49:06.465137,518
2026-02-17 01:49:06.473149,513
2026-02-17 01:49:06.481136,509
2026-02-17 01:49:06.489135,511
2026-02-17 01:49:06.497123,503
2026-02-17 01:49:06.505202,510
2026-02-17 01:49:06.513141,513
2026-02-17 01:49:06.521139,509
2026-02-17 01:49:06.529134,513
2026-02-17 01:49:06.537203,503
2026-02-17 01:49:06.545239,514
2026-02-17 01:49:06.553168,521
2026-02-17 01:49:06.561211,513
2026-02-17 01:49:06.569176,516
2026-02-17 01:49:06.577175,512
2026-02-17 01:49:06.585158,511
2026-02-17 01:49:06.593137,510
2026-02-17 01:49:06.601156,506
2026-02-17 01:49:06.609148,510
2026-02-17 01:49:06.617154,509
2026-02-17 01:49:06.625139,515
2026-02-17 01:49:06.633149,513
2026-02-17 01:49:06.641154,513
2026-02-17 01:49:06.649143,516
2026-02-17 01:49:06.657144,519
2026-02-17 01:49:06.665145,520
2026-02-17 01:49:06.673159,512
2026-02-17 01:49:06.681110,510
2026-02-17 01:49:06.689155,515
2026-02-17 01:49:06.697184,512
2026-02-17 01:49:06.705089,508
2026-02-17 01:49:06.713204,505
2026-02-17 01:49:06.721145,511
2026-02-17 01:49:06.729181,507
2026-02-17 01:49:06.737148,513
2026-02-17 01:49:06.745140,519
2026-02-17 01:49:06.753226,514
2026-02-17 01:49:06.761185,514
2026-02-17 01:49:06.769142,511
2026-02-17 01:49:06.777144,498
2026-02-17 01:49:06.785221,504
2026-02-17 01:49:06.793203,510
2026-02-17 01:49:06.801152,518
2026-02-17 01:49:06.809137,504
2026-02-17 01:49:06.817154,498
2026-02-17 01:49:06.825146,503
2026-02-17 01:49:06.833185,503
2026-02-17 01:49:06.841194,506
2026-02-17 01:49:06.849332,511
2026-02-17 01:49:06.857249,512
2026-02-17 01:49:06.865279,515
2026-02-17 01:49:06.873265,522
2026-02-17 01:49:06.881172,520
2026-02-17 01:49:06.889201,516
2026-02-17 01:49:06.897194,511
2026-02-17 01:49:06.905145,512
2026-02-17 01:49:06.913143,510
2026-02-17 01:49:06.921154,510
2026-02-17 01:49:06.929185,510
2026-02-17 01:49:06.937198,505
2026-02-17 01:49:06.945271,516
2026-02-17 01:49:06.953209,514
2026-02-17 01:49:06.961181,512
2026-02-17 01:49:06.969188,506
2026-02-17 01:49:06.977186,509
2026-02-17 01:49:06.985264,510
2026-02-17 01:49:06.993178,515
2026-02-17 01:49:07.001119,514
2026-02-17 01:49:07.009147,509
2026-02-17 01:49:07.017096,504
2026-02-17 01:49:07.025192,511
2026-02-17 01:49:07.033119,516
2026-02-17 01:49:07.041133,516
2026-02-17 01:49:07.049150,520
2026-02-17 01:49:07.057123,510
2026-02-17 01:49:07.065123,518
2026-02-17 01:49:07.073143,516
2026-02-17 01:49:07.081194,516
2026-02-17 01:49:07.089147,513
2026-02-17 01:49:07.097154,512
2026-02-17 01:49:07.105146,520
2026-02-17 01:49:07.113200,516
2026-02-17 01:49:07.121166,506
2026-02-17 01:49:07.129126,514
2026-02-17 01:49:07.137163,510
2026-02-17 01:49:07.145184,511
2026-02-17 01:49:07.153202,525
2026-02-17 01:49:07.161165,514
2026-02-17 01:49:07.169224,526
2026-02-17 01:49:07.177177,511
2026-02-17 01:49:07.185290,514
2026-02-17 01:49:07.193150,516
2026-02-17 01:49:07.201246,513
2026-02-17 01:49:07.209218,522
2026-02-17 01:49:07.217256,516
2026-02-17 01:49:07.225237,520
2026-02-17 01:49:07.233184,515
2026-02-17 01:49:07.241179,514
2026-02-17 01:49:07.249185,513
2026-02-17 01:49:07.257166,519
2026-02-17 01:49:07.265213,516
2026-02-17 01:49:07.273153,510
2026-02-17 01:49:07.281336,510
2026-02-17 01:49:07.289236,516
2026-02-17 01:49:07.297281,512
2026-02-17 01:49:07.305239,502
2026-02-17 01:49:07.313151,513
2026-02-17 01:49:07.321162,507
2026-02-17 01:49:07.329157,512
2026-02-17 01:49:07.337170,510
2026-02-17 01:49:07.345166,506
2026-02-17 01:49:07.353151,519
2026-02-17 01:49:07.361152,504
2026-02-17 01:49:07.369145,510
2026-02-17 01:49:07.377157,509
2026-02-17 01:49:07.385170,515
2026-02-17 01:49:07.393191,513
2026-02-17 01:49:07.401171,513
2026-02-17 01:49:07.409091,512
2026-02-17 01:49:07.417111,511
2026-02-17 01:49:07.425208,505
2026-02-17 01:49:07.433162,510
2026-02-17 01:49:07.441149,512
2026-02-17 01:49:07.449168,513
2026-02-17 01:49:07.457183,517
2026-02-17 01:49:07.465136,510
2026-02-17 01:49:07.473171,519
2026-02-17 01:49:07.481152,513
2026-02-17 01:49:07.489141,509
2026-02-17 01:49:07.497155,506
2026-02-17 01:49:07.505146,512
2026-02-17 01:49:07.513168,500
2026-02-17 01:49:07.521144,510
2026-02-17 01:49:07.529143,512
2026-02-17 01:49:07.537162,509
2026-02-17 01:49:07.545206,506
2026-02-17 01:49:07.553158,514
2026-02-17 01:49:07.561166,514
2026-02-17 01:49:07.569154,512
2026-02-17 01:49:07.577156,511
2026-02-17 01:49:07.585214,513
2026-02-17 01:49:07.593223,515
2026-02-17 01:49:07.601166,510
2026-02-17 01:49:07.609194,514
2026-02-17 01:49:07.617199,508
2026-02-17 01:49:07.625142,504
2026-02-17 01:49:07.633147,507
2026-02-17 01:49:07.641130,501
2026-02-17 01:49:07.649155,506
2026-02-17 01:49:07.657169,502
2026-02-17 01:49:07.665142,514
2026-02-17 01:49:07.673148,519
2026-02-17 01:49:07.681152,515
2026-02-17 01:49:07.689143,515
2026-02-17 01:49:07.697113,521
2026-02-17 01:49:07.705105,518
2026-02-17 01:49:07.713173,508
2026-02-17 01:49:07.721121,506
2026-02-17 01:49:07.729153,512
2026-02-17 01:49:07.737186,504
2026-02-17 01:49:07.745173,512
2026-02-17 01:49:07.753232,502
2026-02-17 01:49:07.761191,514
2026-02-17 01:49:07.769229,518
2026-02-17 01:49:07.777244,512
2026-02-17 01:49:07.785200,515
2026-02-17 01:49:07.793158,518
2026-02-17 01:49:07.801172,507
2026-02-17 01:49:07.809160,515
2026-02-17 01:49:07.817186,512
2026-02-17 01:49:07.825150,513
2026-02-17 01:49:07.833159,514
2026-02-17 01:49:07.841162,518
2026-02-17 01:49:07.849276,513
2026-02-17 01:49:07.857226,503
2026-02-17 01:49:07.865161,514
2026-02-17 01:49:07.873171,517
2026-02-17 01:49:07.881155,516
2026-02-17 01:49:07.889154,515
2026-02-17 01:49:07.897151,508
2026-02-17 01:49:07.905158,511
2026-02-17 01:49:07.913157,514
2026-02-17 01:49:07.921159,516
2026-02-17 01:49:07.929153,518
2026-02-17 01:49:07.937168,516
2026-02-17 01:49:07.945152,502
2026-02-17 01:49:07.953177,516
2026-02-17 01:49:07.961162,519
2026-02-17 01:49:07.969144,516
2026-02-17 01:49:07.977156,512
2026-02-17 01:49:07.985167,515
2026-02-17 01:49:07.993182,510
2026-02-17 01:49:08.001211,514
2026-02-17 01:49:08.009221,518
2026-02-17 01:49:08.017248,510
2026-02-17 01:49:08.025160,515
2026-02-17 01:49:08.033153,506
2026-02-17 01:49:08.041203,513
2026-02-17 01:49:08.049175,509
2026-02-17 01:49:08.057144,513
2026-02-17 01:49:08.065141,521
2026-02-17 01:49:08.073158,522
2026-02-17 01:49:08.081216,516
2026-02-17 01:49:08.089243,508
2026-02-17 01:49:08.097126,512
2026-02-17 01:49:08.105207,508
2026-02-17 01:49:08.113179,513
2026-02-17 01:49:08.121186,518
2026-02-17 01:49:08.129167,506
2026-02-17 01:49:08.137159,509
2026-02-17 01:49:08.145156,518
2026-02-17 01:49:08.153164,522
2026-02-17 01:49:08.161174,520
2026-02-17 01:49:08.169167,511
2026-02-17 01:49:08.177177,504
2026-02-17 01:49:08.185169,512
2026-02-17 01:49:08.193181,514
2026-02-17 01:49:08.201181,505
2026-02-17 01:49:08.209162,508
2026-02-17 01:49:08.217141,501
2026-02-17 01:49:08.225155,510
2026-02-17 01:49:08.233192,517
2026-02-17 01:49:08.241171,511
2026-02-17 01:49:08.249154,514
2026-02-17 01:49:08.257179,511
2026-02-17 01:49:08.265170,514
2026-02-17 01:49:08.273219,505
2026-02-17 01:49:08.281169,511
2026-02-17 01:49:08.289157,503
2026-02-17 01:49:08.297155,505
2026-02-17 01:49:08.305163,504
2026-02-17 01:49:08.313190,519
2026-02-17 01:49:08.321183,500
2026-02-17 01:49:08.329173,515
2026-02-17 01:49:08.337152,513
2026-02-17 01:49:08.345179,518
2026-02-17 01:49:08.353219,520
2026-02-17 01:49:08.361202,522
2026-02-17 01:49:08.369174,521
2026-02-17 01:49:08.377168,517
2026-02-17 01:49:08.385175,519
2026-02-17 01:49:08.393204,513
2026-02-17 01:49:08.401201,508
2026-02-17 01:49:08.409133,509
2026-02-17 01:49:08.417140,506
2026-02-17 01:49:08.425177,514
2026-02-17 01:49:08.433169,513
2026-02-17 01:49:08.441173,513
2026-02-17 01:49:08.449242,518
2026-02-17 01:49:08.457188,519
2026-02-17 01:49:08.465230,518
2026-02-17 01:49:08.473164,515
2026-02-17 01:49:08.481171,505
2026-02-17 01:49:08.489176,507
2026-02-17 01:49:08.497224,509
2026-02-17 01:49:08.505167,506
2026-02-17 01:49:08.513164,511
2026-02-17 01:49:08.521155,512
2026-02-17 01:49:08.529116,511
2026-02-17 01:49:08.537174,504
2026-02-17 01:49:08.545161,514
2026-02-17 01:49:08.553158,519
2026-02-17 01:49:08.561175,518
2026-02-17 01:49:08.569168,512
2026-02-17 01:49:08.577164,513
2026-02-17 01:49:08.585173,501
2026-02-17 01:49:08.593258,511
2026-02-17 01:49:08.601221,507
2026-02-17 01:49:08.609175,514
2026-02-17 01:49:08.617172,512
2026-02-17 01:49:08.625172,515
2026-02-17 01:49:08.633204,509
2026-02-17 01:49:08.641185,506
2026-02-17 01:49:08.649212,513
2026-02-17 01:49:08.657181,515
2026-02-17 01:49:08.665172,515
2026-02-17 01:49:08.673182,524
2026-02-17 01:49:08.681201,507
2026-02-17 01:49:08.689164,516
2026-02-17 01:49:08.697176,511
2026-02-17 01:49:08.705163,506
2026-02-17 01:49:08.713146,513
2026-02-17 01:49:08.721159,512
2026-02-17 01:49:08.729125,513
2026-02-17 01:49:08.737105,514
2026-02-17 01:49:08.745235,517
2026-02-17 01:49:08.753183,520
2026-02-17 01:49:08.761190,506
2026-02-17 01:49:08.769177,512
2026-02-17 01:49:08.777182,514
2026-02-17 01:49:08.785213,515
2026-02-17 01:49:08.793181,517
2026-02-17 01:49:08.801208,513
2026-02-17 01:49:08.809171,516
2026-02-17 01:49:08.817158,510
2026-02-17 01:49:08.825166,502
2026-02-17 01:49:08.833180,510
2026-02-17 01:49:08.841178,514
2026-02-17 01:49:08.853135,518
2026-02-17 01:49:08.857179,520
2026-02-17 01:49:08.865254,510
2026-02-17 01:49:08.873180,511
2026-02-17 01:49:08.881184,508
2026-02-17 01:49:08.889201,514
2026-02-17 01:49:08.897116,521
2026-02-17 01:49:08.905195,507
2026-02-17 01:49:08.913181,506
2026-02-17 01:49:08.921164,508
2026-02-17 01:49:08.929173,513
2026-02-17 01:49:08.937178,513
2026-02-17 01:49:08.945176,515
2026-02-17 01:49:08.953239,514
2026-02-17 01:49:08.961177,521
2026-02-17 01:49:08.969228,522
2026-02-17 01:49:08.977215,516
2026-02-17 01:49:08.985202,512
2026-02-17 01:49:08.993225,512
2026-02-17 01:49:09.001155,510
2026-02-17 01:49:09.009269,509
2026-02-17 01:49:09.017269,512
2026-02-17 01:49:09.025178,511
2026-02-17 01:49:09.033138,507
2026-02-17 01:49:09.041185,504
2026-02-17 01:49:09.049180,506
2026-02-17 01:49:09.057236,506
2026-02-17 01:49:09.065243,512
2026-02-17 01:49:09.073223,517
2026-02-17 01:49:09.081176,507
2026-02-17 01:49:09.089215,519
2026-02-17 01:49:09.097222,518
2026-02-17 01:49:09.105142,516
2026-02-17 01:49:09.113122,519
2026-02-17 01:49:09.121173,515
2026-02-17 01:49:09.129173,510
2026-02-17 01:49:09.137185,508
2026-02-17 01:49:09.145141,517
2026-02-17 01:49:09.153232,511
2026-02-17 01:49:09.161190,510
2026-02-17 01:49:09.169162,506
2026-02-17 01:49:09.177240,501
2026-02-17 01:49:09.185194,501
2026-02-17 01:49:09.193229,504
2026-02-17 01:49:09.201171,507
2026-02-17 01:49:09.209215,513
2026-02-17 01:49:09.217229,516
2026-02-17 01:49:09.225287,516
2026-02-17 01:49:09.233271,499
2026-02-17 01:49:09.241260,510
2026-02-17 01:49:09.249136,517
2026-02-17 01:49:09.257232,515
2026-02-17 01:49:09.265253,518
2026-02-17 01:49:09.273176,523
2026-02-17 01:49:09.281202,523
2026-02-17 01:49:09.289177,507
2026-02-17 01:49:09.297184,510
2026-02-17 01:49:09.305177,514
2026-02-17 01:49:09.313174,513
2026-02-17 01:49:09.321217,514
2026-02-17 01:49:09.329184,507
2026-02-17 01:49:09.337211,509
2026-02-17 01:49:09.345170,508
2026-02-17 01:49:09.353189,513
2026-02-17 01:49:09.361176,511
2026-02-17 01:49:09.369173,518
2026-02-17 01:49:09.377218,514
2026-02-17 01:49:09.385233,511
2026-02-17 01:49:09.393260,510
2026-02-17 01:49:09.401205,501
2026-02-17 01:49:09.409266,510
2026-02-17 01:49:09.417128,510
2026-02-17 01:49:09.425131,518
2026-02-17 01:49:09.433184,512
2026-02-17 01:49:09.441182,502
2026-02-17 01:49:09.449188,515
2026-02-17 01:49:09.457173,520
2026-02-17 01:49:09.465164,516
2026-02-17 01:49:09.473184,517
2026-02-17 01:49:09.481173,518
2026-02-17 01:49:09.489188,508
2026-02-17 01:49:09.497207,501
2026-02-17 01:49:09.505175,512
2026-02-17 01:49:09.513176,514
2026-02-17 01:49:09.521180,513
2026-02-17 01:49:09.529173,517
2026-02-17 01:49:09.537204,519
2026-02-17 01:49:09.545340,509
2026-02-17 01:49:09.553260,510
2026-02-17 01:49:09.561258,518
2026-02-17 01:49:09.569181,517
2026-02-17 01:49:09.577187,515
2026-02-17 01:49:09.585223,514
2026-02-17 01:49:09.593280,507
2026-02-17 01:49:09.601194,511
2026-02-17 01:49:09.609211,508
2026-02-17 01:49:09.617204,513
2026-02-17 01:49:09.625195,519
2026-02-17 01:49:09.633205,510
2026-02-17 01:49:09.641176,516
2026-02-17 01:49:09.649222,509
2026-02-17 01:49:09.657176,508
2026-02-17 01:49:09.665181,515
2026-02-17 01:49:09.673180,519
2026-02-17 01:49:09.681188,521
2026-02-17 01:49:09.689191,513
2026-02-17 01:49:09.697176,499
2026-02-17 01:49:09.705191,505
2026-02-17 01:49:09.713183,507
2026-02-17 01:49:09.721168,517
2026-02-17 01:49:09.729239,515
2026-02-17 01:49:09.737157,516
2026-02-17 01:49:09.745152,518
2026-02-17 01:49:09.753164,509
2026-02-17 01:49:09.761223,515
2026-02-17 01:49:09.769212,510
2026-02-17 01:49:09.777225,505
2026-02-17 01:49:09.785201,506
2026-02-17 01:49:09.793238,510
2026-02-17 01:49:09.801187,512
2026-02-17 01:49:09.809244,510
2026-02-17 01:49:09.817223,504
2026-02-17 01:49:09.825196,516
2026-02-17 01:49:09.833190,512
2026-02-17 01:49:09.841170,514
2026-02-17 01:49:09.849259,516
2026-02-17 01:49:09.857291,507
2026-02-17 01:49:09.865266,524
2026-02-17 01:49:09.873204,516
2026-02-17 01:49:09.881216,510
2026-02-17 01:49:09.889190,516
2026-02-17 01:49:09.897185,511
2026-02-17 01:49:09.905229,503
2026-02-17 01:49:09.913203,516
2026-02-17 01:49:09.921185,511
2026-02-17 01:49:09.929189,519
2026-02-17 01:49:09.937231,515
2026-02-17 01:49:09.945182,522
2026-02-17 01:49:09.953181,527
2026-02-17 01:49:09.961178,521
2026-02-17 01:49:09.969189,511
2026-02-17 01:49:09.977181,510
2026-02-17 01:49:09.985181,507
2026-02-17 01:49:09.993185,502
2026-02-17 01:49:10.001203,503
2026-02-17 01:49:10.009265,504
2026-02-17 01:49:10.017291,502
2026-02-17 01:49:10.025215,509
2026-02-17 01:49:10.033149,513
2026-02-17 01:49:10.041182,510
2026-02-17 01:49:10.049260,514
2026-02-17 01:49:10.057220,506
2026-02-17 01:49:10.065149,519
2026-02-17 01:49:10.073324,516
2026-02-17 01:49:10.081154,510
2026-02-17 01:49:10.089193,513
2026-02-17 01:49:10.097206,512
2026-02-17 01:49:10.105212,515
2026-02-17 01:49:10.113208,501
2026-02-17 01:49:10.121186,505
2026-02-17 01:49:10.129189,512
2026-02-17 01:49:10.137195,509
2026-02-17 01:49:10.145148,512
2026-02-17 01:49:10.153221,515
2026-02-17 01:49:10.161335,515
2026-02-17 01:49:10.169251,515
2026-02-17 01:49:10.177303,505
2026-02-17 01:49:10.185259,513
2026-02-17 01:49:10.193187,515
2026-02-17 01:49:10.201264,515
2026-02-17 01:49:10.209193,517
2026-02-17 01:49:10.217211,519
2026-02-17 01:49:10.225204,513
2026-02-17 01:49:10.233190,523
2026-02-17 01:49:10.241245,518
2026-02-17 01:49:10.249214,517
2026-02-17 01:49:10.257212,523
2026-02-17 01:49:10.265231,520
2026-02-17 01:49:10.273220,520
2026-02-17 01:49:10.281259,518
2026-02-17 01:49:10.289211,516
2026-02-17 01:49:10.297236,498
2026-02-17 01:49:10.305182,514
2026-02-17 01:49:10.313200,510
2026-02-17 01:49:10.321197,511
2026-02-17 01:49:10.329251,515
2026-02-17 01:49:10.337188,511
2026-02-17 01:49:10.345198,508
2026-02-17 01:49:10.353208,510
2026-02-17 01:49:10.361231,509
2026-02-17 01:49:10.369183,506
2026-02-17 01:49:10.377175,506
2026-02-17 01:49:10.385180,511
2026-02-17 01:49:10.393209,513
2026-02-17 01:49:10.401314,507
2026-02-17 01:49:10.409302,512
2026-02-17 01:49:10.417203,508
2026-02-17 01:49:10.425173,513
2026-02-17 01:49:10.433236,517
2026-02-17 01:49:10.441231,509
2026-02-17 01:49:10.449269,513
2026-02-17 01:49:10.457208,518
2026-02-17 01:49:10.465222,509
2026-02-17 01:49:10.473213,515
2026-02-17 01:49:10.481233,508
2026-02-17 01:49:10.489218,506
2026-02-17 01:49:10.497199,504
2026-02-17 01:49:10.505199,508
2026-02-17 01:49:10.513191,512
2026-02-17 01:49:10.521194,515
2026-02-17 01:49:10.529199,505
2026-02-17 01:49:10.537198,510
2026-02-17 01:49:10.545193,508
2026-02-17 01:49:10.553189,511
2026-02-17 01:49:10.561224,512
2026-02-17 01:49:10.569193,513
2026-02-17 01:49:10.577193,510
2026-02-17 01:49:10.585185,507
2026-02-17 01:49:10.593170,515
2026-02-17 01:49:10.601236,508
2026-02-17 01:49:10.609255,522
2026-02-17 01:49:10.617252,510
2026-02-17 01:49:10.625211,512
2026-02-17 01:49:10.633248,523
2026-02-17 01:49:10.641199,502
2026-02-17 01:49:10.649201,513
2026-02-17 01:49:10.657239,516
2026-02-17 01:49:10.665200,515
2026-02-17 01:49:10.673195,517
2026-02-17 01:49:10.681202,513
2026-02-17 01:49:10.689183,518
2026-02-17 01:49:10.697237,514
2026-02-17 01:49:10.705197,507
2026-02-17 01:49:10.713197,522
2026-02-17 01:49:10.721235,517
2026-02-17 01:49:10.729195,507
2026-02-17 01:49:10.737207,514
2026-02-17 01:49:10.745249,515
2026-02-17 01:49:10.753805,497
2026-02-17 01:49:10.761322,502
2026-02-17 01:49:10.769293,509
2026-02-17 01:49:10.777272,501
2026-02-17 01:49:10.785288,510
2026-02-17 01:49:10.793235,511
2026-02-17 01:49:10.801272,511
2026-02-17 01:49:10.809268,513
2026-02-17 01:49:10.817219,506
2026-02-17 01:49:10.825268,504
2026-02-17 01:49:10.833227,505
2026-02-17 01:49:10.841256,506
2026-02-17 01:49:10.849267,509
2026-02-17 01:49:10.857272,510
2026-02-17 01:49:10.865251,504
2026-02-17 01:49:10.873315,518
2026-02-17 01:49:10.881223,517
2026-02-17 01:49:10.889241,516
2026-02-17 01:49:10.897218,518
2026-02-17 01:49:10.905206,523
2026-02-17 01:49:10.913258,516
2026-02-17 01:49:10.921187,514
2026-02-17 01:49:10.929166,507
2026-02-17 01:49:10.937240,510
2026-02-17 01:49:10.945216,514
2026-02-17 01:49:10.953200,516
2026-02-17 01:49:10.961196,519
2026-02-17 01:49:10.969183,507
2026-02-17 01:49:10.977196,510
2026-02-17 01:49:10.985238,510
2026-02-17 01:49:10.993202,515
2026-02-17 01:49:11.001213,521
2026-02-17 01:49:11.009229,515
2026-02-17 01:49:11.017311,518
2026-02-17 01:49:11.025274,502
2026-02-17 01:49:11.033198,508
2026-02-17 01:49:11.041242,514
2026-02-17 01:49:11.049202,516
2026-02-17 01:49:11.057253,516
2026-02-17 01:49:11.065254,517
2026-02-17 01:49:11.073264,519
2026-02-17 01:49:11.081166,508
2026-02-17 01:49:11.089222,515
2026-02-17 01:49:11.097158,517
2026-02-17 01:49:11.105225,515
2026-02-17 01:49:11.113148,504
2026-02-17 01:49:11.121189,517
2026-02-17 01:49:11.129214,514
2026-02-17 01:49:11.137251,508
2026-02-17 01:49:11.145155,519
2026-02-17 01:49:11.153191,519
2026-02-17 01:49:11.161204,512
2026-02-17 01:49:11.169204,514
2026-02-17 01:49:11.177246,512
2026-02-17 01:49:11.185199,511
2026-02-17 01:49:11.193207,510
2026-02-17 01:49:11.201212,516
2026-02-17 01:49:11.209201,514
2026-02-17 01:49:11.217252,509
2026-02-17 01:49:11.225215,509
2026-02-17 01:49:11.233208,518
2026-02-17 01:49:11.241206,508
2026-02-17 01:49:11.249193,516
2026-02-17 01:49:11.257234,511
2026-02-17 01:49:11.265259,514
2026-02-17 01:49:11.273154,515
2026-02-17 01:49:11.281236,518
2026-02-17 01:49:11.289258,517
2026-02-17 01:49:11.297246,517
2026-02-17 01:49:11.305209,508
2026-02-17 01:49:11.313221,504
2026-02-17 01:49:11.321210,509
2026-02-17 01:49:11.329167,513
2026-02-17 01:49:11.337187,510
2026-02-17 01:49:11.345196,509
2026-02-17 01:49:11.353228,516
2026-02-17 01:49:11.361291,511
2026-02-17 01:49:11.369234,518
2026-02-17 01:49:11.377211,514
2026-02-17 01:49:11.385209,512
2026-02-17 01:49:11.393206,513
2026-02-17 01:49:11.401273,518
2026-02-17 01:49:11.409255,514
2026-02-17 01:49:11.417223,516
2026-02-17 01:49:11.425202,510
2026-02-17 01:49:11.433224,504
2026-02-17 01:49:11.441228,505
2026-02-17 01:49:11.449246,511
2026-02-17 01:49:11.457202,512
2026-02-17 01:49:11.465226,502
2026-02-17 01:49:11.473226,511
2026-02-17 01:49:11.481207,507
2026-02-17 01:49:11.489199,511
2026-02-17 01:49:11.497206,505
2026-02-17 01:49:11.505214,510
2026-02-17 01:49:11.513206,501
2026-02-17 01:49:11.521205,507
2026-02-17 01:49:11.529194,514
2026-02-17 01:49:11.537187,507
2026-02-17 01:49:11.545214,514
2026-02-17 01:49:11.553201,513
2026-02-17 01:49:11.561199,502
2026-02-17 01:49:11.569203,506
2026-02-17 01:49:11.577203,512
2026-02-17 01:49:11.585197,510
2026-02-17 01:49:11.593223,511
2026-02-17 01:49:11.601255,511
2026-02-17 01:49:11.609266,519
2026-02-17 01:49:11.617267,501
2026-02-17 01:49:11.625211,508
2026-02-17 01:49:11.633210,511
2026-02-17 01:49:11.641205,517
2026-02-17 01:49:11.649245,515
2026-02-17 01:49:11.657183,510
2026-02-17 01:49:11.665213,516
2026-02-17 01:49:11.673253,520
2026-02-17 01:49:11.681213,516
2026-02-17 01:49:11.689206,512
2026-02-17 01:49:11.697209,516
2026-02-17 01:49:11.705260,519
2026-02-17 01:49:11.713197,523
2026-02-17 01:49:11.721201,520
2026-02-17 01:49:11.729199,507
2026-02-17 01:49:11.737210,509
2026-02-17 01:49:11.745203,507
2026-02-17 01:49:11.753245,510
2026-02-17 01:49:11.761213,512
2026-02-17 01:49:11.769205,513
2026-02-17 01:49:11.777156,519
2026-02-17 01:49:11.785238,513
2026-02-17 01:49:11.793248,516
2026-02-17 01:49:11.801266,512
2026-02-17 01:49:11.809260,512
2026-02-17 01:49:11.817217,508
2026-02-17 01:49:11.825219,507
2026-02-17 01:49:11.833225,506
2026-02-17 01:49:11.841214,501
2026-02-17 01:49:11.849299,505
2026-02-17 01:49:11.857265,512
2026-02-17 01:49:11.865197,516
2026-02-17 01:49:11.873223,521
2026-02-17 01:49:11.881212,513
2026-02-17 01:49:11.889220,516
2026-02-17 01:49:11.897223,502
2026-02-17 01:49:11.905205,504
2026-02-17 01:49:11.913248,501
2026-02-17 01:49:11.921192,506
2026-02-17 01:49:11.929218,510
2026-02-17 01:49:11.937211,497
2026-02-17 01:49:11.945360,504
2026-02-17 01:49:11.953280,515
2026-02-17 01:49:11.961323,507
2026-02-17 01:49:11.969312,515
2026-02-17 01:49:11.977229,503
2026-02-17 01:49:11.985345,510
2026-02-17 01:49:11.993321,509
2026-02-17 01:49:12.001259,502
2026-02-17 01:49:12.009224,508
2026-02-17 01:49:12.017244,512
2026-02-17 01:49:12.025185,519
2026-02-17 01:49:12.033166,512
2026-02-17 01:49:12.041168,514
2026-02-17 01:49:12.049152,518
2026-02-17 01:49:12.057209,518
2026-02-17 01:49:12.065168,525
2026-02-17 01:49:12.073191,528
2026-02-17 01:49:12.081182,528
2026-02-17 01:49:12.089222,508
2026-02-17 01:49:12.097168,512
2026-02-17 01:49:12.105198,518
2026-02-17 01:49:12.113175,523
2026-02-17 01:49:12.121179,515
2026-02-17 01:49:12.129217,521
2026-02-17 01:49:12.137211,510
2026-02-17 01:49:12.145204,507
2026-02-17 01:49:12.153206,514
2026-02-17 01:49:12.161179,508
2026-02-17 01:49:12.169216,512
2026-02-17 01:49:12.177205,512
2026-02-17 01:49:12.185304,518
2026-02-17 01:49:12.193237,510
2026-02-17 01:49:12.201170,506
2026-02-17 01:49:12.209234,513
2026-02-17 01:49:12.217247,509
2026-02-17 01:49:12.225215,513
2026-02-17 01:49:12.233231,514
2026-02-17 01:49:12.241231,515
2026-02-17 01:49:12.249220,505
2026-02-17 01:49:12.257333,515
2026-02-17 01:49:12.265281,506
2026-02-17 01:49:12.273297,518
2026-02-17 01:49:12.281296,524
2026-02-17 01:49:12.289333,516
2026-02-17 01:49:12.297324,510
2026-02-17 01:49:12.305204,512
2026-02-17 01:49:12.313260,510
2026-02-17 01:49:12.321287,509
2026-02-17 01:49:12.329278,513
2026-02-17 01:49:12.337225,510
2026-02-17 01:49:12.345227,502
2026-02-17 01:49:12.353239,513
2026-02-17 01:49:12.361219,509
2026-02-17 01:49:12.369318,508
2026-02-17 01:49:12.377275,511
2026-02-17 01:49:12.385224,519
2026-02-17 01:49:12.393230,503
2026-02-17 01:49:12.401168,503
2026-02-17 01:49:12.409230,506
2026-02-17 01:49:12.417241,505
2026-02-17 01:49:12.425235,501
2026-02-17 01:49:12.433251,497
2026-02-17 01:49:12.441230,504
2026-02-17 01:49:12.449217,507
2026-02-17 01:49:12.457217,507
2026-02-17 01:49:12.465254,510
2026-02-17 01:49:12.473222,507
2026-02-17 01:49:12.481215,506
2026-02-17 01:49:12.489223,514
2026-02-17 01:49:12.497222,516
2026-02-17 01:49:12.505216,513
2026-02-17 01:49:12.513225,509
2026-02-17 01:49:12.521214,512
2026-02-17 01:49:12.529227,515
2026-02-17 01:49:12.537217,509
2026-02-17 01:49:12.545239,513
2026-02-17 01:49:12.553267,516
2026-02-17 01:49:12.561215,516
2026-02-17 01:49:12.569208,524
2026-02-17 01:49:12.577213,524
2026-02-17 01:49:12.585237,510
2026-02-17 01:49:12.593241,504
2026-02-17 01:49:12.601237,497
2026-02-17 01:49:12.609255,501
2026-02-17 01:49:12.617233,506
2026-02-17 01:49:12.625223,510
2026-02-17 01:49:12.633260,514
2026-02-17 01:49:12.641229,508
2026-02-17 01:49:12.649232,515
2026-02-17 01:49:12.657213,512
2026-02-17 01:49:12.665219,522
2026-02-17 01:49:12.673232,518
2026-02-17 01:49:12.681206,517
2026-02-17 01:49:12.689216,521
2026-02-17 01:49:12.697231,510
2026-02-17 01:49:12.705219,520
2026-02-17 01:49:12.713222,507
2026-02-17 01:49:12.721212,509
2026-02-17 01:49:12.729210,515
2026-02-17 01:49:12.737209,518
2026-02-17 01:49:12.745218,516
2026-02-17 01:49:12.753288,514
2026-02-17 01:49:12.761264,514
2026-02-17 01:49:12.769229,509
2026-02-17 01:49:12.777245,510
2026-02-17 01:49:12.785239,511
2026-02-17 01:49:12.793217,503
2026-02-17 01:49:12.801250,512
2026-02-17 01:49:12.809246,514
2026-02-17 01:49:12.817249,510
2026-02-17 01:49:12.825239,503
2026-02-17 01:49:12.833269,509
2026-02-17 01:49:12.841291,501
2026-02-17 01:49:12.849363,494
2026-02-17 01:49:12.857276,497
2026-02-17 01:49:12.865279,509
2026-02-17 01:49:12.873280,497
2026-02-17 01:49:12.881294,502
2026-02-17 01:49:12.889247,505
2026-02-17 01:49:12.897250,498
2026-02-17 01:49:12.905231,501
2026-02-17 01:49:12.913232,505
2026-02-17 01:49:12.921229,510
2026-02-17 01:49:12.929248,519
2026-02-17 01:49:12.937221,509
2026-02-17 01:49:12.945228,511
2026-02-17 01:49:12.953215,510
2026-02-17 01:49:12.961228,517
2026-02-17 01:49:12.969222,518
2026-02-17 01:49:12.977229,518
2026-02-17 01:49:12.985218,513
2026-02-17 01:49:12.993221,510
2026-02-17 01:49:13.001228,515
2026-02-17 01:49:13.009325,511
2026-02-17 01:49:13.017337,517
2026-02-17 01:49:13.025234,514
2026-02-17 01:49:13.033202,516
2026-02-17 01:49:13.041196,520
2026-02-17 01:49:13.049241,515
2026-02-17 01:49:13.057256,522
2026-02-17 01:49:13.065185,513
2026-02-17 01:49:13.073203,516
2026-02-17 01:49:13.081220,518
2026-02-17 01:49:13.089307,511
2026-02-17 01:49:13.097197,514
2026-02-17 01:49:13.105234,505
2026-02-17 01:49:13.113278,512
2026-02-17 01:49:13.121183,511
2026-02-17 01:49:13.129245,520
2026-02-17 01:49:13.137277,520
2026-02-17 01:49:13.145226,509
2026-02-17 01:49:13.153211,515
2026-02-17 01:49:13.161272,519
2026-02-17 01:49:13.169228,518
2026-02-17 01:49:13.177239,516
2026-02-17 01:49:13.185221,515
2026-02-17 01:49:13.193247,513
2026-02-17 01:49:13.201239,511
2026-02-17 01:49:13.209241,519
2026-02-17 01:49:13.217235,509
2026-02-17 01:49:13.225227,512
2026-02-17 01:49:13.233229,518
2026-02-17 01:49:13.241237,511
2026-02-17 01:49:13.249286,513
2026-02-17 01:49:13.257280,516
2026-02-17 01:49:13.265233,518
2026-02-17 01:49:13.273236,520
2026-02-17 01:49:13.281286,518
2026-02-17 01:49:13.289225,514
2026-02-17 01:49:13.297233,523
2026-02-17 01:49:13.305219,518
2026-02-17 01:49:13.313241,516
2026-02-17 01:49:13.321292,508
2026-02-17 01:49:13.329188,522
2026-02-17 01:49:13.337185,514
2026-02-17 01:49:13.345291,520
2026-02-17 01:49:13.353231,505
2026-02-17 01:49:13.361228,514
2026-02-17 01:49:13.369232,518
2026-02-17 01:49:13.377227,517
2026-02-17 01:49:13.385235,514
2026-02-17 01:49:13.393183,511
2026-02-17 01:49:13.401277,505
2026-02-17 01:49:13.409225,513
2026-02-17 01:49:13.417216,511
2026-02-17 01:49:13.425277,514
2026-02-17 01:49:13.433199,511
2026-02-17 01:49:13.441247,510
2026-02-17 01:49:13.449277,510
2026-02-17 01:49:13.457242,506
2026-02-17 01:49:13.465324,516
2026-02-17 01:49:13.473268,514
2026-02-17 01:49:13.481244,515
2026-02-17 01:49:13.489308,517
2026-02-17 01:49:13.497321,511
2026-02-17 01:49:13.505280,507
2026-02-17 01:49:13.513241,512
2026-02-17 01:49:13.521218,510
2026-02-17 01:49:13.529242,512
2026-02-17 01:49:13.537294,512
2026-02-17 01:49:13.545232,510
2026-02-17 01:49:13.553243,515
2026-02-17 01:49:13.561224,512
2026-02-17 01:49:13.569233,507
2026-02-17 01:49:13.577240,510
2026-02-17 01:49:13.585238,508
2026-02-17 01:49:13.593217,516
2026-02-17 01:49:13.601245,514
2026-02-17 01:49:13.609235,509
2026-02-17 01:49:13.617265,504
2026-02-17 01:49:13.625288,511
2026-02-17 01:49:13.633242,514
2026-02-17 01:49:13.641238,506
2026-02-17 01:49:13.649235,519
2026-02-17 01:49:13.657251,521
2026-02-17 01:49:13.665314,522
2026-02-17 01:49:13.673230,527
2026-02-17 01:49:13.681240,509
2026-02-17 01:49:13.689330,517
2026-02-17 01:49:13.697223,517
2026-02-17 01:49:13.705229,524
2026-02-17 01:49:13.713260,512
2026-02-17 01:49:13.721249,508
2026-02-17 01:49:13.729247,519
2026-02-17 01:49:13.737311,512
2026-02-17 01:49:13.745339,514
2026-02-17 01:49:13.753304,519
2026-02-17 01:49:13.761270,513
2026-02-17 01:49:13.769271,521
2026-02-17 01:49:13.777258,518
2026-02-17 01:49:13.785306,500
2026-02-17 01:49:13.793266,504
2026-02-17 01:49:13.801263,508
2026-02-17 01:49:13.809237,515
2026-02-17 01:49:13.817266,504
2026-02-17 01:49:13.825243,520
2026-02-17 01:49:13.833226,518
2026-02-17 01:49:13.841251,512
2026-02-17 01:49:13.849302,525
2026-02-17 01:49:13.857298,522
2026-02-17 01:49:13.865303,523
2026-02-17 01:49:13.873251,514
2026-02-17 01:49:13.881249,514
2026-02-17 01:49:13.889260,504
2026-02-17 01:49:13.897238,505
2026-02-17 01:49:13.905210,512
2026-02-17 01:49:13.913246,509
2026-02-17 01:49:13.921238,511
2026-02-17 01:49:13.929239,516
2026-02-17 01:49:13.937191,507
2026-02-17 01:49:13.945262,516
2026-02-17 01:49:13.953206,516
2026-02-17 01:49:13.961261,507
2026-02-17 01:49:13.969235,514
2026-02-17 01:49:13.977246,507
2026-02-17 01:49:13.985240,510
2026-02-17 01:49:13.993244,513
2026-02-17 01:49:14.001319,518
2026-02-17 01:49:14.009325,516
2026-02-17 01:49:14.017331,522
2026-02-17 01:49:14.025253,514
2026-02-17 01:49:14.033206,512
2026-02-17 01:49:14.041215,513
2026-02-17 01:49:14.049229,518
2026-02-17 01:49:14.057285,522
2026-02-17 01:49:14.065243,516
2026-02-17 01:49:14.073204,523
2026-02-17 01:49:14.081293,511
2026-02-17 01:49:14.089198,505
2026-02-17 01:49:14.097205,507
2026-02-17 01:49:14.105198,509
2026-02-17 01:49:14.113191,518
2026-02-17 01:49:14.121238,520
2026-02-17 01:49:14.129244,514
2026-02-17 01:49:14.137244,508
2026-02-17 01:49:14.145242,512
2026-02-17 01:49:14.153242,513
2026-02-17 01:49:14.161312,515
2026-02-17 01:49:14.169236,510
2026-02-17 01:49:14.177240,516
2026-02-17 01:49:14.185280,509
2026-02-17 01:49:14.193242,517
2026-02-17 01:49:14.201253,514
2026-02-17 01:49:14.209246,514
2026-02-17 01:49:14.217304,501
2026-02-17 01:49:14.225248,508
2026-02-17 01:49:14.233248,514
2026-02-17 01:49:14.241244,502
2026-02-17 01:49:14.249249,509
2026-02-17 01:49:14.257256,510
2026-02-17 01:49:14.265242,508
2026-02-17 01:49:14.273250,515
2026-02-17 01:49:14.281247,511
2026-02-17 01:49:14.289248,517
2026-02-17 01:49:14.297244,506
2026-02-17 01:49:14.305233,515
2026-02-17 01:49:14.313246,518
2026-02-17 01:49:14.321276,512
2026-02-17 01:49:14.329276,514
2026-02-17 01:49:14.337402,516
2026-02-17 01:49:14.345269,507
2026-02-17 01:49:14.353299,511
2026-02-17 01:49:14.361247,504
2026-02-17 01:49:14.369276,512
2026-02-17 01:49:14.377265,512
2026-02-17 01:49:14.385251,519
2026-02-17 01:49:14.393216,499
2026-02-17 01:49:14.401199,509
2026-02-17 01:49:14.409228,516
2026-02-17 01:49:14.417284,512
2026-02-17 01:49:14.425251,516
2026-02-17 01:49:14.433250,509
2026-02-17 01:49:14.441247,510
2026-02-17 01:49:14.449241,514
2026-02-17 01:49:14.457245,517
2026-02-17 01:49:14.465232,514
2026-02-17 01:49:14.473252,516
2026-02-17 01:49:14.481230,523
2026-02-17 01:49:14.489257,512
2026-02-17 01:49:14.497236,517
2026-02-17 01:49:14.505252,521
2026-02-17 01:49:14.513257,519
2026-02-17 01:49:14.521237,519
2026-02-17 01:49:14.529249,521
2026-02-17 01:49:14.537288,510
2026-02-17 01:49:14.545256,510
2026-02-17 01:49:14.553247,515
2026-02-17 01:49:14.561246,516
2026-02-17 01:49:14.569241,517
2026-02-17 01:49:14.577250,515
2026-02-17 01:49:14.585243,513
2026-02-17 01:49:14.593226,509
2026-02-17 01:49:14.601289,520
2026-02-17 01:49:14.609247,514
2026-02-17 01:49:14.617254,514
2026-02-17 01:49:14.625291,507
2026-02-17 01:49:14.633285,515
2026-02-17 01:49:14.641248,511
2026-02-17 01:49:14.649255,515
2026-02-17 01:49:14.657247,515
2026-02-17 01:49:14.665248,513
2026-02-17 01:49:14.673257,512
2026-02-17 01:49:14.681251,510
2026-02-17 01:49:14.689259,516
2026-02-17 01:49:14.697235,521
2026-02-17 01:49:14.705261,510
2026-02-17 01:49:14.713281,515
2026-02-17 01:49:14.721247,518
2026-02-17 01:49:14.729241,518
2026-02-17 01:49:14.737242,516
2026-02-17 01:49:14.745247,514
2026-02-17 01:49:14.753291,516
2026-02-17 01:49:14.761249,512
2026-02-17 01:49:14.769271,511
2026-02-17 01:49:14.777252,515
2026-02-17 01:49:14.785248,516
2026-02-17 01:49:14.793252,511
2026-02-17 01:49:14.801247,517
2026-02-17 01:49:14.809241,513
2026-02-17 01:49:14.817300,510
2026-02-17 01:49:14.825271,516
2026-02-17 01:49:14.833289,517
2026-02-17 01:49:14.841345,515
2026-02-17 01:49:14.849311,516
2026-02-17 01:49:14.857284,510
2026-02-17 01:49:14.865257,512
2026-02-17 01:49:14.873246,512
2026-02-17 01:49:14.881271,511
2026-02-17 01:49:14.889244,513
2026-02-17 01:49:14.897303,515
2026-02-17 01:49:14.905254,511
2026-02-17 01:49:14.913251,518
2026-02-17 01:49:14.921252,509
2026-02-17 01:49:14.929248,510
2026-02-17 01:49:14.937228,513
2026-02-17 01:49:14.945267,512
2026-02-17 01:49:14.953250,517
2026-02-17 01:49:14.961310,511
2026-02-17 01:49:14.969253,515
2026-02-17 01:49:14.977255,500
2026-02-17 01:49:14.985248,508
2026-02-17 01:49:14.993245,512
2026-02-17 01:49:15.001250,511
2026-02-17 01:49:15.009328,510
2026-02-17 01:49:15.017328,502
2026-02-17 01:49:15.025294,510
2026-02-17 01:49:15.033193,513
2026-02-17 01:49:15.041214,500
2026-02-17 01:49:15.049210,496
2026-02-17 01:49:15.057228,493
2026-02-17 01:49:15.065209,505
2026-02-17 01:49:15.073214,512
2026-02-17 01:49:15.081215,507
2026-02-17 01:49:15.089222,513
2026-02-17 01:49:15.097345,514
2026-02-17 01:49:15.105220,509
2026-02-17 01:49:15.113214,513
2026-02-17 01:49:15.121328,509
2026-02-17 01:49:15.129302,514
2026-02-17 01:49:15.137403,516
2026-02-17 01:49:15.145469,514
2026-02-17 01:49:15.153359,517
2026-02-17 01:49:15.161390,509
2026-02-17 01:49:15.169331,510
2026-02-17 01:49:15.177377,506
2026-02-17 01:49:15.185359,508
2026-02-17 01:49:15.193305,511
2026-02-17 01:49:15.201207,506
2026-02-17 01:49:15.209211,517
2026-02-17 01:49:15.217306,512
2026-02-17 01:49:15.225461,510
2026-02-17 01:49:15.233435,518
2026-02-17 01:49:15.241338,504
2026-02-17 01:49:15.249361,515
2026-02-17 01:49:15.257308,515
2026-02-17 01:49:15.265257,512
2026-02-17 01:49:15.273269,515
2026-02-17 01:49:15.281315,520
2026-02-17 01:49:15.289320,504
2026-02-17 01:49:15.297286,512
2026-02-17 01:49:15.305263,514
2026-02-17 01:49:15.313262,518
2026-02-17 01:49:15.321256,521
2026-02-17 01:49:15.329239,508
2026-02-17 01:49:15.337279,514
2026-02-17 01:49:15.345265,514
2026-02-17 01:49:15.353211,515
2026-02-17 01:49:15.361303,510
2026-02-17 01:49:15.369252,510
2026-02-17 01:49:15.377256,502
2026-02-17 01:49:15.385245,515
2026-02-17 01:49:15.393258,517
2026-02-17 01:49:15.401278,518
2026-02-17 01:49:15.409242,509
2026-02-17 01:49:15.417225,511
2026-02-17 01:49:15.425272,508
2026-02-17 01:49:15.433222,508
2026-02-17 01:49:15.441256,518
2026-02-17 01:49:15.449256,514
2026-02-17 01:49:15.457245,509
2026-02-17 01:49:15.465258,514
2026-02-17 01:49:15.473293,509
2026-02-17 01:49:15.481302,505
2026-02-17 01:49:15.489272,521
2026-02-17 01:49:15.497255,514
2026-02-17 01:49:15.505260,514
2026-02-17 01:49:15.513303,512
2026-02-17 01:49:15.521258,513
2026-02-17 01:49:15.529253,516
2026-02-17 01:49:15.537314,514
2026-02-17 01:49:15.545262,512
2026-02-17 01:49:15.553461,512
2026-02-17 01:49:15.561341,512
2026-02-17 01:49:15.569346,514
2026-02-17 01:49:15.577299,510
2026-02-17 01:49:15.585269,513
2026-02-17 01:49:15.593257,510
2026-02-17 01:49:15.601272,516
2026-02-17 01:49:15.609270,518
2026-02-17 01:49:15.617261,515
2026-02-17 01:49:15.625323,523
2026-02-17 01:49:15.633272,519
2026-02-17 01:49:15.641257,516
2026-02-17 01:49:15.649299,515
2026-02-17 01:49:15.657299,504
2026-02-17 01:49:15.665263,505
2026-02-17 01:49:15.673248,508
2026-02-17 01:49:15.681252,514
2026-02-17 01:49:15.689271,510
2026-02-17 01:49:15.697269,511
2026-02-17 01:49:15.705266,510
2026-02-17 01:49:15.713295,520
2026-02-17 01:49:15.721255,517
2026-02-17 01:49:15.729251,517
2026-02-17 01:49:15.737270,503
2026-02-17 01:49:15.745262,512
2026-02-17 01:49:15.753288,510
2026-02-17 01:49:15.761260,507
2026-02-17 01:49:15.769268,505
2026-02-17 01:49:15.777299,503
2026-02-17 01:49:15.785262,511
2026-02-17 01:49:15.793262,513
2026-02-17 01:49:15.801270,508
2026-02-17 01:49:15.809265,515
2026-02-17 01:49:15.817259,510
2026-02-17 01:49:15.825296,513
2026-02-17 01:49:15.833321,510
2026-02-17 01:49:15.841303,512
2026-02-17 01:49:15.849655,511
2026-02-17 01:49:15.857396,510
2026-02-17 01:49:15.865268,514
2026-02-17 01:49:15.873357,513
2026-02-17 01:49:15.881292,513
2026-02-17 01:49:15.889273,516
2026-02-17 01:49:15.897267,519
2026-02-17 01:49:15.905290,503
2026-02-17 01:49:15.913269,501
2026-02-17 01:49:15.921329,512
2026-02-17 01:49:15.929210,513
2026-02-17 01:49:15.937297,515
2026-02-17 01:49:15.945272,509
2026-02-17 01:49:15.953280,511
2026-02-17 01:49:15.961305,508
2026-02-17 01:49:15.969254,500
2026-02-17 01:49:15.977252,509
2026-02-17 01:49:15.985264,518
2026-02-17 01:49:15.993262,513
2026-02-17 01:49:16.001317,514
2026-02-17 01:49:16.009404,512
2026-02-17 01:49:16.017332,516
2026-02-17 01:49:16.025320,511
2026-02-17 01:49:16.033247,516
2026-02-17 01:49:16.041262,516
2026-02-17 01:49:16.049324,510
2026-02-17 01:49:16.057323,508
2026-02-17 01:49:16.065278,507
2026-02-17 01:49:16.073244,514
2026-02-17 01:49:16.081251,516
2026-02-17 01:49:16.089272,511
2026-02-17 01:49:16.097390,511
2026-02-17 01:49:16.105223,520
2026-02-17 01:49:16.113293,516
2026-02-17 01:49:16.121306,517
2026-02-17 01:49:16.129275,504
2026-02-17 01:49:16.137271,510
2026-02-17 01:49:16.145276,506
2026-02-17 01:49:16.153266,515
2026-02-17 01:49:16.161358,517
2026-02-17 01:49:16.169319,505
2026-02-17 01:49:16.177273,506
2026-02-17 01:49:16.185267,520
2026-02-17 01:49:16.193270,511
2026-02-17 01:49:16.201303,519
2026-02-17 01:49:16.209264,511
2026-02-17 01:49:16.217262,517
2026-02-17 01:49:16.225280,521
2026-02-17 01:49:16.233326,522
2026-02-17 01:49:16.241272,510
2026-02-17 01:49:16.249317,514
2026-02-17 01:49:16.257310,511
2026-02-17 01:49:16.265280,503
2026-02-17 01:49:16.273270,508
2026-02-17 01:49:16.281310,508
2026-02-17 01:49:16.289261,513
2026-02-17 01:49:16.297317,518
2026-02-17 01:49:16.305296,516
2026-02-17 01:49:16.313408,507
2026-02-17 01:49:16.321277,516
2026-02-17 01:49:16.329287,517
2026-02-17 01:49:16.337287,504
2026-02-17 01:49:16.345298,512
2026-02-17 01:49:16.353278,516
2026-02-17 01:49:16.361289,506
2026-02-17 01:49:16.369262,516
2026-02-17 01:49:16.377276,513
2026-02-17 01:49:16.385311,520
2026-02-17 01:49:16.393212,516
2026-02-17 01:49:16.401305,511
2026-02-17 01:49:16.409236,511
2026-02-17 01:49:16.417277,516
2026-02-17 01:49:16.425290,511
2026-02-17 01:49:16.433305,509
2026-02-17 01:49:16.441266,504
2026-02-17 01:49:16.449275,510
2026-02-17 01:49:16.457284,505
2026-02-17 01:49:16.465330,510
2026-02-17 01:49:16.473269,503
2026-02-17 01:49:16.481267,507
2026-02-17 01:49:16.489270,511
2026-02-17 01:49:16.497273,509
2026-02-17 01:49:16.505270,524
2026-02-17 01:49:16.513279,504
2026-02-17 01:49:16.521280,512
2026-02-17 01:49:16.529252,512
2026-02-17 01:49:16.537286,510
2026-02-17 01:49:16.545273,515
2026-02-17 01:49:16.553218,513
2026-02-17 01:49:16.561245,512
2026-02-17 01:49:16.569312,509
2026-02-17 01:49:16.577272,504
2026-02-17 01:49:16.585289,511
2026-02-17 01:49:16.593233,514
2026-02-17 01:49:16.601279,510
2026-02-17 01:49:16.609324,515
2026-02-17 01:49:16.617275,510
2026-02-17 01:49:16.625329,509
2026-02-17 01:49:16.633280,519
2026-02-17 01:49:16.641274,518
2026-02-17 01:49:16.649271,510
2026-02-17 01:49:16.657279,511
2026-02-17 01:49:16.665276,516
2026-02-17 01:49:16.673282,509
2026-02-17 01:49:16.681270,508
2026-02-17 01:49:16.689278,515
2026-02-17 01:49:16.697320,514
2026-02-17 01:49:16.705284,518
2026-02-17 01:49:16.713276,518
2026-02-17 01:49:16.721289,516
2026-02-17 01:49:16.729282,521
2026-02-17 01:49:16.737263,508
2026-02-17 01:49:16.745261,514
2026-02-17 01:49:16.753365,518
2026-02-17 01:49:16.761369,507
2026-02-17 01:49:16.769285,512
2026-02-17 01:49:16.777290,511
2026-02-17 01:49:16.785329,518
2026-02-17 01:49:16.793280,505
2026-02-17 01:49:16.801327,510
2026-02-17 01:49:16.809271,508
2026-02-17 01:49:16.817271,505
2026-02-17 01:49:16.825295,507
2026-02-17 01:49:16.833280,511
2026-02-17 01:49:16.841274,507
2026-02-17 01:49:16.849329,509
2026-02-17 01:49:16.857332,511
2026-02-17 01:49:16.865279,516
2026-02-17 01:49:16.873254,513
2026-02-17 01:49:16.881288,512
2026-02-17 01:49:16.889351,506
2026-02-17 01:49:16.897293,508
2026-02-17 01:49:16.905321,518
2026-02-17 01:49:16.913292,516
2026-02-17 01:49:16.921273,515
2026-02-17 01:49:16.929280,518
2026-02-17 01:49:16.937286,517
2026-02-17 01:49:16.945279,515
2026-02-17 01:49:16.953258,521
2026-02-17 01:49:16.961304,517
2026-02-17 01:49:16.969279,509
2026-02-17 01:49:16.977277,506
2026-02-17 01:49:16.985303,511
2026-02-17 01:49:16.993331,510
2026-02-17 01:49:17.001280,513
2026-02-17 01:49:17.009346,506
2026-02-17 01:49:17.017236,507
2026-02-17 01:49:17.025282,516
2026-02-17 01:49:17.033297,518
2026-02-17 01:49:17.041269,520
2026-02-17 01:49:17.049304,507
2026-02-17 01:49:17.057280,512
2026-02-17 01:49:17.065318,511
2026-02-17 01:49:17.073285,512
2026-02-17 01:49:17.081249,517
2026-02-17 01:49:17.089248,510
2026-02-17 01:49:17.097236,505
2026-02-17 01:49:17.105262,509
2026-02-17 01:49:17.113304,510
2026-02-17 01:49:17.121255,517
2026-02-17 01:49:17.129256,521
2026-02-17 01:49:17.137228,513
2026-02-17 01:49:17.145329,519
2026-02-17 01:49:17.153252,509
2026-02-17 01:49:17.161270,515
2026-02-17 01:49:17.169278,516
2026-02-17 01:49:17.177272,518
2026-02-17 01:49:17.185292,501
2026-02-17 01:49:17.193252,511
2026-02-17 01:49:17.201266,506
2026-02-17 01:49:17.209284,516
2026-02-17 01:49:17.217302,514
2026-02-17 01:49:17.225323,519
2026-02-17 01:49:17.233301,519
2026-02-17 01:49:17.241306,513
2026-02-17 01:49:17.249312,513
2026-02-17 01:49:17.257347,502
2026-02-17 01:49:17.265295,509
2026-02-17 01:49:17.273332,515
2026-02-17 01:49:17.281320,517
2026-02-17 01:49:17.289309,516
2026-02-17 01:49:17.297344,504
2026-02-17 01:49:17.305402,499
2026-02-17 01:49:17.313340,510
2026-02-17 01:49:17.321352,508
2026-02-17 01:49:17.329333,523
2026-02-17 01:49:17.337384,516
2026-02-17 01:49:17.345347,515
2026-02-17 01:49:17.353304,514
2026-02-17 01:49:17.361282,521
2026-02-17 01:49:17.369287,506
2026-02-17 01:49:17.377334,507
2026-02-17 01:49:17.385301,517
2026-02-17 01:49:17.393326,504
2026-02-17 01:49:17.401291,510
2026-02-17 01:49:17.409241,508
2026-02-17 01:49:17.417272,505
2026-02-17 01:49:17.425303,513
2026-02-17 01:49:17.433297,519
2026-02-17 01:49:17.441307,505
2026-02-17 01:49:17.449319,502
2026-02-17 01:49:17.457286,507
2026-02-17 01:49:17.465287,512
2026-02-17 01:49:17.473279,518
2026-02-17 01:49:17.481284,507
2026-02-17 01:49:17.489473,509
2026-02-17 01:49:17.497427,506
2026-02-17 01:49:17.505452,511
2026-02-17 01:49:17.513438,511
2026-02-17 01:49:17.521398,515
2026-02-17 01:49:17.529541,512
2026-02-17 01:49:17.537387,522
2026-02-17 01:49:17.545256,521
2026-02-17 01:49:17.553241,528
2026-02-17 01:49:17.561233,519
2026-02-17 01:49:17.569234,515
2026-02-17 01:49:17.577493,513
2026-02-17 01:49:17.585414,515
2026-02-17 01:49:17.593390,513
2026-02-17 01:49:17.601332,507
2026-02-17 01:49:17.609350,516
2026-02-17 01:49:17.617341,520
2026-02-17 01:49:17.625304,522
2026-02-17 01:49:17.633352,514
2026-02-17 01:49:17.641290,520
2026-02-17 01:49:17.649296,518
2026-02-17 01:49:17.657294,511
2026-02-17 01:49:17.665352,519
2026-02-17 01:49:17.673344,519
2026-02-17 01:49:17.681297,511
2026-02-17 01:49:17.689303,506
2026-02-17 01:49:17.697336,512
2026-02-17 01:49:17.705282,501
2026-02-17 01:49:17.713286,508
2026-02-17 01:49:17.721285,511
2026-02-17 01:49:17.729297,499
2026-02-17 01:49:17.737285,508
2026-02-17 01:49:17.745295,517
2026-02-17 01:49:17.753310,509
2026-02-17 01:49:17.761304,508
2026-02-17 01:49:17.769293,513
2026-02-17 01:49:17.777283,515
2026-02-17 01:49:17.785346,506
2026-02-17 01:49:17.793293,510
2026-02-17 01:49:17.801275,503
2026-02-17 01:49:17.809280,514
2026-02-17 01:49:17.817313,515
2026-02-17 01:49:17.825295,508
2026-02-17 01:49:17.833307,506
2026-02-17 01:49:17.841285,514
2026-02-17 01:49:17.849480,516
2026-02-17 01:49:17.857359,506
2026-02-17 01:49:17.865331,506
2026-02-17 01:49:17.873314,511
2026-02-17 01:49:17.881316,508
2026-02-17 01:49:17.889309,515
2026-02-17 01:49:17.897250,521
2026-02-17 01:49:17.905224,518
2026-02-17 01:49:17.913244,513
2026-02-17 01:49:17.921302,509
2026-02-17 01:49:17.929291,518
2026-02-17 01:49:17.937319,518
2026-02-17 01:49:17.945305,514
2026-02-17 01:49:17.953302,516
2026-02-17 01:49:17.961422,514
2026-02-17 01:49:17.969340,511
2026-02-17 01:49:17.977357,507
2026-02-17 01:49:17.985295,513
2026-02-17 01:49:17.993315,502
2026-02-17 01:49:18.001333,509
2026-02-17 01:49:18.009390,510
2026-02-17 01:49:18.017411,514
2026-02-17 01:49:18.025315,518
2026-02-17 01:49:18.033331,513
2026-02-17 01:49:18.041288,519
2026-02-17 01:49:18.049378,508
2026-02-17 01:49:18.057324,513
2026-02-17 01:49:18.065312,517
2026-02-17 01:49:18.073417,513
2026-02-17 01:49:18.081306,510
2026-02-17 01:49:18.089330,511
2026-02-17 01:49:18.097328,512
2026-02-17 01:49:18.105253,512
2026-02-17 01:49:18.113244,508
2026-02-17 01:49:18.121309,515
2026-02-17 01:49:18.129297,515
2026-02-17 01:49:18.137289,516
2026-02-17 01:49:18.145284,518
2026-02-17 01:49:18.153273,510
2026-02-17 01:49:18.161352,505
2026-02-17 01:49:18.169296,510
2026-02-17 01:49:18.177296,505
2026-02-17 01:49:18.185305,514
2026-02-17 01:49:18.193297,514
2026-02-17 01:49:18.201301,508
2026-02-17 01:49:18.209283,513
2026-02-17 01:49:18.217305,513
2026-02-17 01:49:18.225283,500
2026-02-17 01:49:18.233341,512
2026-02-17 01:49:18.241333,512
2026-02-17 01:49:18.249421,517
2026-02-17 01:49:18.257432,508
2026-02-17 01:49:18.265370,517
2026-02-17 01:49:18.273301,505
2026-02-17 01:49:18.281353,510
2026-02-17 01:49:18.289372,517
2026-02-17 01:49:18.297351,510
2026-02-17 01:49:18.305292,520
2026-02-17 01:49:18.313298,516
2026-02-17 01:49:18.321300,516
2026-02-17 01:49:18.329292,510
2026-02-17 01:49:18.337295,507
2026-02-17 01:49:18.345292,514
2026-02-17 01:49:18.353301,507
2026-02-17 01:49:18.361292,506
2026-02-17 01:49:18.369295,514
2026-02-17 01:49:18.377300,511
2026-02-17 01:49:18.385293,509
2026-02-17 01:49:18.393287,513
2026-02-17 01:49:18.401374,509
2026-02-17 01:49:18.409294,508
2026-02-17 01:49:18.417317,515
2026-02-17 01:49:18.425307,504
2026-02-17 01:49:18.433295,510
2026-02-17 01:49:18.441361,506
2026-02-17 01:49:18.449339,509
2026-02-17 01:49:18.457338,493
2026-02-17 01:49:18.465301,502
2026-02-17 01:49:18.473298,509
2026-02-17 01:49:18.481300,510
2026-02-17 01:49:18.489312,516
2026-02-17 01:49:18.497297,511
2026-02-17 01:49:18.505287,511
2026-02-17 01:49:18.513295,520
2026-02-17 01:49:18.521287,515
2026-02-17 01:49:18.529288,516
2026-02-17 01:49:18.537297,509
2026-02-17 01:49:18.545361,514
2026-02-17 01:49:18.553288,516
2026-02-17 01:49:18.561350,502
2026-02-17 01:49:18.569301,507
2026-02-17 01:49:18.577302,507
2026-02-17 01:49:18.585295,520
2026-02-17 01:49:18.593276,517
2026-02-17 01:49:18.601337,513
2026-02-17 01:49:18.609364,516
2026-02-17 01:49:18.617315,522
2026-02-17 01:49:18.625293,518
2026-02-17 01:49:18.633309,521
2026-02-17 01:49:18.641352,519
2026-02-17 01:49:18.649311,515
2026-02-17 01:49:18.657299,509
2026-02-17 01:49:18.665307,515
2026-02-17 01:49:18.673303,504
2026-02-17 01:49:18.681295,507
2026-02-17 01:49:18.689292,508
2026-02-17 01:49:18.697331,519
2026-02-17 01:49:18.705304,512
2026-02-17 01:49:18.713290,512
2026-02-17 01:49:18.721289,520
2026-02-17 01:49:18.729291,509
2026-02-17 01:49:18.737287,513
2026-02-17 01:49:18.745297,518
2026-02-17 01:49:18.753322,518
2026-02-17 01:49:18.761334,513
2026-02-17 01:49:18.769351,518
2026-02-17 01:49:18.777306,515
2026-02-17 01:49:18.785296,512
2026-02-17 01:49:18.793305,515
2026-02-17 01:49:18.801299,506
2026-02-17 01:49:18.809344,507
2026-02-17 01:49:18.817300,514
2026-02-17 01:49:18.825301,514
2026-02-17 01:49:18.833306,519
2026-02-17 01:49:18.841302,511
2026-02-17 01:49:18.849915,508
2026-02-17 01:49:18.857407,509
2026-02-17 01:49:18.865396,508
2026-02-17 01:49:18.873359,508
2026-02-17 01:49:18.881354,506
2026-02-17 01:49:18.889309,510
2026-02-17 01:49:18.897338,515
2026-02-17 01:49:18.905301,520
2026-02-17 01:49:18.913268,508
2026-02-17 01:49:18.921336,517
2026-02-17 01:49:18.929252,510
2026-02-17 01:49:18.937292,508
2026-02-17 01:49:18.945332,516
2026-02-17 01:49:18.953309,512
2026-02-17 01:49:18.961303,518
2026-02-17 01:49:18.969312,504
2026-02-17 01:49:18.977299,506
2026-02-17 01:49:18.985300,509
2026-02-17 01:49:18.993308,516
2026-02-17 01:49:19.001308,514
2026-02-17 01:49:19.009358,513
2026-02-17 01:49:19.017415,511
2026-02-17 01:49:19.025345,515
2026-02-17 01:49:19.033337,515
2026-02-17 01:49:19.041328,507
2026-02-17 01:49:19.049371,511
2026-02-17 01:49:19.057317,518
2026-02-17 01:49:19.065308,516
2026-02-17 01:49:19.073288,508
2026-02-17 01:49:19.081350,520
2026-02-17 01:49:19.089259,517
2026-02-17 01:49:19.097380,520
2026-02-17 01:49:19.105274,515
2026-02-17 01:49:19.113308,520
2026-02-17 01:49:19.121340,509
2026-02-17 01:49:19.129275,513
2026-02-17 01:49:19.137329,514
2026-02-17 01:49:19.145387,512
2026-02-17 01:49:19.153280,518
2026-02-17 01:49:19.161325,506
2026-02-17 01:49:19.169386,516
2026-02-17 01:49:19.177320,520
2026-02-17 01:49:19.185312,514
2026-02-17 01:49:19.193297,515
2026-02-17 01:49:19.201311,503
2026-02-17 01:49:19.209357,499
2026-02-17 01:49:19.217308,516
2026-02-17 01:49:19.225313,512
2026-02-17 01:49:19.233316,507
2026-02-17 01:49:19.241319,506
2026-02-17 01:49:19.249315,498
2026-02-17 01:49:19.257345,502
2026-02-17 01:49:19.265315,501
2026-02-17 01:49:19.273363,516
2026-02-17 01:49:19.281305,508
2026-02-17 01:49:19.289309,514
2026-02-17 01:49:19.297293,509
2026-02-17 01:49:19.305321,507
2026-02-17 01:49:19.313305,507
2026-02-17 01:49:19.321309,499
2026-02-17 01:49:19.329302,510
2026-02-17 01:49:19.337315,513
2026-02-17 01:49:19.345302,514
2026-02-17 01:49:19.353291,514
2026-02-17 01:49:19.361308,510
2026-02-17 01:49:19.369348,503
2026-02-17 01:49:19.377350,509
2026-02-17 01:49:19.385301,514
2026-02-17 01:49:19.393309,519
2026-02-17 01:49:19.401378,519
2026-02-17 01:49:19.409434,519
2026-02-17 01:49:19.417336,515
2026-02-17 01:49:19.425343,508
2026-02-17 01:49:19.433272,508
2026-02-17 01:49:19.441362,513
2026-02-17 01:49:19.449356,519
2026-02-17 01:49:19.457333,515
2026-02-17 01:49:19.465326,522
2026-02-17 01:49:19.473364,506
2026-02-17 01:49:19.481312,512
2026-02-17 01:49:19.489313,514
2026-02-17 01:49:19.497305,510
2026-02-17 01:49:19.505305,510
2026-02-17 01:49:19.513310,512
2026-02-17 01:49:19.521351,513
2026-02-17 01:49:19.529360,509
2026-02-17 01:49:19.537304,515
2026-02-17 01:49:19.545317,523
2026-02-17 01:49:19.553316,508
2026-02-17 01:49:19.561301,513
2026-02-17 01:49:19.569321,518
2026-02-17 01:49:19.577307,513
2026-02-17 01:49:19.585347,521
2026-02-17 01:49:19.593268,503
2026-02-17 01:49:19.601327,513
2026-02-17 01:49:19.609370,511
2026-02-17 01:49:19.617325,508
2026-02-17 01:49:19.625406,513
2026-02-17 01:49:19.633359,508
2026-02-17 01:49:19.641367,506
2026-02-17 01:49:19.649323,503
2026-02-17 01:49:19.657313,512
2026-02-17 01:49:19.665331,512
2026-02-17 01:49:19.673329,513
2026-02-17 01:49:19.681316,518
2026-02-17 01:49:19.689329,508
2026-02-17 01:49:19.697306,512
2026-02-17 01:49:19.705315,513
2026-02-17 01:49:19.713320,507
2026-02-17 01:49:19.721312,507
2026-02-17 01:49:19.729328,511
2026-02-17 01:49:19.737312,510
2026-02-17 01:49:19.745345,511
2026-02-17 01:49:19.753394,516
2026-02-17 01:49:19.761401,514
2026-02-17 01:49:19.769319,514
2026-02-17 01:49:19.777405,515
2026-02-17 01:49:19.785337,511
2026-02-17 01:49:19.793348,512
2026-02-17 01:49:19.801329,511
2026-02-17 01:49:19.809324,518
2026-02-17 01:49:19.817334,512
2026-02-17 01:49:19.825305,522
2026-02-17 01:49:19.833369,513
2026-02-17 01:49:19.841345,503
2026-02-17 01:49:19.849399,518
2026-02-17 01:49:19.857380,517
2026-02-17 01:49:19.865313,520
2026-02-17 01:49:19.873334,514
2026-02-17 01:49:19.881316,511
2026-02-17 01:49:19.889329,510
2026-02-17 01:49:19.897322,509
2026-02-17 01:49:19.905313,513
2026-02-17 01:49:19.913320,517
2026-02-17 01:49:19.921329,515
2026-02-17 01:49:19.929295,509
2026-02-17 01:49:19.937305,507
2026-02-17 01:49:19.945338,509
2026-02-17 01:49:19.953311,507
2026-02-17 01:49:19.961324,506
2026-02-17 01:49:19.969328,506
2026-02-17 01:49:19.977317,504
2026-02-17 01:49:19.985332,503
2026-02-17 01:49:19.993335,506
2026-02-17 01:49:20.001312,499
2026-02-17 01:49:20.009948,500
2026-02-17 01:49:20.017461,492
2026-02-17 01:49:20.025421,494
2026-02-17 01:49:20.033356,487
2026-02-17 01:49:20.041392,490
2026-02-17 01:49:20.049520,509
2026-02-17 01:49:20.057485,513
2026-02-17 01:49:20.065505,527
2026-02-17 01:49:20.073343,529
2026-02-17 01:49:20.081364,552
2026-02-17 01:49:20.089373,562
2026-02-17 01:49:20.097288,566
2026-02-17 01:49:20.105268,568
2026-02-17 01:49:20.113289,572
2026-02-17 01:49:20.121302,581
2026-02-17 01:49:20.129312,582
2026-02-17 01:49:20.137314,585
2026-02-17 01:49:20.145329,600
2026-02-17 01:49:20.153297,598
2026-02-17 01:49:20.161349,595
2026-02-17 01:49:20.169326,600
2026-02-17 01:49:20.177330,603
2026-02-17 01:49:20.185342,601
2026-02-17 01:49:20.193326,609
2026-02-17 01:49:20.201342,600
2026-02-17 01:49:20.209320,590
2026-02-17 01:49:20.217345,594
2026-02-17 01:49:20.225314,596
2026-02-17 01:49:20.233338,593
2026-02-17 01:49:20.241345,589
2026-02-17 01:49:20.249312,586
2026-02-17 01:49:20.257355,583
2026-02-17 01:49:20.265332,573
2026-02-17 01:49:20.273482,566
2026-02-17 01:49:20.281398,564
2026-02-17 01:49:20.289421,555
2026-02-17 01:49:20.297392,550
2026-02-17 01:49:20.305330,542
2026-02-17 01:49:20.313323,547
2026-02-17 01:49:20.321333,541
2026-02-17 01:49:20.329324,547
2026-02-17 01:49:20.337697,545
2026-02-17 01:49:20.345351,542
2026-02-17 01:49:20.353389,544
2026-02-17 01:49:20.361344,541
2026-02-17 01:49:20.369402,538
2026-02-17 01:49:20.377328,536
2026-02-17 01:49:20.385302,532
2026-02-17 01:49:20.393343,521
2026-02-17 01:49:20.401393,524
2026-02-17 01:49:20.409326,530
2026-02-17 01:49:20.417291,521
2026-02-17 01:49:20.425336,520
2026-02-17 01:49:20.433368,524
2026-02-17 01:49:20.441361,520
2026-02-17 01:49:20.449311,523
2026-02-17 01:49:20.457328,518
2026-02-17 01:49:20.465376,517
2026-02-17 01:49:20.473357,521
2026-02-17 01:49:20.481331,521
2026-02-17 01:49:20.489323,521
2026-02-17 01:49:20.497353,518
2026-02-17 01:49:20.505322,518
2026-02-17 01:49:20.513319,526
2026-02-17 01:49:20.521319,520
2026-02-17 01:49:20.529317,526
2026-02-17 01:49:20.537396,519
2026-02-17 01:49:20.545396,520
2026-02-17 01:49:20.553375,514
2026-02-17 01:49:20.561338,520
2026-02-17 01:49:20.569332,522
2026-02-17 01:49:20.577321,518
2026-02-17 01:49:20.585319,525
2026-02-17 01:49:20.593280,511
2026-02-17 01:49:20.601336,512
2026-02-17 01:49:20.609306,512
2026-02-17 01:49:20.617341,533
2026-02-17 01:49:20.625335,489
2026-02-17 01:49:20.633338,468
2026-02-17 01:49:20.641385,441
2026-02-17 01:49:20.649349,411
2026-02-17 01:49:20.657335,385
2026-02-17 01:49:20.665338,360
2026-02-17 01:49:20.673339,335
2026-02-17 01:49:20.681324,334
2026-02-17 01:49:20.689368,331
2026-02-17 01:49:20.697327,326
2026-02-17 01:49:20.705316,335
2026-02-17 01:49:20.713320,341
2026-02-17 01:49:20.721342,347
2026-02-17 01:49:20.729301,368
2026-02-17 01:49:20.737324,394
2026-02-17 01:49:20.745321,416
2026-02-17 01:49:20.753367,438
2026-02-17 01:49:20.761345,453
2026-02-17 01:49:20.769385,469
2026-02-17 01:49:20.777336,474
2026-02-17 01:49:20.785323,484
2026-02-17 01:49:20.793347,498
2026-02-17 01:49:20.801321,499
2026-02-17 01:49:20.809331,513
2026-02-17 01:49:20.817326,512
2026-02-17 01:49:20.825338,519
2026-02-17 01:49:20.833386,520
2026-02-17 01:49:20.841392,520
2026-02-17 01:49:20.849465,523
2026-02-17 01:49:20.857413,524
2026-02-17 01:49:20.865385,528
2026-02-17 01:49:20.873375,525
2026-02-17 01:49:20.881349,527
2026-02-17 01:49:20.889377,522
2026-02-17 01:49:20.897360,532
2026-02-17 01:49:20.905378,531
2026-02-17 01:49:20.913329,532
2026-02-17 01:49:20.921330,536
2026-02-17 01:49:20.929327,535
2026-02-17 01:49:20.937405,530
2026-02-17 01:49:20.945338,525
2026-02-17 01:49:20.953337,524
2026-02-17 01:49:20.961288,523
2026-02-17 01:49:20.969282,518
2026-02-17 01:49:20.977332,521
2026-02-17 01:49:20.985353,523
2026-02-17 01:49:20.993338,520
2026-02-17 01:49:21.001382,524
2026-02-17 01:49:21.009399,527
2026-02-17 01:49:21.017465,517
2026-02-17 01:49:21.025338,514
2026-02-17 01:49:21.033366,520
2026-02-17 01:49:21.041291,519
2026-02-17 01:49:21.049452,517
2026-02-17 01:49:21.057327,523
2026-02-17 01:49:21.065357,524
2026-02-17 01:49:21.073390,522
2026-02-17 01:49:21.081321,515
2026-02-17 01:49:21.089410,517
2026-02-17 01:49:21.097303,518
2026-02-17 01:49:21.105293,523
2026-02-17 01:49:21.113331,517
2026-02-17 01:49:21.121310,522
2026-02-17 01:49:21.129316,517
2026-02-17 01:49:21.137331,520
2026-02-17 01:49:21.145354,523
2026-02-17 01:49:21.153379,518
2026-02-17 01:49:21.161341,515
2026-02-17 01:49:21.169360,517
2026-02-17 01:49:21.177334,517
2026-02-17 01:49:21.185339,521
2026-02-17 01:49:21.193338,516
2026-02-17 01:49:21.201325,517
2026-02-17 01:49:21.209357,518
2026-02-17 01:49:21.217357,516
2026-02-17 01:49:21.225334,523
2026-02-17 01:49:21.233327,510
2026-02-17 01:49:21.241339,514
2026-02-17 01:49:21.249343,513
2026-02-17 01:49:21.257489,510
2026-02-17 01:49:21.265374,515
2026-02-17 01:49:21.273346,515
2026-02-17 01:49:21.281381,514
2026-02-17 01:49:21.289326,513
2026-02-17 01:49:21.297348,512
2026-02-17 01:49:21.305372,516
2026-02-17 01:49:21.313369,511
2026-02-17 01:49:21.321327,509
2026-02-17 01:49:21.329404,513
2026-02-17 01:49:21.337344,504
2026-02-17 01:49:21.345346,517
2026-02-17 01:49:21.353339,510
2026-02-17 01:49:21.361332,505
2026-02-17 01:49:21.369343,510
2026-02-17 01:49:21.377374,512
2026-02-17 01:49:21.385370,513
2026-02-17 01:49:21.393336,505
2026-02-17 01:49:21.401350,507
2026-02-17 01:49:21.409377,514
2026-02-17 01:49:21.417331,510
2026-02-17 01:49:21.425388,519
2026-02-17 01:49:21.433328,519
2026-02-17 01:49:21.441344,519
2026-02-17 01:49:21.449362,519
2026-02-17 01:49:21.457293,518
2026-02-17 01:49:21.465302,516
2026-02-17 01:49:21.473393,519
2026-02-17 01:49:21.481330,513
2026-02-17 01:49:21.489355,514
2026-02-17 01:49:21.497376,505
2026-02-17 01:49:21.505339,516
2026-02-17 01:49:21.513340,516
2026-02-17 01:49:21.521351,513
2026-02-17 01:49:21.529332,515
2026-02-17 01:49:21.537338,512
2026-02-17 01:49:21.545337,515
2026-02-17 01:49:21.553335,507
2026-02-17 01:49:21.561447,509
2026-02-17 01:49:21.569396,507
2026-02-17 01:49:21.577394,509
2026-02-17 01:49:21.585430,506
2026-02-17 01:49:21.593517,512
2026-02-17 01:49:21.601519,508
2026-02-17 01:49:21.609453,521
2026-02-17 01:49:21.617392,501
2026-02-17 01:49:21.625312,511
2026-02-17 01:49:21.633384,505
2026-02-17 01:49:21.641324,499
2026-02-17 01:49:21.649452,501
2026-02-17 01:49:21.657517,498
2026-02-17 01:49:21.665381,507
2026-02-17 01:49:21.673374,508
2026-02-17 01:49:21.681380,510
2026-02-17 01:49:21.689344,512
2026-02-17 01:49:21.697352,509
2026-02-17 01:49:21.705359,516
2026-02-17 01:49:21.713354,512
2026-02-17 01:49:21.721534,505
2026-02-17 01:49:21.729392,506
2026-02-17 01:49:21.737353,511
2026-02-17 01:49:21.745383,514
2026-02-17 01:49:21.753383,516
2026-02-17 01:49:21.761386,515
2026-02-17 01:49:21.769487,514
2026-02-17 01:49:21.777450,513
2026-02-17 01:49:21.785477,516
2026-02-17 01:49:21.793504,513
2026-02-17 01:49:21.801421,517
2026-02-17 01:49:21.809524,515
2026-02-17 01:49:21.817694,515
2026-02-17 01:49:21.825881,505
2026-02-17 01:49:21.833405,514
2026-02-17 01:49:21.841599,518
2026-02-17 01:49:21.850724,518
2026-02-17 01:49:21.857467,512
2026-02-17 01:49:21.865380,510
2026-02-17 01:49:21.873401,512
2026-02-17 01:49:21.881425,508
2026-02-17 01:49:21.890311,510
2026-02-17 01:49:21.897425,515
2026-02-17 01:49:21.905473,514
2026-02-17 01:49:21.913470,511
2026-02-17 01:49:21.921404,515
2026-02-17 01:49:21.929454,513
2026-02-17 01:49:21.937458,514
2026-02-17 01:49:21.945471,517
2026-02-17 01:49:21.953455,515
2026-02-17 01:49:21.961503,517
2026-02-17 01:49:21.969469,514
2026-02-17 01:49:21.977479,514
2026-02-17 01:49:21.985432,511
2026-02-17 01:49:21.993492,510
2026-02-17 01:49:22.001306,513
2026-02-17 01:49:22.009310,508
2026-02-17 01:49:22.017337,504
2026-02-17 01:49:22.025315,510
2026-02-17 01:49:22.033365,516
2026-02-17 01:49:22.041317,517
2026-02-17 01:49:22.049337,521
2026-02-17 01:49:22.057284,520
2026-02-17 01:49:22.065333,521
2026-02-17 01:49:22.073291,516
2026-02-17 01:49:22.081414,514
2026-02-17 01:49:22.089315,513
2026-02-17 01:49:22.097323,512
2026-02-17 01:49:22.105316,513
2026-02-17 01:49:22.113321,506
2026-02-17 01:49:22.121308,506
2026-02-17 01:49:22.129320,509
2026-02-17 01:49:22.137307,509
2026-02-17 01:49:22.145355,493
2026-02-17 01:49:22.153303,503
2026-02-17 01:49:22.161341,508
2026-02-17 01:49:22.169451,513
2026-02-17 01:49:22.177319,508
2026-02-17 01:49:22.185338,513
2026-02-17 01:49:22.193326,515
2026-02-17 01:49:22.201360,514
2026-02-17 01:49:22.209314,518
2026-02-17 01:49:22.217335,515
2026-02-17 01:49:22.225314,518
2026-02-17 01:49:22.233435,516
2026-02-17 01:49:22.241323,511
2026-02-17 01:49:22.249467,515
2026-02-17 01:49:22.257387,508
2026-02-17 01:49:22.265412,505
2026-02-17 01:49:22.273381,510
2026-02-17 01:49:22.281338,507
2026-02-17 01:49:22.289339,510
2026-02-17 01:49:22.297379,511
2026-02-17 01:49:22.305394,509
2026-02-17 01:49:22.313362,504
2026-02-17 01:49:22.321463,502
2026-02-17 01:49:22.329372,497
2026-02-17 01:49:22.337368,487
2026-02-17 01:49:22.345346,479
2026-02-17 01:49:22.353343,482
2026-02-17 01:49:22.361357,484
2026-02-17 01:49:22.369381,483
2026-02-17 01:49:22.377382,491
2026-02-17 01:49:22.385397,498
2026-02-17 01:49:22.393417,507
2026-02-17 01:49:22.401422,506
2026-02-17 01:49:22.409429,516
2026-02-17 01:49:22.417345,536
2026-02-17 01:49:22.425423,557
2026-02-17 01:49:22.433401,565
2026-02-17 01:49:22.441419,580
2026-02-17 01:49:22.449437,578
2026-02-17 01:49:22.457441,580
2026-02-17 01:49:22.465443,584
2026-02-17 01:49:22.473441,583
2026-02-17 01:49:22.481384,582
2026-02-17 01:49:22.489616,573
2026-02-17 01:49:22.497476,572
2026-02-17 01:49:22.505580,564
2026-02-17 01:49:22.513579,552
2026-02-17 01:49:22.521494,558
2026-02-17 01:49:22.529640,557
2026-02-17 01:49:22.537580,554
2026-02-17 01:49:22.545726,549
2026-02-17 01:49:22.553525,542
2026-02-17 01:49:22.561514,542
2026-02-17 01:49:22.569537,549
2026-02-17 01:49:22.577465,550
2026-02-17 01:49:22.585567,540
2026-02-17 01:49:22.593447,535
2026-02-17 01:49:22.601431,532
2026-02-17 01:49:22.609406,535
2026-02-17 01:49:22.617347,533
2026-02-17 01:49:22.625364,535
2026-02-17 01:49:22.633438,528
2026-02-17 01:49:22.641391,530
2026-02-17 01:49:22.649411,530
2026-02-17 01:49:22.657358,527
2026-02-17 01:49:22.665416,531
2026-02-17 01:49:22.673448,532
2026-02-17 01:49:22.681397,525
2026-02-17 01:49:22.689432,524
2026-02-17 01:49:22.697370,524
2026-02-17 01:49:22.705377,516
2026-02-17 01:49:22.713356,524
2026-02-17 01:49:22.721348,523
2026-02-17 01:49:22.729352,517
2026-02-17 01:49:22.737389,514
2026-02-17 01:49:22.745487,518
2026-02-17 01:49:22.753403,519
2026-02-17 01:49:22.761544,524
2026-02-17 01:49:22.769465,517
2026-02-17 01:49:22.777442,509
2026-02-17 01:49:22.785421,514
2026-02-17 01:49:22.793441,517
2026-02-17 01:49:22.801467,517
2026-02-17 01:49:22.809420,515
2026-02-17 01:49:22.817411,515
2026-02-17 01:49:22.825428,514
2026-02-17 01:49:22.833385,512
2026-02-17 01:49:22.841468,519
2026-02-17 01:49:22.849563,523
2026-02-17 01:49:22.857435,518
2026-02-17 01:49:22.865433,517
2026-02-17 01:49:22.873426,512
2026-02-17 01:49:22.881399,515
2026-02-17 01:49:22.889490,518
2026-02-17 01:49:22.897420,516
2026-02-17 01:49:22.905414,519
2026-02-17 01:49:22.913367,511
2026-02-17 01:49:22.921359,510
2026-02-17 01:49:22.929449,514
2026-02-17 01:49:22.937438,513
2026-02-17 01:49:22.945395,513
2026-02-17 01:49:22.953381,510
2026-02-17 01:49:22.961373,516
2026-02-17 01:49:22.969355,516
2026-02-17 01:49:22.977357,511
2026-02-17 01:49:22.985311,513
2026-02-17 01:49:22.993444,506
2026-02-17 01:49:23.001458,503
2026-02-17 01:49:23.009456,512
2026-02-17 01:49:23.017443,520
2026-02-17 01:49:23.025416,514
2026-02-17 01:49:23.033363,509
2026-02-17 01:49:23.041357,505
2026-02-17 01:49:23.049454,520
2026-02-17 01:49:23.057364,511
2026-02-17 01:49:23.065457,518
2026-02-17 01:49:23.073473,508
2026-02-17 01:49:23.081406,514
2026-02-17 01:49:23.089339,511
2026-02-17 01:49:23.097356,514
2026-02-17 01:49:23.105341,512
2026-02-17 01:49:23.113376,513
2026-02-17 01:49:23.121329,513
2026-02-17 01:49:23.129355,518
2026-02-17 01:49:23.137336,512
2026-02-17 01:49:23.145386,515
2026-02-17 01:49:23.153352,514
2026-02-17 01:49:23.161387,507
2026-02-17 01:49:23.169368,504
2026-02-17 01:49:23.177397,523
2026-02-17 01:49:23.185409,487
2026-02-17 01:49:23.193365,470
2026-02-17 01:49:23.201398,438
2026-02-17 01:49:23.209370,421
2026-02-17 01:49:23.217364,398
2026-02-17 01:49:23.225374,391
2026-02-17 01:49:23.233372,384
2026-02-17 01:49:23.241404,389
2026-02-17 01:49:23.249360,392
2026-02-17 01:49:23.257483,395
2026-02-17 01:49:23.265400,414
2026-02-17 01:49:23.273421,435
2026-02-17 01:49:23.281373,456
2026-02-17 01:49:23.289370,475
2026-02-17 01:49:23.297442,481
2026-02-17 01:49:23.305557,485
